stable_id,manifest_filename,actual_path,source_sha256,source_width,source_height,selected,donor,replacement_for,status,notes
v4_lead_shonen_001,001__v4_lead_shonen_001.png,batch_01_001-080/001__v4_lead_shonen_001.png,d95d9ca630b8fa849959254d376192ca3a72ffabd4cf8ed4db87bb6a47a61225,229,252,TRUE,FALSE,,manifest_exact,Manifest filename and batch path present exactly.
v4_lead_shonen_002,002__v4_lead_shonen_002.png,batch_01_001-080/002__v4_lead_shonen_002.png,ed1da2b5448048653ebbbe447159faafecea2fd2f92805782966573771977812,209,252,TRUE,FALSE,,manifest_exact,Manifest filename and batch path present exactly.
v4_lead_shonen_003,003__v4_lead_shonen_003.png,batch_01_001-080/003__v4_lead_shonen_003.png,8ec2795c01412758a6411c05dae1e56d79682cefccefdbb7886a2249189e2a6f,222,252,TRUE,FALSE,,manifest_exact,Manifest filename and batch path present exactly.
v4_lead_shonen_004,004__v4_lead_shonen_004.png,batch_01_001-080/004__v4_lead_shonen_004.png,d5eab01ac465d9be7c1768efeddc3065bc25dbf148908bd22c1ac3c7cff82d11,190,252,TRUE,FALSE,,manifest_exact,Manifest filename and batch path present exactly.
v4_lead_shonen_005,005__v4_lead_shonen_005.png,batch_01_001-080/005__v4_lead_shonen_005.png,063232769f01c55705ba6ff1209861dd2144f0f219b4ed7dcd60b7aa27ef3ea8,180,252,TRUE,FALSE,,manifest_exact,Manifest filename and batch path present exactly.
v4_lead_shonen_006,006__v4_lead_shonen_006.png,batch_01_001-080/006__v4_lead_shonen_006.png,c03327cd8c83b27e05fa382db0d62df269a4302bc401931fd697930dc3596bef,149,252,TRUE,FALSE,,manifest_exact,Manifest filename and batch path present exactly.
v4_lead_shonen_007,007__v4_lead_shonen_007.png,batch_01_001-080/007__v4_lead_shonen_007.png,9c13d5506727e2cfe994458752a33354b913dc1da4de38ee81e264f5189706ae,144,252,TRUE,FALSE,,manifest_exact,Manifest filename and batch path present exactly.
v4_lead_shonen_008,008__v4_lead_shonen_008.png,batch_01_001-080/008__v4_lead_shonen_008.png,d5bef1865a6befc3e9164441dca150be6f1a78df989e43a743b46295bf69546f,148,252,TRUE,FALSE,,manifest_exact,Manifest filename and batch path present exactly.
v4_lead_shonen_009,009__v4_lead_shonen_009.png,batch_01_001-080/009__v4_lead_shonen_009.png,70f5c31803a7bd56539a13affb645eb98495c57b8be4c9114d88224b43992f17,190,228,TRUE,FALSE,,manifest_exact,Manifest filename and batch path present exactly.
v4_lead_shonen_010,010__v4_lead_shonen_010.png,batch_01_001-080/010__v4_lead_shonen_010.png,486af7ef6d6d86a254e6e260cda7c87dbc5bc71297f2ee7977e38d656e208060,203,228,TRUE,FALSE,,manifest_exact,Manifest filename and batch path present exactly.
v4_lead_shonen_011,011__v4_lead_shonen_011.png,batch_01_001-080/011__v4_lead_shonen_011.png,869a029341b428333b259efaf7792631be08ce3a5c4ec52a1be386b677490ff0,197,228,TRUE,FALSE,,manifest_exact,Manifest filename and batch path present exactly.
v4_lead_shonen_012,012__v4_lead_shonen_012.png,batch_01_001-080/012__v4_lead_shonen_012.png,e9777ed121170c548988bf046d0e63e30c62b9c76dbecc4fe296fe1bac0e032d,188,228,TRUE,FALSE,,manifest_exact,Manifest filename and batch path present exactly.
v4_lead_shonen_013,013__v4_lead_shonen_013.png,batch_01_001-080/013__v4_lead_shonen_013.png,609580bd7a5b7f5270e8f3fa55435f81a08eb8efcecd2adca4dad2f3a3982b9b,203,228,TRUE,FALSE,,manifest_exact,Manifest filename and batch path present exactly.
v4_lead_shonen_014,014__v4_lead_shonen_014.png,batch_01_001-080/014__v4_lead_shonen_014.png,d52a6cb47e22dbad2167f1498db8549d74ced5e0109f76ba7ce4aa327b664574,165,228,TRUE,FALSE,,manifest_exact,Manifest filename and batch path present exactly.
v4_lead_shonen_015,015__v4_lead_shonen_015.png,batch_01_001-080/015__v4_lead_shonen_015.png,5fdb573266c28bd5e9c76eb19ef424a6d724f2ae6e956714315cedd32859e436,158,228,TRUE,FALSE,,manifest_exact,Manifest filename and batch path present exactly.
v4_lead_shonen_016,016__v4_lead_shonen_016.png,batch_01_001-080/016__v4_lead_shonen_016.png,affd3b5fbec1cb6bdcc055948b9809fc25575ceeef20862ed97731ad3322e6be,160,228,TRUE,FALSE,,manifest_exact,Manifest filename and batch path present exactly.
v4_lead_shonen_017,017__v4_lead_shonen_017.png,batch_01_001-080/017__v4_lead_shonen_017.png,a30343812e3ec4829395cd7c9c4931cd7f59de681416a7b5b424b2cc11a4e30a,191,221,TRUE,FALSE,,manifest_exact,Manifest filename and batch path present exactly.
v4_lead_shonen_018,018__v4_lead_shonen_018.png,batch_01_001-080/018__v4_lead_shonen_018.png,353c10dda13e14935089bc7fba6e8ea046e1ae86d48e507bc11d2bca2fc150ce,194,221,TRUE,FALSE,,manifest_exact,Manifest filename and batch path present exactly.
v4_lead_shonen_019,019__v4_lead_shonen_019.png,batch_01_001-080/019__v4_lead_shonen_019.png,dd852c4043a3863a22f1b6d2ea1759c2e47768c715e69362c654bbfcd2378ea9,187,221,TRUE,FALSE,,manifest_exact,Manifest filename and batch path present exactly.
v4_lead_shonen_020,020__v4_lead_shonen_020.png,batch_01_001-080/020__v4_lead_shonen_020.png,38aec442b156da0990afda238cb34974d6915dfa13d232dccf0777f11e20ac24,188,221,TRUE,FALSE,,manifest_exact,Manifest filename and batch path present exactly.
v4_lead_shonen_021,021__v4_lead_shonen_021.png,batch_01_001-080/021__v4_lead_shonen_021.png,bee5e39e5cad3f07ad63bf0dbe9d7d16e74f54982db9bc66e8c476360e8761c4,152,221,TRUE,FALSE,,manifest_exact,Manifest filename and batch path present exactly.
v4_lead_shonen_022,022__v4_lead_shonen_022.png,batch_01_001-080/022__v4_lead_shonen_022.png,5413c5227d0e6a24e5caacb0063f2da69973f6266ab5e389f5d12c43bd4bb3fa,171,221,TRUE,FALSE,,manifest_exact,Manifest filename and batch path present exactly.
v4_lead_shonen_023,023__v4_lead_shonen_023.png,batch_01_001-080/023__v4_lead_shonen_023.png,b6d0c8420becf5cdf547f999a97beada43ed30e05edbd1f67848d03c14b8e3d4,188,221,TRUE,FALSE,,manifest_exact,Manifest filename and batch path present exactly.
v4_lead_shonen_024,024__v4_lead_shonen_024.png,batch_01_001-080/024__v4_lead_shonen_024.png,7d707a183dbf95bd5e2125d0be05ee48c56d2ee31dda46b406cf727814067e99,197,221,TRUE,FALSE,,manifest_exact,Manifest filename and batch path present exactly.
v4_lead_shonen_025,025__v4_lead_shonen_025.png,batch_01_001-080/025__v4_lead_shonen_025.png,0010b5d832b35075f3fdbb2949fd49e1a4ae47f805db2754fc4dec9be4509880,193,239,TRUE,FALSE,,manifest_exact,Manifest filename and batch path present exactly.
v4_lead_shonen_026,026__v4_lead_shonen_026.png,batch_01_001-080/026__v4_lead_shonen_026.png,29ea6999b7f010f6c675c22ff262a4689bb096112f8293534a0dcea5dad8deb2,196,239,TRUE,FALSE,,manifest_exact,Manifest filename and batch path present exactly.
v4_lead_shonen_027,027__v4_lead_shonen_027.png,batch_01_001-080/027__v4_lead_shonen_027.png,adf26675b32ff6ff56c5bfedf4691e6312d671453a14229b1dc5f6b35d02ab31,195,239,TRUE,FALSE,,manifest_exact,Manifest filename and batch path present exactly.
v4_lead_shonen_028,028__v4_lead_shonen_028.png,batch_01_001-080/028__v4_lead_shonen_028.png,faab2c94380c48310a882abdef12fe97123b6d2c04bb2b140a07ced24a37f418,171,239,TRUE,FALSE,,manifest_exact,Manifest filename and batch path present exactly.
v4_lead_shonen_029,029__v4_lead_shonen_029.png,batch_01_001-080/029__v4_lead_shonen_029.png,6435c8a30397f337509f2ae30500687944ae7f4cabcc1c3db59d07b25b8f78af,165,239,TRUE,FALSE,,manifest_exact,Manifest filename and batch path present exactly.
v4_lead_shonen_030,030__v4_lead_shonen_030.png,batch_01_001-080/030__v4_lead_shonen_030.png,4dc55079e68572462c3ff679f4b7271c70d49788f792429a23959b8170523416,179,239,TRUE,FALSE,,manifest_exact,Manifest filename and batch path present exactly.
v4_lead_shonen_031,031__v4_lead_shonen_031.png,batch_01_001-080/031__v4_lead_shonen_031.png,991e99a44b5ac43d65f084bca80b9688eaccfbb434f2bdcc5ebc8b9f27889825,173,239,TRUE,FALSE,,manifest_exact,Manifest filename and batch path present exactly.
v4_lead_shonen_032,032__v4_lead_shonen_032.png,batch_01_001-080/032__v4_lead_shonen_032.png,48366c4aa2e5cd384fd4ace1593cbec94e55572d5a858084d735f19b154c78da,194,239,TRUE,FALSE,,manifest_exact,Manifest filename and batch path present exactly.
v4_lead_shonen_033,033__v4_lead_shonen_033.png,batch_01_001-080/033__v4_lead_shonen_033.png,3235178adb5c49ff1ad9ceb72c34f04fb97c9f43ac3f03635056e6f89798ce6f,218,190,TRUE,FALSE,,manifest_exact,Manifest filename and batch path present exactly.
v4_lead_shonen_034,034__v4_lead_shonen_034.png,batch_01_001-080/034__v4_lead_shonen_034.png,bdec7c811f6006b0273d3f11b5bcfbe9c7d00dd4fbe903dca8640dccf070d38e,201,190,TRUE,FALSE,,manifest_exact,Manifest filename and batch path present exactly.
v4_lead_shonen_035,035__v4_lead_shonen_035.png,batch_01_001-080/035__v4_lead_shonen_035.png,0c4c14f120367d3727954d830d4f81f90c4898c4e0d5621d1854e2c11190d56c,203,190,TRUE,FALSE,,manifest_exact,Manifest filename and batch path present exactly.
v4_lead_shonen_036,036__v4_lead_shonen_036.png,batch_01_001-080/036__v4_lead_shonen_036.png,bc8074110585e237ac4751dfbefdf9a9a915314f7a3f63df171d60b489566dea,201,190,TRUE,FALSE,,manifest_exact,Manifest filename and batch path present exactly.
v4_lead_shojo_001,037__v4_lead_shojo_001.png,batch_01_001-080/037__v4_lead_shojo_001.png,089cbd7482b18f2e291ccc26576e716bf68e8aab6cbd8da1c7b31788fda230b0,197,190,TRUE,FALSE,,manifest_exact,Manifest filename and batch path present exactly.
v4_lead_shojo_002,038__v4_lead_shojo_002.png,batch_01_001-080/038__v4_lead_shojo_002.png,4daa5f7a03ffe88de374deb7059a4424937c82e83cb64a9b679e3ce1e9d0fb2a,195,190,TRUE,FALSE,,manifest_exact,Manifest filename and batch path present exactly.
v4_lead_shojo_003,039__v4_lead_shojo_003.png,batch_01_001-080/039__v4_lead_shojo_003.png,2832b0174adc3c32fe0199aa62d41f8835fd7f09971afed439d22d90749fd9be,250,190,TRUE,FALSE,,manifest_exact,Manifest filename and batch path present exactly.
v4_lead_shojo_004,040__v4_lead_shojo_004.png,,,,,FALSE,FALSE,,missing_stable_id_portrait,Manifest path absent and no PNG containing this stable ID exists anywhere in staging. Hard Phase 1 blocker.
v4_lead_shojo_005,041__v4_lead_shojo_005.png,batch_01_001-080/040__v4_lead_shojo_005.png,8754f363a57875b2057ed55b1c445cdf7926b776f340ed4ab31310ae25ee0e4e,218,172,FALSE,FALSE,,filename_mismatch_candidate,Manifest path absent; same stable ID exists as batch_01_001-080/040__v4_lead_shojo_005.png. Integration halted per Phase 1 gate; no substitution assumed.
v4_lead_shojo_006,042__v4_lead_shojo_006.png,batch_01_001-080/041__v4_lead_shojo_006.png,6b1e701fc1e2ac88e90bce8bcfd2a19ebe6968e5a22ecff234c286fb6a865233,201,172,FALSE,FALSE,,filename_mismatch_candidate,Manifest path absent; same stable ID exists as batch_01_001-080/041__v4_lead_shojo_006.png. Integration halted per Phase 1 gate; no substitution assumed.
v4_lead_shojo_007,043__v4_lead_shojo_007.png,batch_01_001-080/042__v4_lead_shojo_007.png,d1044a1e86778edf3b1665252fd241f28a084ece7d2e800321beff27df33f15d,203,172,FALSE,FALSE,,filename_mismatch_candidate,Manifest path absent; same stable ID exists as batch_01_001-080/042__v4_lead_shojo_007.png. Integration halted per Phase 1 gate; no substitution assumed.
v4_lead_shojo_008,044__v4_lead_shojo_008.png,batch_01_001-080/043__v4_lead_shojo_008.png,704b02b6cc4b9f901b4b474810156512ce368cac1e6932606bc557d0ba3c48c6,201,172,FALSE,FALSE,,filename_mismatch_candidate,Manifest path absent; same stable ID exists as batch_01_001-080/043__v4_lead_shojo_008.png. Integration halted per Phase 1 gate; no substitution assumed.
v4_lead_shojo_009,045__v4_lead_shojo_009.png,batch_01_001-080/044__v4_lead_shojo_009.png,0ab1501a0facd7fb9711ea3d8c6fb0a5f9c83ffa3a858bd8901df1b642baa4ea,197,172,FALSE,FALSE,,filename_mismatch_candidate,Manifest path absent; same stable ID exists as batch_01_001-080/044__v4_lead_shojo_009.png. Integration halted per Phase 1 gate; no substitution assumed.
v4_lead_shojo_010,046__v4_lead_shojo_010.png,batch_01_001-080/045__v4_lead_shojo_010.png,04e95a76046ea5957147ab8f54268bc4edc78cb4285ce1557585c2b686b621d7,195,172,FALSE,FALSE,,filename_mismatch_candidate,Manifest path absent; same stable ID exists as batch_01_001-080/045__v4_lead_shojo_010.png. Integration halted per Phase 1 gate; no substitution assumed.
v4_lead_shojo_011,047__v4_lead_shojo_011.png,,,,,FALSE,FALSE,,missing_stable_id_portrait,Manifest path absent and no PNG containing this stable ID exists anywhere in staging. Hard Phase 1 blocker.
v4_lead_shojo_012,048__v4_lead_shojo_012.png,batch_01_001-080/046__v4_lead_shojo_012.png,c6b54ec9e8181631aef0fefae916389157fcd3b3c733f158b51e96b8d7d65040,250,172,FALSE,FALSE,,filename_mismatch_candidate,Manifest path absent; same stable ID exists as batch_01_001-080/046__v4_lead_shojo_012.png. Integration halted per Phase 1 gate; no substitution assumed.
v4_lead_shojo_013,049__v4_lead_shojo_013.png,batch_01_001-080/047__v4_lead_shojo_013.png,97dc0c144698fb04880ebb60e332271346e002bb9b335e1aaf59c016dd69f1df,218,177,FALSE,FALSE,,filename_mismatch_candidate,Manifest path absent; same stable ID exists as batch_01_001-080/047__v4_lead_shojo_013.png. Integration halted per Phase 1 gate; no substitution assumed.
v4_lead_shojo_014,050__v4_lead_shojo_014.png,batch_01_001-080/048__v4_lead_shojo_014.png,efd76e254450ac697957dea8d2e6bbb09e926c1cf63a0d1d22ec9f46f4bbee4b,201,177,FALSE,FALSE,,filename_mismatch_candidate,Manifest path absent; same stable ID exists as batch_01_001-080/048__v4_lead_shojo_014.png. Integration halted per Phase 1 gate; no substitution assumed.
v4_lead_shojo_015,051__v4_lead_shojo_015.png,batch_01_001-080/049__v4_lead_shojo_015.png,f19bcca82f02a1a67422479031b98841919d17204e6a7edd690e82d0345f32dd,203,177,FALSE,FALSE,,filename_mismatch_candidate,Manifest path absent; same stable ID exists as batch_01_001-080/049__v4_lead_shojo_015.png. Integration halted per Phase 1 gate; no substitution assumed.
v4_lead_shojo_016,052__v4_lead_shojo_016.png,batch_01_001-080/050__v4_lead_shojo_016.png,577b40b7b8a2813769d318f500649cb6b66b1dcba226a1cad2d2319505335ba0,201,177,FALSE,FALSE,,filename_mismatch_candidate,Manifest path absent; same stable ID exists as batch_01_001-080/050__v4_lead_shojo_016.png. Integration halted per Phase 1 gate; no substitution assumed.
v4_lead_shojo_017,053__v4_lead_shojo_017.png,batch_01_001-080/051__v4_lead_shojo_017.png,44ef61ae590452a60a635645b0c1388182eb9a397b7dd3e486510a63c0293bfc,197,177,FALSE,FALSE,,filename_mismatch_candidate,Manifest path absent; same stable ID exists as batch_01_001-080/051__v4_lead_shojo_017.png. Integration halted per Phase 1 gate; no substitution assumed.
v4_lead_shojo_018,054__v4_lead_shojo_018.png,,,,,FALSE,FALSE,,missing_stable_id_portrait,Manifest path absent and no PNG containing this stable ID exists anywhere in staging. Hard Phase 1 blocker.
v4_lead_shojo_019,055__v4_lead_shojo_019.png,batch_01_001-080/052__v4_lead_shojo_019.png,f9450ee27ee934934121d65a836fb6f76079aefe0622de524de2b6ebf7e93a96,195,177,FALSE,FALSE,,filename_mismatch_candidate,Manifest path absent; same stable ID exists as batch_01_001-080/052__v4_lead_shojo_019.png. Integration halted per Phase 1 gate; no substitution assumed.
v4_lead_shojo_020,056__v4_lead_shojo_020.png,batch_01_001-080/053__v4_lead_shojo_020.png,1b525844ec164a4ee19636b338ba62abd7b3fdceaf2e48ef6bea6aedbb9599aa,250,177,FALSE,FALSE,,filename_mismatch_candidate,Manifest path absent; same stable ID exists as batch_01_001-080/053__v4_lead_shojo_020.png. Integration halted per Phase 1 gate; no substitution assumed.
v4_lead_shojo_021,057__v4_lead_shojo_021.png,batch_01_001-080/054__v4_lead_shojo_021.png,a521e781e873dcfc5c6ba3c60f69d2a561aa14ced6eff3b93c0e0662c78619de,218,188,FALSE,FALSE,,filename_mismatch_candidate,Manifest path absent; same stable ID exists as batch_01_001-080/054__v4_lead_shojo_021.png. Integration halted per Phase 1 gate; no substitution assumed.
v4_lead_shojo_022,058__v4_lead_shojo_022.png,batch_01_001-080/055__v4_lead_shojo_022.png,a240f5029b0efa81b98647a8480b2c5b5b98924d05150e9059d52c2097bc802a,201,188,FALSE,FALSE,,filename_mismatch_candidate,Manifest path absent; same stable ID exists as batch_01_001-080/055__v4_lead_shojo_022.png. Integration halted per Phase 1 gate; no substitution assumed.
v4_lead_shojo_023,059__v4_lead_shojo_023.png,batch_01_001-080/056__v4_lead_shojo_023.png,1cf54ca1737a14384e3f0129598ccb2bddbf71f7fdd28ac393e01d5f09b0c580,203,188,FALSE,FALSE,,filename_mismatch_candidate,Manifest path absent; same stable ID exists as batch_01_001-080/056__v4_lead_shojo_023.png. Integration halted per Phase 1 gate; no substitution assumed.
v4_lead_shojo_024,060__v4_lead_shojo_024.png,batch_01_001-080/057__v4_lead_shojo_024.png,08ffa5990a85a7b69bf2296842b3ce468b4aee725153088ba7e5e9f290eb7f6b,201,188,FALSE,FALSE,,filename_mismatch_candidate,Manifest path absent; same stable ID exists as batch_01_001-080/057__v4_lead_shojo_024.png. Integration halted per Phase 1 gate; no substitution assumed.
v4_lead_shojo_025,061__v4_lead_shojo_025.png,batch_01_001-080/058__v4_lead_shojo_025.png,377a11f7f163129da2c0eb33aa92626f0dd8b0ad63be0d5e65e7d25c418f8eb0,197,188,FALSE,FALSE,,filename_mismatch_candidate,Manifest path absent; same stable ID exists as batch_01_001-080/058__v4_lead_shojo_025.png. Integration halted per Phase 1 gate; no substitution assumed.
v4_lead_shojo_026,062__v4_lead_shojo_026.png,batch_01_001-080/059__v4_lead_shojo_026.png,4179be29623d2d8b0ed4116970f1751f6043a0790c86dc5d0346bead8eb99b82,195,188,FALSE,FALSE,,filename_mismatch_candidate,Manifest path absent; same stable ID exists as batch_01_001-080/059__v4_lead_shojo_026.png. Integration halted per Phase 1 gate; no substitution assumed.
v4_lead_shojo_027,063__v4_lead_shojo_027.png,,,,,FALSE,FALSE,,missing_stable_id_portrait,Manifest path absent and no PNG containing this stable ID exists anywhere in staging. Hard Phase 1 blocker.
v4_lead_shojo_028,064__v4_lead_shojo_028.png,batch_01_001-080/060__v4_lead_shojo_028.png,a03ec461f8f60287d994c1a7388551cd4e48adf8eb6b1ba452d38c3a1627579b,250,188,FALSE,FALSE,,filename_mismatch_candidate,Manifest path absent; same stable ID exists as batch_01_001-080/060__v4_lead_shojo_028.png. Integration halted per Phase 1 gate; no substitution assumed.
v4_lead_shojo_029,065__v4_lead_shojo_029.png,batch_01_001-080/061__v4_lead_shojo_029.png,c969131adf987e7ad73f3764115da44b7ca0a0c129c98d649898a43b1ac1fb02,205,268,FALSE,FALSE,,filename_mismatch_candidate,Manifest path absent; same stable ID exists as batch_01_001-080/061__v4_lead_shojo_029.png. Integration halted per Phase 1 gate; no substitution assumed.
v4_lead_shojo_030,066__v4_lead_shojo_030.png,batch_01_001-080/062__v4_lead_shojo_030.png,ebdd316228f9be3ff07c7125b8cf592ae6dad25fd4adc515d481ac689ce9a8ee,202,268,FALSE,FALSE,,filename_mismatch_candidate,Manifest path absent; same stable ID exists as batch_01_001-080/062__v4_lead_shojo_030.png. Integration halted per Phase 1 gate; no substitution assumed.
v4_lead_shojo_031,067__v4_lead_shojo_031.png,batch_01_001-080/063__v4_lead_shojo_031.png,a3df14ef2dc289a2149c29cd8f62ff196ac130a95e86742237f0cf66fbf25d83,211,268,FALSE,FALSE,,filename_mismatch_candidate,Manifest path absent; same stable ID exists as batch_01_001-080/063__v4_lead_shojo_031.png. Integration halted per Phase 1 gate; no substitution assumed.
v4_lead_shojo_032,068__v4_lead_shojo_032.png,batch_01_001-080/064__v4_lead_shojo_032.png,909958588a08b0d061bd04f7cd4f43e73c4f0dbd37eced06c843b0b12b2f9136,191,268,FALSE,FALSE,,filename_mismatch_candidate,Manifest path absent; same stable ID exists as batch_01_001-080/064__v4_lead_shojo_032.png. Integration halted per Phase 1 gate; no substitution assumed.
v4_lead_shojo_033,069__v4_lead_shojo_033.png,batch_01_001-080/065__v4_lead_shojo_033.png,79015d0faa7788a9957e79ef46be619c9323f110d633e3f2a8a2960209bc5d43,185,268,FALSE,FALSE,,filename_mismatch_candidate,Manifest path absent; same stable ID exists as batch_01_001-080/065__v4_lead_shojo_033.png. Integration halted per Phase 1 gate; no substitution assumed.
v4_lead_shojo_034,070__v4_lead_shojo_034.png,batch_01_001-080/066__v4_lead_shojo_034.png,a76655298c3831b584a39d23b90332fa4797f23d1d89f6fde8a7c1c27f8b0a85,171,268,FALSE,FALSE,,filename_mismatch_candidate,Manifest path absent; same stable ID exists as batch_01_001-080/066__v4_lead_shojo_034.png. Integration halted per Phase 1 gate; no substitution assumed.
v4_lead_shojo_035,071__v4_lead_shojo_035.png,batch_01_001-080/067__v4_lead_shojo_035.png,a5461afd62049b214cb6959d8acecd4dd9647ebf379f0e9700ea15fc4d81ea35,149,268,FALSE,FALSE,,filename_mismatch_candidate,Manifest path absent; same stable ID exists as batch_01_001-080/067__v4_lead_shojo_035.png. Integration halted per Phase 1 gate; no substitution assumed.
v4_lead_shojo_036,072__v4_lead_shojo_036.png,batch_01_001-080/068__v4_lead_shojo_036.png,a8f4bf9011cacd441f0a162130baeaa954be12b4257350e2e3151b0eebbe2adf,151,268,FALSE,FALSE,,filename_mismatch_candidate,Manifest path absent; same stable ID exists as batch_01_001-080/068__v4_lead_shojo_036.png. Integration halted per Phase 1 gate; no substitution assumed.
v4_lead_shojo_037,073__v4_lead_shojo_037.png,batch_01_001-080/069__v4_lead_shojo_037.png,d737acef07e9d7cd5eca60a9e003e0de4ef99c8d7676d8ab939618675beadc59,205,243,FALSE,FALSE,,filename_mismatch_candidate,Manifest path absent; same stable ID exists as batch_01_001-080/069__v4_lead_shojo_037.png. Integration halted per Phase 1 gate; no substitution assumed.
v4_lead_shojo_038,074__v4_lead_shojo_038.png,batch_01_001-080/070__v4_lead_shojo_038.png,e65ad856a3749418d98fd5e33031456e7b5c10816f5b3a2ce70378c3843442ef,199,243,FALSE,FALSE,,filename_mismatch_candidate,Manifest path absent; same stable ID exists as batch_01_001-080/070__v4_lead_shojo_038.png. Integration halted per Phase 1 gate; no substitution assumed.
v4_lead_shojo_039,075__v4_lead_shojo_039.png,batch_01_001-080/071__v4_lead_shojo_039.png,d0c5d4ef6ae48ef610357d6694ca992d92d378f29bcd62c50807b10b82243865,212,243,FALSE,FALSE,,filename_mismatch_candidate,Manifest path absent; same stable ID exists as batch_01_001-080/071__v4_lead_shojo_039.png. Integration halted per Phase 1 gate; no substitution assumed.
v4_lead_shojo_040,076__v4_lead_shojo_040.png,batch_01_001-080/072__v4_lead_shojo_040.png,2e4ec813c8b1236ef4f3652463b4f979eb8f2a685b1e3daaf81c6cd90969957d,196,243,FALSE,FALSE,,filename_mismatch_candidate,Manifest path absent; same stable ID exists as batch_01_001-080/072__v4_lead_shojo_040.png. Integration halted per Phase 1 gate; no substitution assumed.
v4_lead_shojo_041,077__v4_lead_shojo_041.png,batch_01_001-080/073__v4_lead_shojo_041.png,765bfacae066ea6be309eb2cda1bf094e93e475fc489276a3580efc165e77cf0,179,243,FALSE,FALSE,,filename_mismatch_candidate,Manifest path absent; same stable ID exists as batch_01_001-080/073__v4_lead_shojo_041.png. Integration halted per Phase 1 gate; no substitution assumed.
v4_sidekick_shonen_001,078__v4_sidekick_shonen_001.png,batch_01_001-080/074__v4_sidekick_shonen_001.png,1c4bed10de24eb4a330eeaab0f59e2a22028c84b43c1b9f5ba93422937187131,171,243,FALSE,FALSE,,filename_mismatch_candidate,Manifest path absent; same stable ID exists as batch_01_001-080/074__v4_sidekick_shonen_001.png. Integration halted per Phase 1 gate; no substitution assumed.
v4_sidekick_shonen_002,079__v4_sidekick_shonen_002.png,batch_01_001-080/075__v4_sidekick_shonen_002.png,96e44ed285b78f8bf96c6f9240b69975a2c2a62f6520d0cd9046c48068a1f07c,149,243,FALSE,FALSE,,filename_mismatch_candidate,Manifest path absent; same stable ID exists as batch_01_001-080/075__v4_sidekick_shonen_002.png. Integration halted per Phase 1 gate; no substitution assumed.
v4_sidekick_shonen_003,080__v4_sidekick_shonen_003.png,batch_01_001-080/076__v4_sidekick_shonen_003.png,4aac8efbd0b880e58cec0494cb60abb72c6a6cf192eee362728a896c97cbc11a,150,243,FALSE,FALSE,,filename_mismatch_candidate,Manifest path absent; same stable ID exists as batch_01_001-080/076__v4_sidekick_shonen_003.png. Integration halted per Phase 1 gate; no substitution assumed.
v4_sidekick_shonen_004,081__v4_sidekick_shonen_004.png,batch_01_001-080/077__v4_sidekick_shonen_004.png,88f4be0aa1c5e3eae28d9458f04a419131458e1fd7e2c678d672156984bc949a,195,234,FALSE,FALSE,,filename_mismatch_candidate,Manifest path absent; same stable ID exists as batch_01_001-080/077__v4_sidekick_shonen_004.png. Integration halted per Phase 1 gate; no substitution assumed.
v4_sidekick_shonen_005,082__v4_sidekick_shonen_005.png,batch_01_001-080/078__v4_sidekick_shonen_005.png,c4d65dae5ce26245cc0fe94e07536a2372d7632944999aae9791fc9a3b869186,202,234,FALSE,FALSE,,filename_mismatch_candidate,Manifest path absent; same stable ID exists as batch_01_001-080/078__v4_sidekick_shonen_005.png. Integration halted per Phase 1 gate; no substitution assumed.
v4_sidekick_shonen_006,083__v4_sidekick_shonen_006.png,batch_01_001-080/079__v4_sidekick_shonen_006.png,17316ceee5465a2d59181ea5d4129cc82351f06e0ebc78b7cc2bba280bb1e8ac,207,234,FALSE,FALSE,,filename_mismatch_candidate,Manifest path absent; same stable ID exists as batch_01_001-080/079__v4_sidekick_shonen_006.png. Integration halted per Phase 1 gate; no substitution assumed.
v4_sidekick_shonen_007,084__v4_sidekick_shonen_007.png,batch_01_001-080/080__v4_sidekick_shonen_007.png,62b83d64ddc00a162be7a014f1e4f966eeb5dc06fb3057050d99c49f68ae6d84,165,234,FALSE,FALSE,,filename_mismatch_candidate,Manifest path absent; same stable ID exists as batch_01_001-080/080__v4_sidekick_shonen_007.png. Integration halted per Phase 1 gate; no substitution assumed.
v4_sidekick_shonen_008,085__v4_sidekick_shonen_008.png,batch_02_081-160/081__v4_sidekick_shonen_008.png,20599046c85253b3a892e5aa2d8883db166e56179aa8f275706c627aa63f92cf,171,234,FALSE,FALSE,,filename_mismatch_candidate,Manifest path absent; same stable ID exists as batch_02_081-160/081__v4_sidekick_shonen_008.png. Integration halted per Phase 1 gate; no substitution assumed.
v4_sidekick_shonen_009,086__v4_sidekick_shonen_009.png,batch_02_081-160/082__v4_sidekick_shonen_009.png,23d09c3a93f2eb1934f144803edc6accf76bb30774c9d4c044500f4fc5764677,137,234,FALSE,FALSE,,filename_mismatch_candidate,Manifest path absent; same stable ID exists as batch_02_081-160/082__v4_sidekick_shonen_009.png. Integration halted per Phase 1 gate; no substitution assumed.
v4_sidekick_shonen_010,087__v4_sidekick_shonen_010.png,batch_02_081-160/083__v4_sidekick_shonen_010.png,ba3e05de0a24f960b88400d01e90a93ba321d0a3ddea8b73a237e8fe2af35e5f,175,234,FALSE,FALSE,,filename_mismatch_candidate,Manifest path absent; same stable ID exists as batch_02_081-160/083__v4_sidekick_shonen_010.png. Integration halted per Phase 1 gate; no substitution assumed.
v4_sidekick_shonen_011,088__v4_sidekick_shonen_011.png,batch_02_081-160/084__v4_sidekick_shonen_011.png,8af25224f0304d8c638df9f218280f2a79a8f5a48eea5de88cce8f551ed7c4ce,204,234,FALSE,FALSE,,filename_mismatch_candidate,Manifest path absent; same stable ID exists as batch_02_081-160/084__v4_sidekick_shonen_011.png. Integration halted per Phase 1 gate; no substitution assumed.
v4_sidekick_shonen_012,089__v4_sidekick_shonen_012.png,batch_02_081-160/085__v4_sidekick_shonen_012.png,8482d8c8092e409dd533a6f1747aee7da50cb056d68c5220c311c5eec08cf587,205,243,FALSE,FALSE,,filename_mismatch_candidate,Manifest path absent; same stable ID exists as batch_02_081-160/085__v4_sidekick_shonen_012.png. Integration halted per Phase 1 gate; no substitution assumed.
v4_sidekick_shonen_013,090__v4_sidekick_shonen_013.png,batch_02_081-160/086__v4_sidekick_shonen_013.png,936e870b8e0ad14e53b0978a70a861a2b5a4258812e8a9e96e82afa178358e10,195,243,FALSE,FALSE,,filename_mismatch_candidate,Manifest path absent; same stable ID exists as batch_02_081-160/086__v4_sidekick_shonen_013.png. Integration halted per Phase 1 gate; no substitution assumed.
v4_sidekick_shonen_014,091__v4_sidekick_shonen_014.png,batch_02_081-160/087__v4_sidekick_shonen_014.png,55f343bb4dabff758ebe7ec063f864c0dc3bb23ce5f25019e39aa39eec851547,176,243,FALSE,FALSE,,filename_mismatch_candidate,Manifest path absent; same stable ID exists as batch_02_081-160/087__v4_sidekick_shonen_014.png. Integration halted per Phase 1 gate; no substitution assumed.
v4_sidekick_shonen_015,092__v4_sidekick_shonen_015.png,batch_02_081-160/088__v4_sidekick_shonen_015.png,668353d838eb5c9095eeee74055eb25f417e47bd5576c3305c204a7efa13290f,158,243,FALSE,FALSE,,filename_mismatch_candidate,Manifest path absent; same stable ID exists as batch_02_081-160/088__v4_sidekick_shonen_015.png. Integration halted per Phase 1 gate; no substitution assumed.
v4_sidekick_shonen_016,093__v4_sidekick_shonen_016.png,batch_02_081-160/089__v4_sidekick_shonen_016.png,3c6f633221513fe9c6a453f06577187a9e91a552fb1c3a09ce6400c13c7c3516,182,243,FALSE,FALSE,,filename_mismatch_candidate,Manifest path absent; same stable ID exists as batch_02_081-160/089__v4_sidekick_shonen_016.png. Integration halted per Phase 1 gate; no substitution assumed.
v4_sidekick_shonen_017,094__v4_sidekick_shonen_017.png,batch_02_081-160/090__v4_sidekick_shonen_017.png,18fbd3e99e50fd1498d65b7f7e0ff5a634a7a36c80fee7696bdb3dc138c53acb,147,243,FALSE,FALSE,,filename_mismatch_candidate,Manifest path absent; same stable ID exists as batch_02_081-160/090__v4_sidekick_shonen_017.png. Integration halted per Phase 1 gate; no substitution assumed.
v4_sidekick_shonen_018,095__v4_sidekick_shonen_018.png,batch_02_081-160/091__v4_sidekick_shonen_018.png,14ca857b42c04477c98c62943da1bdbc148b71d0ad4e84ee97ff4acc87b8aa8c,193,243,FALSE,FALSE,,filename_mismatch_candidate,Manifest path absent; same stable ID exists as batch_02_081-160/091__v4_sidekick_shonen_018.png. Integration halted per Phase 1 gate; no substitution assumed.
v4_sidekick_shonen_019,096__v4_sidekick_shonen_019.png,batch_02_081-160/092__v4_sidekick_shonen_019.png,a7f9c186c37631ee15178f874081c829aa397c77ed67a16112cba9431ef74f6b,203,243,FALSE,FALSE,,filename_mismatch_candidate,Manifest path absent; same stable ID exists as batch_02_081-160/092__v4_sidekick_shonen_019.png. Integration halted per Phase 1 gate; no substitution assumed.
v4_sidekick_shonen_020,097__v4_sidekick_shonen_020.png,batch_02_081-160/093__v4_sidekick_shonen_020.png,f62df674916cec5110ca5742f30bf44d2efdc46df633fcd344116c31db01a9cd,187,193,FALSE,FALSE,,filename_mismatch_candidate,Manifest path absent; same stable ID exists as batch_02_081-160/093__v4_sidekick_shonen_020.png. Integration halted per Phase 1 gate; no substitution assumed.
v4_sidekick_shonen_021,098__v4_sidekick_shonen_021.png,batch_02_081-160/094__v4_sidekick_shonen_021.png,58509fdea2a3a54714326fd989b56ff80723001e8e6bb9c84ca625b9124fdb44,185,193,FALSE,FALSE,,filename_mismatch_candidate,Manifest path absent; same stable ID exists as batch_02_081-160/094__v4_sidekick_shonen_021.png. Integration halted per Phase 1 gate; no substitution assumed.
v4_sidekick_shonen_022,099__v4_sidekick_shonen_022.png,batch_02_081-160/095__v4_sidekick_shonen_022.png,54c14a2b2f08e5429e85918bb0f0dca5135d90f957c1b9bb18fcefc0b04ba64f,184,193,FALSE,FALSE,,filename_mismatch_candidate,Manifest path absent; same stable ID exists as batch_02_081-160/095__v4_sidekick_shonen_022.png. Integration halted per Phase 1 gate; no substitution assumed.
v4_sidekick_shonen_023,100__v4_sidekick_shonen_023.png,batch_02_081-160/096__v4_sidekick_shonen_023.png,69557c27890aa633c593558bd638a92cc7bbb5e9e63a05ea28a829328e29d542,178,193,FALSE,FALSE,,filename_mismatch_candidate,Manifest path absent; same stable ID exists as batch_02_081-160/096__v4_sidekick_shonen_023.png. Integration halted per Phase 1 gate; no substitution assumed.
v4_sidekick_shonen_024,101__v4_sidekick_shonen_024.png,batch_02_081-160/097__v4_sidekick_shonen_024.png,517682ce27043e5462a5a7fdc44efcea00769a4ac23276d32a9067f358158262,172,193,FALSE,FALSE,,filename_mismatch_candidate,Manifest path absent; same stable ID exists as batch_02_081-160/097__v4_sidekick_shonen_024.png. Integration halted per Phase 1 gate; no substitution assumed.
v4_sidekick_shonen_025,102__v4_sidekick_shonen_025.png,batch_02_081-160/098__v4_sidekick_shonen_025.png,dfea5474ff38b6a1e4148c7588ee67b17ee1f0b062269749e92cafd44ce48df6,186,193,FALSE,FALSE,,filename_mismatch_candidate,Manifest path absent; same stable ID exists as batch_02_081-160/098__v4_sidekick_shonen_025.png. Integration halted per Phase 1 gate; no substitution assumed.
v4_sidekick_shonen_026,103__v4_sidekick_shonen_026.png,batch_02_081-160/099__v4_sidekick_shonen_026.png,820403b2232d9c85bc3845b7ab3e2ca1e2a161b7ed9285582a45379a0cb02ee5,174,193,FALSE,FALSE,,filename_mismatch_candidate,Manifest path absent; same stable ID exists as batch_02_081-160/099__v4_sidekick_shonen_026.png. Integration halted per Phase 1 gate; no substitution assumed.
v4_sidekick_shonen_027,104__v4_sidekick_shonen_027.png,batch_02_081-160/100__v4_sidekick_shonen_027.png,8dfd50ed821a5d7af9140c3878dd0b58dbde128cc21027798852294a167dfb4c,176,193,FALSE,FALSE,,filename_mismatch_candidate,Manifest path absent; same stable ID exists as batch_02_081-160/100__v4_sidekick_shonen_027.png. Integration halted per Phase 1 gate; no substitution assumed.
v4_sidekick_shonen_028,105__v4_sidekick_shonen_028.png,batch_02_081-160/101__v4_sidekick_shonen_028.png,20b63c3654f77f268287e9d8f3e00b0471763ba3902da4d00d7942e7a83e7170,187,184,FALSE,FALSE,,filename_mismatch_candidate,Manifest path absent; same stable ID exists as batch_02_081-160/101__v4_sidekick_shonen_028.png. Integration halted per Phase 1 gate; no substitution assumed.
v4_sidekick_shonen_029,106__v4_sidekick_shonen_029.png,batch_02_081-160/102__v4_sidekick_shonen_029.png,7f34f251d89db952fe310749d4bacdfd5210070687fc4bcb502796ab22d8826b,185,184,FALSE,FALSE,,filename_mismatch_candidate,Manifest path absent; same stable ID exists as batch_02_081-160/102__v4_sidekick_shonen_029.png. Integration halted per Phase 1 gate; no substitution assumed.
v4_sidekick_shonen_030,107__v4_sidekick_shonen_030.png,batch_02_081-160/103__v4_sidekick_shonen_030.png,d4c895b78a240ab8e787960a5fbcc7dfe01e29f27c770aa5f8f9ae4e61e6a266,184,184,FALSE,FALSE,,filename_mismatch_candidate,Manifest path absent; same stable ID exists as batch_02_081-160/103__v4_sidekick_shonen_030.png. Integration halted per Phase 1 gate; no substitution assumed.
v4_sidekick_shonen_031,108__v4_sidekick_shonen_031.png,batch_02_081-160/104__v4_sidekick_shonen_031.png,3bdefcd728b3450be6c152e958edbafff55ea0ad40f7b30587df54a964c0398d,178,184,FALSE,FALSE,,filename_mismatch_candidate,Manifest path absent; same stable ID exists as batch_02_081-160/104__v4_sidekick_shonen_031.png. Integration halted per Phase 1 gate; no substitution assumed.
v4_sidekick_shonen_032,109__v4_sidekick_shonen_032.png,batch_02_081-160/105__v4_sidekick_shonen_032.png,c452302340da3d4967049554106fb27cc049b0608878d5cbf501a4d7e10c1d01,172,184,FALSE,FALSE,,filename_mismatch_candidate,Manifest path absent; same stable ID exists as batch_02_081-160/105__v4_sidekick_shonen_032.png. Integration halted per Phase 1 gate; no substitution assumed.
v4_sidekick_shonen_033,110__v4_sidekick_shonen_033.png,batch_02_081-160/106__v4_sidekick_shonen_033.png,967ec391be361359e3db55026b19bdb39d7c59b613c2b0c9839a683000285b09,186,184,FALSE,FALSE,,filename_mismatch_candidate,Manifest path absent; same stable ID exists as batch_02_081-160/106__v4_sidekick_shonen_033.png. Integration halted per Phase 1 gate; no substitution assumed.
v4_sidekick_shonen_034,111__v4_sidekick_shonen_034.png,batch_02_081-160/107__v4_sidekick_shonen_034.png,77033d9bfbba4f09b719757721791673a15c1c73e22ffa994c3b7b7b314983e1,174,184,FALSE,FALSE,,filename_mismatch_candidate,Manifest path absent; same stable ID exists as batch_02_081-160/107__v4_sidekick_shonen_034.png. Integration halted per Phase 1 gate; no substitution assumed.
v4_sidekick_shonen_035,112__v4_sidekick_shonen_035.png,batch_02_081-160/108__v4_sidekick_shonen_035.png,79c5c7da85c66c9f0c4911c0c224ee401e140b6621abe39211f6e74f102d8078,176,184,FALSE,FALSE,,filename_mismatch_candidate,Manifest path absent; same stable ID exists as batch_02_081-160/108__v4_sidekick_shonen_035.png. Integration halted per Phase 1 gate; no substitution assumed.
v4_sidekick_shojo_001,113__v4_sidekick_shojo_001.png,batch_02_081-160/109__v4_sidekick_shojo_001.png,448842765719ca7d00fc7a08ee24d750a18d1a1920dd5a96982e979955e2a8e8,187,173,FALSE,FALSE,,filename_mismatch_candidate,Manifest path absent; same stable ID exists as batch_02_081-160/109__v4_sidekick_shojo_001.png. Integration halted per Phase 1 gate; no substitution assumed.
v4_sidekick_shojo_002,114__v4_sidekick_shojo_002.png,batch_02_081-160/110__v4_sidekick_shojo_002.png,2b4657a81095921d7cb05e023469d41a45eadca3bad9fb37403c7f73d4fdb2a5,185,173,FALSE,FALSE,,filename_mismatch_candidate,Manifest path absent; same stable ID exists as batch_02_081-160/110__v4_sidekick_shojo_002.png. Integration halted per Phase 1 gate; no substitution assumed.
v4_sidekick_shojo_003,115__v4_sidekick_shojo_003.png,batch_02_081-160/111__v4_sidekick_shojo_003.png,e8e2071e704c307971cf4c311dea12e4bad9524b7b9dae3147e255a50c281158,184,173,FALSE,FALSE,,filename_mismatch_candidate,Manifest path absent; same stable ID exists as batch_02_081-160/111__v4_sidekick_shojo_003.png. Integration halted per Phase 1 gate; no substitution assumed.
v4_sidekick_shojo_004,116__v4_sidekick_shojo_004.png,batch_02_081-160/112__v4_sidekick_shojo_004.png,49a814233c592ed30f5e01c6edad0c6560bc8da13a64921fb8ea182594b88b43,178,173,FALSE,FALSE,,filename_mismatch_candidate,Manifest path absent; same stable ID exists as batch_02_081-160/112__v4_sidekick_shojo_004.png. Integration halted per Phase 1 gate; no substitution assumed.
v4_sidekick_shojo_005,117__v4_sidekick_shojo_005.png,batch_02_081-160/113__v4_sidekick_shojo_005.png,4043c915ae78062dd6800a98f9748fdb30fe49b846ac70028e1fd0fbbb48ae1f,172,173,FALSE,FALSE,,filename_mismatch_candidate,Manifest path absent; same stable ID exists as batch_02_081-160/113__v4_sidekick_shojo_005.png. Integration halted per Phase 1 gate; no substitution assumed.
v4_sidekick_shojo_006,118__v4_sidekick_shojo_006.png,batch_02_081-160/114__v4_sidekick_shojo_006.png,648374e81a353e489b2d68e27c1e955db6f699e23ff9a37262f73c395919affd,186,173,FALSE,FALSE,,filename_mismatch_candidate,Manifest path absent; same stable ID exists as batch_02_081-160/114__v4_sidekick_shojo_006.png. Integration halted per Phase 1 gate; no substitution assumed.
v4_sidekick_shojo_007,119__v4_sidekick_shojo_007.png,batch_02_081-160/115__v4_sidekick_shojo_007.png,ecf4177c024ea67581334b45e916e0495d0c4fda2d8053e95cbf8fcad5bf3dcb,174,173,FALSE,FALSE,,filename_mismatch_candidate,Manifest path absent; same stable ID exists as batch_02_081-160/115__v4_sidekick_shojo_007.png. Integration halted per Phase 1 gate; no substitution assumed.
v4_sidekick_shojo_008,120__v4_sidekick_shojo_008.png,batch_02_081-160/116__v4_sidekick_shojo_008.png,f2194d2c3630ffa0ae3dc58d882ad19c6b1ca0150740b0aa1ccb9cf1d69dcdc2,176,173,FALSE,FALSE,,filename_mismatch_candidate,Manifest path absent; same stable ID exists as batch_02_081-160/116__v4_sidekick_shojo_008.png. Integration halted per Phase 1 gate; no substitution assumed.
v4_sidekick_shojo_009,121__v4_sidekick_shojo_009.png,batch_02_081-160/117__v4_sidekick_shojo_009.png,8462c2f449ddb19a94082ae187deec437269f77aa0eeb361dc069e6b91eb773d,187,179,FALSE,FALSE,,filename_mismatch_candidate,Manifest path absent; same stable ID exists as batch_02_081-160/117__v4_sidekick_shojo_009.png. Integration halted per Phase 1 gate; no substitution assumed.
v4_sidekick_shojo_010,122__v4_sidekick_shojo_010.png,batch_02_081-160/118__v4_sidekick_shojo_010.png,7702e5c9ea465592634253482e8a50536295cd7285710353bd6a8df1a9bc5600,185,179,FALSE,FALSE,,filename_mismatch_candidate,Manifest path absent; same stable ID exists as batch_02_081-160/118__v4_sidekick_shojo_010.png. Integration halted per Phase 1 gate; no substitution assumed.
v4_sidekick_shojo_011,123__v4_sidekick_shojo_011.png,batch_02_081-160/119__v4_sidekick_shojo_011.png,05803fc685fcb8836bc5e9e638149d8bb0ec9401ffe1e460eecc43c3bcfce070,184,179,FALSE,FALSE,,filename_mismatch_candidate,Manifest path absent; same stable ID exists as batch_02_081-160/119__v4_sidekick_shojo_011.png. Integration halted per Phase 1 gate; no substitution assumed.
v4_sidekick_shojo_012,124__v4_sidekick_shojo_012.png,batch_02_081-160/120__v4_sidekick_shojo_012.png,4837b1d71d165db9c11461954ba0a0025b0ea5d9d7ce8ad8524421fc866a692a,178,179,FALSE,FALSE,,filename_mismatch_candidate,Manifest path absent; same stable ID exists as batch_02_081-160/120__v4_sidekick_shojo_012.png. Integration halted per Phase 1 gate; no substitution assumed.
v4_sidekick_shojo_013,125__v4_sidekick_shojo_013.png,batch_02_081-160/121__v4_sidekick_shojo_013.png,f69261ef44e49158233b1575654e2071bafcb355efee1a47d2fb0c9f28d7fb53,172,179,FALSE,FALSE,,filename_mismatch_candidate,Manifest path absent; same stable ID exists as batch_02_081-160/121__v4_sidekick_shojo_013.png. Integration halted per Phase 1 gate; no substitution assumed.
v4_sidekick_shojo_014,126__v4_sidekick_shojo_014.png,batch_02_081-160/122__v4_sidekick_shojo_014.png,eaf55bbd203a4299d689e797a4fd2b39341889caa8d6f280c362d1a539f43609,186,179,FALSE,FALSE,,filename_mismatch_candidate,Manifest path absent; same stable ID exists as batch_02_081-160/122__v4_sidekick_shojo_014.png. Integration halted per Phase 1 gate; no substitution assumed.
v4_sidekick_shojo_015,127__v4_sidekick_shojo_015.png,batch_02_081-160/123__v4_sidekick_shojo_015.png,cccbf917881eb1be13b2bfa36d635180fb572278b9b182b57c3f564d0424f62e,174,179,FALSE,FALSE,,filename_mismatch_candidate,Manifest path absent; same stable ID exists as batch_02_081-160/123__v4_sidekick_shojo_015.png. Integration halted per Phase 1 gate; no substitution assumed.
v4_sidekick_shojo_016,128__v4_sidekick_shojo_016.png,batch_02_081-160/124__v4_sidekick_shojo_016.png,0ffd09f88db6a42c17e89006ec60cfcd362d0ce8b33ec48b006a9bb4680c5eb5,176,179,FALSE,FALSE,,filename_mismatch_candidate,Manifest path absent; same stable ID exists as batch_02_081-160/124__v4_sidekick_shojo_016.png. Integration halted per Phase 1 gate; no substitution assumed.
v4_sidekick_shojo_017,129__v4_sidekick_shojo_017.png,batch_02_081-160/125__v4_sidekick_shojo_017.png,ea997bd3e623ded46e1d221cc3efe9c78f6ba8cf7b5681abad0ce17b303d9b11,213,258,FALSE,FALSE,,filename_mismatch_candidate,Manifest path absent; same stable ID exists as batch_02_081-160/125__v4_sidekick_shojo_017.png. Integration halted per Phase 1 gate; no substitution assumed.
v4_sidekick_shojo_018,130__v4_sidekick_shojo_018.png,batch_02_081-160/126__v4_sidekick_shojo_018.png,0171954cefd6a7425581fbf1edbf2693b9a0ce8b6b5c1a26e1bee5c75beb9d40,207,258,FALSE,FALSE,,filename_mismatch_candidate,Manifest path absent; same stable ID exists as batch_02_081-160/126__v4_sidekick_shojo_018.png. Integration halted per Phase 1 gate; no substitution assumed.
v4_sidekick_shojo_019,131__v4_sidekick_shojo_019.png,batch_02_081-160/127__v4_sidekick_shojo_019.png,9603ea11b5fa8e3d3959fd71b5be6c4f199dd14028c9d8ceb1ef60cd7ddd592d,202,258,FALSE,FALSE,,filename_mismatch_candidate,Manifest path absent; same stable ID exists as batch_02_081-160/127__v4_sidekick_shojo_019.png. Integration halted per Phase 1 gate; no substitution assumed.
v4_sidekick_shojo_020,132__v4_sidekick_shojo_020.png,batch_02_081-160/128__v4_sidekick_shojo_020.png,e9d575a131215f6379c50dcafdf11b1e0bf8a04506a7b7e9b769a02d498d44aa,199,258,FALSE,FALSE,,filename_mismatch_candidate,Manifest path absent; same stable ID exists as batch_02_081-160/128__v4_sidekick_shojo_020.png. Integration halted per Phase 1 gate; no substitution assumed.
v4_sidekick_shojo_021,133__v4_sidekick_shojo_021.png,batch_02_081-160/129__v4_sidekick_shojo_021.png,ef742c4ef763ad18478f867bf019df5856294a3ee255f232b8a6564e01f3dbe9,194,258,FALSE,FALSE,,filename_mismatch_candidate,Manifest path absent; same stable ID exists as batch_02_081-160/129__v4_sidekick_shojo_021.png. Integration halted per Phase 1 gate; no substitution assumed.
v4_sidekick_shojo_022,134__v4_sidekick_shojo_022.png,batch_02_081-160/130__v4_sidekick_shojo_022.png,f827eaafbad786ef3999f62498a8632c58b70680a651269fe1d7bc13a9ae4297,209,258,FALSE,FALSE,,filename_mismatch_candidate,Manifest path absent; same stable ID exists as batch_02_081-160/130__v4_sidekick_shojo_022.png. Integration halted per Phase 1 gate; no substitution assumed.
v4_sidekick_shojo_023,135__v4_sidekick_shojo_023.png,,,,,FALSE,FALSE,,missing_stable_id_portrait,Manifest path absent and no PNG containing this stable ID exists anywhere in staging. Hard Phase 1 blocker.
v4_sidekick_shojo_024,136__v4_sidekick_shojo_024.png,batch_02_081-160/131__v4_sidekick_shojo_024.png,0dcf303a73e5c03991c6dcfa13050bdd1a26fcbac2fce5d4efb91b5288e896ba,220,258,FALSE,FALSE,,filename_mismatch_candidate,Manifest path absent; same stable ID exists as batch_02_081-160/131__v4_sidekick_shojo_024.png. Integration halted per Phase 1 gate; no substitution assumed.
v4_sidekick_shojo_025,137__v4_sidekick_shojo_025.png,batch_02_081-160/132__v4_sidekick_shojo_025.png,1e786bf228fc44fbd42bc143a8b204f7ea4e52ca711419cd2cd3ab50327b3717,213,227,FALSE,FALSE,,filename_mismatch_candidate,Manifest path absent; same stable ID exists as batch_02_081-160/132__v4_sidekick_shojo_025.png. Integration halted per Phase 1 gate; no substitution assumed.
v4_sidekick_shojo_026,138__v4_sidekick_shojo_026.png,batch_02_081-160/133__v4_sidekick_shojo_026.png,ea24f5e4708fbaa20c14a483bf1a8e3671b30860df91e3409cb3a42319abbf68,207,227,FALSE,FALSE,,filename_mismatch_candidate,Manifest path absent; same stable ID exists as batch_02_081-160/133__v4_sidekick_shojo_026.png. Integration halted per Phase 1 gate; no substitution assumed.
v4_sidekick_shojo_027,139__v4_sidekick_shojo_027.png,batch_02_081-160/134__v4_sidekick_shojo_027.png,2239806010cb378ca2e9da8eaf290a54ec540e69b610b881ca5f87cfa25f5228,202,227,FALSE,FALSE,,filename_mismatch_candidate,Manifest path absent; same stable ID exists as batch_02_081-160/134__v4_sidekick_shojo_027.png. Integration halted per Phase 1 gate; no substitution assumed.
v4_sidekick_shojo_028,140__v4_sidekick_shojo_028.png,batch_02_081-160/135__v4_sidekick_shojo_028.png,46c90bab410fea6faa3f204eca7c22f23e3b36bdd4f054bc451bf748e4b627f4,199,227,FALSE,FALSE,,filename_mismatch_candidate,Manifest path absent; same stable ID exists as batch_02_081-160/135__v4_sidekick_shojo_028.png. Integration halted per Phase 1 gate; no substitution assumed.
v4_sidekick_shojo_029,141__v4_sidekick_shojo_029.png,batch_02_081-160/136__v4_sidekick_shojo_029.png,240201110a5fed3cab582fb0ea4ef13d3f5e6fb178da2e598b21eb4623d0d214,194,227,FALSE,FALSE,,filename_mismatch_candidate,Manifest path absent; same stable ID exists as batch_02_081-160/136__v4_sidekick_shojo_029.png. Integration halted per Phase 1 gate; no substitution assumed.
v4_sidekick_shojo_030,142__v4_sidekick_shojo_030.png,batch_02_081-160/137__v4_sidekick_shojo_030.png,debd7c8641fbf724cdc8f738a0cf6bae9aa34ada74eec21fcf19c66bfd55d464,209,227,FALSE,FALSE,,filename_mismatch_candidate,Manifest path absent; same stable ID exists as batch_02_081-160/137__v4_sidekick_shojo_030.png. Integration halted per Phase 1 gate; no substitution assumed.
v4_sidekick_shojo_031,143__v4_sidekick_shojo_031.png,,,,,FALSE,FALSE,,missing_stable_id_portrait,Manifest path absent and no PNG containing this stable ID exists anywhere in staging. Hard Phase 1 blocker.
v4_sidekick_shojo_032,144__v4_sidekick_shojo_032.png,batch_02_081-160/138__v4_sidekick_shojo_032.png,085c837dee07df4084459d4f8cdff389e7722232952f85f663aebc70b4bd5489,220,227,FALSE,FALSE,,filename_mismatch_candidate,Manifest path absent; same stable ID exists as batch_02_081-160/138__v4_sidekick_shojo_032.png. Integration halted per Phase 1 gate; no substitution assumed.
v4_sidekick_shojo_033,145__v4_sidekick_shojo_033.png,batch_02_081-160/139__v4_sidekick_shojo_033.png,0024fcac0905f5ae23bca1636d7c1ca4132f7247aa47b31cd41a648de1299758,213,227,FALSE,FALSE,,filename_mismatch_candidate,Manifest path absent; same stable ID exists as batch_02_081-160/139__v4_sidekick_shojo_033.png. Integration halted per Phase 1 gate; no substitution assumed.
v4_sidekick_shojo_034,146__v4_sidekick_shojo_034.png,batch_02_081-160/140__v4_sidekick_shojo_034.png,1a4e95251ff4cdb460990caaeb53a168100125cb7fb62336ebcaf5590bfa25de,207,227,FALSE,FALSE,,filename_mismatch_candidate,Manifest path absent; same stable ID exists as batch_02_081-160/140__v4_sidekick_shojo_034.png. Integration halted per Phase 1 gate; no substitution assumed.
v4_sidekick_shojo_035,147__v4_sidekick_shojo_035.png,batch_02_081-160/141__v4_sidekick_shojo_035.png,e59a4fae25cd35a8f61315ec4d2aa79aca99bcedfd968eac5e4166e2171c59db,202,227,FALSE,FALSE,,filename_mismatch_candidate,Manifest path absent; same stable ID exists as batch_02_081-160/141__v4_sidekick_shojo_035.png. Integration halted per Phase 1 gate; no substitution assumed.
v4_sidekick_shojo_036,148__v4_sidekick_shojo_036.png,batch_02_081-160/142__v4_sidekick_shojo_036.png,ce7c7413040ad53785333089a991d49fa69933da0b04a79535604e0fe64bad28,199,227,FALSE,FALSE,,filename_mismatch_candidate,Manifest path absent; same stable ID exists as batch_02_081-160/142__v4_sidekick_shojo_036.png. Integration halted per Phase 1 gate; no substitution assumed.
v4_sidekick_shojo_037,149__v4_sidekick_shojo_037.png,batch_02_081-160/143__v4_sidekick_shojo_037.png,304c549ae29295cf22b48f3995c5967f6dfbc4de7610f3bc477ea66d9257d81d,194,227,FALSE,FALSE,,filename_mismatch_candidate,Manifest path absent; same stable ID exists as batch_02_081-160/143__v4_sidekick_shojo_037.png. Integration halted per Phase 1 gate; no substitution assumed.
v4_sidekick_shojo_038,150__v4_sidekick_shojo_038.png,,,,,FALSE,FALSE,,missing_stable_id_portrait,Manifest path absent and no PNG containing this stable ID exists anywhere in staging. Hard Phase 1 blocker.
v4_mascot_shonen_001,151__v4_mascot_shonen_001.png,batch_02_081-160/144__v4_mascot_shonen_001.png,e06c6f38b49c41a788b597808932635f3a1ea9bd28ce5d8aaf1eb306e785b25e,209,227,FALSE,FALSE,,filename_mismatch_candidate,Manifest path absent; same stable ID exists as batch_02_081-160/144__v4_mascot_shonen_001.png. Integration halted per Phase 1 gate; no substitution assumed.
v4_mascot_shonen_002,152__v4_mascot_shonen_002.png,batch_02_081-160/145__v4_mascot_shonen_002.png,d8820f1c0c63208aa671169670e8c53e8e93e6f16b2ec6ef54193ad31c028d6f,220,227,FALSE,FALSE,,filename_mismatch_candidate,Manifest path absent; same stable ID exists as batch_02_081-160/145__v4_mascot_shonen_002.png. Integration halted per Phase 1 gate; no substitution assumed.
v4_mascot_shonen_003,153__v4_mascot_shonen_003.png,batch_02_081-160/146__v4_mascot_shonen_003.png,56d7079c411626d4c31cf2fbb329fc5744c3b7b393afe2dbbf9a464e8d1af9cf,213,257,FALSE,FALSE,,filename_mismatch_candidate,Manifest path absent; same stable ID exists as batch_02_081-160/146__v4_mascot_shonen_003.png. Integration halted per Phase 1 gate; no substitution assumed.
v4_mascot_shonen_004,154__v4_mascot_shonen_004.png,batch_02_081-160/147__v4_mascot_shonen_004.png,169eb7346340afb8be25071099205d1e46e6d50df093d14a944ff5314a4af3b7,207,257,FALSE,FALSE,,filename_mismatch_candidate,Manifest path absent; same stable ID exists as batch_02_081-160/147__v4_mascot_shonen_004.png. Integration halted per Phase 1 gate; no substitution assumed.
v4_mascot_shonen_005,155__v4_mascot_shonen_005.png,batch_02_081-160/148__v4_mascot_shonen_005.png,367bf2d269309c8e5bb6fcb7d15e99c5fa00c0f6179acb16403f26019ec0f9a1,202,257,FALSE,FALSE,,filename_mismatch_candidate,Manifest path absent; same stable ID exists as batch_02_081-160/148__v4_mascot_shonen_005.png. Integration halted per Phase 1 gate; no substitution assumed.
v4_mascot_shonen_006,156__v4_mascot_shonen_006.png,batch_02_081-160/149__v4_mascot_shonen_006.png,03efdfd3a01d9f61c1bd236e90833784f2709f94574acb4481785f13189993f6,199,257,FALSE,FALSE,,filename_mismatch_candidate,Manifest path absent; same stable ID exists as batch_02_081-160/149__v4_mascot_shonen_006.png. Integration halted per Phase 1 gate; no substitution assumed.
v4_mascot_shonen_007,157__v4_mascot_shonen_007.png,batch_02_081-160/150__v4_mascot_shonen_007.png,250110938fd75b2db2487a47f8de2bf9643602c3c2480b72d9708fba8e8c7b53,194,257,FALSE,FALSE,,filename_mismatch_candidate,Manifest path absent; same stable ID exists as batch_02_081-160/150__v4_mascot_shonen_007.png. Integration halted per Phase 1 gate; no substitution assumed.
v4_mascot_shonen_008,158__v4_mascot_shonen_008.png,batch_02_081-160/151__v4_mascot_shonen_008.png,60dac3c59ce84e297a53fd10d00c0ca448fb37138c4f457a2ff995ca8c519c37,209,257,FALSE,FALSE,,filename_mismatch_candidate,Manifest path absent; same stable ID exists as batch_02_081-160/151__v4_mascot_shonen_008.png. Integration halted per Phase 1 gate; no substitution assumed.
v4_mascot_shonen_009,159__v4_mascot_shonen_009.png,,,,,FALSE,FALSE,,missing_stable_id_portrait,Manifest path absent and no PNG containing this stable ID exists anywhere in staging. Hard Phase 1 blocker.
v4_mascot_shonen_010,160__v4_mascot_shonen_010.png,batch_02_081-160/152__v4_mascot_shonen_010.png,1cf8419e9858c6815c8d8282ee20113324b5058dcaa94d0359c6223571951328,220,257,FALSE,FALSE,,filename_mismatch_candidate,Manifest path absent; same stable ID exists as batch_02_081-160/152__v4_mascot_shonen_010.png. Integration halted per Phase 1 gate; no substitution assumed.
v4_mascot_shonen_011,161__v4_mascot_shonen_011.png,batch_02_081-160/153__v4_mascot_shonen_011.png,5273ebb924d7c57db24f86fcfdb251ff29e4434ee50b31ccd7e647b9996a5e40,181,192,FALSE,FALSE,,filename_mismatch_candidate,Manifest path absent; same stable ID exists as batch_02_081-160/153__v4_mascot_shonen_011.png. Integration halted per Phase 1 gate; no substitution assumed.
v4_mascot_shonen_012,162__v4_mascot_shonen_012.png,batch_02_081-160/154__v4_mascot_shonen_012.png,b54d50b3c76dd43841c7e36f0bf7fbfa9f0904b047e611fecb2a7cda7ebffff1,183,192,FALSE,FALSE,,filename_mismatch_candidate,Manifest path absent; same stable ID exists as batch_02_081-160/154__v4_mascot_shonen_012.png. Integration halted per Phase 1 gate; no substitution assumed.
v4_mascot_shonen_013,163__v4_mascot_shonen_013.png,batch_02_081-160/155__v4_mascot_shonen_013.png,c3cd666413f4138ba847947855472bed2d2573e27ace6178300e5ee510b6d1e9,182,192,FALSE,FALSE,,filename_mismatch_candidate,Manifest path absent; same stable ID exists as batch_02_081-160/155__v4_mascot_shonen_013.png. Integration halted per Phase 1 gate; no substitution assumed.
v4_mascot_shonen_014,164__v4_mascot_shonen_014.png,batch_02_081-160/156__v4_mascot_shonen_014.png,af6f725a4749f23426cf1018294b43e4b39c05abf70a4c029ff4c68afcc551d8,184,192,FALSE,FALSE,,filename_mismatch_candidate,Manifest path absent; same stable ID exists as batch_02_081-160/156__v4_mascot_shonen_014.png. Integration halted per Phase 1 gate; no substitution assumed.
v4_mascot_shonen_015,165__v4_mascot_shonen_015.png,batch_02_081-160/157__v4_mascot_shonen_015.png,1d7a73089bacd2c86262afe0a093d0977530dd056811e622dc8b151caaf1c017,183,192,FALSE,FALSE,,filename_mismatch_candidate,Manifest path absent; same stable ID exists as batch_02_081-160/157__v4_mascot_shonen_015.png. Integration halted per Phase 1 gate; no substitution assumed.
v4_mascot_shonen_016,166__v4_mascot_shonen_016.png,batch_02_081-160/158__v4_mascot_shonen_016.png,bf6e084352b36574e02b79e588fbb30554099732fc43e5fed4967d1094611a91,184,192,FALSE,FALSE,,filename_mismatch_candidate,Manifest path absent; same stable ID exists as batch_02_081-160/158__v4_mascot_shonen_016.png. Integration halted per Phase 1 gate; no substitution assumed.
v4_mascot_shonen_017,167__v4_mascot_shonen_017.png,batch_02_081-160/159__v4_mascot_shonen_017.png,355dfb08b695962136c36c9e06031e33fcd5135e55474052caa65f3259106525,182,192,FALSE,FALSE,,filename_mismatch_candidate,Manifest path absent; same stable ID exists as batch_02_081-160/159__v4_mascot_shonen_017.png. Integration halted per Phase 1 gate; no substitution assumed.
v4_mascot_shonen_018,168__v4_mascot_shonen_018.png,batch_02_081-160/160__v4_mascot_shonen_018.png,a9ba141da51e72d3db29eb306f2af72aceed597ced23d04fb6bb98bc24aef2f4,182,192,FALSE,FALSE,,filename_mismatch_candidate,Manifest path absent; same stable ID exists as batch_02_081-160/160__v4_mascot_shonen_018.png. Integration halted per Phase 1 gate; no substitution assumed.
v4_mascot_shonen_019,169__v4_mascot_shonen_019.png,batch_03_161-240/161__v4_mascot_shonen_019.png,d63bde2e3b91fc000b582f1c162c500a9ecc499936133713a9ce427436a1369f,181,180,FALSE,FALSE,,filename_mismatch_candidate,Manifest path absent; same stable ID exists as batch_03_161-240/161__v4_mascot_shonen_019.png. Integration halted per Phase 1 gate; no substitution assumed.
v4_mascot_shonen_020,170__v4_mascot_shonen_020.png,batch_03_161-240/162__v4_mascot_shonen_020.png,acac360b5b480c647bae80f08e98c22afc4a3eb32d277db228b4c5c45b1605ad,183,180,FALSE,FALSE,,filename_mismatch_candidate,Manifest path absent; same stable ID exists as batch_03_161-240/162__v4_mascot_shonen_020.png. Integration halted per Phase 1 gate; no substitution assumed.
v4_mascot_shonen_021,171__v4_mascot_shonen_021.png,batch_03_161-240/163__v4_mascot_shonen_021.png,dfedc0fe1bef1d1957ac083905fe002cc363efb24070b372f64d49c569834299,182,180,FALSE,FALSE,,filename_mismatch_candidate,Manifest path absent; same stable ID exists as batch_03_161-240/163__v4_mascot_shonen_021.png. Integration halted per Phase 1 gate; no substitution assumed.
v4_mascot_shonen_022,172__v4_mascot_shonen_022.png,batch_03_161-240/164__v4_mascot_shonen_022.png,1fa3c4d41e3363d6769b1e62e32d8f27f368c68891bef7f86200c0a32453503b,184,180,FALSE,FALSE,,filename_mismatch_candidate,Manifest path absent; same stable ID exists as batch_03_161-240/164__v4_mascot_shonen_022.png. Integration halted per Phase 1 gate; no substitution assumed.
v4_mascot_shonen_023,173__v4_mascot_shonen_023.png,batch_03_161-240/165__v4_mascot_shonen_023.png,24990f53708748a694b56c02c463b679b018bcd37b16dbf650231d72560d0ba0,183,180,FALSE,FALSE,,filename_mismatch_candidate,Manifest path absent; same stable ID exists as batch_03_161-240/165__v4_mascot_shonen_023.png. Integration halted per Phase 1 gate; no substitution assumed.
v4_mascot_shonen_024,174__v4_mascot_shonen_024.png,batch_03_161-240/166__v4_mascot_shonen_024.png,e503f3b04204e4177c996dda5c8aee946ee23d2b81b3efb77948e7982cbc647f,184,180,FALSE,FALSE,,filename_mismatch_candidate,Manifest path absent; same stable ID exists as batch_03_161-240/166__v4_mascot_shonen_024.png. Integration halted per Phase 1 gate; no substitution assumed.
v4_mascot_shonen_025,175__v4_mascot_shonen_025.png,batch_03_161-240/167__v4_mascot_shonen_025.png,b334642af6b4ce03defe5ddd320916006d5540a7a311238b178861c731f2e33c,182,180,FALSE,FALSE,,filename_mismatch_candidate,Manifest path absent; same stable ID exists as batch_03_161-240/167__v4_mascot_shonen_025.png. Integration halted per Phase 1 gate; no substitution assumed.
v4_mascot_shonen_026,176__v4_mascot_shonen_026.png,batch_03_161-240/168__v4_mascot_shonen_026.png,c11cf9b7662186fc7ceead114453d793625885b505b4ffeea3eeb3f297493be5,182,180,FALSE,FALSE,,filename_mismatch_candidate,Manifest path absent; same stable ID exists as batch_03_161-240/168__v4_mascot_shonen_026.png. Integration halted per Phase 1 gate; no substitution assumed.
v4_mascot_shonen_027,177__v4_mascot_shonen_027.png,batch_03_161-240/169__v4_mascot_shonen_027.png,54e953d42a7dd99f126fed79576456f7342f12ae88dc12d20a538dcb89751649,181,178,FALSE,FALSE,,filename_mismatch_candidate,Manifest path absent; same stable ID exists as batch_03_161-240/169__v4_mascot_shonen_027.png. Integration halted per Phase 1 gate; no substitution assumed.
v4_mascot_shonen_028,178__v4_mascot_shonen_028.png,batch_03_161-240/170__v4_mascot_shonen_028.png,6b03f3ebd42776283548f398d8ae4e2fd0f37d725b2e3962b88ca3f8c4623bdb,183,178,FALSE,FALSE,,filename_mismatch_candidate,Manifest path absent; same stable ID exists as batch_03_161-240/170__v4_mascot_shonen_028.png. Integration halted per Phase 1 gate; no substitution assumed.
v4_mascot_shonen_029,179__v4_mascot_shonen_029.png,batch_03_161-240/171__v4_mascot_shonen_029.png,c39a51b0d6102333cc93fcc8fd29eeb6a8f0c5e2782742e8aa52b885142e5f4e,182,178,FALSE,FALSE,,filename_mismatch_candidate,Manifest path absent; same stable ID exists as batch_03_161-240/171__v4_mascot_shonen_029.png. Integration halted per Phase 1 gate; no substitution assumed.
v4_mascot_shonen_030,180__v4_mascot_shonen_030.png,batch_03_161-240/172__v4_mascot_shonen_030.png,29ade0bd4515be519bd32d5581828809d7fdd087bcad99988c41bf6c8134154c,184,178,FALSE,FALSE,,filename_mismatch_candidate,Manifest path absent; same stable ID exists as batch_03_161-240/172__v4_mascot_shonen_030.png. Integration halted per Phase 1 gate; no substitution assumed.
v4_mascot_shonen_031,181__v4_mascot_shonen_031.png,batch_03_161-240/173__v4_mascot_shonen_031.png,fcc7187401fae86e5588246103d46d4dbd72fce266c887a843a4c546b6822011,183,178,FALSE,FALSE,,filename_mismatch_candidate,Manifest path absent; same stable ID exists as batch_03_161-240/173__v4_mascot_shonen_031.png. Integration halted per Phase 1 gate; no substitution assumed.
v4_mascot_shonen_032,182__v4_mascot_shonen_032.png,batch_03_161-240/174__v4_mascot_shonen_032.png,5845c058146db401cc3c644c82c1a8d89299dca47443f96fa62542f36e13a130,184,178,FALSE,FALSE,,filename_mismatch_candidate,Manifest path absent; same stable ID exists as batch_03_161-240/174__v4_mascot_shonen_032.png. Integration halted per Phase 1 gate; no substitution assumed.
v4_mascot_shonen_033,183__v4_mascot_shonen_033.png,batch_03_161-240/175__v4_mascot_shonen_033.png,0cc18e88e1a656b73316c75432a61a0c8d2b74bf5e21b6b3606e8539ecc4af3c,182,178,FALSE,FALSE,,filename_mismatch_candidate,Manifest path absent; same stable ID exists as batch_03_161-240/175__v4_mascot_shonen_033.png. Integration halted per Phase 1 gate; no substitution assumed.
v4_mascot_shonen_034,184__v4_mascot_shonen_034.png,batch_03_161-240/176__v4_mascot_shonen_034.png,33c55c22a3d1d00b6de6b4677aa08d289bb8b5c6068165c09e8a9aacf6c287ad,182,178,FALSE,FALSE,,filename_mismatch_candidate,Manifest path absent; same stable ID exists as batch_03_161-240/176__v4_mascot_shonen_034.png. Integration halted per Phase 1 gate; no substitution assumed.
v4_mascot_shonen_035,185__v4_mascot_shonen_035.png,batch_03_161-240/177__v4_mascot_shonen_035.png,87656f2d5e3a1ac55e7255e1a63032848b413b909956ee5fd47385cbb3314372,181,180,FALSE,FALSE,,filename_mismatch_candidate,Manifest path absent; same stable ID exists as batch_03_161-240/177__v4_mascot_shonen_035.png. Integration halted per Phase 1 gate; no substitution assumed.
v4_mascot_shonen_036,186__v4_mascot_shonen_036.png,batch_03_161-240/178__v4_mascot_shonen_036.png,131a681e7c7ad155a72258a38e78eaa636e35df47534ef9b07b65f22165f0db1,183,180,FALSE,FALSE,,filename_mismatch_candidate,Manifest path absent; same stable ID exists as batch_03_161-240/178__v4_mascot_shonen_036.png. Integration halted per Phase 1 gate; no substitution assumed.
v4_mascot_shojo_001,187__v4_mascot_shojo_001.png,batch_03_161-240/179__v4_mascot_shojo_001.png,95c38a6d06d665c7713cb3e1cd2238dc555fdaf9e3b8010bc2276cbd3a6183d1,182,180,FALSE,FALSE,,filename_mismatch_candidate,Manifest path absent; same stable ID exists as batch_03_161-240/179__v4_mascot_shojo_001.png. Integration halted per Phase 1 gate; no substitution assumed.
v4_mascot_shojo_002,188__v4_mascot_shojo_002.png,batch_03_161-240/180__v4_mascot_shojo_002.png,75f1ed93ce349e35b01d7bbc2b11983a7b27452f2a1ea155f141007f2a5e42a8,184,180,FALSE,FALSE,,filename_mismatch_candidate,Manifest path absent; same stable ID exists as batch_03_161-240/180__v4_mascot_shojo_002.png. Integration halted per Phase 1 gate; no substitution assumed.
v4_mascot_shojo_003,189__v4_mascot_shojo_003.png,batch_03_161-240/181__v4_mascot_shojo_003.png,ffa5a2bfc7841569353830acb04880fefa7b70af7fa9c67e904dd495fac8ead0,183,180,FALSE,FALSE,,filename_mismatch_candidate,Manifest path absent; same stable ID exists as batch_03_161-240/181__v4_mascot_shojo_003.png. Integration halted per Phase 1 gate; no substitution assumed.
v4_mascot_shojo_004,190__v4_mascot_shojo_004.png,batch_03_161-240/182__v4_mascot_shojo_004.png,fb819408bae8a2fea66250b27d7ebecc2c4de4692d98fc098188424df36b26f2,184,180,FALSE,FALSE,,filename_mismatch_candidate,Manifest path absent; same stable ID exists as batch_03_161-240/182__v4_mascot_shojo_004.png. Integration halted per Phase 1 gate; no substitution assumed.
v4_mascot_shojo_005,191__v4_mascot_shojo_005.png,batch_03_161-240/183__v4_mascot_shojo_005.png,1c2f4487092239be4e2046a80f97918e8f5c2c29e0105f6152ce8796a5e34524,182,180,FALSE,FALSE,,filename_mismatch_candidate,Manifest path absent; same stable ID exists as batch_03_161-240/183__v4_mascot_shojo_005.png. Integration halted per Phase 1 gate; no substitution assumed.
v4_mascot_shojo_006,192__v4_mascot_shojo_006.png,batch_03_161-240/184__v4_mascot_shojo_006.png,e91dbf622d547cc78c81db00fd38fff4d90c77dd996ce80c82644fae4ab01042,182,180,FALSE,FALSE,,filename_mismatch_candidate,Manifest path absent; same stable ID exists as batch_03_161-240/184__v4_mascot_shojo_006.png. Integration halted per Phase 1 gate; no substitution assumed.
v4_mascot_shojo_007,193__v4_mascot_shojo_007.png,batch_03_161-240/185__v4_mascot_shojo_007.png,74640b5e6e723e3f1c43ccf0c86179ff0cffb97120f948be98e0f3223b47940d,208,215,FALSE,FALSE,,filename_mismatch_candidate,Manifest path absent; same stable ID exists as batch_03_161-240/185__v4_mascot_shojo_007.png. Integration halted per Phase 1 gate; no substitution assumed.
v4_mascot_shojo_008,194__v4_mascot_shojo_008.png,batch_03_161-240/186__v4_mascot_shojo_008.png,f58824d9a8e6bfa58da0033bc551056f403ea85974ca656b620f7c4236b2cbab,209,215,FALSE,FALSE,,filename_mismatch_candidate,Manifest path absent; same stable ID exists as batch_03_161-240/186__v4_mascot_shojo_008.png. Integration halted per Phase 1 gate; no substitution assumed.
v4_mascot_shojo_009,195__v4_mascot_shojo_009.png,batch_03_161-240/187__v4_mascot_shojo_009.png,7001dcdc24400f7044ba5d3f82227c37e90f5385a1e66fb02f8b7e23918a812f,211,215,FALSE,FALSE,,filename_mismatch_candidate,Manifest path absent; same stable ID exists as batch_03_161-240/187__v4_mascot_shojo_009.png. Integration halted per Phase 1 gate; no substitution assumed.
v4_mascot_shojo_010,196__v4_mascot_shojo_010.png,batch_03_161-240/188__v4_mascot_shojo_010.png,33b1a9dda066eca4f66c817a648ef602c9a037f28ed77b8373a62601de1803dd,210,215,FALSE,FALSE,,filename_mismatch_candidate,Manifest path absent; same stable ID exists as batch_03_161-240/188__v4_mascot_shojo_010.png. Integration halted per Phase 1 gate; no substitution assumed.
v4_mascot_shojo_011,197__v4_mascot_shojo_011.png,batch_03_161-240/189__v4_mascot_shojo_011.png,45dc553c492a912904376d73fcb08e21f8a7125e36c5c018023ecf7c4830e3e4,209,215,FALSE,FALSE,,filename_mismatch_candidate,Manifest path absent; same stable ID exists as batch_03_161-240/189__v4_mascot_shojo_011.png. Integration halted per Phase 1 gate; no substitution assumed.
v4_mascot_shojo_012,198__v4_mascot_shojo_012.png,batch_03_161-240/190__v4_mascot_shojo_012.png,8faa2c3de3259a003a0fe8764b91bc0d3caeaf5fa8a8839588330e4d229020b3,210,215,FALSE,FALSE,,filename_mismatch_candidate,Manifest path absent; same stable ID exists as batch_03_161-240/190__v4_mascot_shojo_012.png. Integration halted per Phase 1 gate; no substitution assumed.
v4_mascot_shojo_013,199__v4_mascot_shojo_013.png,,,,,FALSE,FALSE,,missing_stable_id_portrait,Manifest path absent and no PNG containing this stable ID exists anywhere in staging. Hard Phase 1 blocker.
v4_mascot_shojo_014,200__v4_mascot_shojo_014.png,batch_03_161-240/191__v4_mascot_shojo_014.png,998e386bc63074689218bd16a107901fe406066eda14a590c54c866fe7325bd5,209,215,FALSE,FALSE,,filename_mismatch_candidate,Manifest path absent; same stable ID exists as batch_03_161-240/191__v4_mascot_shojo_014.png. Integration halted per Phase 1 gate; no substitution assumed.
v4_mascot_shojo_015,201__v4_mascot_shojo_015.png,batch_03_161-240/192__v4_mascot_shojo_015.png,a7b4602fff95924aec99cf0a8b5f55b4cfb6b9440d0b8a542b075f05ee8d4583,208,196,FALSE,FALSE,,filename_mismatch_candidate,Manifest path absent; same stable ID exists as batch_03_161-240/192__v4_mascot_shojo_015.png. Integration halted per Phase 1 gate; no substitution assumed.
v4_mascot_shojo_016,202__v4_mascot_shojo_016.png,batch_03_161-240/193__v4_mascot_shojo_016.png,34fbf743bf64f7b26a86b00cb59917ae2b0398f0ecca3f8a6053a8c2bf34dc17,209,196,FALSE,FALSE,,filename_mismatch_candidate,Manifest path absent; same stable ID exists as batch_03_161-240/193__v4_mascot_shojo_016.png. Integration halted per Phase 1 gate; no substitution assumed.
v4_mascot_shojo_017,203__v4_mascot_shojo_017.png,batch_03_161-240/194__v4_mascot_shojo_017.png,f73abb86b47b5013491c5a45c692b1e551f9a225c7e310ea53d311db03c90232,211,196,FALSE,FALSE,,filename_mismatch_candidate,Manifest path absent; same stable ID exists as batch_03_161-240/194__v4_mascot_shojo_017.png. Integration halted per Phase 1 gate; no substitution assumed.
v4_mascot_shojo_018,204__v4_mascot_shojo_018.png,,,,,FALSE,FALSE,,missing_stable_id_portrait,Manifest path absent and no PNG containing this stable ID exists anywhere in staging. Hard Phase 1 blocker.
v4_mascot_shojo_019,205__v4_mascot_shojo_019.png,batch_03_161-240/195__v4_mascot_shojo_019.png,966ba1a55bd5da60c9eb65bfda60535137973cf0a00faca53da9ca523a93e6c9,210,196,FALSE,FALSE,,filename_mismatch_candidate,Manifest path absent; same stable ID exists as batch_03_161-240/195__v4_mascot_shojo_019.png. Integration halted per Phase 1 gate; no substitution assumed.
v4_mascot_shojo_020,206__v4_mascot_shojo_020.png,batch_03_161-240/196__v4_mascot_shojo_020.png,c678ed30ba0c5d9083823c265a5ab7504423f819d452a6bc503f17746ae17794,209,196,FALSE,FALSE,,filename_mismatch_candidate,Manifest path absent; same stable ID exists as batch_03_161-240/196__v4_mascot_shojo_020.png. Integration halted per Phase 1 gate; no substitution assumed.
v4_mascot_shojo_021,207__v4_mascot_shojo_021.png,batch_03_161-240/197__v4_mascot_shojo_021.png,69dae9f3b7b670fae4b3831107e3e7ab6086d815d0cd83ce9c7f7be1693317d1,210,196,FALSE,FALSE,,filename_mismatch_candidate,Manifest path absent; same stable ID exists as batch_03_161-240/197__v4_mascot_shojo_021.png. Integration halted per Phase 1 gate; no substitution assumed.
v4_mascot_shojo_022,208__v4_mascot_shojo_022.png,batch_03_161-240/198__v4_mascot_shojo_022.png,699f04d2e0cef72968938db2688786cc641c44583e58bcc194e3170f496a459c,209,196,FALSE,FALSE,,filename_mismatch_candidate,Manifest path absent; same stable ID exists as batch_03_161-240/198__v4_mascot_shojo_022.png. Integration halted per Phase 1 gate; no substitution assumed.
v4_mascot_shojo_023,209__v4_mascot_shojo_023.png,batch_03_161-240/199__v4_mascot_shojo_023.png,90c6a022b75283e485e5b5099505614703c6bd800db0550aac151163e8bae1b8,208,198,FALSE,FALSE,,filename_mismatch_candidate,Manifest path absent; same stable ID exists as batch_03_161-240/199__v4_mascot_shojo_023.png. Integration halted per Phase 1 gate; no substitution assumed.
v4_mascot_shojo_024,210__v4_mascot_shojo_024.png,batch_03_161-240/200__v4_mascot_shojo_024.png,d17417cd07ddd2a5228bcb6d804fb758349f93397b660f06dba4851641713525,209,198,FALSE,FALSE,,filename_mismatch_candidate,Manifest path absent; same stable ID exists as batch_03_161-240/200__v4_mascot_shojo_024.png. Integration halted per Phase 1 gate; no substitution assumed.
v4_mascot_shojo_025,211__v4_mascot_shojo_025.png,batch_03_161-240/201__v4_mascot_shojo_025.png,9aeb0d41f3d6e23c53001b9e7bb9a455a3068628023913d3a1c6b51689fcdc7a,211,198,FALSE,FALSE,,filename_mismatch_candidate,Manifest path absent; same stable ID exists as batch_03_161-240/201__v4_mascot_shojo_025.png. Integration halted per Phase 1 gate; no substitution assumed.
v4_mascot_shojo_026,212__v4_mascot_shojo_026.png,,,,,FALSE,FALSE,,missing_stable_id_portrait,Manifest path absent and no PNG containing this stable ID exists anywhere in staging. Hard Phase 1 blocker.
v4_mascot_shojo_027,213__v4_mascot_shojo_027.png,batch_03_161-240/202__v4_mascot_shojo_027.png,6594b7ad28e01b7e7c8aa9d54c80015f1717c25d465dde437f8710ea8048e897,210,198,FALSE,FALSE,,filename_mismatch_candidate,Manifest path absent; same stable ID exists as batch_03_161-240/202__v4_mascot_shojo_027.png. Integration halted per Phase 1 gate; no substitution assumed.
v4_mascot_shojo_028,214__v4_mascot_shojo_028.png,batch_03_161-240/203__v4_mascot_shojo_028.png,650d6526bdf184d5676e81af17c7116271defa12a302824aff2315ef9f835518,209,198,FALSE,FALSE,,filename_mismatch_candidate,Manifest path absent; same stable ID exists as batch_03_161-240/203__v4_mascot_shojo_028.png. Integration halted per Phase 1 gate; no substitution assumed.
v4_mascot_shojo_029,215__v4_mascot_shojo_029.png,batch_03_161-240/204__v4_mascot_shojo_029.png,1920d3ea57cce9611ccc52fed92fd9893f7507ca14c466eff67a9b603d6f8d2c,210,198,FALSE,FALSE,,filename_mismatch_candidate,Manifest path absent; same stable ID exists as batch_03_161-240/204__v4_mascot_shojo_029.png. Integration halted per Phase 1 gate; no substitution assumed.
v4_mascot_shojo_030,216__v4_mascot_shojo_030.png,batch_03_161-240/205__v4_mascot_shojo_030.png,e2554564e8ad8508f144b116bd0fb096b0b1f93459423338a0cf003fd3f5f630,209,198,FALSE,FALSE,,filename_mismatch_candidate,Manifest path absent; same stable ID exists as batch_03_161-240/205__v4_mascot_shojo_030.png. Integration halted per Phase 1 gate; no substitution assumed.
v4_mascot_shojo_031,217__v4_mascot_shojo_031.png,batch_03_161-240/206__v4_mascot_shojo_031.png,245b5477a153b3593dc54cfdfe63faad859ae17d1a670b8aa4510b20edf6a314,208,216,FALSE,FALSE,,filename_mismatch_candidate,Manifest path absent; same stable ID exists as batch_03_161-240/206__v4_mascot_shojo_031.png. Integration halted per Phase 1 gate; no substitution assumed.
v4_mascot_shojo_032,218__v4_mascot_shojo_032.png,batch_03_161-240/207__v4_mascot_shojo_032.png,14fcb6702a7c76427cb877da1895c480a0a00cce39c8bd09fd75cf6caae572c4,209,216,FALSE,FALSE,,filename_mismatch_candidate,Manifest path absent; same stable ID exists as batch_03_161-240/207__v4_mascot_shojo_032.png. Integration halted per Phase 1 gate; no substitution assumed.
v4_mascot_shojo_033,219__v4_mascot_shojo_033.png,batch_03_161-240/208__v4_mascot_shojo_033.png,1f0938fb3750a130c5820dbe0d936504ce1bc4acf0bda551fa283e2adeacc8b0,211,216,FALSE,FALSE,,filename_mismatch_candidate,Manifest path absent; same stable ID exists as batch_03_161-240/208__v4_mascot_shojo_033.png. Integration halted per Phase 1 gate; no substitution assumed.
v4_mascot_shojo_034,220__v4_mascot_shojo_034.png,,,,,FALSE,FALSE,,missing_stable_id_portrait,Manifest path absent and no PNG containing this stable ID exists anywhere in staging. Hard Phase 1 blocker.
v4_mascot_shojo_035,221__v4_mascot_shojo_035.png,batch_03_161-240/209__v4_mascot_shojo_035.png,0a8b033dac5e41cef4cbc768d554ca4d1510ced00612a9e0ac522e5d948cfac3,210,216,FALSE,FALSE,,filename_mismatch_candidate,Manifest path absent; same stable ID exists as batch_03_161-240/209__v4_mascot_shojo_035.png. Integration halted per Phase 1 gate; no substitution assumed.
v4_mascot_shojo_036,222__v4_mascot_shojo_036.png,batch_03_161-240/210__v4_mascot_shojo_036.png,411bc6f399d32a56ce17e1aa07f28eab08da86d6ba4acbc8dbaa15948b112d96,209,216,FALSE,FALSE,,filename_mismatch_candidate,Manifest path absent; same stable ID exists as batch_03_161-240/210__v4_mascot_shojo_036.png. Integration halted per Phase 1 gate; no substitution assumed.
v4_mascot_shojo_037,223__v4_mascot_shojo_037.png,batch_03_161-240/211__v4_mascot_shojo_037.png,8ebe7873b17be38258ee49e374926e20e85b73b3cf730b8230f053affae942d8,210,216,FALSE,FALSE,,filename_mismatch_candidate,Manifest path absent; same stable ID exists as batch_03_161-240/211__v4_mascot_shojo_037.png. Integration halted per Phase 1 gate; no substitution assumed.
v4_mascot_shojo_038,224__v4_mascot_shojo_038.png,batch_03_161-240/212__v4_mascot_shojo_038.png,a4d20a89497fd4f67ffc897b16d975fd2115aba6d23ff94b23a2be4a09c0d962,209,216,FALSE,FALSE,,filename_mismatch_candidate,Manifest path absent; same stable ID exists as batch_03_161-240/212__v4_mascot_shojo_038.png. Integration halted per Phase 1 gate; no substitution assumed.
v4_mascot_shojo_039,225__v4_mascot_shojo_039.png,batch_03_161-240/213__v4_mascot_shojo_039.png,3c90a35feb2cd17e8769da515e4623d36a3e4bdcb06ce2a2e9c1bace26719d22,180,193,FALSE,FALSE,,filename_mismatch_candidate,Manifest path absent; same stable ID exists as batch_03_161-240/213__v4_mascot_shojo_039.png. Integration halted per Phase 1 gate; no substitution assumed.
v4_mascot_shojo_040,226__v4_mascot_shojo_040.png,batch_03_161-240/214__v4_mascot_shojo_040.png,e62b6bb42b302fd57c6815cc208d9ed0c45aba164d24654055f133ff42090785,181,193,FALSE,FALSE,,filename_mismatch_candidate,Manifest path absent; same stable ID exists as batch_03_161-240/214__v4_mascot_shojo_040.png. Integration halted per Phase 1 gate; no substitution assumed.
v4_villain_shonen_001,227__v4_villain_shonen_001.png,batch_03_161-240/215__v4_villain_shonen_001.png,a023a769d1ed4826b56f22276568ee4558d9f91e41458d96738a1b12ff35d2e3,180,193,FALSE,FALSE,,filename_mismatch_candidate,Manifest path absent; same stable ID exists as batch_03_161-240/215__v4_villain_shonen_001.png. Integration halted per Phase 1 gate; no substitution assumed.
v4_villain_shonen_002,228__v4_villain_shonen_002.png,batch_03_161-240/216__v4_villain_shonen_002.png,0dfb781348d00305cc460ba43957dde0dabb2905216f0547f1c68144272b262d,172,193,FALSE,FALSE,,filename_mismatch_candidate,Manifest path absent; same stable ID exists as batch_03_161-240/216__v4_villain_shonen_002.png. Integration halted per Phase 1 gate; no substitution assumed.
v4_villain_shonen_003,229__v4_villain_shonen_003.png,batch_03_161-240/217__v4_villain_shonen_003.png,7ce92482e6533ee59df42ecdc9cfcf6526325a0ec87cdb651ad9f476d43eae6c,180,193,FALSE,FALSE,,filename_mismatch_candidate,Manifest path absent; same stable ID exists as batch_03_161-240/217__v4_villain_shonen_003.png. Integration halted per Phase 1 gate; no substitution assumed.
v4_villain_shonen_004,230__v4_villain_shonen_004.png,batch_03_161-240/218__v4_villain_shonen_004.png,fa37d94f9491c66d2412fef00f15508de934b0670622cc401ad83e38a84597f7,181,193,FALSE,FALSE,,filename_mismatch_candidate,Manifest path absent; same stable ID exists as batch_03_161-240/218__v4_villain_shonen_004.png. Integration halted per Phase 1 gate; no substitution assumed.
v4_villain_shonen_005,231__v4_villain_shonen_005.png,batch_03_161-240/219__v4_villain_shonen_005.png,1477b9aea5ea657f61792578d59ee86ea988bcd184b11c650e4867cc88c739f1,180,193,FALSE,FALSE,,filename_mismatch_candidate,Manifest path absent; same stable ID exists as batch_03_161-240/219__v4_villain_shonen_005.png. Integration halted per Phase 1 gate; no substitution assumed.
v4_villain_shonen_006,232__v4_villain_shonen_006.png,batch_03_161-240/220__v4_villain_shonen_006.png,976ddd9de7e60f75ab987a43e5e2cde25194ff8e70abf1687e5c8688acb80012,180,193,FALSE,FALSE,,filename_mismatch_candidate,Manifest path absent; same stable ID exists as batch_03_161-240/220__v4_villain_shonen_006.png. Integration halted per Phase 1 gate; no substitution assumed.
v4_villain_shonen_007,233__v4_villain_shonen_007.png,batch_03_161-240/221__v4_villain_shonen_007.png,78040c2eb2debe8097de698138aa0e797cc74192ab18d3f2ecca3de482d282a6,180,185,FALSE,FALSE,,filename_mismatch_candidate,Manifest path absent; same stable ID exists as batch_03_161-240/221__v4_villain_shonen_007.png. Integration halted per Phase 1 gate; no substitution assumed.
v4_villain_shonen_008,234__v4_villain_shonen_008.png,batch_03_161-240/222__v4_villain_shonen_008.png,3fccd13ec5bcc8dd1f03a9e6ea04ebf7065f634c9a01dcb1aeabeb5f7034a734,181,185,FALSE,FALSE,,filename_mismatch_candidate,Manifest path absent; same stable ID exists as batch_03_161-240/222__v4_villain_shonen_008.png. Integration halted per Phase 1 gate; no substitution assumed.
v4_villain_shonen_009,235__v4_villain_shonen_009.png,batch_03_161-240/223__v4_villain_shonen_009.png,d77d6e19cd53bcb94bf808cd760bfdea7d4c54d9bf02d75a7856ababb4a6636f,180,185,FALSE,FALSE,,filename_mismatch_candidate,Manifest path absent; same stable ID exists as batch_03_161-240/223__v4_villain_shonen_009.png. Integration halted per Phase 1 gate; no substitution assumed.
v4_villain_shonen_010,236__v4_villain_shonen_010.png,batch_03_161-240/224__v4_villain_shonen_010.png,52ed464ec6e1e545a7fed69d5c3191a48688dd924297f04a912d79195b74f83a,172,185,FALSE,FALSE,,filename_mismatch_candidate,Manifest path absent; same stable ID exists as batch_03_161-240/224__v4_villain_shonen_010.png. Integration halted per Phase 1 gate; no substitution assumed.
v4_villain_shonen_011,237__v4_villain_shonen_011.png,batch_03_161-240/225__v4_villain_shonen_011.png,30d118f3e4b45ddf233fefd9b5687ca538991d17dca602af05c435c82884211e,180,185,FALSE,FALSE,,filename_mismatch_candidate,Manifest path absent; same stable ID exists as batch_03_161-240/225__v4_villain_shonen_011.png. Integration halted per Phase 1 gate; no substitution assumed.
v4_villain_shonen_012,238__v4_villain_shonen_012.png,batch_03_161-240/226__v4_villain_shonen_012.png,2cecd7a9ab8a57b1d51dac790ef07b06eb19e8987561ff26a56c63cb482e8cb1,181,185,FALSE,FALSE,,filename_mismatch_candidate,Manifest path absent; same stable ID exists as batch_03_161-240/226__v4_villain_shonen_012.png. Integration halted per Phase 1 gate; no substitution assumed.
v4_villain_shonen_013,239__v4_villain_shonen_013.png,batch_03_161-240/227__v4_villain_shonen_013.png,2883aa82207a45bcf8a8ddeeb15fbe6b6748a00bd6746f422d7ef34b4e5a9ec4,180,185,FALSE,FALSE,,filename_mismatch_candidate,Manifest path absent; same stable ID exists as batch_03_161-240/227__v4_villain_shonen_013.png. Integration halted per Phase 1 gate; no substitution assumed.
v4_villain_shonen_014,240__v4_villain_shonen_014.png,batch_03_161-240/228__v4_villain_shonen_014.png,bc30a8181fcad47e8ac2741466902e204602541e812c3082c7dee40bd837cfdc,180,185,FALSE,FALSE,,filename_mismatch_candidate,Manifest path absent; same stable ID exists as batch_03_161-240/228__v4_villain_shonen_014.png. Integration halted per Phase 1 gate; no substitution assumed.
v4_villain_shonen_015,241__v4_villain_shonen_015.png,batch_03_161-240/229__v4_villain_shonen_015.png,f638f9e80abedf1cd96246086cf6b90914ec61b051d95326b184e5bbf1644e8f,180,171,FALSE,FALSE,,filename_mismatch_candidate,Manifest path absent; same stable ID exists as batch_03_161-240/229__v4_villain_shonen_015.png. Integration halted per Phase 1 gate; no substitution assumed.
v4_villain_shonen_016,242__v4_villain_shonen_016.png,batch_03_161-240/230__v4_villain_shonen_016.png,4a8d0f404bf3a57399401c7c235bf0def26492b2e3bd3ad30bc4417101744423,181,171,FALSE,FALSE,,filename_mismatch_candidate,Manifest path absent; same stable ID exists as batch_03_161-240/230__v4_villain_shonen_016.png. Integration halted per Phase 1 gate; no substitution assumed.
v4_villain_shonen_017,243__v4_villain_shonen_017.png,batch_03_161-240/231__v4_villain_shonen_017.png,8001d1fba049d09e3ca3ac3e0409169c8e216dd8853ece73051e1f88c6adebf9,180,171,FALSE,FALSE,,filename_mismatch_candidate,Manifest path absent; same stable ID exists as batch_03_161-240/231__v4_villain_shonen_017.png. Integration halted per Phase 1 gate; no substitution assumed.
v4_villain_shonen_018,244__v4_villain_shonen_018.png,batch_03_161-240/232__v4_villain_shonen_018.png,89a4e304eb9241bf9372aaee93e3acefce50b282d10b7255df439585ecb549cc,172,171,FALSE,FALSE,,filename_mismatch_candidate,Manifest path absent; same stable ID exists as batch_03_161-240/232__v4_villain_shonen_018.png. Integration halted per Phase 1 gate; no substitution assumed.
v4_villain_shonen_019,245__v4_villain_shonen_019.png,batch_03_161-240/233__v4_villain_shonen_019.png,69187590f3343d4b1b19c69d14d46a481029f4c8ee69aea387d7a941dfaf3a1e,180,171,FALSE,FALSE,,filename_mismatch_candidate,Manifest path absent; same stable ID exists as batch_03_161-240/233__v4_villain_shonen_019.png. Integration halted per Phase 1 gate; no substitution assumed.
v4_villain_shonen_020,246__v4_villain_shonen_020.png,batch_03_161-240/234__v4_villain_shonen_020.png,18932ccf93d6f4732c089f56c0e838653d6fd14896f38d095eb9d7d2b0f8abf2,181,171,FALSE,FALSE,,filename_mismatch_candidate,Manifest path absent; same stable ID exists as batch_03_161-240/234__v4_villain_shonen_020.png. Integration halted per Phase 1 gate; no substitution assumed.
v4_villain_shonen_021,247__v4_villain_shonen_021.png,batch_03_161-240/235__v4_villain_shonen_021.png,34e8f651253d48dcd9a357fc9d15793a1a3bc64c9dfaf73bcfb29ec381cb2e73,180,171,FALSE,FALSE,,filename_mismatch_candidate,Manifest path absent; same stable ID exists as batch_03_161-240/235__v4_villain_shonen_021.png. Integration halted per Phase 1 gate; no substitution assumed.
v4_villain_shonen_022,248__v4_villain_shonen_022.png,batch_03_161-240/236__v4_villain_shonen_022.png,d805881f461ed58b4c34b348d8416d156ba6c3f206a9ca616172b56d764e1a1b,180,171,FALSE,FALSE,,filename_mismatch_candidate,Manifest path absent; same stable ID exists as batch_03_161-240/236__v4_villain_shonen_022.png. Integration halted per Phase 1 gate; no substitution assumed.
v4_villain_shonen_023,249__v4_villain_shonen_023.png,batch_03_161-240/237__v4_villain_shonen_023.png,0f40954fb28e854ba878833aeab4fd48ceb980aee024bcd25aa181977f3ed890,180,171,FALSE,FALSE,,filename_mismatch_candidate,Manifest path absent; same stable ID exists as batch_03_161-240/237__v4_villain_shonen_023.png. Integration halted per Phase 1 gate; no substitution assumed.
v4_villain_shonen_024,250__v4_villain_shonen_024.png,batch_03_161-240/238__v4_villain_shonen_024.png,7f5bc3afbec94655c7d9b20b17e9f3d6cb3f0f02fbdac94aec0abcd4e98e011b,181,171,FALSE,FALSE,,filename_mismatch_candidate,Manifest path absent; same stable ID exists as batch_03_161-240/238__v4_villain_shonen_024.png. Integration halted per Phase 1 gate; no substitution assumed.
v4_villain_shonen_025,251__v4_villain_shonen_025.png,batch_03_161-240/239__v4_villain_shonen_025.png,6aef7d30a1c8693aaa5e5ca5eeb357b8316016fa79eacbdedf63298b547ee88d,180,171,FALSE,FALSE,,filename_mismatch_candidate,Manifest path absent; same stable ID exists as batch_03_161-240/239__v4_villain_shonen_025.png. Integration halted per Phase 1 gate; no substitution assumed.
v4_villain_shonen_026,252__v4_villain_shonen_026.png,batch_03_161-240/240__v4_villain_shonen_026.png,e36167202e9cf7266412405f1e8a728f02a6e8e6bf68afa58e8de94fc4f35e2d,172,171,FALSE,FALSE,,filename_mismatch_candidate,Manifest path absent; same stable ID exists as batch_03_161-240/240__v4_villain_shonen_026.png. Integration halted per Phase 1 gate; no substitution assumed.
v4_villain_shonen_027,253__v4_villain_shonen_027.png,batch_04_241-304/241__v4_villain_shonen_027.png,fb852d64c293829d21cb55258757964a72fbc4aad2f7f920ea28330d0e893c87,180,171,FALSE,FALSE,,filename_mismatch_candidate,Manifest path absent; same stable ID exists as batch_04_241-304/241__v4_villain_shonen_027.png. Integration halted per Phase 1 gate; no substitution assumed.
v4_villain_shonen_028,254__v4_villain_shonen_028.png,batch_04_241-304/242__v4_villain_shonen_028.png,828814c10e1928b255f9f0e1a0e4d20d92ba79c716b9bf324755d540cf4fc653,181,171,FALSE,FALSE,,filename_mismatch_candidate,Manifest path absent; same stable ID exists as batch_04_241-304/242__v4_villain_shonen_028.png. Integration halted per Phase 1 gate; no substitution assumed.
v4_villain_shonen_029,255__v4_villain_shonen_029.png,batch_04_241-304/243__v4_villain_shonen_029.png,18e463ef0c14eb8ceabe133cf412929451bd108ad316d63e5c171892709c384c,180,171,FALSE,FALSE,,filename_mismatch_candidate,Manifest path absent; same stable ID exists as batch_04_241-304/243__v4_villain_shonen_029.png. Integration halted per Phase 1 gate; no substitution assumed.
v4_villain_shonen_030,256__v4_villain_shonen_030.png,batch_04_241-304/244__v4_villain_shonen_030.png,9d6ecbf783c1229a30c53ed0aad174b12d8f641be4219b2f6e65c992d34b5dba,180,171,FALSE,FALSE,,filename_mismatch_candidate,Manifest path absent; same stable ID exists as batch_04_241-304/244__v4_villain_shonen_030.png. Integration halted per Phase 1 gate; no substitution assumed.
v4_villain_shonen_031,257__v4_villain_shonen_031.png,batch_04_241-304/245__v4_villain_shonen_031.png,3f4b2d92192a3e020d8ab7c3ffd4af27b3bab56152a40ad173024bf84aa3100e,198,272,FALSE,FALSE,,filename_mismatch_candidate,Manifest path absent; same stable ID exists as batch_04_241-304/245__v4_villain_shonen_031.png. Integration halted per Phase 1 gate; no substitution assumed.
v4_villain_shonen_032,258__v4_villain_shonen_032.png,batch_04_241-304/246__v4_villain_shonen_032.png,9cfe1017378490ee0a07f49cc1a6a1905832e8ff71b116b700ddb3763cfd8fac,192,272,FALSE,FALSE,,filename_mismatch_candidate,Manifest path absent; same stable ID exists as batch_04_241-304/246__v4_villain_shonen_032.png. Integration halted per Phase 1 gate; no substitution assumed.
v4_villain_shonen_033,259__v4_villain_shonen_033.png,batch_04_241-304/247__v4_villain_shonen_033.png,a7cfe09ffeaea040126cb9a68524c67eebd8ce1687924676adf53605bcfcb07f,190,272,FALSE,FALSE,,filename_mismatch_candidate,Manifest path absent; same stable ID exists as batch_04_241-304/247__v4_villain_shonen_033.png. Integration halted per Phase 1 gate; no substitution assumed.
v4_villain_shonen_034,260__v4_villain_shonen_034.png,batch_04_241-304/248__v4_villain_shonen_034.png,c6dbcf12512f8e77c256655c3cda4a2ef4d5dcb75dfb1192b7987f85b6f50849,189,272,FALSE,FALSE,,filename_mismatch_candidate,Manifest path absent; same stable ID exists as batch_04_241-304/248__v4_villain_shonen_034.png. Integration halted per Phase 1 gate; no substitution assumed.
v4_villain_shonen_035,261__v4_villain_shonen_035.png,batch_04_241-304/249__v4_villain_shonen_035.png,deaf41ce088e2b1f0e8c55afcbc20f9b3f733d0fce7dcf7251e180805554adf6,183,272,FALSE,FALSE,,filename_mismatch_candidate,Manifest path absent; same stable ID exists as batch_04_241-304/249__v4_villain_shonen_035.png. Integration halted per Phase 1 gate; no substitution assumed.
v4_villain_shonen_036,262__v4_villain_shonen_036.png,batch_04_241-304/250__v4_villain_shonen_036.png,22b4d05e00df0b93ee11ef38b7603e71e23119ad351968137ec4b8890b62b572,172,272,FALSE,FALSE,,filename_mismatch_candidate,Manifest path absent; same stable ID exists as batch_04_241-304/250__v4_villain_shonen_036.png. Integration halted per Phase 1 gate; no substitution assumed.
v4_villain_shonen_037,263__v4_villain_shonen_037.png,batch_04_241-304/251__v4_villain_shonen_037.png,87baa035ab19e2659315bd3d566b8141117ec97d5be682d242826e907118fb1c,171,272,FALSE,FALSE,,filename_mismatch_candidate,Manifest path absent; same stable ID exists as batch_04_241-304/251__v4_villain_shonen_037.png. Integration halted per Phase 1 gate; no substitution assumed.
v4_villain_shonen_038,264__v4_villain_shonen_038.png,batch_04_241-304/252__v4_villain_shonen_038.png,143ea0cd7355daabc164cf585d2af879db729f6bae61047f9031b0ca5d78bda5,167,272,FALSE,FALSE,,filename_mismatch_candidate,Manifest path absent; same stable ID exists as batch_04_241-304/252__v4_villain_shonen_038.png. Integration halted per Phase 1 gate; no substitution assumed.
v4_villain_shojo_001,265__v4_villain_shojo_001.png,batch_04_241-304/253__v4_villain_shojo_001.png,b9b6c0634fc01f6652699f309cdb7c94b95057e50fc00bd841162905d38e393a,198,241,FALSE,FALSE,,filename_mismatch_candidate,Manifest path absent; same stable ID exists as batch_04_241-304/253__v4_villain_shojo_001.png. Integration halted per Phase 1 gate; no substitution assumed.
v4_villain_shojo_002,266__v4_villain_shojo_002.png,batch_04_241-304/254__v4_villain_shojo_002.png,4151a8ee156cde801539668bba8df65806da2b244f276decc05ea81c4355e83d,192,241,FALSE,FALSE,,filename_mismatch_candidate,Manifest path absent; same stable ID exists as batch_04_241-304/254__v4_villain_shojo_002.png. Integration halted per Phase 1 gate; no substitution assumed.
v4_villain_shojo_003,267__v4_villain_shojo_003.png,batch_04_241-304/255__v4_villain_shojo_003.png,be6dddd5046cf1a5b5df2121070db3be5c4e736a714c6ef0d0f61607e7afe953,190,241,FALSE,FALSE,,filename_mismatch_candidate,Manifest path absent; same stable ID exists as batch_04_241-304/255__v4_villain_shojo_003.png. Integration halted per Phase 1 gate; no substitution assumed.
v4_villain_shojo_004,268__v4_villain_shojo_004.png,batch_04_241-304/256__v4_villain_shojo_004.png,46615d5e7a442793e3548c1f779528b6093276a59932c49658c3133cc6884e8d,189,241,FALSE,FALSE,,filename_mismatch_candidate,Manifest path absent; same stable ID exists as batch_04_241-304/256__v4_villain_shojo_004.png. Integration halted per Phase 1 gate; no substitution assumed.
v4_villain_shojo_005,269__v4_villain_shojo_005.png,batch_04_241-304/257__v4_villain_shojo_005.png,f2da5564e00c185e95f426945361e1117b01589efc4a7f92c937cc60760d635e,183,241,FALSE,FALSE,,filename_mismatch_candidate,Manifest path absent; same stable ID exists as batch_04_241-304/257__v4_villain_shojo_005.png. Integration halted per Phase 1 gate; no substitution assumed.
v4_villain_shojo_006,270__v4_villain_shojo_006.png,batch_04_241-304/258__v4_villain_shojo_006.png,f1349625bbfe68aff459d90e962059e8503d072256ec5ebcfd9f3d7f476b4fc1,172,241,FALSE,FALSE,,filename_mismatch_candidate,Manifest path absent; same stable ID exists as batch_04_241-304/258__v4_villain_shojo_006.png. Integration halted per Phase 1 gate; no substitution assumed.
v4_villain_shojo_007,271__v4_villain_shojo_007.png,batch_04_241-304/259__v4_villain_shojo_007.png,6723d3ddf298f43f4cddc7a21300ccb59c3476d582506cfbf24b88143244c29b,171,241,FALSE,FALSE,,filename_mismatch_candidate,Manifest path absent; same stable ID exists as batch_04_241-304/259__v4_villain_shojo_007.png. Integration halted per Phase 1 gate; no substitution assumed.
v4_villain_shojo_008,272__v4_villain_shojo_008.png,batch_04_241-304/260__v4_villain_shojo_008.png,806698e1c69c8fb4e063855f3ac5510027162a3f207fe1df8c63835e8904984d,167,241,FALSE,FALSE,,filename_mismatch_candidate,Manifest path absent; same stable ID exists as batch_04_241-304/260__v4_villain_shojo_008.png. Integration halted per Phase 1 gate; no substitution assumed.
v4_villain_shojo_009,273__v4_villain_shojo_009.png,batch_04_241-304/261__v4_villain_shojo_009.png,327b8d490716981bb90319308a6b842bc85525a725212bb1c5b94c732388d2ae,198,230,FALSE,FALSE,,filename_mismatch_candidate,Manifest path absent; same stable ID exists as batch_04_241-304/261__v4_villain_shojo_009.png. Integration halted per Phase 1 gate; no substitution assumed.
v4_villain_shojo_010,274__v4_villain_shojo_010.png,batch_04_241-304/262__v4_villain_shojo_010.png,885226194ec83887df15b09d584108c6f340507c4a48159a1d65a6c69c9d1381,192,230,FALSE,FALSE,,filename_mismatch_candidate,Manifest path absent; same stable ID exists as batch_04_241-304/262__v4_villain_shojo_010.png. Integration halted per Phase 1 gate; no substitution assumed.
v4_villain_shojo_011,275__v4_villain_shojo_011.png,batch_04_241-304/263__v4_villain_shojo_011.png,77b0d77e2acc54a7bd0621d8bf8bb118502eee42eedd0775bda5e33879afc5f5,190,230,FALSE,FALSE,,filename_mismatch_candidate,Manifest path absent; same stable ID exists as batch_04_241-304/263__v4_villain_shojo_011.png. Integration halted per Phase 1 gate; no substitution assumed.
v4_villain_shojo_012,276__v4_villain_shojo_012.png,batch_04_241-304/264__v4_villain_shojo_012.png,6513c32574ea0617e5384728c05b969a05fae16acf60e64f83a3f971846f28c5,189,230,FALSE,FALSE,,filename_mismatch_candidate,Manifest path absent; same stable ID exists as batch_04_241-304/264__v4_villain_shojo_012.png. Integration halted per Phase 1 gate; no substitution assumed.
v4_villain_shojo_013,277__v4_villain_shojo_013.png,batch_04_241-304/265__v4_villain_shojo_013.png,41b2375d319928a651f6cbc69184fb561f1e2ccf2a23c2f5674f24f731f26841,183,230,FALSE,FALSE,,filename_mismatch_candidate,Manifest path absent; same stable ID exists as batch_04_241-304/265__v4_villain_shojo_013.png. Integration halted per Phase 1 gate; no substitution assumed.
v4_villain_shojo_014,278__v4_villain_shojo_014.png,batch_04_241-304/266__v4_villain_shojo_014.png,93d7379f25bedcac5a648afb3af699e508c97f82e02e045af80e531dba27efda,172,230,FALSE,FALSE,,filename_mismatch_candidate,Manifest path absent; same stable ID exists as batch_04_241-304/266__v4_villain_shojo_014.png. Integration halted per Phase 1 gate; no substitution assumed.
v4_villain_shojo_015,279__v4_villain_shojo_015.png,batch_04_241-304/267__v4_villain_shojo_015.png,0aa8d247b0b68fdf7adf8acd41fa20d006eeaf7fedb26ed1a38f4a4ec63a21ca,171,230,FALSE,FALSE,,filename_mismatch_candidate,Manifest path absent; same stable ID exists as batch_04_241-304/267__v4_villain_shojo_015.png. Integration halted per Phase 1 gate; no substitution assumed.
v4_villain_shojo_016,280__v4_villain_shojo_016.png,batch_04_241-304/268__v4_villain_shojo_016.png,0476eae6c67da715d7cb050042fe9a68dfeb30a950712b8a89b5c6487332f5fc,167,230,FALSE,FALSE,,filename_mismatch_candidate,Manifest path absent; same stable ID exists as batch_04_241-304/268__v4_villain_shojo_016.png. Integration halted per Phase 1 gate; no substitution assumed.
v4_villain_shojo_017,281__v4_villain_shojo_017.png,batch_04_241-304/269__v4_villain_shojo_017.png,a52a6f254f6dfd1eb3432875c5502503db2ccb53da7589bb264e6a2983349a23,198,240,FALSE,FALSE,,filename_mismatch_candidate,Manifest path absent; same stable ID exists as batch_04_241-304/269__v4_villain_shojo_017.png. Integration halted per Phase 1 gate; no substitution assumed.
v4_villain_shojo_018,282__v4_villain_shojo_018.png,batch_04_241-304/270__v4_villain_shojo_018.png,f7ec23ce13e60658f57d12e9cc16d6df3c76e2e9cf0c72fed7d6bdf6786f4088,192,240,FALSE,FALSE,,filename_mismatch_candidate,Manifest path absent; same stable ID exists as batch_04_241-304/270__v4_villain_shojo_018.png. Integration halted per Phase 1 gate; no substitution assumed.
v4_villain_shojo_019,283__v4_villain_shojo_019.png,batch_04_241-304/271__v4_villain_shojo_019.png,7963301c726935bd26753fe5b0432d3f4852f0e2866a02f0ad61a73d4ad4cfb1,190,240,FALSE,FALSE,,filename_mismatch_candidate,Manifest path absent; same stable ID exists as batch_04_241-304/271__v4_villain_shojo_019.png. Integration halted per Phase 1 gate; no substitution assumed.
v4_villain_shojo_020,284__v4_villain_shojo_020.png,batch_04_241-304/272__v4_villain_shojo_020.png,6428f0ba16f7222ec37d080374d349d0881cef4852289e5d2e1ae8e79f114885,189,240,FALSE,FALSE,,filename_mismatch_candidate,Manifest path absent; same stable ID exists as batch_04_241-304/272__v4_villain_shojo_020.png. Integration halted per Phase 1 gate; no substitution assumed.
v4_villain_shojo_021,285__v4_villain_shojo_021.png,batch_04_241-304/273__v4_villain_shojo_021.png,a56cee3501e4f5a1e06693dcb779e28340e0c00d2a5a518d0af6dc7f31bfe545,183,240,FALSE,FALSE,,filename_mismatch_candidate,Manifest path absent; same stable ID exists as batch_04_241-304/273__v4_villain_shojo_021.png. Integration halted per Phase 1 gate; no substitution assumed.
v4_villain_shojo_022,286__v4_villain_shojo_022.png,batch_04_241-304/274__v4_villain_shojo_022.png,f9a46fb6e4405bb99c4a77be574cd7ab79e643f968fe2552133da029722032a1,172,240,FALSE,FALSE,,filename_mismatch_candidate,Manifest path absent; same stable ID exists as batch_04_241-304/274__v4_villain_shojo_022.png. Integration halted per Phase 1 gate; no substitution assumed.
v4_villain_shojo_023,287__v4_villain_shojo_023.png,batch_04_241-304/275__v4_villain_shojo_023.png,bfaa20fcf67da27abde3324bca08efab951cc29a8f8b1af1dff2be761faf0a7d,171,240,FALSE,FALSE,,filename_mismatch_candidate,Manifest path absent; same stable ID exists as batch_04_241-304/275__v4_villain_shojo_023.png. Integration halted per Phase 1 gate; no substitution assumed.
v4_villain_shojo_024,288__v4_villain_shojo_024.png,batch_04_241-304/276__v4_villain_shojo_024.png,a7bda0ff7a19fcaa2f1dc939de99ecf7ebbd04580471a21fbd6a41f206debded,167,240,FALSE,FALSE,,filename_mismatch_candidate,Manifest path absent; same stable ID exists as batch_04_241-304/276__v4_villain_shojo_024.png. Integration halted per Phase 1 gate; no substitution assumed.
v4_villain_shojo_025,289__v4_villain_shojo_025.png,batch_04_241-304/277__v4_villain_shojo_025.png,b8e6be556f31a44a09e4122829efbae078a553f6ac21dd8abd721610bcd3a37e,181,231,FALSE,FALSE,,filename_mismatch_candidate,Manifest path absent; same stable ID exists as batch_04_241-304/277__v4_villain_shojo_025.png. Integration halted per Phase 1 gate; no substitution assumed.
v4_villain_shojo_026,290__v4_villain_shojo_026.png,batch_04_241-304/278__v4_villain_shojo_026.png,01d30cb171e69d77b35d39e581708a4353ae7de3a83b1316fd67ed5b8954fd38,183,231,FALSE,FALSE,,filename_mismatch_candidate,Manifest path absent; same stable ID exists as batch_04_241-304/278__v4_villain_shojo_026.png. Integration halted per Phase 1 gate; no substitution assumed.
v4_villain_shojo_027,291__v4_villain_shojo_027.png,batch_04_241-304/279__v4_villain_shojo_027.png,f3f0ddbd81be6d24a5b982d7499b48b430da57f8ee357e5e220660c93fd0f333,183,231,FALSE,FALSE,,filename_mismatch_candidate,Manifest path absent; same stable ID exists as batch_04_241-304/279__v4_villain_shojo_027.png. Integration halted per Phase 1 gate; no substitution assumed.
v4_villain_shojo_028,292__v4_villain_shojo_028.png,batch_04_241-304/280__v4_villain_shojo_028.png,a7714b84219539e1d3764bb12c6f016fc9357d049ad5d9aa9492d958f8877e42,184,231,FALSE,FALSE,,filename_mismatch_candidate,Manifest path absent; same stable ID exists as batch_04_241-304/280__v4_villain_shojo_028.png. Integration halted per Phase 1 gate; no substitution assumed.
v4_villain_shojo_029,293__v4_villain_shojo_029.png,batch_04_241-304/281__v4_villain_shojo_029.png,aa79cd87f1d7b1b3bd52f28b257002e59614fc7f020d9a2f51d040bf91e38921,182,231,FALSE,FALSE,,filename_mismatch_candidate,Manifest path absent; same stable ID exists as batch_04_241-304/281__v4_villain_shojo_029.png. Integration halted per Phase 1 gate; no substitution assumed.
v4_villain_shojo_030,294__v4_villain_shojo_030.png,batch_04_241-304/282__v4_villain_shojo_030.png,3eff271f207d56709083abe4dd0a79cfcb88f396524fff1bbd66019e96b39c8d,185,231,FALSE,FALSE,,filename_mismatch_candidate,Manifest path absent; same stable ID exists as batch_04_241-304/282__v4_villain_shojo_030.png. Integration halted per Phase 1 gate; no substitution assumed.
v4_villain_shojo_031,295__v4_villain_shojo_031.png,batch_04_241-304/283__v4_villain_shojo_031.png,f212fdc4498fdd58cd74d5187c21af12dc8159a7c6c063eb69a4732b8619ad12,183,231,FALSE,FALSE,,filename_mismatch_candidate,Manifest path absent; same stable ID exists as batch_04_241-304/283__v4_villain_shojo_031.png. Integration halted per Phase 1 gate; no substitution assumed.
v4_villain_shojo_032,296__v4_villain_shojo_032.png,batch_04_241-304/284__v4_villain_shojo_032.png,6442cfb52c9bcb852d113fb6d842ebae2aaa5dae618fb835835cbe60b4a98a45,184,231,FALSE,FALSE,,filename_mismatch_candidate,Manifest path absent; same stable ID exists as batch_04_241-304/284__v4_villain_shojo_032.png. Integration halted per Phase 1 gate; no substitution assumed.
v4_villain_shojo_033,297__v4_villain_shojo_033.png,batch_04_241-304/285__v4_villain_shojo_033.png,635cffcdd3ece8fe6d56234001fec79ddb7ebcd8de89cd91a232b499f33e897c,181,230,FALSE,FALSE,,filename_mismatch_candidate,Manifest path absent; same stable ID exists as batch_04_241-304/285__v4_villain_shojo_033.png. Integration halted per Phase 1 gate; no substitution assumed.
v4_villain_shojo_034,298__v4_villain_shojo_034.png,batch_04_241-304/286__v4_villain_shojo_034.png,f902e5d0392d25cefc3815ce8ab528701d81393c69624fd40a1f14ba32be04f9,183,230,FALSE,FALSE,,filename_mismatch_candidate,Manifest path absent; same stable ID exists as batch_04_241-304/286__v4_villain_shojo_034.png. Integration halted per Phase 1 gate; no substitution assumed.
v4_villain_shojo_035,299__v4_villain_shojo_035.png,batch_04_241-304/287__v4_villain_shojo_035.png,87e3c80812a889b73fadbed237ae928fc081a64a44510f57f5ee84144c52f896,183,230,FALSE,FALSE,,filename_mismatch_candidate,Manifest path absent; same stable ID exists as batch_04_241-304/287__v4_villain_shojo_035.png. Integration halted per Phase 1 gate; no substitution assumed.
v4_villain_shojo_036,300__v4_villain_shojo_036.png,batch_04_241-304/288__v4_villain_shojo_036.png,12a51ce2859f51cca07aab9dc1f23bcc9efdac3eb36dd41c17da8601e50b3300,184,230,FALSE,FALSE,,filename_mismatch_candidate,Manifest path absent; same stable ID exists as batch_04_241-304/288__v4_villain_shojo_036.png. Integration halted per Phase 1 gate; no substitution assumed.
v4_villain_shojo_037,301__v4_villain_shojo_037.png,batch_04_241-304/289__v4_villain_shojo_037.png,e4c52083f53d0937a40877c4bb9bdcd675ab5ba904e19440013e46c86aab565d,182,230,FALSE,FALSE,,filename_mismatch_candidate,Manifest path absent; same stable ID exists as batch_04_241-304/289__v4_villain_shojo_037.png. Integration halted per Phase 1 gate; no substitution assumed.
v4_villain_shojo_038,302__v4_villain_shojo_038.png,batch_04_241-304/290__v4_villain_shojo_038.png,fbe193c74f0f565c668be9763430ca3c0f6d943ea4ca9727f60c89635cf05630,185,230,FALSE,FALSE,,filename_mismatch_candidate,Manifest path absent; same stable ID exists as batch_04_241-304/290__v4_villain_shojo_038.png. Integration halted per Phase 1 gate; no substitution assumed.
v4_villain_shojo_039,303__v4_villain_shojo_039.png,batch_04_241-304/291__v4_villain_shojo_039.png,4a7e2efb7e0d54a32e78e5c457aaa7d9acacf69b0e8291e0032ed21721a46972,183,230,FALSE,FALSE,,filename_mismatch_candidate,Manifest path absent; same stable ID exists as batch_04_241-304/291__v4_villain_shojo_039.png. Integration halted per Phase 1 gate; no substitution assumed.
v4_villain_shojo_040,304__v4_villain_shojo_040.png,batch_04_241-304/292__v4_villain_shojo_040.png,cd073a9f16ffa958ae1849a5acc9ae30df26992f29ecc3ebb2739dba44777b6b,184,230,FALSE,FALSE,,filename_mismatch_candidate,Manifest path absent; same stable ID exists as batch_04_241-304/292__v4_villain_shojo_040.png. Integration halted per Phase 1 gate; no substitution assumed.
,,batch_04_241-304/293__donor8_r1p1.png,9fbec0979ed728dd7126a4efb13ccc2258fb4068e039034307192834c21bc41b,216,259,FALSE,TRUE,,donor_alternate,PNG is not referenced by any of the 304 mechanics rows; retained as donor/alternate. No substitution assigned because Phase 1 gate failed.
,,batch_04_241-304/294__donor8_r1p2.png,8a30197d486be6c4800c51f0ec64adb5ba906db521e7ab2c887e897b19c89eff,217,259,FALSE,TRUE,,donor_alternate,PNG is not referenced by any of the 304 mechanics rows; retained as donor/alternate. No substitution assigned because Phase 1 gate failed.
,,batch_04_241-304/295__donor8_r1p3.png,a2acaeaf1fd3749647267fd3b8b30bd0855ea3bff04a3ba7ec8766b9426e1876,215,259,FALSE,TRUE,,donor_alternate,PNG is not referenced by any of the 304 mechanics rows; retained as donor/alternate. No substitution assigned because Phase 1 gate failed.
,,batch_04_241-304/296__donor8_r1p4.png,e0e3e2d10185719abb6d73d2e15d4b35774e2ecdfbe186b05bd4be2db7050f9f,190,259,FALSE,TRUE,,donor_alternate,PNG is not referenced by any of the 304 mechanics rows; retained as donor/alternate. No substitution assigned because Phase 1 gate failed.
,,batch_04_241-304/297__donor8_r1p5.png,71a6eefc3dbada00a99eb168d7e0b34408fef41534c5bf8ca0b9605420fb56a1,200,259,FALSE,TRUE,,donor_alternate,PNG is not referenced by any of the 304 mechanics rows; retained as donor/alternate. No substitution assigned because Phase 1 gate failed.
,,batch_04_241-304/298__donor8_r1p6.png,9e69a55c9b17fba24c28c38c25fee7db0550214b83e03fb7d4418e7c3c6f40b3,215,259,FALSE,TRUE,,donor_alternate,PNG is not referenced by any of the 304 mechanics rows; retained as donor/alternate. No substitution assigned because Phase 1 gate failed.
,,batch_04_241-304/299__donor8_r1p7.png,a9dddda6b97060f72e4975397ba15d787ba20e28ce6f5fd27dff94760405b49c,223,259,FALSE,TRUE,,donor_alternate,PNG is not referenced by any of the 304 mechanics rows; retained as donor/alternate. No substitution assigned because Phase 1 gate failed.
,,batch_04_241-304/300__donor8_r2p1.png,e3e93bec4d71248abb1dc1820b7a299e1e3baaf269dfbb9cce52b8bd8a62b2dc,216,239,FALSE,TRUE,,donor_alternate,PNG is not referenced by any of the 304 mechanics rows; retained as donor/alternate. No substitution assigned because Phase 1 gate failed.
,,batch_04_241-304/301__donor8_r2p2.png,1ae5f563fac2ff162eaf60e5a572f750b7d6fff0a8d3f917c0c6250f94ab58f1,217,239,FALSE,TRUE,,donor_alternate,PNG is not referenced by any of the 304 mechanics rows; retained as donor/alternate. No substitution assigned because Phase 1 gate failed.
,,batch_04_241-304/302__donor8_r2p3.png,060c9449d3fdbd1ea3ee2fdfe62b9c4cb1bf8e600248a416a6e39569142d0938,215,239,FALSE,TRUE,,donor_alternate,PNG is not referenced by any of the 304 mechanics rows; retained as donor/alternate. No substitution assigned because Phase 1 gate failed.
,,batch_04_241-304/303__donor8_r2p4.png,ee052b8b11452c89c1779f0a7e5b9b7068a95f13c05dfaa18e304303a26dbe65,190,239,FALSE,TRUE,,donor_alternate,PNG is not referenced by any of the 304 mechanics rows; retained as donor/alternate. No substitution assigned because Phase 1 gate failed.
,,batch_04_241-304/304__donor8_r2p5.png,303ded8fe067385e1251863904238b827d0da2a60b86e5c5ca0f9439361a1b82,200,239,FALSE,TRUE,,donor_alternate,PNG is not referenced by any of the 304 mechanics rows; retained as donor/alternate. No substitution assigned because Phase 1 gate failed.
,,batch_04_241-304/305__donor8_r2p6.png,c47a76b3cca541261b23e0f8e3606d31b39cf53e79449087c9ac8b44c9f1a92a,215,239,FALSE,TRUE,,donor_alternate,PNG is not referenced by any of the 304 mechanics rows; retained as donor/alternate. No substitution assigned because Phase 1 gate failed.
,,batch_04_241-304/306__donor8_r2p7.png,5862ab148e544c48e30bb61678ac89172c22a4212a710b85fd74bfac563cb888,223,239,FALSE,TRUE,,donor_alternate,PNG is not referenced by any of the 304 mechanics rows; retained as donor/alternate. No substitution assigned because Phase 1 gate failed.
,,batch_04_241-304/307__donor8_r3p1.png,68da761afb2cbb7e6b1af077c1ce79a9ad3555f1b128e9e802124de98a47760a,216,237,FALSE,TRUE,,donor_alternate,PNG is not referenced by any of the 304 mechanics rows; retained as donor/alternate. No substitution assigned because Phase 1 gate failed.
,,batch_04_241-304/308__donor8_r3p2.png,7b7a816b6192abfcaa57ef2fd795b762ab3edf1535c79acbdc09de2568b02bfd,217,237,FALSE,TRUE,,donor_alternate,PNG is not referenced by any of the 304 mechanics rows; retained as donor/alternate. No substitution assigned because Phase 1 gate failed.
,,batch_04_241-304/309__donor8_r3p3.png,b74e137799d259454da3e155a9ada0d157e762111d947c83b4d6efd6194a1343,215,237,FALSE,TRUE,,donor_alternate,PNG is not referenced by any of the 304 mechanics rows; retained as donor/alternate. No substitution assigned because Phase 1 gate failed.
,,batch_04_241-304/310__donor8_r3p4.png,db85bd7e9e94f380dee1ac8c78025308f934c71c434b860e70aca3df7399bda2,190,237,FALSE,TRUE,,donor_alternate,PNG is not referenced by any of the 304 mechanics rows; retained as donor/alternate. No substitution assigned because Phase 1 gate failed.
,,batch_04_241-304/311__donor8_r3p5.png,f1761986d334a829d13a046feea4ab0c3b9e890b5e6b2b2b83d9d759388567fe,200,237,FALSE,TRUE,,donor_alternate,PNG is not referenced by any of the 304 mechanics rows; retained as donor/alternate. No substitution assigned because Phase 1 gate failed.
,,batch_04_241-304/312__donor8_r3p6.png,10848671592ccca801ad0df3c13cbf207c17ee3ca1f4d52cfe07a479956eecaf,215,237,FALSE,TRUE,,donor_alternate,PNG is not referenced by any of the 304 mechanics rows; retained as donor/alternate. No substitution assigned because Phase 1 gate failed.
,,batch_04_241-304/313__donor8_r3p7.png,6623e146b0fe23d3e8e3d2440ba9ddde8a6f787b8c21cf93ae890887e164d44d,223,237,FALSE,TRUE,,donor_alternate,PNG is not referenced by any of the 304 mechanics rows; retained as donor/alternate. No substitution assigned because Phase 1 gate failed.
,,batch_04_241-304/314__donor8_r4p1.png,e0be3a2a2bcfdb59084b6f87a85aaaed8b86960627998c67851e9a6b57a86205,216,239,FALSE,TRUE,,donor_alternate,PNG is not referenced by any of the 304 mechanics rows; retained as donor/alternate. No substitution assigned because Phase 1 gate failed.
,,batch_04_241-304/315__donor8_r4p2.png,ca1c57d3ac21a041a52701403b4562084d3a44833525e9976193ea29b91a6728,217,239,FALSE,TRUE,,donor_alternate,PNG is not referenced by any of the 304 mechanics rows; retained as donor/alternate. No substitution assigned because Phase 1 gate failed.
,,batch_04_241-304/316__donor8_r4p3.png,1daf800b5c9274453b0bcf5a4faa41ac71866a96707303ced39c0c67ee7faa60,215,239,FALSE,TRUE,,donor_alternate,PNG is not referenced by any of the 304 mechanics rows; retained as donor/alternate. No substitution assigned because Phase 1 gate failed.
,,batch_04_241-304/317__donor8_r4p4.png,65368ba5b074a4b967fff3472fc98697c3761c8f198ee2201969b5df7f8c9a00,190,239,FALSE,TRUE,,donor_alternate,PNG is not referenced by any of the 304 mechanics rows; retained as donor/alternate. No substitution assigned because Phase 1 gate failed.
,,batch_04_241-304/318__donor8_r4p5.png,504fc326de9a6dac7dd12286d822f2c7318ea44654d19ef0f578330503a33c44,200,239,FALSE,TRUE,,donor_alternate,PNG is not referenced by any of the 304 mechanics rows; retained as donor/alternate. No substitution assigned because Phase 1 gate failed.
,,batch_04_241-304/319__donor8_r4p6.png,14fb8dd4a116855f43956125a0f527a06943c2372b92fa873a21f03c07f22bae,215,239,FALSE,TRUE,,donor_alternate,PNG is not referenced by any of the 304 mechanics rows; retained as donor/alternate. No substitution assigned because Phase 1 gate failed.
,,batch_04_241-304/320__donor8_r4p7.png,fd4ae71ee8bbce901b3cb703ff8ab0dc10db474a3256f8b6c4067d1c661da8bf,223,239,FALSE,TRUE,,donor_alternate,PNG is not referenced by any of the 304 mechanics rows; retained as donor/alternate. No substitution assigned because Phase 1 gate failed.
