id,name,archetype,epithet,img,personality,role,type,visibleAff1,visibleAff2,hiddenAff,gender,species,ageBand,culturalBasis
v4_lead_shonen_001,Matteo Valente,Gearline Second-World Pathfinder,Gearline Second World,cast/v4/v4_lead_shonen_001.webp,"Matteo keeps a tiny notebook of useful mistakes; under pressure, Matteo treats impossible rules as something to learn rather than fear.",protag,shonen,mecha,isekai,samurai,male,human,20–29,Mediterranean mecha / isekai character design
v4_lead_shonen_002,Nadira Permana,Servo Heartline Ace,Servo Heartline,cast/v4/v4_lead_shonen_002.webp,"Nadira repairs first and explains later, but Nadira also always notices who has gone quiet.",protag,shonen,mecha,romance,supernatural,female,human,20–29,Indonesian mecha / romance character design
v4_lead_shonen_003,Yash Mehta,Prototype Questroad Runner,Prototype Questroad,cast/v4/v4_lead_shonen_003.webp,"Yash saves the best snack for whoever worked latest; alongside that, Yash treats strange rules as invitations to learn.",protag,shonen,mecha,fantasy,mythology,male,human,17–19,Indian mecha / fantasy character design
v4_lead_shonen_004,Asha Bekele,Machine-Bay Freewind Seeker,Machine Bay Freewind,cast/v4/v4_lead_shonen_004.webp,Asha trusts machines only after testing them under pressure; friends also know Asha writes reminders on the backs of receipts.,protag,shonen,mecha,pirate,nordic,female,human,20–29,East African mecha / pirate character design
v4_lead_shonen_005,Nhi Pham,Stranger-Road Stage-Light Trailblazer,Stranger Road Stage Light,cast/v4/v4_lead_shonen_005.webp,"Nhi takes the long route when someone needs company. In a crisis, Nhi turns nerves into rhythm once the spotlight lands.",protag,shonen,isekai,idol,mythology,female,human,17–19,Vietnamese isekai / idol character design
v4_lead_shonen_006,Nima Farhadi,Portal Lockbox Front-Runner,Portal Lockbox,cast/v4/v4_lead_shonen_006.webp,"Nima looks for the local custom before reaching for assumptions, while outside the big moments Nima keeps one lucky coin and refuses to explain it.",protag,shonen,isekai,mystery,martial,nonbinary,human,17–19,Persian isekai / mystery character design
v4_lead_shonen_007,Naoki Okuno,Crossing Deadpan Pathfinder,Crossing Deadpan,cast/v4/v4_lead_shonen_007.webp,"Naoki returns borrowed things cleaner than they arrived; when it matters, Naoki knows when a joke will help and when silence will.",protag,shonen,isekai,comedy,nordic,male,human,20–29,Japanese isekai / comedy character design
v4_lead_shonen_008,Amani Mwangi,Wayfarer Otherworld Ace,Wayfarer Otherworld,cast/v4/v4_lead_shonen_008.webp,"Amani asks practical questions when the world stops making sense. Away from the pressure, Amani gets quieter as the stakes get higher.",protag,shonen,isekai,supernatural,space,female,human,20–29,East African isekai / supernatural character design
v4_lead_shonen_009,Jiho Seo,Corner-Shop Signal Runner,Corner Shop Signal,cast/v4/v4_lead_shonen_009.webp,"Jiho keeps a spare pen for people who never do; under pressure, Jiho treats information as useful only when somebody can act on it.",protag,shonen,slice,cyber,mythology,male,human,17–19,Korean slice of life / cyber character design
v4_lead_shonen_010,Elif Arslan,Quiet-Day Stage-Light Seeker,Quiet Day Stage Light,cast/v4/v4_lead_shonen_010.webp,"Elif makes space for small comforts when tension rises, but Elif also remembers tiny kindnesses for years.",protag,shonen,slice,idol,martial,female,human,17–19,Turkish slice of life / idol character design
v4_lead_shonen_011,Katerina Drakos,Everyday Kitchen Trailblazer,Everyday Kitchen,cast/v4/v4_lead_shonen_011.webp,"Katerina carries one completely impractical good-luck charm; alongside that, Katerina believes care is easier to trust when it arrives warm.",protag,shonen,slice,cooking,military,female,human,17–19,Greek slice of life / cooking character design
v4_lead_shonen_012,Prae Thamrong,Homeroom Northwind Front-Runner,Homeroom Northwind,cast/v4/v4_lead_shonen_012.webp,Prae remembers the little jobs nobody puts on a schedule; friends also know Prae leaves one light on for anyone coming home late.,protag,shonen,slice,nordic,shinobi,nonbinary,human,17–19,Thai slice of life / nordic character design
v4_lead_shonen_013,Saran Kittisak,Midnight Questroad Pathfinder,Midnight Questroad,cast/v4/v4_lead_shonen_013.webp,"Saran packs for emergencies and forgets ordinary things. In a crisis, Saran treats strange rules as invitations to learn.",protag,shonen,horror,fantasy,comedy,male,human,20–29,Thai horror / fantasy character design
v4_lead_shonen_014,Busisiwe Dlamini,Rosebound Touchline Ace,Rosebound Touchline,cast/v4/v4_lead_shonen_014.webp,"Busisiwe hears what people mean when they cannot quite say it, while outside the big moments Busisiwe keeps one seat empty until everyone arrives.",protag,shonen,romance,sports,military,female,human,17–19,Southern African romance / sports character design
v4_lead_shonen_015,Bao Huynh,Keepsake Red-Thread Runner,Keepsake Red Thread,cast/v4/v4_lead_shonen_015.webp,"Bao makes tea before delivering bad news; when it matters, Bao asks the useful question after everyone else has run out of clever ones.",protag,shonen,romance,mystery,space,male,human,17–19,Vietnamese romance / mystery character design
v4_lead_shonen_016,Marina Moura,Moonletter Moonbow Seeker,Moonletter Moonbow,cast/v4/v4_lead_shonen_016.webp,"Marina protects vulnerable conversations from becoming public theatre. Away from the pressure, Marina always checks whether the quietest person agrees.",protag,shonen,romance,magical,survival,female,human,20–29,Brazilian romance / magical character design
v4_lead_shonen_017,Mikuri Sakurai,Podium Spotlight Trailblazer,Podium Spotlight,cast/v4/v4_lead_shonen_017.webp,"Mikuri keeps one old map even after learning the route; under pressure, Mikuri turns nerves into rhythm once the spotlight lands.",protag,shonen,sports,idol,samurai,female,human,17–19,Japanese sports / idol character design
v4_lead_shonen_018,Lian Mercado,Relay Deep-Sky Front-Runner,Relay Deep Sky,cast/v4/v4_lead_shonen_018.webp,"Lian finds out who keeps moving when nobody is cheering, but Lian also writes down compliments because saying them is harder.",protag,shonen,sports,space,nordic,nonbinary,human,17–19,Filipino sports / space character design
v4_lead_shonen_019,Hemi Kingi,Backstage Frontline Pathfinder,Backstage Frontline,cast/v4/v4_lead_shonen_019.webp,"Hemi always returns to unfinished work before starting something flashy; alongside that, Hemi expects structure to serve the team rather than the reverse.",protag,shonen,idol,military,shinobi,male,human,17–19,Maori/Pasifika idol / military character design
v4_lead_shonen_020,Lina Hamdan,Stage-Light Station Ace,Stage Light Station,cast/v4/v4_lead_shonen_020.webp,Lina knows how to hold attention without demanding it; friends also know Lina keeps one tiny repair kit close at hand.,protag,shonen,idol,space,pirate,female,human,17–19,Arab idol / space character design
v4_lead_shonen_021,Nikau Mikaere,Encore Moonbow Runner,Encore Moonbow,cast/v4/v4_lead_shonen_021.webp,"Nikau remembers who stayed behind to help clean up. In a crisis, Nikau makes room for wonder without becoming careless.",protag,shonen,idol,magical,nordic,male,human,17–19,Maori/Pasifika idol / magical character design
v4_lead_shonen_022,Truc Nguyen,Casefile Wishlight Seeker,Casefile Wishlight,cast/v4/v4_lead_shonen_022.webp,"Truc asks the useful question after everyone else has run out of clever ones, while outside the big moments Truc would rather admit uncertainty than fake confidence.",protag,shonen,mystery,magical,mythology,female,human,20–29,Vietnamese mystery / magical character design
v4_lead_shonen_023,Koharu Okuno,Cipher Last-Light Trailblazer,Cipher Last Light,cast/v4/v4_lead_shonen_023.webp,"Koharu leaves notes instead of dramatic speeches; when it matters, Koharu always saves one reserve for the person who runs out first.",protag,shonen,mystery,survival,samurai,female,human,20–29,Japanese mystery / survival character design
v4_lead_shonen_024,Blair Kerr,Field-Order Stardust Front-Runner,Field Order Stardust,cast/v4/v4_lead_shonen_024.webp,"Blair stays disciplined without becoming rigid. Away from the pressure, Blair keeps one small kindness in reserve.",protag,shonen,military,magical,pirate,nonbinary,human,17–19,Scottish military / magical character design
v4_lead_shonen_025,Ewan Stewart,Command-Post Epic Pathfinder,Command Post Epic,cast/v4/v4_lead_shonen_025.webp,"Ewan keeps a tiny notebook of useful mistakes; under pressure, Ewan respects legends without flattening people into symbols.",protag,shonen,military,mythology,nordic,male,human,20–29,Scottish military / mythology character design
v4_lead_shonen_026,Roxana Rahimi,Moon-Echo Keel Ace,Moon Echo Keel,cast/v4/v4_lead_shonen_026.webp,"Roxana accepts the uncanny without losing interest in the person inside it, but Roxana also always notices who has gone quiet.",protag,shonen,supernatural,pirate,shinobi,female,human,20–29,Persian supernatural / pirate character design
v4_lead_shonen_027,Thabo Mokoena,Otherworld Open-Hand Runner,Otherworld Open Hand,cast/v4/v4_lead_shonen_027.webp,"Thabo saves the best snack for whoever worked latest; alongside that, Thabo values control more than the appearance of strength.",protag,shonen,supernatural,martial,nordic,male,human,17–19,Southern African supernatural / martial arts character design
v4_lead_shonen_028,Marama Tawhiri,Orbital Last-Light Seeker,Orbital Last Light,cast/v4/v4_lead_shonen_028.webp,Marama treats distance as something to cross rather than admire; friends also know Marama writes reminders on the backs of receipts.,protag,shonen,space,survival,mythology,female,human,20–29,Maori/Pasifika space / survival character design
v4_lead_shonen_029,Celeste Lefevre,Emberpack Freewind Trailblazer,Emberpack Freewind,cast/v4/v4_lead_shonen_029.webp,"Celeste takes the long route when someone needs company. In a crisis, Celeste treats a bad map as a starting point rather than a disaster.",protag,shonen,survival,pirate,martial,female,human,20–29,French survival / pirate character design
v4_lead_shonen_030,Blair Boyd,Stance Retainer Front-Runner,Stance Retainer,cast/v4/v4_lead_shonen_030.webp,"Blair treats repetition as the price of making hard things look simple, while outside the big moments Blair keeps one lucky coin and refuses to explain it.",protag,shonen,martial,samurai,shinobi,nonbinary,human,17–19,Scottish martial arts / samurai character design
v4_lead_shonen_031,Leif Nygaard,Moonletter Datastream Pathfinder,Moonletter Datastream,cast/v4/v4_lead_shonen_031.webp,"Leif returns borrowed things cleaner than they arrived; when it matters, Leif treats information as useful only when somebody can act on it.",protag,shonen,romance,cyber,samurai,male,human,20–29,Scandinavian romance / cyber character design
v4_lead_shonen_032,Truc Le,After-Dark Relay Ace,After Dark Relay,cast/v4/v4_lead_shonen_032.webp,"Truc stays steady when a room starts feeling wrong. Away from the pressure, Truc gets quieter as the stakes get higher.",protag,shonen,horror,sports,mystery,female,human,17–19,Vietnamese horror / sports character design
v4_lead_shonen_033,Soren Vale,Neon Chorus Runner,Neon Chorus,cast/v4/v4_lead_shonen_033.webp,"Soren keeps a spare pen for people who never do; under pressure, Soren turns nerves into rhythm once the spotlight lands.",protag,shonen,cyber,idol,comedy,male,human,17–19,mixed diaspora cyber / idol character design
v4_lead_shonen_034,Ira Patel,Fastbreak Stormproof Seeker,Fastbreak Stormproof,cast/v4/v4_lead_shonen_034.webp,"Ira would rather restart honestly than accept a hollow win, but Ira also remembers tiny kindnesses for years.",protag,shonen,sports,survival,cooking,female,human,17–19,Indian sports / survival character design
v4_lead_shonen_035,Ruoxi Chen,Enchanted Pine-Road Trailblazer,Enchanted Pine Road,cast/v4/v4_lead_shonen_035.webp,"Ruoxi carries one completely impractical good-luck charm; alongside that, Ruoxi trusts shared labor more than ceremonial speeches.",protag,shonen,fantasy,nordic,samurai,female,human,20–29,Chinese diaspora fantasy / nordic character design
v4_lead_shonen_036,Andrea Serra,Everyday Field-Order Front-Runner,Everyday Field Order,cast/v4/v4_lead_shonen_036.webp,Andrea remembers the little jobs nobody puts on a schedule; friends also know Andrea leaves one light on for anyone coming home late.,protag,shonen,slice,military,samurai,nonbinary,human,17–19,Mediterranean slice of life / military character design
v4_lead_shojo_001,Ruoxi Tan,Machine-Bay Homeroom Pathfinder,Machine Bay Homeroom,cast/v4/v4_lead_shojo_001.webp,"Ruoxi packs for emergencies and forgets ordinary things. In a crisis, Ruoxi makes space for small comforts when tension rises.",protag,shojo,mecha,slice,horror,female,human,17–19,Chinese diaspora mecha / slice of life character design
v4_lead_shojo_002,Rendra Santoso,Hangar Touchline Ace,Hangar Touchline,cast/v4/v4_lead_shojo_002.webp,"Rendra repairs first and explains later, while outside the big moments Rendra keeps one seat empty until everyone arrives.",protag,shojo,mecha,sports,magical,male,human,17–19,Indonesian mecha / sports character design
v4_lead_shojo_003,Seoyeon Kim,Gearline Stage-Light Runner,Gearline Stage Light,cast/v4/v4_lead_shojo_003.webp,"Seoyeon makes tea before delivering bad news; when it matters, Seoyeon turns nerves into rhythm once the spotlight lands.",protag,shojo,mecha,idol,cooking,female,human,17–19,Korean mecha / idol character design
v4_lead_shojo_004,Asha Tadesse,Servo Comic Seeker,Servo Comic,cast/v4/v4_lead_shojo_004.webp,"Asha trusts machines only after testing them under pressure. Away from the pressure, Asha always checks whether the quietest person agrees.",protag,shojo,mecha,comedy,survival,female,human,20–29,East African mecha / comedy character design
v4_lead_shojo_005,Jalen Francis,Prototype Banner Trailblazer,Prototype Banner,cast/v4/v4_lead_shojo_005.webp,"Jalen keeps one old map even after learning the route; under pressure, Jalen expects structure to serve the team rather than the reverse.",protag,shojo,mecha,military,martial,male,human,20–29,Afro-Caribbean mecha / military character design
v4_lead_shojo_006,Dion Rallis,Second-World After-Dark Front-Runner,Second World After Dark,cast/v4/v4_lead_shojo_006.webp,"Dion looks for the local custom before reaching for assumptions, but Dion also writes down compliments because saying them is harder.",protag,shojo,isekai,horror,military,nonbinary,human,17–19,Greek isekai / horror character design
v4_lead_shojo_007,Morag Munro,Stranger-Road Moonletter Pathfinder,Stranger Road Moonletter,cast/v4/v4_lead_shojo_007.webp,"Morag always returns to unfinished work before starting something flashy; alongside that, Morag protects vulnerable conversations from becoming public theatre.",protag,shojo,isekai,romance,cooking,female,human,20–29,Scottish isekai / romance character design
v4_lead_shojo_008,Tuna Kaya,Portal Sparkle Ace,Portal Sparkle,cast/v4/v4_lead_shojo_008.webp,Tuna asks practical questions when the world stops making sense; friends also know Tuna keeps one tiny repair kit close at hand.,protag,shojo,isekai,magical,shinobi,male,human,20–29,Turkish isekai / magical character design
v4_lead_shojo_009,Althea Pappas,Homeroom Fastbreak Runner,Homeroom Fastbreak,cast/v4/v4_lead_shojo_009.webp,"Althea remembers who stayed behind to help clean up. In a crisis, Althea would rather restart honestly than accept a hollow win.",protag,shojo,slice,sports,fantasy,female,human,17–19,Greek slice of life / sports character design
v4_lead_shojo_010,Kavya Kapoor,Neighborhood Orbital Seeker,Neighborhood Orbital,cast/v4/v4_lead_shojo_010.webp,"Kavya makes space for small comforts when tension rises, while outside the big moments Kavya would rather admit uncertainty than fake confidence.",protag,shojo,slice,space,magical,female,human,17–19,Indian slice of life / space character design
v4_lead_shojo_011,Thanat Chaiya,Grave-Light Glitchline Trailblazer,Grave Light Glitchline,cast/v4/v4_lead_shojo_011.webp,"Thanat leaves notes instead of dramatic speeches; when it matters, Thanat treats information as useful only when somebody can act on it.",protag,shojo,horror,cyber,mystery,male,human,20–29,Thai horror / cyber character design
v4_lead_shojo_012,Kae Lewis,Dreadhouse Encore Front-Runner,Dreadhouse Encore,cast/v4/v4_lead_shojo_012.webp,"Kae checks on the quietest person before checking the exit. Away from the pressure, Kae keeps one small kindness in reserve.",protag,shojo,horror,idol,supernatural,nonbinary,human,20–29,Afro-Caribbean horror / idol character design
v4_lead_shojo_013,Yrsa Dahl,Haunted Pantry Pathfinder,Haunted Pantry,cast/v4/v4_lead_shojo_013.webp,"Yrsa keeps a tiny notebook of useful mistakes; under pressure, Yrsa believes care is easier to trust when it arrives warm.",protag,shojo,horror,cooking,nordic,female,human,20–29,Scandinavian horror / cooking character design
v4_lead_shojo_014,Junwei Fang,After-Dark Voidlane Ace,After Dark Voidlane,cast/v4/v4_lead_shojo_014.webp,"Junwei stays steady when a room starts feeling wrong, but Junwei also always notices who has gone quiet.",protag,shojo,horror,space,samurai,male,human,20–29,Chinese diaspora horror / space character design
v4_lead_shojo_015,Elena Navarro,Midnight Wishlight Runner,Midnight Wishlight,cast/v4/v4_lead_shojo_015.webp,"Elena saves the best snack for whoever worked latest; alongside that, Elena makes room for wonder without becoming careless.",protag,shojo,horror,magical,martial,female,human,17–19,Mexican horror / magical character design
v4_lead_shojo_016,Naledi Mokoena,Grave-Light Last-Light Seeker,Grave Light Last Light,cast/v4/v4_lead_shojo_016.webp,Naledi does not let fear turn other people into punchlines; friends also know Naledi writes reminders on the backs of receipts.,protag,shojo,horror,survival,shinobi,female,human,20–29,Southern African horror / survival character design
v4_lead_shojo_017,Nikodem Lis,Dreadhouse Freewind Trailblazer,Dreadhouse Freewind,cast/v4/v4_lead_shojo_017.webp,"Nikodem takes the long route when someone needs company. In a crisis, Nikodem treats a bad map as a starting point rather than a disaster.",protag,shojo,horror,pirate,mythology,male,human,20–29,Polish horror / pirate character design
v4_lead_shojo_018,Lin Liu,Moonletter Enchanted Front-Runner,Moonletter Enchanted,cast/v4/v4_lead_shojo_018.webp,"Lin takes affection seriously without making it solemn, while outside the big moments Lin keeps one lucky coin and refuses to explain it.",protag,shojo,romance,fantasy,martial,nonbinary,human,17–19,Chinese diaspora romance / fantasy character design
v4_lead_shojo_019,Nao Matsuda,Podium Datastream Pathfinder,Podium Datastream,cast/v4/v4_lead_shojo_019.webp,"Nao returns borrowed things cleaner than they arrived; when it matters, Nao treats information as useful only when somebody can act on it.",protag,shojo,sports,cyber,martial,female,human,17–19,Japanese sports / cyber character design
v4_lead_shojo_020,Hamza Malik,Relay Saffron Ace,Relay Saffron,cast/v4/v4_lead_shojo_020.webp,"Hamza measures trust by effort rather than speeches. Away from the pressure, Hamza gets quieter as the stakes get higher.",protag,shojo,sports,cooking,mythology,male,human,17–19,Pakistani sports / cooking character design
v4_lead_shojo_021,Romi Campbell,Datastream Questroad Runner,Datastream Questroad,cast/v4/v4_lead_shojo_021.webp,"Romi keeps a spare pen for people who never do; under pressure, Romi treats strange rules as invitations to learn.",protag,shojo,cyber,fantasy,shinobi,female,human,17–19,Black British cyber / fantasy character design
v4_lead_shojo_022,Talia Reid,Network Stewpot Seeker,Network Stewpot,cast/v4/v4_lead_shojo_022.webp,"Talia treats information as useful only when somebody can act on it, but Talia also remembers tiny kindnesses for years.",protag,shojo,cyber,cooking,pirate,female,human,20–29,Afro-Caribbean cyber / cooking character design
v4_lead_shojo_023,Theo Markou,Signal Command-Post Trailblazer,Signal Command Post,cast/v4/v4_lead_shojo_023.webp,"Theo carries one completely impractical good-luck charm; alongside that, Theo expects structure to serve the team rather than the reverse.",protag,shojo,cyber,military,survival,male,human,20–29,Greek cyber / military character design
v4_lead_shojo_024,Iman Nasser,Glitchline Moonbow Front-Runner,Glitchline Moonbow,cast/v4/v4_lead_shojo_024.webp,Iman spots the human mistake hiding inside a technical problem; friends also know Iman leaves one light on for anyone coming home late.,protag,shojo,cyber,magical,samurai,nonbinary,human,17–19,Arab cyber / magical character design
v4_lead_shojo_025,Suda Thamrong,Spellwood Spotlight Pathfinder,Spellwood Spotlight,cast/v4/v4_lead_shojo_025.webp,"Suda packs for emergencies and forgets ordinary things. In a crisis, Suda turns nerves into rhythm once the spotlight lands.",protag,shojo,fantasy,idol,survival,female,human,17–19,Thai fantasy / idol character design
v4_lead_shojo_026,Kaan Aydin,Sigil Casefile Ace,Sigil Casefile,cast/v4/v4_lead_shojo_026.webp,"Kaan meets wonder with curiosity instead of obedience, while outside the big moments Kaan keeps one seat empty until everyone arrives.",protag,shojo,fantasy,mystery,cooking,male,human,20–29,Turkish fantasy / mystery character design
v4_lead_shojo_027,Noemi Bellini,Enchanted Frontline Runner,Enchanted Frontline,cast/v4/v4_lead_shojo_027.webp,"Noemi makes tea before delivering bad news; when it matters, Noemi expects structure to serve the team rather than the reverse.",protag,shojo,fantasy,military,space,female,human,17–19,Mediterranean fantasy / military character design
v4_lead_shojo_028,Zola Owusu,Faelight Sea-Road Seeker,Faelight Sea Road,cast/v4/v4_lead_shojo_028.webp,"Zola treats strange rules as invitations to learn. Away from the pressure, Zola always checks whether the quietest person agrees.",protag,shojo,fantasy,pirate,samurai,female,human,20–29,Black British fantasy / pirate character design
v4_lead_shojo_029,Daniyal Hussain,Casefile Comic Trailblazer,Casefile Comic,cast/v4/v4_lead_shojo_029.webp,"Daniyal keeps one old map even after learning the route; under pressure, Daniyal knows when a joke will help and when silence will.",protag,shojo,mystery,comedy,military,male,human,20–29,Pakistani mystery / comedy character design
v4_lead_shojo_030,Camille Vidal,Deadpan Saffron Front-Runner,Deadpan Saffron,cast/v4/v4_lead_shojo_030.webp,"Camille uses mischief to open doors rather than close them, but Camille also writes down compliments because saying them is harder.",protag,shojo,comedy,cooking,samurai,nonbinary,human,17–19,French comedy / cooking character design
v4_lead_shojo_031,Ayame Kobayashi,Comic Deep-Sky Pathfinder,Comic Deep Sky,cast/v4/v4_lead_shojo_031.webp,"Ayame always returns to unfinished work before starting something flashy; alongside that, Ayame treats distance as something to cross rather than admire.",protag,shojo,comedy,space,shinobi,female,human,20–29,Japanese comedy / space character design
v4_lead_shojo_032,Rui Costa,Punchline Iron-Hand Ace,Punchline Iron Hand,cast/v4/v4_lead_shojo_032.webp,Rui cuts tension with timing that never targets the vulnerable; friends also know Rui keeps one tiny repair kit close at hand.,protag,shojo,comedy,martial,mythology,male,human,20–29,Brazilian comedy / martial arts character design
v4_lead_shojo_033,Serena Serra,Stewpot Station Runner,Stewpot Station,cast/v4/v4_lead_shojo_033.webp,"Serena remembers who stayed behind to help clean up. In a crisis, Serena treats distance as something to cross rather than admire.",protag,shojo,cooking,space,martial,female,human,17–19,Mediterranean cooking / space character design
v4_lead_shojo_034,Xinyi Liu,Otherworld Legend Seeker,Otherworld Legend,cast/v4/v4_lead_shojo_034.webp,"Xinyi treats strange phenomena as real without making them sacred, while outside the big moments Xinyi would rather admit uncertainty than fake confidence.",protag,shojo,supernatural,mythology,samurai,female,human,20–29,Chinese diaspora supernatural / mythology character design
v4_lead_shojo_035,Finlay Boyd,Wayfarer Trail Trailblazer,Wayfarer Trail,cast/v4/v4_lead_shojo_035.webp,"Finlay leaves notes instead of dramatic speeches; when it matters, Finlay always saves one reserve for the person who runs out first.",protag,shojo,isekai,survival,pirate,male,human,20–29,Scottish isekai / survival character design
v4_lead_shojo_036,Aom Wongsa,Corner-Shop Mischief Front-Runner,Corner Shop Mischief,cast/v4/v4_lead_shojo_036.webp,"Aom remembers the little jobs nobody puts on a schedule. Away from the pressure, Aom keeps one small kindness in reserve.",protag,shojo,slice,comedy,romance,nonbinary,human,17–19,Thai slice of life / comedy character design
v4_lead_shojo_037,Yildiz Demir,Training-Ground Moon-Echo Pathfinder,Training Ground Moon Echo,cast/v4/v4_lead_shojo_037.webp,"Yildiz keeps a tiny notebook of useful mistakes; under pressure, Yildiz treats strange phenomena as real without making them sacred.",protag,shojo,sports,supernatural,military,female,human,17–19,Turkish sports / supernatural character design
v4_lead_shojo_038,Duy Do,Stewpot Haunting Ace,Stewpot Haunting,cast/v4/v4_lead_shojo_038.webp,"Duy reads mood the way other people read seasoning, but Duy also always notices who has gone quiet.",protag,shojo,cooking,supernatural,magical,male,human,20–29,Vietnamese cooking / supernatural character design
v4_lead_shojo_039,Eliza Mazur,Questroad Moonbow Runner,Questroad Moonbow,cast/v4/v4_lead_shojo_039.webp,"Eliza saves the best snack for whoever worked latest; alongside that, Eliza makes room for wonder without becoming careless.",protag,shojo,fantasy,magical,comedy,female,human,17–19,Polish fantasy / magical character design
v4_lead_shojo_040,Livia Costa,Heartline Northwind Seeker,Heartline Northwind,cast/v4/v4_lead_shojo_040.webp,Livia protects vulnerable conversations from becoming public theatre; friends also know Livia writes reminders on the backs of receipts.,protag,shojo,romance,nordic,cyber,female,human,20–29,Brazilian romance / nordic character design
v4_lead_shojo_041,Thanat Thamrong,Datastream Casefile Trailblazer,Datastream Casefile,cast/v4/v4_lead_shojo_041.webp,"Thanat takes the long route when someone needs company. In a crisis, Thanat asks the useful question after everyone else has run out of clever ones.",protag,shojo,cyber,mystery,shinobi,male,human,20–29,Thai cyber / mystery character design
v4_sidekick_shonen_001,Noel Edwards,Servo Quiet-Day Guide,Servo Quiet Day,cast/v4/v4_sidekick_shonen_001.webp,"Noel repairs first and explains later, while outside the big moments Noel keeps one lucky coin and refuses to explain it.",secondary,shonen,mecha,slice,horror,male,human,17–19,Black British mecha / slice of life character design
v4_sidekick_shonen_002,Tove Aasen,Prototype Rosebound Aide,Prototype Rosebound,cast/v4/v4_sidekick_shonen_002.webp,"Tove returns borrowed things cleaner than they arrived; when it matters, Tove takes affection seriously without making it solemn.",secondary,shonen,mecha,romance,mystery,female,human,17–19,Scandinavian mecha / romance character design
v4_sidekick_shonen_003,Duy Huynh,Machine-Bay Relay Keeper,Machine Bay Relay,cast/v4/v4_sidekick_shonen_003.webp,"Duy trusts machines only after testing them under pressure. Away from the pressure, Duy gets quieter as the stakes get higher.",secondary,shonen,mecha,sports,shinobi,male,human,17–19,Vietnamese mecha / sports character design
v4_sidekick_shonen_004,Esme Farrow,Hangar Chorus Fixer,Hangar Chorus,cast/v4/v4_sidekick_shonen_004.webp,"Esme keeps a spare pen for people who never do; under pressure, Esme protects the backstage people as fiercely as the headline act.",secondary,shonen,mecha,idol,martial,female,human,20–29,mixed diaspora mecha / idol character design
v4_sidekick_shonen_005,Ari Reid,Gearline Freewind Confidant,Gearline Freewind,cast/v4/v4_sidekick_shonen_005.webp,"Ari hears a bad bearing before anyone sees the fault, but Ari also remembers tiny kindnesses for years.",secondary,shonen,mecha,pirate,mythology,nonbinary,human,17–19,Afro-Caribbean mecha / pirate character design
v4_sidekick_shonen_006,Yichen Wu,Crossing Quiet-Day Understudy,Crossing Quiet Day,cast/v4/v4_sidekick_shonen_006.webp,"Yichen carries one completely impractical good-luck charm; alongside that, Yichen remembers the little jobs nobody puts on a schedule.",secondary,shonen,isekai,slice,fantasy,male,human,17–19,Chinese diaspora isekai / slice of life character design
v4_sidekick_shonen_007,Tara Mehrabi,Wayfarer Rosebound Guide,Wayfarer Rosebound,cast/v4/v4_sidekick_shonen_007.webp,Tara asks practical questions when the world stops making sense; friends also know Tara leaves one light on for anyone coming home late.,secondary,shonen,isekai,romance,idol,female,human,17–19,Persian isekai / romance character design
v4_sidekick_shonen_008,Thiago Souza,Second-World Relay Aide,Second World Relay,cast/v4/v4_sidekick_shonen_008.webp,"Thiago packs for emergencies and forgets ordinary things. In a crisis, Thiago finds out who keeps moving when nobody is cheering.",secondary,shonen,isekai,sports,supernatural,male,human,20–29,Brazilian isekai / sports character design
v4_sidekick_shonen_009,Thao Pham,Stranger-Road Formation Keeper,Stranger Road Formation,cast/v4/v4_sidekick_shonen_009.webp,"Thao treats impossible rules as something to learn rather than fear, while outside the big moments Thao keeps one seat empty until everyone arrives.",secondary,shonen,isekai,military,samurai,female,human,17–19,Vietnamese isekai / military character design
v4_sidekick_shonen_010,Zephyr Alexiou,Portal Stardust Fixer,Portal Stardust,cast/v4/v4_sidekick_shonen_010.webp,"Zephyr makes tea before delivering bad news; when it matters, Zephyr believes a little spectacle is worthwhile when it gives people courage.",secondary,shonen,isekai,magical,martial,nonbinary,human,17–19,Greek isekai / magical character design
v4_sidekick_shonen_011,Noel Walters,Crossing Shelter Confidant,Crossing Shelter,cast/v4/v4_sidekick_shonen_011.webp,"Noel looks for the local custom before reaching for assumptions. Away from the pressure, Noel always checks whether the quietest person agrees.",secondary,shonen,isekai,survival,shinobi,male,human,17–19,Black British isekai / survival character design
v4_sidekick_shonen_012,Rafaela Moura,Neighborhood Rosebound Understudy,Neighborhood Rosebound,cast/v4/v4_sidekick_shonen_012.webp,"Rafaela keeps one old map even after learning the route; under pressure, Rafaela takes affection seriously without making it solemn.",secondary,shonen,slice,romance,shinobi,female,human,20–29,Brazilian slice of life / romance character design
v4_sidekick_shonen_013,Zayan Sheikh,Corner-Shop Spotlight Guide,Corner Shop Spotlight,cast/v4/v4_sidekick_shonen_013.webp,"Zayan notices the ordinary routine holding everyone together, but Zayan also writes down compliments because saying them is harder.",secondary,shonen,slice,idol,supernatural,male,human,17–19,Pakistani slice of life / idol character design
v4_sidekick_shonen_014,Busisiwe Petersen,Quiet-Day Casefile Aide,Quiet Day Casefile,cast/v4/v4_sidekick_shonen_014.webp,"Busisiwe always returns to unfinished work before starting something flashy; alongside that, Busisiwe does not confuse secrecy with depth.",secondary,shonen,slice,mystery,mythology,female,human,17–19,Southern African slice of life / mystery character design
v4_sidekick_shonen_015,Renjiro Hoshino,Everyday Stardust Keeper,Everyday Stardust,cast/v4/v4_sidekick_shonen_015.webp,Renjiro makes space for small comforts when tension rises; friends also know Renjiro keeps one tiny repair kit close at hand.,secondary,shonen,slice,magical,pirate,nonbinary,human,17–19,Japanese slice of life / magical character design
v4_sidekick_shonen_016,Kossi Sow,After-Dark Keepsake Fixer,After Dark Keepsake,cast/v4/v4_sidekick_shonen_016.webp,"Kossi remembers who stayed behind to help clean up. In a crisis, Kossi takes affection seriously without making it solemn.",secondary,shonen,horror,romance,survival,male,human,20–29,West African horror / romance character design
v4_sidekick_shonen_017,Kalila Navarro,Midnight Backstage Confidant,Midnight Backstage,cast/v4/v4_sidekick_shonen_017.webp,"Kalila checks on the quietest person before checking the exit, while outside the big moments Kalila would rather admit uncertainty than fake confidence.",secondary,shonen,horror,idol,samurai,female,human,17–19,Filipino horror / idol character design
v4_sidekick_shonen_018,Karim Haddad,Rosebound Spirit Understudy,Rosebound Spirit,cast/v4/v4_sidekick_shonen_018.webp,"Karim leaves notes instead of dramatic speeches; when it matters, Karim stays gentle with things everyone else finds unsettling.",secondary,shonen,romance,supernatural,space,male,human,17–19,Arab romance / supernatural character design
v4_sidekick_shonen_019,Celeste Roux,Keepsake Deckside Guide,Keepsake Deckside,cast/v4/v4_sidekick_shonen_019.webp,"Celeste hears what people mean when they cannot quite say it. Away from the pressure, Celeste keeps one small kindness in reserve.",secondary,shonen,romance,pirate,samurai,female,human,17–19,French romance / pirate character design
v4_sidekick_shonen_020,Avery Campbell,Faelight Stewpot Aide,Faelight Stewpot,cast/v4/v4_sidekick_shonen_020.webp,"Avery keeps a tiny notebook of useful mistakes; under pressure, Avery treats a shared meal as a small agreement.",secondary,shonen,fantasy,cooking,nordic,nonbinary,human,20–29,Black British fantasy / cooking character design
v4_sidekick_shonen_021,Kaan Tas,Chorus Station Keeper,Chorus Station,cast/v4/v4_sidekick_shonen_021.webp,"Kaan turns nerves into rhythm once the spotlight lands, but Kaan also always notices who has gone quiet.",secondary,shonen,idol,space,nordic,male,human,17–19,Turkish idol / space character design
v4_sidekick_shonen_022,Runa Mercer,Cipher Comic Fixer,Cipher Comic,cast/v4/v4_sidekick_shonen_022.webp,"Runa saves the best snack for whoever worked latest; alongside that, Runa uses mischief to open doors rather than close them.",secondary,shonen,mystery,comedy,space,female,human,17–19,mixed diaspora mystery / comedy character design
v4_sidekick_shonen_023,Minh Tran,Kitchen Banner Confidant,Kitchen Banner,cast/v4/v4_sidekick_shonen_023.webp,Minh treats a shared meal as a small agreement; friends also know Minh writes reminders on the backs of receipts.,secondary,shonen,cooking,military,space,male,human,17–19,Vietnamese cooking / military character design
v4_sidekick_shonen_024,Callia Pappas,Command-Post Otherworld Understudy,Command Post Otherworld,cast/v4/v4_sidekick_shonen_024.webp,"Callia takes the long route when someone needs company. In a crisis, Callia stays gentle with things everyone else finds unsettling.",secondary,shonen,military,supernatural,martial,female,human,20–29,Greek military / supernatural character design
v4_sidekick_shonen_025,Rayan Khalil,Moon-Echo Stardust Guide,Moon Echo Stardust,cast/v4/v4_sidekick_shonen_025.webp,"Rayan accepts the uncanny without losing interest in the person inside it, while outside the big moments Rayan keeps one lucky coin and refuses to explain it.",secondary,shonen,supernatural,magical,mythology,nonbinary,human,17–19,Arab supernatural / magical character design
v4_sidekick_shonen_026,Faris Haddad,Deep-Sky Sparkle Aide,Deep Sky Sparkle,cast/v4/v4_sidekick_shonen_026.webp,"Faris returns borrowed things cleaner than they arrived; when it matters, Faris believes a little spectacle is worthwhile when it gives people courage.",secondary,shonen,space,magical,shinobi,male,human,17–19,Arab space / magical character design
v4_sidekick_shonen_027,Mali Wongsa,Orbital Emberpack Keeper,Orbital Emberpack,cast/v4/v4_sidekick_shonen_027.webp,"Mali treats distance as something to cross rather than admire. Away from the pressure, Mali gets quieter as the stakes get higher.",secondary,shonen,space,survival,samurai,female,human,17–19,Thai space / survival character design
v4_sidekick_shonen_028,Arjun Rao,Legend Oath Fixer,Legend Oath,cast/v4/v4_sidekick_shonen_028.webp,"Arjun keeps a spare pen for people who never do; under pressure, Arjun believes restraint is part of courage.",secondary,shonen,mythology,samurai,shinobi,male,human,20–29,Indian mythology / samurai character design
v4_sidekick_shonen_029,Xinyi Fang,Keepsake Questroad Confidant,Keepsake Questroad,cast/v4/v4_sidekick_shonen_029.webp,"Xinyi takes affection seriously without making it solemn, but Xinyi also remembers tiny kindnesses for years.",secondary,shonen,romance,fantasy,sports,female,human,17–19,Chinese diaspora romance / fantasy character design
v4_sidekick_shonen_030,Kai Mazur,Touchline Clue Understudy,Touchline Clue,cast/v4/v4_sidekick_shonen_030.webp,"Kai carries one completely impractical good-luck charm; alongside that, Kai does not confuse secrecy with depth.",secondary,shonen,sports,mystery,cyber,nonbinary,human,17–19,Polish sports / mystery character design
v4_sidekick_shonen_031,Sipho Mokoena,Casefile Stance Guide,Casefile Stance,cast/v4/v4_sidekick_shonen_031.webp,Sipho keeps loose details until they connect; friends also know Sipho leaves one light on for anyone coming home late.,secondary,shonen,mystery,martial,nordic,male,human,17–19,Southern African mystery / martial arts character design
v4_sidekick_shonen_032,Kalila Soriano,Neon Moonbow Aide,Neon Moonbow,cast/v4/v4_sidekick_shonen_032.webp,"Kalila packs for emergencies and forgets ordinary things. In a crisis, Kalila believes a little spectacle is worthwhile when it gives people courage.",secondary,shonen,cyber,magical,idol,female,human,20–29,Filipino cyber / magical character design
v4_sidekick_shonen_033,Abdi Hassan,Field-Order Tide Keeper,Field Order Tide,cast/v4/v4_sidekick_shonen_033.webp,"Abdi expects structure to serve the team rather than the reverse, while outside the big moments Abdi keeps one seat empty until everyone arrives.",secondary,shonen,military,pirate,survival,male,human,17–19,East African military / pirate character design
v4_sidekick_shonen_034,Dewi Pratama,Keepsake Old-God Fixer,Keepsake Old God,cast/v4/v4_sidekick_shonen_034.webp,"Dewi makes tea before delivering bad news; when it matters, Dewi asks what an old story was trying to protect.",secondary,shonen,romance,mythology,cooking,female,human,17–19,Indonesian romance / mythology character design
v4_sidekick_shonen_035,Rumi Malik,Everyday Haunted Confidant,Everyday Haunted,cast/v4/v4_sidekick_shonen_035.webp,"Rumi remembers the little jobs nobody puts on a schedule. Away from the pressure, Rumi always checks whether the quietest person agrees.",secondary,shonen,slice,horror,survival,nonbinary,human,17–19,Pakistani slice of life / horror character design
v4_sidekick_shojo_001,Naledi Nkosi,Servo Stranger-Road Partner,Servo Stranger Road,cast/v4/v4_sidekick_shojo_001.webp,"Naledi keeps one old map even after learning the route; under pressure, Naledi asks practical questions when the world stops making sense.",secondary,shojo,mecha,isekai,space,female,human,17–19,Southern African mecha / isekai character design
v4_sidekick_shojo_002,Faris Najjar,Prototype Datastream Broker,Prototype Datastream,cast/v4/v4_sidekick_shojo_002.webp,"Faris trusts machines only after testing them under pressure, but Faris also writes down compliments because saying them is harder.",secondary,shojo,mecha,cyber,supernatural,male,human,17–19,Arab mecha / cyber character design
v4_sidekick_shojo_003,Shuya Wu,Machine-Bay Spellwood Second,Machine Bay Spellwood,cast/v4/v4_sidekick_shojo_003.webp,"Shuya always returns to unfinished work before starting something flashy; alongside that, Shuya meets wonder with curiosity instead of obedience.",secondary,shojo,mecha,fantasy,comedy,female,human,17–19,Chinese diaspora mecha / fantasy character design
v4_sidekick_shojo_004,Chike Mensah,Hangar Last-Light Counterweight,Hangar Last Light,cast/v4/v4_sidekick_shojo_004.webp,Chike hears a bad bearing before anyone sees the fault; friends also know Chike keeps one tiny repair kit close at hand.,secondary,shojo,mecha,survival,nordic,male,human,20–29,West African mecha / survival character design
v4_sidekick_shojo_005,Rinako Fujimoto,Portal Haunted Spotter,Portal Haunted,cast/v4/v4_sidekick_shojo_005.webp,"Rinako remembers who stayed behind to help clean up. In a crisis, Rinako stays steady when a room starts feeling wrong.",secondary,shojo,isekai,horror,mystery,female,human,17–19,Japanese isekai / horror character design
v4_sidekick_shojo_006,Deniz Aydin,Crossing Network Handler,Crossing Network,cast/v4/v4_sidekick_shojo_006.webp,"Deniz asks practical questions when the world stops making sense, while outside the big moments Deniz would rather admit uncertainty than fake confidence.",secondary,shojo,isekai,cyber,pirate,nonbinary,human,17–19,Turkish isekai / cyber character design
v4_sidekick_shojo_007,Sabine Bernard,Wayfarer Comic Partner,Wayfarer Comic,cast/v4/v4_sidekick_shojo_007.webp,"Sabine leaves notes instead of dramatic speeches; when it matters, Sabine cuts tension with timing that never targets the vulnerable.",secondary,shojo,isekai,comedy,cooking,female,human,17–19,French isekai / comedy character design
v4_sidekick_shojo_008,Isao Okuno,Corner-Shop Relay Broker,Corner Shop Relay,cast/v4/v4_sidekick_shojo_008.webp,"Isao makes space for small comforts when tension rises. Away from the pressure, Isao keeps one small kindness in reserve.",secondary,shojo,slice,sports,cooking,male,human,20–29,Japanese slice of life / sports character design
v4_sidekick_shojo_009,Catriona Kerr,Quiet-Day Glitchline Second,Quiet Day Glitchline,cast/v4/v4_sidekick_shojo_009.webp,"Catriona keeps a tiny notebook of useful mistakes; under pressure, Catriona thinks in contingencies whenever a system starts drifting.",secondary,shojo,slice,cyber,comedy,female,human,17–19,Scottish slice of life / cyber character design
v4_sidekick_shojo_010,Kauri Te Aho,Everyday Starwake Counterweight,Everyday Starwake,cast/v4/v4_sidekick_shojo_010.webp,"Kauri remembers the little jobs nobody puts on a schedule, but Kauri also always notices who has gone quiet.",secondary,shojo,slice,space,martial,male,human,17–19,Maori/Pasifika slice of life / space character design
v4_sidekick_shojo_011,Naz Arslan,After-Dark Training-Ground Spotter,After Dark Training Ground,cast/v4/v4_sidekick_shojo_011.webp,"Naz saves the best snack for whoever worked latest; alongside that, Naz measures trust by effort rather than speeches.",secondary,shojo,horror,sports,nordic,female,human,17–19,Turkish horror / sports character design
v4_sidekick_shojo_012,Jules Bailey,Midnight Sigil Handler,Midnight Sigil,cast/v4/v4_sidekick_shojo_012.webp,Jules stays steady when a room starts feeling wrong; friends also know Jules writes reminders on the backs of receipts.,secondary,shojo,horror,fantasy,magical,nonbinary,human,20–29,Black British horror / fantasy character design
v4_sidekick_shojo_013,Ximena Reyes,Grave-Light Deadpan Partner,Grave Light Deadpan,cast/v4/v4_sidekick_shojo_013.webp,"Ximena takes the long route when someone needs company. In a crisis, Ximena cuts tension with timing that never targets the vulnerable.",secondary,shojo,horror,comedy,supernatural,female,human,17–19,Mexican horror / comedy character design
v4_sidekick_shojo_014,Cian Hale,Dreadhouse Tasting-Room Broker,Dreadhouse Tasting Room,cast/v4/v4_sidekick_shojo_014.webp,"Cian does not let fear turn other people into punchlines, while outside the big moments Cian keeps one lucky coin and refuses to explain it.",secondary,shojo,horror,cooking,pirate,male,human,17–19,mixed diaspora horror / cooking character design
v4_sidekick_shojo_015,Mina Farhadi,Haunted Iron-Hand Second,Haunted Iron Hand,cast/v4/v4_sidekick_shojo_015.webp,"Mina returns borrowed things cleaner than they arrived; when it matters, Mina listens with the patience of a trained stance.",secondary,shojo,horror,martial,mythology,female,human,17–19,Persian horror / martial arts character design
v4_sidekick_shojo_016,Noel Owusu,Confession Network Counterweight,Confession Network,cast/v4/v4_sidekick_shojo_016.webp,"Noel takes affection seriously without making it solemn. Away from the pressure, Noel gets quieter as the stakes get higher.",secondary,shojo,romance,cyber,nordic,male,human,20–29,Black British romance / cyber character design
v4_sidekick_shojo_017,Tove Dahl,Heartline Kitchen Spotter,Heartline Kitchen,cast/v4/v4_sidekick_shojo_017.webp,"Tove keeps a spare pen for people who never do; under pressure, Tove reads mood the way other people read seasoning.",secondary,shojo,romance,cooking,magical,female,human,17–19,Scandinavian romance / cooking character design
v4_sidekick_shojo_018,Jai Sen,Fastbreak Neon Handler,Fastbreak Neon,cast/v4/v4_sidekick_shojo_018.webp,"Jai measures trust by effort rather than speeches, but Jai also remembers tiny kindnesses for years.",secondary,shojo,sports,cyber,military,nonbinary,human,17–19,Indian sports / cyber character design
v4_sidekick_shojo_019,Camila Navarro,Training-Ground Mischief Partner,Training Ground Mischief,cast/v4/v4_sidekick_shojo_019.webp,"Camila carries one completely impractical good-luck charm; alongside that, Camila cuts tension with timing that never targets the vulnerable.",secondary,shojo,sports,comedy,samurai,female,human,17–19,Mexican sports / comedy character design
v4_sidekick_shojo_020,Leon Drakos,Touchline Starwake Broker,Touchline Starwake,cast/v4/v4_sidekick_shojo_020.webp,Leon would rather restart honestly than accept a hollow win; friends also know Leon leaves one light on for anyone coming home late.,secondary,shojo,sports,space,pirate,male,human,20–29,Greek sports / space character design
v4_sidekick_shojo_021,Maja Lis,Podium Shelter Second,Podium Shelter,cast/v4/v4_sidekick_shojo_021.webp,"Maja packs for emergencies and forgets ordinary things. In a crisis, Maja rations energy, supplies and hope with the same care.",secondary,shojo,sports,survival,martial,female,human,17–19,Polish sports / survival character design
v4_sidekick_shojo_022,Shunpei Ishibashi,Neon Voidlane Counterweight,Neon Voidlane,cast/v4/v4_sidekick_shojo_022.webp,"Shunpei spots the human mistake hiding inside a technical problem, while outside the big moments Shunpei keeps one seat empty until everyone arrives.",secondary,shojo,cyber,space,mythology,male,human,17–19,Japanese cyber / space character design
v4_sidekick_shojo_023,Ara Kim,Sigil Spotlight Spotter,Sigil Spotlight,cast/v4/v4_sidekick_shojo_023.webp,"Ara makes tea before delivering bad news; when it matters, Ara knows how to hold attention without demanding it.",secondary,shojo,fantasy,idol,shinobi,female,human,17–19,Korean fantasy / idol character design
v4_sidekick_shojo_024,Jai Iyer,Enchanted Casefile Handler,Enchanted Casefile,cast/v4/v4_sidekick_shojo_024.webp,"Jai meets wonder with curiosity instead of obedience. Away from the pressure, Jai always checks whether the quietest person agrees.",secondary,shojo,fantasy,mystery,pirate,nonbinary,human,20–29,Indian fantasy / mystery character design
v4_sidekick_shojo_025,Marley Francis,Faelight Frontline Partner,Faelight Frontline,cast/v4/v4_sidekick_shojo_025.webp,"Marley keeps one old map even after learning the route; under pressure, Marley likes plans that still make sense after people get tired.",secondary,shojo,fantasy,military,mythology,female,human,17–19,Afro-Caribbean fantasy / military character design
v4_sidekick_shojo_026,Omid Jafari,Questroad Haunting Broker,Questroad Haunting,cast/v4/v4_sidekick_shojo_026.webp,"Omid treats strange rules as invitations to learn, but Omid also writes down compliments because saying them is harder.",secondary,shojo,fantasy,supernatural,samurai,male,human,17–19,Persian fantasy / supernatural character design
v4_sidekick_shojo_027,Kalila Mercado,Spotlight Lockbox Second,Spotlight Lockbox,cast/v4/v4_sidekick_shojo_027.webp,"Kalila always returns to unfinished work before starting something flashy; alongside that, Kalila keeps loose details until they connect.",secondary,shojo,idol,mystery,cooking,female,human,17–19,Filipino idol / mystery character design
v4_sidekick_shojo_028,Alexios Drakos,Backstage Deadpan Counterweight,Backstage Deadpan,cast/v4/v4_sidekick_shojo_028.webp,Alexios protects the backstage people as fiercely as the headline act; friends also know Alexios keeps one tiny repair kit close at hand.,secondary,shojo,idol,comedy,mythology,male,human,20–29,Greek idol / comedy character design
v4_sidekick_shojo_029,Clarice Souza,Red-Thread Formation Spotter,Red Thread Formation,cast/v4/v4_sidekick_shojo_029.webp,"Clarice remembers who stayed behind to help clean up. In a crisis, Clarice likes plans that still make sense after people get tired.",secondary,shojo,mystery,military,shinobi,female,human,17–19,Brazilian mystery / military character design
v4_sidekick_shojo_030,Eshe Balde,Clue Moon-Echo Handler,Clue Moon Echo,cast/v4/v4_sidekick_shojo_030.webp,"Eshe keeps loose details until they connect, while outside the big moments Eshe would rather admit uncertainty than fake confidence.",secondary,shojo,mystery,supernatural,survival,nonbinary,human,17–19,West African mystery / supernatural character design
v4_sidekick_shojo_031,Marisol Cervantes,Mischief Command-Post Partner,Mischief Command Post,cast/v4/v4_sidekick_shojo_031.webp,"Marisol leaves notes instead of dramatic speeches; when it matters, Marisol likes plans that still make sense after people get tired.",secondary,shojo,comedy,military,survival,female,human,17–19,Mexican comedy / military character design
v4_sidekick_shojo_032,Veer Iyer,Deadpan Moonbow Broker,Deadpan Moonbow,cast/v4/v4_sidekick_shojo_032.webp,"Veer knows when a joke will help and when silence will. Away from the pressure, Veer keeps one small kindness in reserve.",secondary,shojo,comedy,magical,nordic,male,human,20–29,Indian comedy / magical character design
v4_sidekick_shojo_033,Anya Farrow,Comic Tide Second,Comic Tide,cast/v4/v4_sidekick_shojo_033.webp,"Anya keeps a tiny notebook of useful mistakes; under pressure, Anya answers pressure with a grin and a new route.",secondary,shojo,comedy,pirate,shinobi,female,human,17–19,mixed diaspora comedy / pirate character design
v4_sidekick_shojo_034,Dev Sen,Sea-Road Dojo Counterweight,Sea Road Dojo,cast/v4/v4_sidekick_shojo_034.webp,"Dev prefers clever freedom to loud rebellion, but Dev also always notices who has gone quiet.",secondary,shojo,pirate,martial,nordic,male,human,17–19,Indian pirate / martial arts character design
v4_sidekick_shojo_035,Mahnoor Rizvi,Haunted Frontline Spotter,Haunted Frontline,cast/v4/v4_sidekick_shojo_035.webp,"Mahnoor saves the best snack for whoever worked latest; alongside that, Mahnoor likes plans that still make sense after people get tired.",secondary,shojo,horror,military,space,female,human,17–19,Pakistani horror / military character design
v4_sidekick_shojo_036,Noor Mirza,Confession Training-Ground Handler,Confession Training Ground,cast/v4/v4_sidekick_shojo_036.webp,Noor hears what people mean when they cannot quite say it; friends also know Noor writes reminders on the backs of receipts.,secondary,shojo,romance,sports,idol,nonbinary,human,20–29,Pakistani romance / sports character design
v4_sidekick_shojo_037,Sade Sow,Prototype Moonbow Partner,Prototype Moonbow,cast/v4/v4_sidekick_shojo_037.webp,"Sade takes the long route when someone needs company. In a crisis, Sade treats delight as a skill worth protecting.",secondary,shojo,mecha,magical,sports,female,human,17–19,West African mecha / magical character design
v4_sidekick_shojo_038,Minh Pham,Datastream Trail Broker,Datastream Trail,cast/v4/v4_sidekick_shojo_038.webp,"Minh treats information as useful only when somebody can act on it, while outside the big moments Minh keeps one lucky coin and refuses to explain it.",secondary,shojo,cyber,survival,magical,male,human,17–19,Vietnamese cyber / survival character design
v4_mascot_shonen_001,Kettle,Gearline Guardian,Gearline Relay,cast/v4/v4_mascot_shonen_001.webp,"Kettle returns borrowed things cleaner than they arrived; when it matters, Kettle treats impossible rules as something to learn rather than fear.",pet,shonen,mecha,isekai,supernatural,male,service robot,adult-equivalent,near-future workshop fiction
v4_mascot_shonen_002,Orbi,Servo Buddy,Servo Deadpan,cast/v4/v4_mascot_shonen_002.webp,"Orbi repairs first and explains later. Away from the pressure, Orbi gets quieter as the stakes get higher.",pet,shonen,mecha,comedy,nordic,female,orbital helper drone,adult-equivalent,near-future gadget fiction
v4_mascot_shonen_003,Moro,Wayfarer Sidekick,Wayfarer Homeroom,cast/v4/v4_mascot_shonen_003.webp,"Moro keeps a spare pen for people who never do; under pressure, Moro makes space for small comforts when tension rises.",pet,shonen,isekai,slice,magical,male,spirit fox,juvenile,storybook fox-familiar fantasy
v4_mascot_shonen_004,Moppet,Second-World Familiar,Second World Touchline,cast/v4/v4_mascot_shonen_004.webp,"Moppet treats impossible rules as something to learn rather than fear, but Moppet also remembers tiny kindnesses for years.",pet,shonen,isekai,sports,mystery,female,terrier puppy,juvenile,everyday companion adventure
v4_mascot_shonen_005,Melo,Stranger-Road Helper,Stranger Road Command Post,cast/v4/v4_mascot_shonen_005.webp,"Melo carries one completely impractical good-luck charm; alongside that, Melo expects structure to serve the team rather than the reverse.",pet,shonen,isekai,military,space,male,field scout robot,adult-equivalent,near-future workshop fiction
v4_mascot_shonen_006,Moss,Portal Mascot,Portal Emberpack,cast/v4/v4_mascot_shonen_006.webp,Moss looks for the local custom before reaching for assumptions; friends also know Moss leaves one light on for anyone coming home late.,pet,shonen,isekai,survival,mythology,female,tree frog,juvenile,wetland field folklore
v4_mascot_shonen_007,Cloak,Homeroom Guardian,Homeroom Midnight,cast/v4/v4_mascot_shonen_007.webp,"Cloak packs for emergencies and forgets ordinary things. In a crisis, Cloak does not let fear turn other people into punchlines.",pet,shonen,slice,horror,romance,male,black cat,juvenile,urban occult fantasy
v4_mascot_shonen_008,Whim,Neighborhood Buddy,Neighborhood Casefile,cast/v4/v4_mascot_shonen_008.webp,"Whim notices the ordinary routine holding everyone together, while outside the big moments Whim keeps one seat empty until everyone arrives.",pet,shonen,slice,mystery,nordic,female,hooded terrier detective,juvenile,storybook neighborhood mystery
v4_mascot_shonen_009,Scruff,Corner-Shop Sidekick,Corner Shop Uproar,cast/v4/v4_mascot_shonen_009.webp,"Scruff makes tea before delivering bad news; when it matters, Scruff knows when a joke will help and when silence will.",pet,shonen,slice,comedy,cooking,male,scruffy terrier,adult animal,everyday companion adventure
v4_mascot_shonen_010,Mimi,Quiet-Day Familiar,Quiet Day Haunting,cast/v4/v4_mascot_shonen_010.webp,"Mimi makes space for small comforts when tension rises. Away from the pressure, Mimi always checks whether the quietest person agrees.",pet,shonen,slice,supernatural,martial,female,ghost rabbit spirit,juvenile,storybook wonderland
v4_mascot_shonen_011,Ripley,Everyday Helper,Everyday Keel,cast/v4/v4_mascot_shonen_011.webp,"Ripley keeps one old map even after learning the route; under pressure, Ripley treats a bad map as a starting point rather than a disaster.",pet,shonen,slice,pirate,samurai,male,otter deckhand,juvenile,harbor adventure fiction
v4_mascot_shonen_012,Latch,Confession Mascot,Confession Cipher,cast/v4/v4_mascot_shonen_012.webp,"Latch takes affection seriously without making it solemn, but Latch also writes down compliments because saying them is harder.",pet,shonen,romance,mystery,martial,female,raccoon detective,adult animal,cozy scavenger caper
v4_mascot_shonen_013,Quill,Heartline Guardian,Heartline Deckside,cast/v4/v4_mascot_shonen_013.webp,"Quill always returns to unfinished work before starting something flashy; alongside that, Quill treats a bad map as a starting point rather than a disaster.",pet,shonen,romance,pirate,shinobi,male,dove courier,adult animal,storybook courier adventure
v4_mascot_shonen_014,Yori,Rosebound Buddy,Rosebound Oracle,cast/v4/v4_mascot_shonen_014.webp,Yori hears what people mean when they cannot quite say it; friends also know Yori keeps one tiny repair kit close at hand.,pet,shonen,romance,mythology,samurai,female,fox familiar,juvenile,storybook fox-familiar fantasy
v4_mascot_shonen_015,Hush,Training-Ground Sidekick,Training Ground Station,cast/v4/v4_mascot_shonen_015.webp,"Hush remembers who stayed behind to help clean up. In a crisis, Hush treats distance as something to cross rather than admire.",pet,shonen,sports,space,magical,male,owl runner,adult animal,hearthside folklore
v4_mascot_shonen_016,Torax,Touchline Familiar,Touchline Sparring,cast/v4/v4_mascot_shonen_016.webp,"Torax would rather restart honestly than accept a hollow win, while outside the big moments Torax would rather admit uncertainty than fake confidence.",pet,shonen,sports,martial,shinobi,female,tiger cub,juvenile,martial mascot fiction
v4_mascot_shonen_017,Nori,Glitchline Helper,Glitchline Orbital,cast/v4/v4_mascot_shonen_017.webp,"Nori leaves notes instead of dramatic speeches; when it matters, Nori treats distance as something to cross rather than admire.",pet,shonen,cyber,space,mythology,male,crawler robot,adult-equivalent,near-future workshop fiction
v4_mascot_shonen_018,Rinny,Spellwood Mascot,Spellwood Casefile,cast/v4/v4_mascot_shonen_018.webp,"Rinny keeps one practical foot on the ground around impossible things. Away from the pressure, Rinny keeps one small kindness in reserve.",pet,shonen,fantasy,mystery,space,female,raccoon scout,adult animal,cozy scavenger caper
v4_mascot_shonen_019,Tuppence,Backstage Guardian,Backstage Clue,cast/v4/v4_mascot_shonen_019.webp,"Tuppence keeps a tiny notebook of useful mistakes; under pressure, Tuppence asks the useful question after everyone else has run out of clever ones.",pet,shonen,idol,mystery,supernatural,male,songbird idol,juvenile,stage-and-sky storybook
v4_mascot_shonen_020,Purl,Red-Thread Buddy,Red Thread Pantry,cast/v4/v4_mascot_shonen_020.webp,"Purl keeps loose details until they connect, but Purl also always notices who has gone quiet.",pet,shonen,mystery,cooking,military,female,owl chef,adult animal,hearthside folklore
v4_mascot_shonen_021,Kuma,Clue Sidekick,Clue Moonbow,cast/v4/v4_mascot_shonen_021.webp,"Kuma saves the best snack for whoever worked latest; alongside that, Kuma makes room for wonder without becoming careless.",pet,shonen,mystery,magical,samurai,male,red panda crystal scout,juvenile,cozy kitchen fantasy
v4_mascot_shonen_022,Mika,Formation Familiar,Formation Open Hand,cast/v4/v4_mascot_shonen_022.webp,Mika expects structure to serve the team rather than the reverse; friends also know Mika writes reminders on the backs of receipts.,pet,shonen,military,martial,mythology,female,tiger cadet,juvenile,martial mascot fiction
v4_mascot_shonen_023,Puck,Banner Helper,Banner Cold Harbor,cast/v4/v4_mascot_shonen_023.webp,"Puck takes the long route when someone needs company. In a crisis, Puck trusts shared labor more than ceremonial speeches.",pet,shonen,military,nordic,samurai,male,puffin ranger,adult animal,cold-coast seabird adventure
v4_mascot_shonen_024,Clack,Voidlane Mascot,Voidlane Freewind,cast/v4/v4_mascot_shonen_024.webp,"Clack plans for isolation without surrendering to it, while outside the big moments Clack keeps one lucky coin and refuses to explain it.",pet,shonen,space,pirate,nordic,female,red crab,adult animal,dockside comedy adventure
v4_mascot_shonen_025,Jella,Station Guardian,Station Stance,cast/v4/v4_mascot_shonen_025.webp,"Jella returns borrowed things cleaner than they arrived; when it matters, Jella values control more than the appearance of strength.",pet,shonen,space,martial,samurai,male,jellyfish spirit,ageless,invented spirit folklore
v4_mascot_shonen_026,Zuzu,Stardust Buddy,Stardust Sparring,cast/v4/v4_mascot_shonen_026.webp,"Zuzu treats delight as a skill worth protecting. Away from the pressure, Zuzu gets quieter as the stakes get higher.",pet,shonen,magical,martial,nordic,female,crystal fox,juvenile,storybook fox-familiar fantasy
v4_mascot_shonen_027,Mimlet,Charmwork Sidekick,Charmwork Relic,cast/v4/v4_mascot_shonen_027.webp,"Mimlet keeps a spare pen for people who never do; under pressure, Mimlet respects legends without flattening people into symbols.",pet,shonen,magical,mythology,shinobi,male,orb bunny sprite,adult animal,invented spirit folklore
v4_mascot_shonen_028,Noc,Prototype Familiar,Prototype Confession,cast/v4/v4_mascot_shonen_028.webp,"Noc trusts machines only after testing them under pressure, but Noc also remembers tiny kindnesses for years.",pet,shonen,mecha,romance,survival,female,mechanical owl,adult animal,hearthside folklore
v4_mascot_shonen_029,Tass,Machine-Bay Helper,Machine Bay Faelight,cast/v4/v4_mascot_shonen_029.webp,"Tass carries one completely impractical good-luck charm; alongside that, Tass treats strange rules as invitations to learn.",pet,shonen,mecha,fantasy,military,male,forest fox,juvenile,storybook fox-familiar fantasy
v4_mascot_shonen_030,Pere,Training-Ground Mascot,Training Ground Enchanted,cast/v4/v4_mascot_shonen_030.webp,Pere finds out who keeps moving when nobody is cheering; friends also know Pere leaves one light on for anyone coming home late.,pet,shonen,sports,fantasy,cooking,female,griffin cub,juvenile,high-fantasy menagerie
v4_mascot_shonen_031,Bram,Signal Guardian,Signal Lockbox,cast/v4/v4_mascot_shonen_031.webp,"Bram packs for emergencies and forgets ordinary things. In a crisis, Bram asks the useful question after everyone else has run out of clever ones.",pet,shonen,cyber,mystery,pirate,male,cyber cat,juvenile,urban occult fantasy
v4_mascot_shonen_032,Vixi,Questroad Buddy,Questroad Spotlight,cast/v4/v4_mascot_shonen_032.webp,"Vixi meets wonder with curiosity instead of obedience, while outside the big moments Vixi keeps one seat empty until everyone arrives.",pet,shonen,fantasy,idol,cooking,female,fox crooner,juvenile,storybook fox-familiar fantasy
v4_mascot_shonen_033,Hail,Tasting-Room Wayfarer Sidekick,Wayfarer Tasting Room,cast/v4/v4_mascot_shonen_033.webp,"Hail makes tea before delivering bad news; when it matters, Hail believes care is easier to trust when it arrives warm.",pet,shonen,isekai,cooking,romance,male,frost sprite,adult animal,invented spirit folklore
v4_mascot_shonen_034,Waver,Grave-Light Familiar,Grave Light Starwake,cast/v4/v4_mascot_shonen_034.webp,"Waver does not let fear turn other people into punchlines. Away from the pressure, Waver always checks whether the quietest person agrees.",pet,shonen,horror,space,comedy,female,spectral jellyfish,ageless,aquatic dream fantasy
v4_mascot_shonen_035,Kairo,Shelter Helper,Shelter Retainer,cast/v4/v4_mascot_shonen_035.webp,"Kairo keeps one old map even after learning the route; under pressure, Kairo repays slights with competence instead of noise.",pet,shonen,survival,samurai,shinobi,male,travelling heron,adult animal,migratory travel tale
v4_mascot_shonen_036,Slink,Frontline Mascot,Frontline Night Thread,cast/v4/v4_mascot_shonen_036.webp,"Slink stays disciplined without becoming rigid, but Slink also writes down compliments because saying them is harder.",pet,shonen,military,shinobi,supernatural,female,ferret prowler,juvenile,hearthside folklore
v4_mascot_shojo_001,Coro,Machine-Bay Guardian,Coro's Machine Bay,cast/v4/v4_mascot_shojo_001.webp,"Coro always returns to unfinished work before starting something flashy; alongside that, Coro makes space for small comforts when tension rises.",pet,shojo,mecha,slice,cyber,female,service robot,adult-equivalent,near-future workshop fiction
v4_mascot_shojo_002,Tavi,Hangar Buddy,Hangar Haunted,cast/v4/v4_mascot_shojo_002.webp,Tavi repairs first and explains later; friends also know Tavi keeps one tiny repair kit close at hand.,pet,shojo,mecha,horror,mystery,male,hover drone,adult-equivalent,near-future gadget fiction
v4_mascot_shojo_003,Puffin,Gearline Sidekick,Gearline Epic,cast/v4/v4_mascot_shojo_003.webp,"Puffin remembers who stayed behind to help clean up. In a crisis, Puffin respects legends without flattening people into symbols.",pet,shojo,mecha,mythology,sports,female,clockwork rabbit,juvenile,storybook wonderland
v4_mascot_shojo_004,Wren,Servo Familiar,Servo Backstage,cast/v4/v4_mascot_shojo_004.webp,"Wren trusts machines only after testing them under pressure, while outside the big moments Wren would rather admit uncertainty than fake confidence.",pet,shojo,mecha,idol,space,male,idol songbird,juvenile,stage-and-sky storybook
v4_mascot_shojo_005,Ollo,Prototype Helper,Prototype Tide,cast/v4/v4_mascot_shojo_005.webp,"Ollo leaves notes instead of dramatic speeches; when it matters, Ollo treats a bad map as a starting point rather than a disaster.",pet,shojo,mecha,pirate,martial,female,otter sailor,juvenile,harbor adventure fiction
v4_mascot_shojo_006,Nyxie,Second-World Mascot,Second World Harbor,cast/v4/v4_mascot_shojo_006.webp,"Nyxie looks for the local custom before reaching for assumptions. Away from the pressure, Nyxie keeps one small kindness in reserve.",pet,shojo,isekai,horror,pirate,male,patchwork cat,juvenile,urban occult fantasy
v4_mascot_shojo_007,Brim,Stranger-Road Guardian,Stranger Road Signal,cast/v4/v4_mascot_shojo_007.webp,"Brim keeps a tiny notebook of useful mistakes; under pressure, Brim treats information as useful only when somebody can act on it.",pet,shojo,isekai,cyber,martial,female,cyber fox spirit,juvenile,storybook fox-familiar fantasy
v4_mascot_shojo_008,Pori,Portal Buddy,Portal Enchanted,cast/v4/v4_mascot_shojo_008.webp,"Pori asks practical questions when the world stops making sense, but Pori also always notices who has gone quiet.",pet,shojo,isekai,fantasy,samurai,male,fantasy rabbit,juvenile,storybook wonderland
v4_mascot_shojo_009,Drizzle,Crossing Sidekick,Crossing Backstage,cast/v4/v4_mascot_shojo_009.webp,"Drizzle saves the best snack for whoever worked latest; alongside that, Drizzle turns nerves into rhythm once the spotlight lands.",pet,shojo,isekai,idol,comedy,female,chorus puff,adult animal,invented spirit folklore
v4_mascot_shojo_010,Glim,Neighborhood Familiar,Neighborhood Relay,cast/v4/v4_mascot_shojo_010.webp,Glim makes space for small comforts when tension rises; friends also know Glim writes reminders on the backs of receipts.,pet,shojo,slice,sports,idol,male,football terrier,adult animal,storybook sports companion
v4_mascot_shojo_011,Suri,Corner-Shop Helper,Corner Shop Questroad,cast/v4/v4_mascot_shojo_011.webp,"Suri takes the long route when someone needs company. In a crisis, Suri treats strange rules as invitations to learn.",pet,shojo,slice,fantasy,mythology,female,forest fox,juvenile,storybook fox-familiar fantasy
v4_mascot_shojo_012,Tansy,Quiet-Day Mascot,Quiet Day Starwake,cast/v4/v4_mascot_shojo_012.webp,"Tansy remembers the little jobs nobody puts on a schedule, while outside the big moments Tansy keeps one lucky coin and refuses to explain it.",pet,shojo,slice,space,shinobi,male,white star-rabbit,juvenile,storybook wonderland
v4_mascot_shojo_013,Echo,Haunted Guardian,Haunted Training Ground,cast/v4/v4_mascot_shojo_013.webp,"Echo returns borrowed things cleaner than they arrived; when it matters, Echo would rather restart honestly than accept a hollow win.",pet,shojo,horror,sports,samurai,female,ghost mascot,ageless,invented spirit folklore
v4_mascot_shojo_014,Sumi,After-Dark Buddy,After Dark Datastream,cast/v4/v4_mascot_shojo_014.webp,"Sumi stays steady when a room starts feeling wrong. Away from the pressure, Sumi gets quieter as the stakes get higher.",pet,shojo,horror,cyber,comedy,male,night cat,juvenile,urban occult fantasy
v4_mascot_shojo_015,Morrow,Midnight Sidekick,Midnight Spellwood,cast/v4/v4_mascot_shojo_015.webp,"Morrow keeps a spare pen for people who never do; under pressure, Morrow treats strange rules as invitations to learn.",pet,shojo,horror,fantasy,supernatural,female,stitched doll familiar,adult animal,patchwork ghost folklore
v4_mascot_shojo_016,Lark,Chorus Grave-Light Familiar,Grave Light Chorus,cast/v4/v4_mascot_shojo_016.webp,"Lark does not let fear turn other people into punchlines, but Lark also remembers tiny kindnesses for years.",pet,shojo,horror,idol,shinobi,male,songbird,juvenile,stage-and-sky storybook
v4_mascot_shojo_017,Panko,Dreadhouse Helper,Dreadhouse Stewpot,cast/v4/v4_mascot_shojo_017.webp,"Panko carries one completely impractical good-luck charm; alongside that, Panko believes care is easier to trust when it arrives warm.",pet,shojo,horror,cooking,mythology,female,red panda chef,juvenile,cozy kitchen fantasy
v4_mascot_shojo_018,Flick,Haunted Mascot,Haunted Command Post,cast/v4/v4_mascot_shojo_018.webp,Flick checks on the quietest person before checking the exit; friends also know Flick leaves one light on for anyone coming home late.,pet,shojo,horror,military,survival,male,officer cat familiar,juvenile,urban occult fantasy
v4_mascot_shojo_019,Postie,Confession Guardian,Confession Datastream,cast/v4/v4_mascot_shojo_019.webp,"Postie packs for emergencies and forgets ordinary things. In a crisis, Postie treats information as useful only when somebody can act on it.",pet,shojo,romance,cyber,military,female,letter dove,adult animal,storybook letter-courier fantasy
v4_mascot_shojo_020,Kitsu,Heartline Buddy,Heartline Spotlight,cast/v4/v4_mascot_shojo_020.webp,"Kitsu hears what people mean when they cannot quite say it, while outside the big moments Kitsu keeps one seat empty until everyone arrives.",pet,shojo,romance,idol,nordic,male,ribbon fox,juvenile,storybook fox-familiar fantasy
v4_mascot_shojo_021,Dart,Fastbreak Sidekick,Fastbreak Glitchline,cast/v4/v4_mascot_shojo_021.webp,"Dart makes tea before delivering bad news; when it matters, Dart treats information as useful only when somebody can act on it.",pet,shojo,sports,cyber,nordic,female,speed sparrow,adult animal,storybook racing companion
v4_mascot_shojo_022,Miru,Training-Ground Familiar,Training Ground Uproar,cast/v4/v4_mascot_shojo_022.webp,"Miru would rather restart honestly than accept a hollow win. Away from the pressure, Miru always checks whether the quietest person agrees.",pet,shojo,sports,comedy,survival,male,blue slime,ageless,toybox fantasy
v4_mascot_shojo_023,Nub,Touchline Helper,Touchline Command Post,cast/v4/v4_mascot_shojo_023.webp,"Nub keeps one old map even after learning the route; under pressure, Nub expects structure to serve the team rather than the reverse.",pet,shojo,sports,military,supernatural,female,boxy service drone,adult-equivalent,near-future gadget fiction
v4_mascot_shojo_024,Lumi,Glitchline Mascot,Glitchline Backstage,cast/v4/v4_mascot_shojo_024.webp,"Lumi spots the human mistake hiding inside a technical problem, but Lumi also writes down compliments because saying them is harder.",pet,shojo,cyber,idol,samurai,male,festival rabbit,juvenile,storybook wonderland
v4_mascot_shojo_025,Juno,Neon Guardian,Neon Spirit,cast/v4/v4_mascot_shojo_025.webp,"Juno always returns to unfinished work before starting something flashy; alongside that, Juno treats strange phenomena as real without making them sacred.",pet,shojo,cyber,supernatural,survival,female,cyber cat,juvenile,urban occult fantasy
v4_mascot_shojo_026,Rune,Sigil Buddy,Sigil Mischief,cast/v4/v4_mascot_shojo_026.webp,Rune meets wonder with curiosity instead of obedience; friends also know Rune keeps one tiny repair kit close at hand.,pet,shojo,fantasy,comedy,martial,male,wizard bunny,adult animal,storybook wonderland
v4_mascot_shojo_027,Talonette,Enchanted Sidekick,Enchanted Vow,cast/v4/v4_mascot_shojo_027.webp,"Talonette remembers who stayed behind to help clean up. In a crisis, Talonette expects structure to serve the team rather than the reverse.",pet,shojo,fantasy,military,pirate,female,griffin chick,juvenile,high-fantasy menagerie
v4_mascot_shojo_028,Pippit,Faelight Familiar,Faelight Shelter,cast/v4/v4_mascot_shojo_028.webp,"Pippit treats strange rules as invitations to learn, while outside the big moments Pippit would rather admit uncertainty than fake confidence.",pet,shojo,fantasy,survival,nordic,male,mountain rescue dog,juvenile,everyday companion adventure
v4_mascot_shojo_029,Rumbi,Chorus Helper,Chorus Field Order,cast/v4/v4_mascot_shojo_029.webp,"Rumbi leaves notes instead of dramatic speeches; when it matters, Rumbi expects structure to serve the team rather than the reverse.",pet,shojo,idol,military,magical,female,walker robot,adult-equivalent,near-future workshop fiction
v4_mascot_shojo_030,Caper,Spotlight Mascot,Spotlight Trail,cast/v4/v4_mascot_shojo_030.webp,"Caper protects the backstage people as fiercely as the headline act. Away from the pressure, Caper keeps one small kindness in reserve.",pet,shojo,idol,survival,martial,male,pack turtle,adult animal,travelling pack-creature fantasy
v4_mascot_shojo_031,Peppi,Deckside Backstage Guardian,Backstage Deckside,cast/v4/v4_mascot_shojo_031.webp,"Peppi keeps a tiny notebook of useful mistakes; under pressure, Peppi treats a bad map as a starting point rather than a disaster.",pet,shojo,idol,pirate,mythology,female,deck songbird,juvenile,stage-and-sky storybook
v4_mascot_shojo_032,Penny,Stormproof Red-Thread Buddy,Red Thread Stormproof,cast/v4/v4_mascot_shojo_032.webp,"Penny keeps loose details until they connect, but Penny also always notices who has gone quiet.",pet,shojo,mystery,survival,pirate,male,owl scout,adult animal,hearthside folklore
v4_mascot_shojo_033,Pongo,Uproar Sidekick,Uproar Haunting,cast/v4/v4_mascot_shojo_033.webp,"Pongo saves the best snack for whoever worked latest; alongside that, Pongo treats strange phenomena as real without making them sacred.",pet,shojo,comedy,supernatural,pirate,female,spirit penguin,ageless,invented spirit folklore
v4_mascot_shojo_034,Toast,Tasting-Room Familiar,Tasting Room Lantern,cast/v4/v4_mascot_shojo_034.webp,Toast believes care is easier to trust when it arrives warm; friends also know Toast writes reminders on the backs of receipts.,pet,shojo,cooking,supernatural,samurai,male,cookhouse owl,adult animal,hearthside folklore
v4_mascot_shojo_035,Tassel,Wayfarer Helper,Wayfarer Heartline,cast/v4/v4_mascot_shojo_035.webp,"Tassel takes the long route when someone needs company. In a crisis, Tassel protects vulnerable conversations from becoming public theatre.",pet,shojo,isekai,romance,magical,female,portal fox,juvenile,storybook fox-familiar fantasy
v4_mascot_shojo_036,Biscuit,Lockbox Mascot,Lockbox Old God,cast/v4/v4_mascot_shojo_036.webp,"Biscuit does not confuse secrecy with depth, while outside the big moments Biscuit keeps one lucky coin and refuses to explain it.",pet,shojo,mystery,mythology,shinobi,male,guardian lion-dog,juvenile,everyday companion adventure
v4_mascot_shojo_037,Plume,Keepsake Guardian,Keepsake Uproar,cast/v4/v4_mascot_shojo_037.webp,"Plume returns borrowed things cleaner than they arrived; when it matters, Plume knows when a joke will help and when silence will.",pet,shojo,romance,comedy,mystery,female,ballroom dove,adult animal,storybook ballroom fantasy
v4_mascot_shojo_038,Rolo,Stewpot Buddy,Stewpot Sparkle,cast/v4/v4_mascot_shojo_038.webp,"Rolo reads mood the way other people read seasoning. Away from the pressure, Rolo gets quieter as the stakes get higher.",pet,shojo,cooking,magical,martial,male,spell-chef red panda,juvenile,cozy kitchen fantasy
v4_mascot_shojo_039,Crumb,Tasting-Room Sidekick,Tasting Room Voidlane,cast/v4/v4_mascot_shojo_039.webp,"Crumb keeps a spare pen for people who never do; under pressure, Crumb treats distance as something to cross rather than admire.",pet,shojo,cooking,space,survival,female,kitchen dove,adult animal,cozy kitchen storybook
v4_mascot_shojo_040,Dash,Relay Prototype Familiar,Prototype Relay,cast/v4/v4_mascot_shojo_040.webp,"Dash trusts machines only after testing them under pressure, but Dash also remembers tiny kindnesses for years.",pet,shojo,mecha,sports,pirate,male,stadium terrier,adult animal,storybook sports companion
v4_villain_shonen_001,Amin Mansour,Machine-Bay Crossing Kingmaker,Machine Bay Crossing,cast/v4/v4_villain_shonen_001.webp,"Amin carries one completely impractical good-luck charm; alongside that, Amin asks practical questions when the world stops making sense.",villain,shonen,mecha,isekai,mystery,male,human,20–29,Arab mecha / isekai character design
v4_villain_shonen_002,Nadira Halim,Hangar Moon-Echo Schemer,Hangar Moon Echo,cast/v4/v4_villain_shonen_002.webp,Nadira trusts machines only after testing them under pressure; friends also know Nadira leaves one light on for anyone coming home late.,villain,shonen,mecha,supernatural,nordic,female,human,20–29,Indonesian mecha / supernatural character design
v4_villain_shonen_003,Tunde Afolayan,Gearline Stance Saboteur,Gearline Stance,cast/v4/v4_villain_shonen_003.webp,"Tunde packs for emergencies and forgets ordinary things. In a crisis, Tunde listens with the patience of a trained stance.",villain,shonen,mecha,martial,mythology,male,human,30–39,West African mecha / martial arts character design
v4_villain_shonen_004,Paolo Reyes,Crossing Rosebound Broker,Crossing Rosebound,cast/v4/v4_villain_shonen_004.webp,"Paolo looks for the local custom before reaching for assumptions, while outside the big moments Paolo keeps one seat empty until everyone arrives.",villain,shonen,isekai,romance,comedy,male,human,20–29,Filipino isekai / romance character design
v4_villain_shonen_005,Leila Kourosh,Wayfarer Relay Usurper,Wayfarer Relay,cast/v4/v4_villain_shonen_005.webp,"Leila makes tea before delivering bad news; when it matters, Leila measures trust by effort rather than speeches.",villain,shonen,isekai,sports,fantasy,female,human,20–29,Persian isekai / sports character design
v4_villain_shonen_006,Mika Eklund,Second-World Deep-Sky Operator,Second World Deep Sky,cast/v4/v4_villain_shonen_006.webp,"Mika asks practical questions when the world stops making sense. Away from the pressure, Mika always checks whether the quietest person agrees.",villain,shonen,isekai,space,shinobi,nonbinary,human,30–39,Scandinavian isekai / space character design
v4_villain_shonen_007,Oskar Kowalski,Stranger-Road Freewind Kingmaker,Stranger Road Freewind,cast/v4/v4_villain_shonen_007.webp,"Oskar keeps one old map even after learning the route; under pressure, Oskar answers pressure with a grin and a new route.",villain,shonen,isekai,pirate,samurai,male,human,20–29,Polish isekai / pirate character design
v4_villain_shonen_008,Marama Te Aho,Portal Stance Schemer,Portal Stance,cast/v4/v4_villain_shonen_008.webp,"Marama treats impossible rules as something to learn rather than fear, but Marama also writes down compliments because saying them is harder.",villain,shonen,isekai,martial,nordic,female,human,20–29,Maori/Pasifika isekai / martial arts character design
v4_villain_shonen_009,Dariush Darvishi,Homeroom Rosebound Saboteur,Homeroom Rosebound,cast/v4/v4_villain_shonen_009.webp,"Dariush always returns to unfinished work before starting something flashy; alongside that, Dariush hears what people mean when they cannot quite say it.",villain,shonen,slice,romance,nordic,male,human,30–39,Persian slice of life / romance character design
v4_villain_shonen_010,Taeyang Seo,Neighborhood Spotlight Broker,Neighborhood Spotlight,cast/v4/v4_villain_shonen_010.webp,Taeyang remembers the little jobs nobody puts on a schedule; friends also know Taeyang keeps one tiny repair kit close at hand.,villain,shonen,slice,idol,mystery,male,human,20–29,Korean slice of life / idol character design
v4_villain_shonen_011,An Vo,Corner-Shop Deep-Sky Usurper,Corner Shop Deep Sky,cast/v4/v4_villain_shonen_011.webp,"An remembers who stayed behind to help clean up. In a crisis, An keeps perspective when everyone else starts thinking too small.",villain,shonen,slice,space,mythology,female,human,20–29,Vietnamese slice of life / space character design
v4_villain_shonen_012,Namfon Suwann,Quiet-Day Stormproof Operator,Quiet Day Stormproof,cast/v4/v4_villain_shonen_012.webp,"Namfon notices the ordinary routine holding everyone together, while outside the big moments Namfon would rather admit uncertainty than fake confidence.",villain,shonen,slice,survival,martial,nonbinary,human,30–39,Thai slice of life / survival character design
v4_villain_shonen_013,Tunde Sow,Everyday Sea-Road Kingmaker,Everyday Sea Road,cast/v4/v4_villain_shonen_013.webp,"Tunde leaves notes instead of dramatic speeches; when it matters, Tunde answers pressure with a grin and a new route.",villain,shonen,slice,pirate,shinobi,male,human,20–29,West African slice of life / pirate character design
v4_villain_shonen_014,Imogen Edwards,After-Dark Rosebound Schemer,After Dark Rosebound,cast/v4/v4_villain_shonen_014.webp,"Imogen does not let fear turn other people into punchlines. Away from the pressure, Imogen keeps one small kindness in reserve.",villain,shonen,horror,romance,mythology,female,human,20–29,Black British horror / romance character design
v4_villain_shonen_015,Nawin Chaiya,Midnight Saffron Saboteur,Midnight Saffron,cast/v4/v4_villain_shonen_015.webp,"Nawin keeps a tiny notebook of useful mistakes; under pressure, Nawin reads mood the way other people read seasoning.",villain,shonen,horror,cooking,pirate,male,human,30–39,Thai horror / cooking character design
v4_villain_shonen_016,Omid Azimi,Rosebound Chorus Broker,Rosebound Chorus,cast/v4/v4_villain_shonen_016.webp,"Omid takes affection seriously without making it solemn, but Omid also always notices who has gone quiet.",villain,shonen,romance,idol,cooking,male,human,20–29,Persian romance / idol character design
v4_villain_shonen_017,Tove Eklund,Keepsake Moon-Echo Usurper,Keepsake Moon Echo,cast/v4/v4_villain_shonen_017.webp,"Tove saves the best snack for whoever worked latest; alongside that, Tove accepts the uncanny without losing interest in the person inside it.",villain,shonen,romance,supernatural,magical,female,human,20–29,Scandinavian romance / supernatural character design
v4_villain_shonen_018,Lin Fang,Touchline Network Operator,Touchline Network,cast/v4/v4_villain_shonen_018.webp,Lin measures trust by effort rather than speeches; friends also know Lin writes reminders on the backs of receipts.,villain,shonen,sports,cyber,magical,nonbinary,human,30–39,Chinese diaspora sports / cyber character design
v4_villain_shonen_019,Khoa Vo,Podium Field-Order Kingmaker,Podium Field Order,cast/v4/v4_villain_shonen_019.webp,"Khoa takes the long route when someone needs company. In a crisis, Khoa likes plans that still make sense after people get tired.",villain,shonen,sports,military,space,male,human,20–29,Vietnamese sports / military character design
v4_villain_shonen_020,Nicha Rattanakorn,Relay Trail Schemer,Relay Trail,cast/v4/v4_villain_shonen_020.webp,"Nicha would rather restart honestly than accept a hollow win, while outside the big moments Nicha keeps one lucky coin and refuses to explain it.",villain,shonen,sports,survival,nordic,female,human,20–29,Thai sports / survival character design
v4_villain_shonen_021,Neo Khoza,Datastream Casefile Saboteur,Datastream Promise,cast/v4/v4_villain_shonen_021.webp,"Neo returns borrowed things cleaner than they arrived; when it matters, Neo keeps loose details until they connect.",villain,shonen,cyber,mystery,nordic,male,human,30–39,Southern African cyber / mystery character design
v4_villain_shonen_022,Omari Hassan,Enchanted Uproar Broker,Enchanted Uproar,cast/v4/v4_villain_shonen_022.webp,"Omari keeps one practical foot on the ground around impossible things. Away from the pressure, Omari gets quieter as the stakes get higher.",villain,shonen,fantasy,comedy,space,male,human,20–29,East African fantasy / comedy character design
v4_villain_shonen_023,Ayanda Dlamini,Encore Punchline Usurper,Encore Punchline,cast/v4/v4_villain_shonen_023.webp,"Ayanda keeps a spare pen for people who never do; under pressure, Ayanda cuts tension with timing that never targets the vulnerable.",villain,shonen,idol,comedy,survival,female,human,20–29,Southern African idol / comedy character design
v4_villain_shonen_024,Billie Owusu,Casefile Moonbow Operator,Casefile Moonbow,cast/v4/v4_villain_shonen_024.webp,"Billie keeps loose details until they connect, but Billie also remembers tiny kindnesses for years.",villain,shonen,mystery,magical,shinobi,nonbinary,human,30–39,Black British mystery / magical character design
v4_villain_shonen_025,Micah Campbell,Cipher Relic Kingmaker,Cipher Relic,cast/v4/v4_villain_shonen_025.webp,"Micah carries one completely impractical good-luck charm; alongside that, Micah carries old stories as instructions rather than museum pieces.",villain,shonen,mystery,mythology,samurai,male,human,20–29,Black British mystery / mythology character design
v4_villain_shonen_026,Naledi Naidoo,Field-Order Otherworld Schemer,Field Order Otherworld,cast/v4/v4_villain_shonen_026.webp,Naledi expects structure to serve the team rather than the reverse; friends also know Naledi leaves one light on for anyone coming home late.,villain,shonen,military,supernatural,shinobi,female,human,20–29,Southern African military / supernatural character design
v4_villain_shonen_027,Tama Niko,Haunting Starwake Saboteur,Haunting Starwake,cast/v4/v4_villain_shonen_027.webp,"Tama packs for emergencies and forgets ordinary things. In a crisis, Tama keeps perspective when everyone else starts thinking too small.",villain,shonen,supernatural,space,survival,male,human,30–39,Maori/Pasifika supernatural / space character design
v4_villain_shonen_028,Adriel Reyes,Starwake Sparkle Broker,Starwake Sparkle,cast/v4/v4_villain_shonen_028.webp,"Adriel plans for isolation without surrendering to it, while outside the big moments Adriel keeps one seat empty until everyone arrives.",villain,shonen,space,magical,pirate,male,human,20–29,Filipino space / magical character design
v4_villain_shonen_029,Callia Rallis,Charmwork Sparring Usurper,Charmwork Sparring,cast/v4/v4_villain_shonen_029.webp,"Callia makes tea before delivering bad news; when it matters, Callia listens with the patience of a trained stance.",villain,shonen,magical,martial,samurai,female,human,20–29,Greek magical / martial arts character design
v4_villain_shonen_030,Kai Wojcik,Relic Northwind Operator,Relic Northwind,cast/v4/v4_villain_shonen_030.webp,"Kai carries old stories as instructions rather than museum pieces. Away from the pressure, Kai always checks whether the quietest person agrees.",villain,shonen,mythology,nordic,shinobi,nonbinary,human,30–39,Polish mythology / nordic character design
v4_villain_shonen_031,Taimur Khan,Machine-Bay Questroad Kingmaker,Machine Bay Questroad,cast/v4/v4_villain_shonen_031.webp,"Taimur keeps one old map even after learning the route; under pressure, Taimur meets wonder with curiosity instead of obedience.",villain,shonen,mecha,fantasy,survival,male,human,20–29,Pakistani mecha / fantasy character design
v4_villain_shonen_032,Mali Virote,Dreadhouse Encore Schemer,Dreadhouse Compass,cast/v4/v4_villain_shonen_032.webp,"Mali does not let fear turn other people into punchlines, but Mali also writes down compliments because saying them is harder.",villain,shonen,horror,idol,mystery,female,human,20–29,Thai horror / idol character design
v4_villain_shonen_033,Minato Takeda,Everyday Training-Ground Saboteur,Everyday Training Ground,cast/v4/v4_villain_shonen_033.webp,"Minato always returns to unfinished work before starting something flashy; alongside that, Minato measures trust by effort rather than speeches.",villain,shonen,slice,sports,samurai,male,human,30–39,Japanese slice of life / sports character design
v4_villain_shonen_034,Diego Soto,Chorus Field-Order Broker,Chorus Harbor,cast/v4/v4_villain_shonen_034.webp,Diego protects the backstage people as fiercely as the headline act; friends also know Diego keeps one tiny repair kit close at hand.,villain,shonen,idol,military,nordic,male,human,20–29,Mexican idol / military character design
v4_villain_shonen_035,Mira Patel,Banner Tide Usurper,Banner Tide,cast/v4/v4_villain_shonen_035.webp,"Mira remembers who stayed behind to help clean up. In a crisis, Mira answers pressure with a grin and a new route.",villain,shonen,military,pirate,mythology,female,human,20–29,Indian military / pirate character design
v4_villain_shonen_036,Kauri Kingi,Grave-Light Otherworld Operator,Grave Light Otherworld,cast/v4/v4_villain_shonen_036.webp,"Kauri stays steady when a room starts feeling wrong, while outside the big moments Kauri would rather admit uncertainty than fake confidence.",villain,shonen,horror,supernatural,samurai,nonbinary,human,30–39,Maori/Pasifika horror / supernatural character design
v4_villain_shonen_037,Tariq McKenzie,Hangar Freewind Kingmaker,Hangar Freewind,cast/v4/v4_villain_shonen_037.webp,"Tariq leaves notes instead of dramatic speeches; when it matters, Tariq answers pressure with a grin and a new route.",villain,shonen,mecha,pirate,romance,male,human,20–29,Afro-Caribbean mecha / pirate character design
v4_villain_shonen_038,Ariadne Marin,Portal Epic Schemer,Portal Epic,cast/v4/v4_villain_shonen_038.webp,"Ariadne treats impossible rules as something to learn rather than fear. Away from the pressure, Ariadne keeps one small kindness in reserve.",villain,shonen,isekai,mythology,cooking,female,human,20–29,Mediterranean isekai / mythology character design
v4_villain_shojo_001,Gaia Conti,Prototype Everyday Schemer,Prototype Everyday,cast/v4/v4_villain_shojo_001.webp,"Gaia keeps a tiny notebook of useful mistakes; under pressure, Gaia makes space for small comforts when tension rises.",villain,shojo,mecha,slice,cyber,female,human,20–29,Mediterranean mecha / slice of life character design
v4_villain_shojo_002,Taimur Abbasi,Machine-Bay Dreadhouse Saboteur,Machine Bay Dreadhouse,cast/v4/v4_villain_shojo_002.webp,"Taimur repairs first and explains later, but Taimur also always notices who has gone quiet.",villain,shojo,mecha,horror,space,male,human,20–29,Pakistani mecha / horror character design
v4_villain_shojo_003,Tara Kapoor,Hangar Fastbreak Broker,Hangar Fastbreak,cast/v4/v4_villain_shojo_003.webp,"Tara saves the best snack for whoever worked latest; alongside that, Tara would rather restart honestly than accept a hollow win.",villain,shojo,mecha,sports,comedy,female,human,30–39,Indian mecha / sports character design
v4_villain_shojo_004,Rikuya Matsuda,Gearline Saffron Usurper,Gearline Saffron,cast/v4/v4_villain_shojo_004.webp,Rikuya trusts machines only after testing them under pressure; friends also know Rikuya writes reminders on the backs of receipts.,villain,shojo,mecha,cooking,magical,male,human,20–29,Japanese mecha / cooking character design
v4_villain_shojo_005,Yeji Han,Crossing Otherworld Operator,Crossing Otherworld,cast/v4/v4_villain_shojo_005.webp,"Yeji takes the long route when someone needs company. In a crisis, Yeji treats strange phenomena as real without making them sacred.",villain,shojo,isekai,supernatural,cyber,female,human,20–29,Korean isekai / supernatural character design
v4_villain_shojo_006,Kiran Rao,Wayfarer Stewpot Kingmaker,Wayfarer Stewpot,cast/v4/v4_villain_shojo_006.webp,"Kiran looks for the local custom before reaching for assumptions, while outside the big moments Kiran keeps one lucky coin and refuses to explain it.",villain,shojo,isekai,cooking,military,nonbinary,human,30–39,Indian isekai / cooking character design
v4_villain_shojo_007,Nina Vieira,Second-World Sparkle Schemer,Second World Sparkle,cast/v4/v4_villain_shojo_007.webp,"Nina returns borrowed things cleaner than they arrived; when it matters, Nina makes room for wonder without becoming careless.",villain,shojo,isekai,magical,survival,female,human,20–29,Brazilian isekai / magical character design
v4_villain_shojo_008,Tuna Arslan,Quiet-Day Grave-Light Saboteur,Quiet Day Grave Light,cast/v4/v4_villain_shojo_008.webp,"Tuna notices the ordinary routine holding everyone together. Away from the pressure, Tuna gets quieter as the stakes get higher.",villain,shojo,slice,horror,magical,male,human,20–29,Turkish slice of life / horror character design
v4_villain_shojo_009,Thao Tran,Everyday Spellwood Broker,Everyday Spellwood,cast/v4/v4_villain_shojo_009.webp,"Thao keeps a spare pen for people who never do; under pressure, Thao treats strange rules as invitations to learn.",villain,shojo,slice,fantasy,cooking,female,human,30–39,Vietnamese slice of life / fantasy character design
v4_villain_shojo_010,Dion Kusuma,Homeroom Mischief Usurper,Homeroom Mischief,cast/v4/v4_villain_shojo_010.webp,"Dion makes space for small comforts when tension rises, but Dion also remembers tiny kindnesses for years.",villain,shojo,slice,comedy,samurai,male,human,20–29,Indonesian slice of life / comedy character design
v4_villain_shojo_011,Lucille Lefevre,Midnight Signal Operator,Midnight Signal,cast/v4/v4_villain_shojo_011.webp,"Lucille carries one completely impractical good-luck charm; alongside that, Lucille treats information as useful only when somebody can act on it.",villain,shojo,horror,cyber,samurai,female,human,20–29,French horror / cyber character design
v4_villain_shojo_012,Lior Baptiste,Grave-Light Enchanted Kingmaker,Grave Light Enchanted,cast/v4/v4_villain_shojo_012.webp,Lior checks on the quietest person before checking the exit; friends also know Lior leaves one light on for anyone coming home late.,villain,shojo,horror,fantasy,martial,nonbinary,human,30–39,Afro-Caribbean horror / fantasy character design
v4_villain_shojo_013,Marama Ropata,Dreadhouse Emberpack Schemer,Dreadhouse Emberpack,cast/v4/v4_villain_shojo_013.webp,"Marama packs for emergencies and forgets ordinary things. In a crisis, Marama always saves one reserve for the person who runs out first.",villain,shojo,horror,survival,shinobi,female,human,20–29,Maori/Pasifika horror / survival character design
v4_villain_shojo_014,Dariush Shahin,Touchline Cipher Saboteur,Touchline Cipher,cast/v4/v4_villain_shojo_014.webp,"Dariush measures trust by effort rather than speeches, while outside the big moments Dariush keeps one seat empty until everyone arrives.",villain,shojo,sports,mystery,pirate,male,human,20–29,Persian sports / mystery character design
v4_villain_shojo_015,Ingrid Viken,Podium Tasting-Room Broker,Podium Tasting Room,cast/v4/v4_villain_shojo_015.webp,"Ingrid makes tea before delivering bad news; when it matters, Ingrid believes care is easier to trust when it arrives warm.",villain,shojo,sports,cooking,martial,female,human,30–39,Scandinavian sports / cooking character design
v4_villain_shojo_016,Mosi Ali,Relay Moon-Echo Usurper,Relay Moon Echo,cast/v4/v4_villain_shojo_016.webp,"Mosi would rather restart honestly than accept a hollow win. Away from the pressure, Mosi always checks whether the quietest person agrees.",villain,shojo,sports,supernatural,mythology,male,human,20–29,East African sports / supernatural character design
v4_villain_shojo_017,Yasmin Bailey,Datastream Enchanted Operator,Datastream Enchanted,cast/v4/v4_villain_shojo_017.webp,"Yasmin keeps one old map even after learning the route; under pressure, Yasmin treats strange rules as invitations to learn.",villain,shojo,cyber,fantasy,mythology,female,human,20–29,Black British cyber / fantasy character design
v4_villain_shojo_018,Cruz Reyes,Network Comic Kingmaker,Network Comic,cast/v4/v4_villain_shojo_018.webp,"Cruz spots the human mistake hiding inside a technical problem, but Cruz also writes down compliments because saying them is harder.",villain,shojo,cyber,comedy,pirate,nonbinary,human,30–39,Mexican cyber / comedy character design
v4_villain_shojo_019,Esme Hale,Signal Saffron Schemer,Signal Saffron,cast/v4/v4_villain_shojo_019.webp,"Esme always returns to unfinished work before starting something flashy; alongside that, Esme believes care is easier to trust when it arrives warm.",villain,shojo,cyber,cooking,shinobi,female,human,20–29,mixed diaspora cyber / cooking character design
v4_villain_shojo_020,Quang Nguyen,Glitchline Deep-Sky Saboteur,Glitchline Deep Sky,cast/v4/v4_villain_shojo_020.webp,Quang thinks in contingencies whenever a system starts drifting; friends also know Quang keeps one tiny repair kit close at hand.,villain,shojo,cyber,space,martial,male,human,20–29,Vietnamese cyber / space character design
v4_villain_shojo_021,Orn Wongsa,Spellwood Encore Broker,Spellwood Encore,cast/v4/v4_villain_shojo_021.webp,"Orn remembers who stayed behind to help clean up. In a crisis, Orn turns nerves into rhythm once the spotlight lands.",villain,shojo,fantasy,idol,supernatural,female,human,30–39,Thai fantasy / idol character design
v4_villain_shojo_022,Selim Demir,Sigil Red-Thread Usurper,Sigil Red Thread,cast/v4/v4_villain_shojo_022.webp,"Selim treats strange rules as invitations to learn, while outside the big moments Selim would rather admit uncertainty than fake confidence.",villain,shojo,fantasy,mystery,survival,male,human,20–29,Turkish fantasy / mystery character design
v4_villain_shojo_023,Zahra Najjar,Stage-Light Voidlane Operator,Stage Light Voidlane,cast/v4/v4_villain_shojo_023.webp,"Zahra leaves notes instead of dramatic speeches; when it matters, Zahra treats distance as something to cross rather than admire.",villain,shojo,idol,space,samurai,female,human,20–29,Arab idol / space character design
v4_villain_shojo_024,Kauri Niko,Encore Wishlight Kingmaker,Encore Wishlight,cast/v4/v4_villain_shojo_024.webp,"Kauri protects the backstage people as fiercely as the headline act. Away from the pressure, Kauri keeps one small kindness in reserve.",villain,shojo,idol,magical,mythology,nonbinary,human,30–39,Maori/Pasifika idol / magical character design
v4_villain_shojo_025,Nicha Suwann,Casefile Tasting-Room Schemer,Casefile Tasting Room,cast/v4/v4_villain_shojo_025.webp,"Nicha keeps a tiny notebook of useful mistakes; under pressure, Nicha believes care is easier to trust when it arrives warm.",villain,shojo,mystery,cooking,space,female,human,20–29,Thai mystery / cooking character design
v4_villain_shojo_026,Jules Simon,Deadpan Stewpot Saboteur,Deadpan Stewpot,cast/v4/v4_villain_shojo_026.webp,"Jules cuts tension with timing that never targets the vulnerable, but Jules also always notices who has gone quiet.",villain,shojo,comedy,cooking,supernatural,male,human,20–29,French comedy / cooking character design
v4_villain_shojo_027,Tomoka Ishibashi,Comic Command-Post Broker,Comic Command Post,cast/v4/v4_villain_shojo_027.webp,"Tomoka saves the best snack for whoever worked latest; alongside that, Tomoka expects structure to serve the team rather than the reverse.",villain,shojo,comedy,military,martial,female,human,30–39,Japanese comedy / military character design
v4_villain_shojo_028,Caleb Adebayo,Punchline Moonbow Usurper,Punchline Moonbow,cast/v4/v4_villain_shojo_028.webp,Caleb knows when a joke will help and when silence will; friends also know Caleb writes reminders on the backs of receipts.,villain,shojo,comedy,magical,nordic,male,human,20–29,Black British comedy / magical character design
v4_villain_shojo_029,Dalia Aziz,Stewpot Trail Operator,Stewpot Trail,cast/v4/v4_villain_shojo_029.webp,"Dalia takes the long route when someone needs company. In a crisis, Dalia always saves one reserve for the person who runs out first.",villain,shojo,cooking,survival,samurai,female,human,20–29,Arab cooking / survival character design
v4_villain_shojo_030,Kai Sikora,Otherworld Deckside Kingmaker,Otherworld Deckside,cast/v4/v4_villain_shojo_030.webp,"Kai stays gentle with things everyone else finds unsettling, while outside the big moments Kai keeps one lucky coin and refuses to explain it.",villain,shojo,supernatural,pirate,martial,nonbinary,human,30–39,Polish supernatural / pirate character design
v4_villain_shojo_031,Naz Tas,Trail Freewind Schemer,Trail Freewind,cast/v4/v4_villain_shojo_031.webp,"Naz returns borrowed things cleaner than they arrived; when it matters, Naz treats a bad map as a starting point rather than a disaster.",villain,shojo,survival,pirate,mythology,female,human,20–29,Turkish survival / pirate character design
v4_villain_shojo_032,Stavros Markou,Rosebound Command-Post Saboteur,Rosebound Command Post,cast/v4/v4_villain_shojo_032.webp,"Stavros hears what people mean when they cannot quite say it. Away from the pressure, Stavros gets quieter as the stakes get higher.",villain,shojo,romance,military,samurai,male,human,20–29,Greek romance / military character design
v4_villain_shojo_033,Amal Nasser,Dreadhouse Fastbreak Broker,Dreadhouse Fastbreak,cast/v4/v4_villain_shojo_033.webp,"Amal keeps a spare pen for people who never do; under pressure, Amal would rather restart honestly than accept a hollow win.",villain,shojo,horror,sports,idol,female,human,30–39,Arab horror / sports character design
v4_villain_shojo_034,Bima Kusuma,Moonletter Spellwood Usurper,Moonletter Spellwood,cast/v4/v4_villain_shojo_034.webp,"Bima protects vulnerable conversations from becoming public theatre, but Bima also remembers tiny kindnesses for years.",villain,shojo,romance,fantasy,nordic,male,human,20–29,Indonesian romance / fantasy character design
v4_villain_shojo_035,Nicha Kittisak,Crossing Glitchline Operator,Crossing Glitchline,cast/v4/v4_villain_shojo_035.webp,"Nicha carries one completely impractical good-luck charm; alongside that, Nicha treats information as useful only when somebody can act on it.",villain,shojo,isekai,cyber,idol,female,human,20–29,Thai isekai / cyber character design
v4_villain_shojo_036,Lian Santos,Spotlight Freewind Kingmaker,Spotlight Freewind,cast/v4/v4_villain_shojo_036.webp,Lian protects the backstage people as fiercely as the headline act; friends also know Lian leaves one light on for anyone coming home late.,villain,shojo,idol,pirate,shinobi,nonbinary,human,30–39,Filipino idol / pirate character design
v4_villain_shojo_037,Mali Thamrong,Lockbox Punchline Schemer,Lockbox Punchline,cast/v4/v4_villain_shojo_037.webp,"Mali packs for emergencies and forgets ordinary things. In a crisis, Mali knows when a joke will help and when silence will.",villain,shojo,mystery,comedy,military,female,human,20–29,Thai mystery / comedy character design
v4_villain_shojo_038,Arjun Kapoor,Punchline Legend Saboteur,Punchline Legend,cast/v4/v4_villain_shojo_038.webp,"Arjun cuts tension with timing that never targets the vulnerable, while outside the big moments Arjun keeps one seat empty until everyone arrives.",villain,shojo,comedy,mythology,shinobi,male,human,20–29,Indian comedy / mythology character design
v4_villain_shojo_039,Somin Seo,Gearline Banner Broker,Gearline Banner,cast/v4/v4_villain_shojo_039.webp,"Somin makes tea before delivering bad news; when it matters, Somin expects structure to serve the team rather than the reverse.",villain,shojo,mecha,military,magical,female,human,30–39,Korean mecha / military character design
v4_villain_shojo_040,Faris Permana,Deep-Sky Cold-Harbor Usurper,Deep Sky Cold Harbor,cast/v4/v4_villain_shojo_040.webp,"Faris treats distance as something to cross rather than admire. Away from the pressure, Faris always checks whether the quietest person agrees.",villain,shojo,space,nordic,pirate,male,human,20–29,Indonesian space / nordic character design
