sequence,batch_code,batch_no,sheet_code,sheet_no,sheet_position,sheet_slot,character_id,filename_png,name,epithet,role,role_display,anime_type,anime_type_display,visible_genre_1,visible_genre_1_display,visible_genre_2,visible_genre_2_display,hidden_genre,hidden_genre_display,overt_hook,hidden_background_hint,coverage_edges_this_member,concept_brief
1,B01,1,S01,1,R1C1,1,g30_protag_shonen_001,g30_protag_shonen_001.png,Kael Alvarez,The Beast Underworld Titan Vanguard,protag,Lead,shonen,Shonen,monster_taming,Monster Taming,crime,Crime,kaiju,Kaiju,A battle-ready lead concept that overtly sells Monster Taming x Crime.,"evacuation sirens, broken skyline, blast walls, giant footprints",crime+kaiju | crime+monster_taming | kaiju+monster_taming,"A dynamic frontline lead with a bold silhouette, action-forward pose and strong commercial hook. Resolute non-human character blending partner-creature gear, capture tools, talismans, companion-bond energy with detective, gangster, police or heist aesthetics with urban grit. Subtle background hint only: evacuation sirens, broken skyline, blast walls, giant footprints. Color accent idea: sand and turquoise. Keep pose dynamic, anatomy clean, no extra limbs, and make the hidden genre read only as a subtle environment cue."
2,B01,1,S01,1,R1C2,2,g30_protag_shonen_002,g30_protag_shonen_002.png,Kira Alvarez,The Beast Abyss Dune Vanguard,protag,Lead,shonen,Shonen,monster_taming,Monster Taming,cosmic_horror,Cosmic Horror,arabia,Arabia,A driven lead concept that overtly sells Monster Taming x Cosmic Horror.,"dune horizons, palace arches, mosaic tiles, brass lamps, caravan tents",arabia+cosmic_horror | arabia+monster_taming | cosmic_horror+monster_taming,"A dynamic frontline lead with a bold silhouette, action-forward pose and strong commercial hook. Kinetic human character blending partner-creature gear, capture tools, talismans, companion-bond energy with occult, forbidden-text, cult or abyssal dread visuals. Subtle background hint only: dune horizons, palace arches, mosaic tiles, brass lamps, caravan tents. Color accent idea: violet and silver. Keep pose dynamic, anatomy clean, no extra limbs, and make the hidden genre read only as a subtle environment cue."
3,B01,1,S01,1,R1C3,3,g30_protag_shonen_003,g30_protag_shonen_003.png,Leila Alvarez,The Underworld Abyss Gear Vanguard,protag,Lead,shonen,Shonen,crime,Crime,cosmic_horror,Cosmic Horror,mecha,Mecha,A fearless lead concept that overtly sells Crime x Cosmic Horror.,"hangar lights, pistons, warning stripes, giant silhouettes",cosmic_horror+crime | cosmic_horror+mecha | crime+mecha,"A dynamic frontline lead with a bold silhouette, action-forward pose and strong commercial hook. Battle-ready human character blending detective, gangster, police or heist aesthetics with urban grit with occult, forbidden-text, cult or abyssal dread visuals. Subtle background hint only: hangar lights, pistons, warning stripes, giant silhouettes. Color accent idea: scarlet and gold. Keep pose dynamic, anatomy clean, no extra limbs, and make the hidden genre read only as a subtle environment cue."
4,B01,1,S01,1,R1C4,4,g30_protag_shonen_004,g30_protag_shonen_004.png,Lina Alvarez,The Titan Dune Gear Vanguard,protag,Lead,shonen,Shonen,kaiju,Kaiju,arabia,Arabia,mecha,Mecha,A scrappy lead concept that overtly sells Kaiju x Arabia.,"hangar lights, pistons, warning stripes, giant silhouettes",arabia+kaiju | arabia+mecha | kaiju+mecha,"A dynamic frontline lead with a bold silhouette, action-forward pose and strong commercial hook. Driven demi-human character blending defence-force, monster-hunter or scaled-beast spectacle language with desert-sorcery, caravan, palace or djinn-adventure styling. Subtle background hint only: hangar lights, pistons, warning stripes, giant silhouettes. Color accent idea: navy and amber. Keep pose dynamic, anatomy clean, no extra limbs, and make the hidden genre read only as a subtle environment cue."
5,B01,1,S01,1,R1C5,5,g30_protag_shonen_005,g30_protag_shonen_005.png,Lucan Alvarez,The Underworld Dune Portal Vanguard,protag,Lead,shonen,Shonen,crime,Crime,arabia,Arabia,isekai,Isekai,A heroic lead concept that overtly sells Crime x Arabia.,"summoning circle, portal shards, floating UI sigils",arabia+crime | arabia+isekai | crime+isekai,"A dynamic frontline lead with a bold silhouette, action-forward pose and strong commercial hook. Fearless human character blending detective, gangster, police or heist aesthetics with urban grit with desert-sorcery, caravan, palace or djinn-adventure styling. Subtle background hint only: summoning circle, portal shards, floating UI sigils. Color accent idea: obsidian and red. Keep pose dynamic, anatomy clean, no extra limbs, and make the hidden genre read only as a subtle environment cue."
6,B01,1,S01,1,R2C1,6,g30_protag_shonen_006,g30_protag_shonen_006.png,Mara Alvarez,The Titan Abyss Portal Vanguard,protag,Lead,shonen,Shonen,kaiju,Kaiju,cosmic_horror,Cosmic Horror,isekai,Isekai,A hot-blooded lead concept that overtly sells Kaiju x Cosmic Horror.,"summoning circle, portal shards, floating UI sigils",cosmic_horror+isekai | cosmic_horror+kaiju | isekai+kaiju,"A dynamic frontline lead with a bold silhouette, action-forward pose and strong commercial hook. Scrappy non-human character blending defence-force, monster-hunter or scaled-beast spectacle language with occult, forbidden-text, cult or abyssal dread visuals. Subtle background hint only: summoning circle, portal shards, floating UI sigils. Color accent idea: indigo and brass. Keep pose dynamic, anatomy clean, no extra limbs, and make the hidden genre read only as a subtle environment cue."
7,B01,1,S01,1,R2C2,7,g30_protag_shonen_007,g30_protag_shonen_007.png,Mika Alvarez,The Beast Underworld Hearth Vanguard,protag,Lead,shonen,Shonen,monster_taming,Monster Taming,crime,Crime,slice,Slice of Life,A resolute lead concept that overtly sells Monster Taming x Crime.,"warm domestic details, school corridor, café corner, laundry line",crime+monster_taming | crime+slice | monster_taming+slice,"A dynamic frontline lead with a bold silhouette, action-forward pose and strong commercial hook. Heroic human character blending partner-creature gear, capture tools, talismans, companion-bond energy with detective, gangster, police or heist aesthetics with urban grit. Subtle background hint only: warm domestic details, school corridor, café corner, laundry line. Color accent idea: sand and turquoise. Keep pose dynamic, anatomy clean, no extra limbs, and make the hidden genre read only as a subtle environment cue."
8,B01,1,S01,1,R2C3,8,g30_protag_shonen_008,g30_protag_shonen_008.png,Mina Alvarez,The Titan Abyss Hearth Vanguard,protag,Lead,shonen,Shonen,kaiju,Kaiju,cosmic_horror,Cosmic Horror,slice,Slice of Life,A kinetic lead concept that overtly sells Kaiju x Cosmic Horror.,"warm domestic details, school corridor, café corner, laundry line",cosmic_horror+kaiju | cosmic_horror+slice | kaiju+slice,"A dynamic frontline lead with a bold silhouette, action-forward pose and strong commercial hook. Hot-blooded human character blending defence-force, monster-hunter or scaled-beast spectacle language with occult, forbidden-text, cult or abyssal dread visuals. Subtle background hint only: warm domestic details, school corridor, café corner, laundry line. Color accent idea: violet and silver. Keep pose dynamic, anatomy clean, no extra limbs, and make the hidden genre read only as a subtle environment cue."
9,B01,1,S01,1,R2C4,9,g30_protag_shonen_009,g30_protag_shonen_009.png,Nadia Alvarez,The Beast Underworld Terror Vanguard,protag,Lead,shonen,Shonen,monster_taming,Monster Taming,crime,Crime,horror,Horror,A battle-ready lead concept that overtly sells Monster Taming x Crime.,"medical curtains, abandoned halls, claw shadows, eerie green light",crime+horror | crime+monster_taming | horror+monster_taming,"A dynamic frontline lead with a bold silhouette, action-forward pose and strong commercial hook. Resolute demi-human character blending partner-creature gear, capture tools, talismans, companion-bond energy with detective, gangster, police or heist aesthetics with urban grit. Subtle background hint only: medical curtains, abandoned halls, claw shadows, eerie green light. Color accent idea: scarlet and gold. Keep pose dynamic, anatomy clean, no extra limbs, and make the hidden genre read only as a subtle environment cue."
10,B01,1,S01,1,R2C5,10,g30_protag_shonen_010,g30_protag_shonen_010.png,Nao Alvarez,The Titan Abyss Terror Vanguard,protag,Lead,shonen,Shonen,kaiju,Kaiju,cosmic_horror,Cosmic Horror,horror,Horror,A driven lead concept that overtly sells Kaiju x Cosmic Horror.,"medical curtains, abandoned halls, claw shadows, eerie green light",cosmic_horror+horror | cosmic_horror+kaiju | horror+kaiju,"A dynamic frontline lead with a bold silhouette, action-forward pose and strong commercial hook. Kinetic human character blending defence-force, monster-hunter or scaled-beast spectacle language with occult, forbidden-text, cult or abyssal dread visuals. Subtle background hint only: medical curtains, abandoned halls, claw shadows, eerie green light. Color accent idea: navy and amber. Keep pose dynamic, anatomy clean, no extra limbs, and make the hidden genre read only as a subtle environment cue."
11,B01,1,S02,2,R1C1,1,g30_protag_shonen_011,g30_protag_shonen_011.png,Niko Alvarez,The Beast Underworld Heart Vanguard,protag,Lead,shonen,Shonen,monster_taming,Monster Taming,crime,Crime,romance,Romance,A fearless lead concept that overtly sells Monster Taming x Crime.,"petals, soft lights, letters, balcony rails, heart motifs",crime+monster_taming | crime+romance | monster_taming+romance,"A dynamic frontline lead with a bold silhouette, action-forward pose and strong commercial hook. Battle-ready non-human character blending partner-creature gear, capture tools, talismans, companion-bond energy with detective, gangster, police or heist aesthetics with urban grit. Subtle background hint only: petals, soft lights, letters, balcony rails, heart motifs. Color accent idea: obsidian and red. Keep pose dynamic, anatomy clean, no extra limbs, and make the hidden genre read only as a subtle environment cue."
12,B01,1,S02,2,R1C2,2,g30_protag_shonen_012,g30_protag_shonen_012.png,Noor Alvarez,The Titan Abyss Heart Vanguard,protag,Lead,shonen,Shonen,kaiju,Kaiju,cosmic_horror,Cosmic Horror,romance,Romance,A scrappy lead concept that overtly sells Kaiju x Cosmic Horror.,"petals, soft lights, letters, balcony rails, heart motifs",cosmic_horror+kaiju | cosmic_horror+romance | kaiju+romance,"A dynamic frontline lead with a bold silhouette, action-forward pose and strong commercial hook. Driven human character blending defence-force, monster-hunter or scaled-beast spectacle language with occult, forbidden-text, cult or abyssal dread visuals. Subtle background hint only: petals, soft lights, letters, balcony rails, heart motifs. Color accent idea: indigo and brass. Keep pose dynamic, anatomy clean, no extra limbs, and make the hidden genre read only as a subtle environment cue."
13,B01,1,S02,2,R1C3,3,g30_protag_shonen_013,g30_protag_shonen_013.png,Rhea Alvarez,The Beast Underworld Arena Vanguard,protag,Lead,shonen,Shonen,monster_taming,Monster Taming,crime,Crime,sports,Sports,A heroic lead concept that overtly sells Monster Taming x Crime.,"stadium floodlights, lane markings, scoreboards, locker-room cues",crime+monster_taming | crime+sports | monster_taming+sports,"A dynamic frontline lead with a bold silhouette, action-forward pose and strong commercial hook. Fearless human character blending partner-creature gear, capture tools, talismans, companion-bond energy with detective, gangster, police or heist aesthetics with urban grit. Subtle background hint only: stadium floodlights, lane markings, scoreboards, locker-room cues. Color accent idea: sand and turquoise. Keep pose dynamic, anatomy clean, no extra limbs, and make the hidden genre read only as a subtle environment cue."
14,B01,1,S02,2,R1C4,4,g30_protag_shonen_014,g30_protag_shonen_014.png,Ren Alvarez,The Titan Abyss Arena Vanguard,protag,Lead,shonen,Shonen,kaiju,Kaiju,cosmic_horror,Cosmic Horror,sports,Sports,A hot-blooded lead concept that overtly sells Kaiju x Cosmic Horror.,"stadium floodlights, lane markings, scoreboards, locker-room cues",cosmic_horror+kaiju | cosmic_horror+sports | kaiju+sports,"A dynamic frontline lead with a bold silhouette, action-forward pose and strong commercial hook. Scrappy demi-human character blending defence-force, monster-hunter or scaled-beast spectacle language with occult, forbidden-text, cult or abyssal dread visuals. Subtle background hint only: stadium floodlights, lane markings, scoreboards, locker-room cues. Color accent idea: violet and silver. Keep pose dynamic, anatomy clean, no extra limbs, and make the hidden genre read only as a subtle environment cue."
15,B01,1,S02,2,R1C5,5,g30_protag_shonen_015,g30_protag_shonen_015.png,Rin Alvarez,The Beast Underworld Neon Vanguard,protag,Lead,shonen,Shonen,monster_taming,Monster Taming,crime,Crime,cyber,Cyber,A resolute lead concept that overtly sells Monster Taming x Crime.,"neon grids, holograms, circuit traces, city rain reflections",crime+cyber | crime+monster_taming | cyber+monster_taming,"A dynamic frontline lead with a bold silhouette, action-forward pose and strong commercial hook. Heroic human character blending partner-creature gear, capture tools, talismans, companion-bond energy with detective, gangster, police or heist aesthetics with urban grit. Subtle background hint only: neon grids, holograms, circuit traces, city rain reflections. Color accent idea: scarlet and gold. Keep pose dynamic, anatomy clean, no extra limbs, and make the hidden genre read only as a subtle environment cue."
16,B01,1,S02,2,R2C1,6,g30_protag_shonen_016,g30_protag_shonen_016.png,Samira Alvarez,The Titan Abyss Neon Vanguard,protag,Lead,shonen,Shonen,kaiju,Kaiju,cosmic_horror,Cosmic Horror,cyber,Cyber,A kinetic lead concept that overtly sells Kaiju x Cosmic Horror.,"neon grids, holograms, circuit traces, city rain reflections",cosmic_horror+cyber | cosmic_horror+kaiju | cyber+kaiju,"A dynamic frontline lead with a bold silhouette, action-forward pose and strong commercial hook. Hot-blooded non-human character blending defence-force, monster-hunter or scaled-beast spectacle language with occult, forbidden-text, cult or abyssal dread visuals. Subtle background hint only: neon grids, holograms, circuit traces, city rain reflections. Color accent idea: navy and amber. Keep pose dynamic, anatomy clean, no extra limbs, and make the hidden genre read only as a subtle environment cue."
17,B01,1,S02,2,R2C2,7,g30_protag_shonen_017,g30_protag_shonen_017.png,Sana Alvarez,The Beast Underworld Realm Vanguard,protag,Lead,shonen,Shonen,monster_taming,Monster Taming,crime,Crime,fantasy,Fantasy,A battle-ready lead concept that overtly sells Monster Taming x Crime.,"runes, relics, banners, ancient stonework, enchanted forests",crime+fantasy | crime+monster_taming | fantasy+monster_taming,"A dynamic frontline lead with a bold silhouette, action-forward pose and strong commercial hook. Resolute human character blending partner-creature gear, capture tools, talismans, companion-bond energy with detective, gangster, police or heist aesthetics with urban grit. Subtle background hint only: runes, relics, banners, ancient stonework, enchanted forests. Color accent idea: obsidian and red. Keep pose dynamic, anatomy clean, no extra limbs, and make the hidden genre read only as a subtle environment cue."
18,B01,1,S02,2,R2C3,8,g30_protag_shonen_018,g30_protag_shonen_018.png,Sora Alvarez,The Titan Abyss Realm Vanguard,protag,Lead,shonen,Shonen,kaiju,Kaiju,cosmic_horror,Cosmic Horror,fantasy,Fantasy,A driven lead concept that overtly sells Kaiju x Cosmic Horror.,"runes, relics, banners, ancient stonework, enchanted forests",cosmic_horror+fantasy | cosmic_horror+kaiju | fantasy+kaiju,"A dynamic frontline lead with a bold silhouette, action-forward pose and strong commercial hook. Kinetic human character blending defence-force, monster-hunter or scaled-beast spectacle language with occult, forbidden-text, cult or abyssal dread visuals. Subtle background hint only: runes, relics, banners, ancient stonework, enchanted forests. Color accent idea: indigo and brass. Keep pose dynamic, anatomy clean, no extra limbs, and make the hidden genre read only as a subtle environment cue."
19,B01,1,S02,2,R2C4,9,g30_protag_shonen_019,g30_protag_shonen_019.png,Tala Alvarez,The Beast Underworld Stage Vanguard,protag,Lead,shonen,Shonen,monster_taming,Monster Taming,crime,Crime,idol,Idol,A fearless lead concept that overtly sells Monster Taming x Crime.,"stage lights, star confetti, speaker stacks, glowsticks",crime+idol | crime+monster_taming | idol+monster_taming,"A dynamic frontline lead with a bold silhouette, action-forward pose and strong commercial hook. Battle-ready demi-human character blending partner-creature gear, capture tools, talismans, companion-bond energy with detective, gangster, police or heist aesthetics with urban grit. Subtle background hint only: stage lights, star confetti, speaker stacks, glowsticks. Color accent idea: sand and turquoise. Keep pose dynamic, anatomy clean, no extra limbs, and make the hidden genre read only as a subtle environment cue."
20,B01,1,S02,2,R2C5,10,g30_protag_shonen_020,g30_protag_shonen_020.png,Yara Alvarez,The Titan Abyss Stage Vanguard,protag,Lead,shonen,Shonen,kaiju,Kaiju,cosmic_horror,Cosmic Horror,idol,Idol,A scrappy lead concept that overtly sells Kaiju x Cosmic Horror.,"stage lights, star confetti, speaker stacks, glowsticks",cosmic_horror+idol | cosmic_horror+kaiju | idol+kaiju,"A dynamic frontline lead with a bold silhouette, action-forward pose and strong commercial hook. Driven human character blending defence-force, monster-hunter or scaled-beast spectacle language with occult, forbidden-text, cult or abyssal dread visuals. Subtle background hint only: stage lights, star confetti, speaker stacks, glowsticks. Color accent idea: violet and silver. Keep pose dynamic, anatomy clean, no extra limbs, and make the hidden genre read only as a subtle environment cue."
21,B01,1,S03,3,R1C1,1,g30_protag_shonen_021,g30_protag_shonen_021.png,Aiko Amari,The Beast Underworld Cipher Vanguard,protag,Lead,shonen,Shonen,monster_taming,Monster Taming,crime,Crime,mystery,Mystery,A heroic lead concept that overtly sells Monster Taming x Crime.,"case boards, magnifying glass reflections, foggy windows, clues",crime+monster_taming | crime+mystery | monster_taming+mystery,"A dynamic frontline lead with a bold silhouette, action-forward pose and strong commercial hook. Fearless non-human character blending partner-creature gear, capture tools, talismans, companion-bond energy with detective, gangster, police or heist aesthetics with urban grit. Subtle background hint only: case boards, magnifying glass reflections, foggy windows, clues. Color accent idea: scarlet and gold. Keep pose dynamic, anatomy clean, no extra limbs, and make the hidden genre read only as a subtle environment cue."
22,B01,1,S03,3,R1C2,2,g30_protag_shonen_022,g30_protag_shonen_022.png,Amara Amari,The Titan Abyss Cipher Vanguard,protag,Lead,shonen,Shonen,kaiju,Kaiju,cosmic_horror,Cosmic Horror,mystery,Mystery,A hot-blooded lead concept that overtly sells Kaiju x Cosmic Horror.,"case boards, magnifying glass reflections, foggy windows, clues",cosmic_horror+kaiju | cosmic_horror+mystery | kaiju+mystery,"A dynamic frontline lead with a bold silhouette, action-forward pose and strong commercial hook. Scrappy human character blending defence-force, monster-hunter or scaled-beast spectacle language with occult, forbidden-text, cult or abyssal dread visuals. Subtle background hint only: case boards, magnifying glass reflections, foggy windows, clues. Color accent idea: navy and amber. Keep pose dynamic, anatomy clean, no extra limbs, and make the hidden genre read only as a subtle environment cue."
23,B01,1,S03,3,R1C3,3,g30_protag_shonen_023,g30_protag_shonen_023.png,Ansel Amari,The Beast Underworld Mirth Vanguard,protag,Lead,shonen,Shonen,monster_taming,Monster Taming,crime,Crime,comedy,Comedy,A resolute lead concept that overtly sells Monster Taming x Crime.,"playful props, bright signage, exaggerated set pieces",comedy+crime | comedy+monster_taming | crime+monster_taming,"A dynamic frontline lead with a bold silhouette, action-forward pose and strong commercial hook. Heroic human character blending partner-creature gear, capture tools, talismans, companion-bond energy with detective, gangster, police or heist aesthetics with urban grit. Subtle background hint only: playful props, bright signage, exaggerated set pieces. Color accent idea: obsidian and red. Keep pose dynamic, anatomy clean, no extra limbs, and make the hidden genre read only as a subtle environment cue."
24,B01,1,S03,3,R1C4,4,g30_protag_shonen_024,g30_protag_shonen_024.png,Arden Amari,The Titan Abyss Mirth Vanguard,protag,Lead,shonen,Shonen,kaiju,Kaiju,cosmic_horror,Cosmic Horror,comedy,Comedy,A kinetic lead concept that overtly sells Kaiju x Cosmic Horror.,"playful props, bright signage, exaggerated set pieces",comedy+cosmic_horror | comedy+kaiju | cosmic_horror+kaiju,"A dynamic frontline lead with a bold silhouette, action-forward pose and strong commercial hook. Hot-blooded demi-human character blending defence-force, monster-hunter or scaled-beast spectacle language with occult, forbidden-text, cult or abyssal dread visuals. Subtle background hint only: playful props, bright signage, exaggerated set pieces. Color accent idea: indigo and brass. Keep pose dynamic, anatomy clean, no extra limbs, and make the hidden genre read only as a subtle environment cue."
25,B01,1,S03,3,R1C5,5,g30_protag_shonen_025,g30_protag_shonen_025.png,Ari Amari,The Beast Underworld Kitchen Vanguard,protag,Lead,shonen,Shonen,monster_taming,Monster Taming,crime,Crime,cooking,Cooking,A battle-ready lead concept that overtly sells Monster Taming x Crime.,"steam, hanging pans, chopping blocks, spice stalls",cooking+crime | cooking+monster_taming | crime+monster_taming,"A dynamic frontline lead with a bold silhouette, action-forward pose and strong commercial hook. Resolute human character blending partner-creature gear, capture tools, talismans, companion-bond energy with detective, gangster, police or heist aesthetics with urban grit. Subtle background hint only: steam, hanging pans, chopping blocks, spice stalls. Color accent idea: sand and turquoise. Keep pose dynamic, anatomy clean, no extra limbs, and make the hidden genre read only as a subtle environment cue."
26,B01,1,S03,3,R2C1,6,g30_protag_shonen_026,g30_protag_shonen_026.png,Asa Amari,The Titan Abyss Kitchen Vanguard,protag,Lead,shonen,Shonen,kaiju,Kaiju,cosmic_horror,Cosmic Horror,cooking,Cooking,A driven lead concept that overtly sells Kaiju x Cosmic Horror.,"steam, hanging pans, chopping blocks, spice stalls",cooking+cosmic_horror | cooking+kaiju | cosmic_horror+kaiju,"A dynamic frontline lead with a bold silhouette, action-forward pose and strong commercial hook. Kinetic non-human character blending defence-force, monster-hunter or scaled-beast spectacle language with occult, forbidden-text, cult or abyssal dread visuals. Subtle background hint only: steam, hanging pans, chopping blocks, spice stalls. Color accent idea: violet and silver. Keep pose dynamic, anatomy clean, no extra limbs, and make the hidden genre read only as a subtle environment cue."
27,B01,1,S03,3,R2C2,7,g30_protag_shonen_027,g30_protag_shonen_027.png,Asha Amari,The Beast Underworld Command Vanguard,protag,Lead,shonen,Shonen,monster_taming,Monster Taming,crime,Crime,military,Military,A fearless lead concept that overtly sells Monster Taming x Crime.,"sandbags, tactical screens, emblems, armored vehicles",crime+military | crime+monster_taming | military+monster_taming,"A dynamic frontline lead with a bold silhouette, action-forward pose and strong commercial hook. Battle-ready human character blending partner-creature gear, capture tools, talismans, companion-bond energy with detective, gangster, police or heist aesthetics with urban grit. Subtle background hint only: sandbags, tactical screens, emblems, armored vehicles. Color accent idea: scarlet and gold. Keep pose dynamic, anatomy clean, no extra limbs, and make the hidden genre read only as a subtle environment cue."
28,B01,1,S03,3,R2C3,8,g30_protag_shonen_028,g30_protag_shonen_028.png,Cass Amari,The Titan Abyss Command Vanguard,protag,Lead,shonen,Shonen,kaiju,Kaiju,cosmic_horror,Cosmic Horror,military,Military,A scrappy lead concept that overtly sells Kaiju x Cosmic Horror.,"sandbags, tactical screens, emblems, armored vehicles",cosmic_horror+kaiju | cosmic_horror+military | kaiju+military,"A dynamic frontline lead with a bold silhouette, action-forward pose and strong commercial hook. Driven human character blending defence-force, monster-hunter or scaled-beast spectacle language with occult, forbidden-text, cult or abyssal dread visuals. Subtle background hint only: sandbags, tactical screens, emblems, armored vehicles. Color accent idea: navy and amber. Keep pose dynamic, anatomy clean, no extra limbs, and make the hidden genre read only as a subtle environment cue."
29,B01,1,S03,3,R2C4,9,g30_protag_shonen_029,g30_protag_shonen_029.png,Cassia Amari,The Beast Underworld Spirit Vanguard,protag,Lead,shonen,Shonen,monster_taming,Monster Taming,crime,Crime,supernatural,Supernatural,A heroic lead concept that overtly sells Monster Taming x Crime.,"spirit wisps, shrine gates, sigils, moonlit talismans",crime+monster_taming | crime+supernatural | monster_taming+supernatural,"A dynamic frontline lead with a bold silhouette, action-forward pose and strong commercial hook. Fearless demi-human character blending partner-creature gear, capture tools, talismans, companion-bond energy with detective, gangster, police or heist aesthetics with urban grit. Subtle background hint only: spirit wisps, shrine gates, sigils, moonlit talismans. Color accent idea: obsidian and red. Keep pose dynamic, anatomy clean, no extra limbs, and make the hidden genre read only as a subtle environment cue."
30,B01,1,S03,3,R2C5,10,g30_protag_shonen_030,g30_protag_shonen_030.png,Dara Amari,The Titan Abyss Spirit Vanguard,protag,Lead,shonen,Shonen,kaiju,Kaiju,cosmic_horror,Cosmic Horror,supernatural,Supernatural,A hot-blooded lead concept that overtly sells Kaiju x Cosmic Horror.,"spirit wisps, shrine gates, sigils, moonlit talismans",cosmic_horror+kaiju | cosmic_horror+supernatural | kaiju+supernatural,"A dynamic frontline lead with a bold silhouette, action-forward pose and strong commercial hook. Scrappy human character blending defence-force, monster-hunter or scaled-beast spectacle language with occult, forbidden-text, cult or abyssal dread visuals. Subtle background hint only: spirit wisps, shrine gates, sigils, moonlit talismans. Color accent idea: indigo and brass. Keep pose dynamic, anatomy clean, no extra limbs, and make the hidden genre read only as a subtle environment cue."
31,B01,1,S04,4,R1C1,1,g30_protag_shonen_031,g30_protag_shonen_031.png,Eira Amari,The Beast Underworld Void Vanguard,protag,Lead,shonen,Shonen,monster_taming,Monster Taming,crime,Crime,space,Space,A resolute lead concept that overtly sells Monster Taming x Crime.,"starfields, cockpit glass, planets, docking ports",crime+monster_taming | crime+space | monster_taming+space,"A dynamic frontline lead with a bold silhouette, action-forward pose and strong commercial hook. Heroic non-human character blending partner-creature gear, capture tools, talismans, companion-bond energy with detective, gangster, police or heist aesthetics with urban grit. Subtle background hint only: starfields, cockpit glass, planets, docking ports. Color accent idea: sand and turquoise. Keep pose dynamic, anatomy clean, no extra limbs, and make the hidden genre read only as a subtle environment cue."
32,B01,1,S04,4,R1C2,2,g30_protag_shonen_032,g30_protag_shonen_032.png,Elian Amari,The Titan Abyss Void Vanguard,protag,Lead,shonen,Shonen,kaiju,Kaiju,cosmic_horror,Cosmic Horror,space,Space,A kinetic lead concept that overtly sells Kaiju x Cosmic Horror.,"starfields, cockpit glass, planets, docking ports",cosmic_horror+kaiju | cosmic_horror+space | kaiju+space,"A dynamic frontline lead with a bold silhouette, action-forward pose and strong commercial hook. Hot-blooded human character blending defence-force, monster-hunter or scaled-beast spectacle language with occult, forbidden-text, cult or abyssal dread visuals. Subtle background hint only: starfields, cockpit glass, planets, docking ports. Color accent idea: violet and silver. Keep pose dynamic, anatomy clean, no extra limbs, and make the hidden genre read only as a subtle environment cue."
33,B01,1,S04,4,R1C3,3,g30_protag_shonen_033,g30_protag_shonen_033.png,Emi Amari,The Beast Underworld Charm Vanguard,protag,Lead,shonen,Shonen,monster_taming,Monster Taming,crime,Crime,magical,Magical,A battle-ready lead concept that overtly sells Monster Taming x Crime.,"sparkles, transformation glyphs, ribbon trails, pastel magic",crime+magical | crime+monster_taming | magical+monster_taming,"A dynamic frontline lead with a bold silhouette, action-forward pose and strong commercial hook. Resolute human character blending partner-creature gear, capture tools, talismans, companion-bond energy with detective, gangster, police or heist aesthetics with urban grit. Subtle background hint only: sparkles, transformation glyphs, ribbon trails, pastel magic. Color accent idea: scarlet and gold. Keep pose dynamic, anatomy clean, no extra limbs, and make the hidden genre read only as a subtle environment cue."
34,B01,1,S04,4,R1C4,4,g30_protag_shonen_034,g30_protag_shonen_034.png,Farah Amari,The Titan Abyss Charm Vanguard,protag,Lead,shonen,Shonen,kaiju,Kaiju,cosmic_horror,Cosmic Horror,magical,Magical,A driven lead concept that overtly sells Kaiju x Cosmic Horror.,"sparkles, transformation glyphs, ribbon trails, pastel magic",cosmic_horror+kaiju | cosmic_horror+magical | kaiju+magical,"A dynamic frontline lead with a bold silhouette, action-forward pose and strong commercial hook. Kinetic demi-human character blending defence-force, monster-hunter or scaled-beast spectacle language with occult, forbidden-text, cult or abyssal dread visuals. Subtle background hint only: sparkles, transformation glyphs, ribbon trails, pastel magic. Color accent idea: navy and amber. Keep pose dynamic, anatomy clean, no extra limbs, and make the hidden genre read only as a subtle environment cue."
35,B01,1,S04,4,R1C5,5,g30_protag_shonen_035,g30_protag_shonen_035.png,Hana Amari,The Beast Underworld Wild Vanguard,protag,Lead,shonen,Shonen,monster_taming,Monster Taming,crime,Crime,survival,Survival,A fearless lead concept that overtly sells Monster Taming x Crime.,"camp gear, rough maps, ropes, storm clouds, scavenged supplies",crime+monster_taming | crime+survival | monster_taming+survival,"A dynamic frontline lead with a bold silhouette, action-forward pose and strong commercial hook. Battle-ready human character blending partner-creature gear, capture tools, talismans, companion-bond energy with detective, gangster, police or heist aesthetics with urban grit. Subtle background hint only: camp gear, rough maps, ropes, storm clouds, scavenged supplies. Color accent idea: obsidian and red. Keep pose dynamic, anatomy clean, no extra limbs, and make the hidden genre read only as a subtle environment cue."
36,B01,1,S04,4,R2C1,6,g30_protag_shonen_036,g30_protag_shonen_036.png,Haru Amari,The Titan Abyss Wild Vanguard,protag,Lead,shonen,Shonen,kaiju,Kaiju,cosmic_horror,Cosmic Horror,survival,Survival,A scrappy lead concept that overtly sells Kaiju x Cosmic Horror.,"camp gear, rough maps, ropes, storm clouds, scavenged supplies",cosmic_horror+kaiju | cosmic_horror+survival | kaiju+survival,"A dynamic frontline lead with a bold silhouette, action-forward pose and strong commercial hook. Driven non-human character blending defence-force, monster-hunter or scaled-beast spectacle language with occult, forbidden-text, cult or abyssal dread visuals. Subtle background hint only: camp gear, rough maps, ropes, storm clouds, scavenged supplies. Color accent idea: indigo and brass. Keep pose dynamic, anatomy clean, no extra limbs, and make the hidden genre read only as a subtle environment cue."
37,B01,1,S04,4,R2C2,7,g30_protag_shonen_037,g30_protag_shonen_037.png,Idris Amari,The Beast Underworld Corsair Vanguard,protag,Lead,shonen,Shonen,monster_taming,Monster Taming,crime,Crime,pirate,Pirate,A heroic lead concept that overtly sells Monster Taming x Crime.,"rigging, maps, cannon smoke, treasure, ocean spray",crime+monster_taming | crime+pirate | monster_taming+pirate,"A dynamic frontline lead with a bold silhouette, action-forward pose and strong commercial hook. Fearless human character blending partner-creature gear, capture tools, talismans, companion-bond energy with detective, gangster, police or heist aesthetics with urban grit. Subtle background hint only: rigging, maps, cannon smoke, treasure, ocean spray. Color accent idea: sand and turquoise. Keep pose dynamic, anatomy clean, no extra limbs, and make the hidden genre read only as a subtle environment cue."
38,B01,1,S04,4,R2C3,8,g30_protag_shonen_038,g30_protag_shonen_038.png,Imani Amari,The Titan Abyss Corsair Vanguard,protag,Lead,shonen,Shonen,kaiju,Kaiju,cosmic_horror,Cosmic Horror,pirate,Pirate,A hot-blooded lead concept that overtly sells Kaiju x Cosmic Horror.,"rigging, maps, cannon smoke, treasure, ocean spray",cosmic_horror+kaiju | cosmic_horror+pirate | kaiju+pirate,"A dynamic frontline lead with a bold silhouette, action-forward pose and strong commercial hook. Scrappy human character blending defence-force, monster-hunter or scaled-beast spectacle language with occult, forbidden-text, cult or abyssal dread visuals. Subtle background hint only: rigging, maps, cannon smoke, treasure, ocean spray. Color accent idea: violet and silver. Keep pose dynamic, anatomy clean, no extra limbs, and make the hidden genre read only as a subtle environment cue."
39,B01,1,S04,4,R2C4,9,g30_protag_shonen_039,g30_protag_shonen_039.png,Jae Amari,The Beast Underworld Fist Vanguard,protag,Lead,shonen,Shonen,monster_taming,Monster Taming,crime,Crime,martial,Martial Arts,A resolute lead concept that overtly sells Monster Taming x Crime.,"dojo banners, shattered tiles, temple gates, training gear",crime+martial | crime+monster_taming | martial+monster_taming,"A dynamic frontline lead with a bold silhouette, action-forward pose and strong commercial hook. Heroic demi-human character blending partner-creature gear, capture tools, talismans, companion-bond energy with detective, gangster, police or heist aesthetics with urban grit. Subtle background hint only: dojo banners, shattered tiles, temple gates, training gear. Color accent idea: scarlet and gold. Keep pose dynamic, anatomy clean, no extra limbs, and make the hidden genre read only as a subtle environment cue."
40,B01,1,S04,4,R2C5,10,g30_protag_shonen_040,g30_protag_shonen_040.png,Jin Amari,The Titan Abyss Fist Vanguard,protag,Lead,shonen,Shonen,kaiju,Kaiju,cosmic_horror,Cosmic Horror,martial,Martial Arts,A kinetic lead concept that overtly sells Kaiju x Cosmic Horror.,"dojo banners, shattered tiles, temple gates, training gear",cosmic_horror+kaiju | cosmic_horror+martial | kaiju+martial,"A dynamic frontline lead with a bold silhouette, action-forward pose and strong commercial hook. Hot-blooded human character blending defence-force, monster-hunter or scaled-beast spectacle language with occult, forbidden-text, cult or abyssal dread visuals. Subtle background hint only: dojo banners, shattered tiles, temple gates, training gear. Color accent idea: navy and amber. Keep pose dynamic, anatomy clean, no extra limbs, and make the hidden genre read only as a subtle environment cue."
41,B01,1,S05,5,R1C1,1,g30_protag_shonen_041,g30_protag_shonen_041.png,Kael Amari,The Beast Underworld Myth Vanguard,protag,Lead,shonen,Shonen,monster_taming,Monster Taming,crime,Crime,mythology,Mythology,A battle-ready lead concept that overtly sells Monster Taming x Crime.,"divine statues, laurel, sacred fire, heroic reliefs",crime+monster_taming | crime+mythology | monster_taming+mythology,"A dynamic frontline lead with a bold silhouette, action-forward pose and strong commercial hook. Resolute non-human character blending partner-creature gear, capture tools, talismans, companion-bond energy with detective, gangster, police or heist aesthetics with urban grit. Subtle background hint only: divine statues, laurel, sacred fire, heroic reliefs. Color accent idea: obsidian and red. Keep pose dynamic, anatomy clean, no extra limbs, and make the hidden genre read only as a subtle environment cue."
42,B01,1,S05,5,R1C2,2,g30_protag_shonen_042,g30_protag_shonen_042.png,Kira Amari,The Titan Abyss Myth Vanguard,protag,Lead,shonen,Shonen,kaiju,Kaiju,cosmic_horror,Cosmic Horror,mythology,Mythology,A driven lead concept that overtly sells Kaiju x Cosmic Horror.,"divine statues, laurel, sacred fire, heroic reliefs",cosmic_horror+kaiju | cosmic_horror+mythology | kaiju+mythology,"A dynamic frontline lead with a bold silhouette, action-forward pose and strong commercial hook. Kinetic human character blending defence-force, monster-hunter or scaled-beast spectacle language with occult, forbidden-text, cult or abyssal dread visuals. Subtle background hint only: divine statues, laurel, sacred fire, heroic reliefs. Color accent idea: indigo and brass. Keep pose dynamic, anatomy clean, no extra limbs, and make the hidden genre read only as a subtle environment cue."
43,B01,1,S05,5,R1C3,3,g30_protag_shonen_043,g30_protag_shonen_043.png,Leila Amari,The Beast Underworld North Vanguard,protag,Lead,shonen,Shonen,monster_taming,Monster Taming,crime,Crime,nordic,Nordic,A fearless lead concept that overtly sells Monster Taming x Crime.,"snow, carved wood, longship details, aurora, fur banners",crime+monster_taming | crime+nordic | monster_taming+nordic,"A dynamic frontline lead with a bold silhouette, action-forward pose and strong commercial hook. Battle-ready human character blending partner-creature gear, capture tools, talismans, companion-bond energy with detective, gangster, police or heist aesthetics with urban grit. Subtle background hint only: snow, carved wood, longship details, aurora, fur banners. Color accent idea: sand and turquoise. Keep pose dynamic, anatomy clean, no extra limbs, and make the hidden genre read only as a subtle environment cue."
44,B01,1,S05,5,R1C4,4,g30_protag_shonen_044,g30_protag_shonen_044.png,Lina Amari,The Titan Abyss North Vanguard,protag,Lead,shonen,Shonen,kaiju,Kaiju,cosmic_horror,Cosmic Horror,nordic,Nordic,A scrappy lead concept that overtly sells Kaiju x Cosmic Horror.,"snow, carved wood, longship details, aurora, fur banners",cosmic_horror+kaiju | cosmic_horror+nordic | kaiju+nordic,"A dynamic frontline lead with a bold silhouette, action-forward pose and strong commercial hook. Driven demi-human character blending defence-force, monster-hunter or scaled-beast spectacle language with occult, forbidden-text, cult or abyssal dread visuals. Subtle background hint only: snow, carved wood, longship details, aurora, fur banners. Color accent idea: violet and silver. Keep pose dynamic, anatomy clean, no extra limbs, and make the hidden genre read only as a subtle environment cue."
45,B01,1,S05,5,R1C5,5,g30_protag_shonen_045,g30_protag_shonen_045.png,Lucan Amari,The Beast Underworld Blade Vanguard,protag,Lead,shonen,Shonen,monster_taming,Monster Taming,crime,Crime,samurai,Samurai,A heroic lead concept that overtly sells Monster Taming x Crime.,"paper screens, mon crests, lacquer, falling maple leaves",crime+monster_taming | crime+samurai | monster_taming+samurai,"A dynamic frontline lead with a bold silhouette, action-forward pose and strong commercial hook. Fearless human character blending partner-creature gear, capture tools, talismans, companion-bond energy with detective, gangster, police or heist aesthetics with urban grit. Subtle background hint only: paper screens, mon crests, lacquer, falling maple leaves. Color accent idea: scarlet and gold. Keep pose dynamic, anatomy clean, no extra limbs, and make the hidden genre read only as a subtle environment cue."
46,B01,1,S05,5,R2C1,6,g30_protag_shonen_046,g30_protag_shonen_046.png,Mara Amari,The Titan Abyss Blade Vanguard,protag,Lead,shonen,Shonen,kaiju,Kaiju,cosmic_horror,Cosmic Horror,samurai,Samurai,A hot-blooded lead concept that overtly sells Kaiju x Cosmic Horror.,"paper screens, mon crests, lacquer, falling maple leaves",cosmic_horror+kaiju | cosmic_horror+samurai | kaiju+samurai,"A dynamic frontline lead with a bold silhouette, action-forward pose and strong commercial hook. Scrappy non-human character blending defence-force, monster-hunter or scaled-beast spectacle language with occult, forbidden-text, cult or abyssal dread visuals. Subtle background hint only: paper screens, mon crests, lacquer, falling maple leaves. Color accent idea: navy and amber. Keep pose dynamic, anatomy clean, no extra limbs, and make the hidden genre read only as a subtle environment cue."
47,B01,1,S05,5,R2C2,7,g30_protag_shonen_047,g30_protag_shonen_047.png,Mika Amari,The Beast Underworld Shadow Vanguard,protag,Lead,shonen,Shonen,monster_taming,Monster Taming,crime,Crime,shinobi,Shinobi,A resolute lead concept that overtly sells Monster Taming x Crime.,"moonlit rooftops, smoke bombs, hidden blades, bamboo",crime+monster_taming | crime+shinobi | monster_taming+shinobi,"A dynamic frontline lead with a bold silhouette, action-forward pose and strong commercial hook. Heroic human character blending partner-creature gear, capture tools, talismans, companion-bond energy with detective, gangster, police or heist aesthetics with urban grit. Subtle background hint only: moonlit rooftops, smoke bombs, hidden blades, bamboo. Color accent idea: obsidian and red. Keep pose dynamic, anatomy clean, no extra limbs, and make the hidden genre read only as a subtle environment cue."
48,B01,1,S05,5,R2C3,8,g30_protag_shonen_048,g30_protag_shonen_048.png,Mina Amari,The Titan Abyss Shadow Vanguard,protag,Lead,shonen,Shonen,kaiju,Kaiju,cosmic_horror,Cosmic Horror,shinobi,Shinobi,A kinetic lead concept that overtly sells Kaiju x Cosmic Horror.,"moonlit rooftops, smoke bombs, hidden blades, bamboo",cosmic_horror+kaiju | cosmic_horror+shinobi | kaiju+shinobi,"A dynamic frontline lead with a bold silhouette, action-forward pose and strong commercial hook. Hot-blooded human character blending defence-force, monster-hunter or scaled-beast spectacle language with occult, forbidden-text, cult or abyssal dread visuals. Subtle background hint only: moonlit rooftops, smoke bombs, hidden blades, bamboo. Color accent idea: indigo and brass. Keep pose dynamic, anatomy clean, no extra limbs, and make the hidden genre read only as a subtle environment cue."
49,B01,1,S05,5,R2C4,9,g30_protag_shonen_049,g30_protag_shonen_049.png,Nadia Amari,The Beast Underworld Blood Vanguard,protag,Lead,shonen,Shonen,monster_taming,Monster Taming,crime,Crime,vampire,Vampire,A battle-ready lead concept that overtly sells Monster Taming x Crime.,"crimson moonlight, gothic windows, candelabras, coffin motifs",crime+monster_taming | crime+vampire | monster_taming+vampire,"A dynamic frontline lead with a bold silhouette, action-forward pose and strong commercial hook. Resolute demi-human character blending partner-creature gear, capture tools, talismans, companion-bond energy with detective, gangster, police or heist aesthetics with urban grit. Subtle background hint only: crimson moonlight, gothic windows, candelabras, coffin motifs. Color accent idea: sand and turquoise. Keep pose dynamic, anatomy clean, no extra limbs, and make the hidden genre read only as a subtle environment cue."
50,B01,1,S05,5,R2C5,10,g30_protag_shonen_050,g30_protag_shonen_050.png,Nao Amari,The Titan Abyss Blood Vanguard,protag,Lead,shonen,Shonen,kaiju,Kaiju,cosmic_horror,Cosmic Horror,vampire,Vampire,A driven lead concept that overtly sells Kaiju x Cosmic Horror.,"crimson moonlight, gothic windows, candelabras, coffin motifs",cosmic_horror+kaiju | cosmic_horror+vampire | kaiju+vampire,"A dynamic frontline lead with a bold silhouette, action-forward pose and strong commercial hook. Kinetic human character blending defence-force, monster-hunter or scaled-beast spectacle language with occult, forbidden-text, cult or abyssal dread visuals. Subtle background hint only: crimson moonlight, gothic windows, candelabras, coffin motifs. Color accent idea: violet and silver. Keep pose dynamic, anatomy clean, no extra limbs, and make the hidden genre read only as a subtle environment cue."
51,B01,1,S06,6,R1C1,1,g30_protag_shonen_051,g30_protag_shonen_051.png,Niko Amari,The Beast Underworld Ruin Vanguard,protag,Lead,shonen,Shonen,monster_taming,Monster Taming,crime,Crime,grimdark,Grimdark,A fearless lead concept that overtly sells Monster Taming x Crime.,"war-torn ruins, infernal haze, chains, blackened armor",crime+grimdark | crime+monster_taming | grimdark+monster_taming,"A dynamic frontline lead with a bold silhouette, action-forward pose and strong commercial hook. Battle-ready non-human character blending partner-creature gear, capture tools, talismans, companion-bond energy with detective, gangster, police or heist aesthetics with urban grit. Subtle background hint only: war-torn ruins, infernal haze, chains, blackened armor. Color accent idea: scarlet and gold. Keep pose dynamic, anatomy clean, no extra limbs, and make the hidden genre read only as a subtle environment cue."
52,B01,1,S06,6,R1C2,2,g30_protag_shonen_052,g30_protag_shonen_052.png,Noor Amari,The Titan Abyss Ruin Vanguard,protag,Lead,shonen,Shonen,kaiju,Kaiju,cosmic_horror,Cosmic Horror,grimdark,Grimdark,A scrappy lead concept that overtly sells Kaiju x Cosmic Horror.,"war-torn ruins, infernal haze, chains, blackened armor",cosmic_horror+grimdark | cosmic_horror+kaiju | grimdark+kaiju,"A dynamic frontline lead with a bold silhouette, action-forward pose and strong commercial hook. Driven human character blending defence-force, monster-hunter or scaled-beast spectacle language with occult, forbidden-text, cult or abyssal dread visuals. Subtle background hint only: war-torn ruins, infernal haze, chains, blackened armor. Color accent idea: navy and amber. Keep pose dynamic, anatomy clean, no extra limbs, and make the hidden genre read only as a subtle environment cue."
53,B01,1,S06,6,R1C3,3,g30_protag_shonen_053,g30_protag_shonen_053.png,Rhea Amari,The Gear Portal Beast Vanguard,protag,Lead,shonen,Shonen,mecha,Mecha,isekai,Isekai,monster_taming,Monster Taming,A heroic lead concept that overtly sells Mecha x Isekai.,"creature dens, hatcheries, capture tags, feeding bowls",isekai+monster_taming | mecha+monster_taming,"A dynamic frontline lead with a bold silhouette, action-forward pose and strong commercial hook. Fearless human character blending Mecha-driven styling with Isekai-driven styling. Subtle background hint only: creature dens, hatcheries, capture tags, feeding bowls. Color accent idea: obsidian and red. Keep pose dynamic, anatomy clean, no extra limbs, and make the hidden genre read only as a subtle environment cue."
54,B01,1,S06,6,R1C4,4,g30_protag_shonen_054,g30_protag_shonen_054.png,Ren Amari,The Hearth Terror Dune Vanguard,protag,Lead,shonen,Shonen,slice,Slice of Life,horror,Horror,arabia,Arabia,A hot-blooded lead concept that overtly sells Slice of Life x Horror.,"dune horizons, palace arches, mosaic tiles, brass lamps, caravan tents",arabia+horror | arabia+slice,"A dynamic frontline lead with a bold silhouette, action-forward pose and strong commercial hook. Scrappy demi-human character blending Slice of Life-driven styling with Horror-driven styling. Subtle background hint only: dune horizons, palace arches, mosaic tiles, brass lamps, caravan tents. Color accent idea: indigo and brass. Keep pose dynamic, anatomy clean, no extra limbs, and make the hidden genre read only as a subtle environment cue."
55,B01,1,S06,6,R1C5,5,g30_protag_shonen_055,g30_protag_shonen_055.png,Rin Amari,The Heart Arena Dune Vanguard,protag,Lead,shonen,Shonen,romance,Romance,sports,Sports,arabia,Arabia,A resolute lead concept that overtly sells Romance x Sports.,"dune horizons, palace arches, mosaic tiles, brass lamps, caravan tents",arabia+romance | arabia+sports,"A dynamic frontline lead with a bold silhouette, action-forward pose and strong commercial hook. Heroic human character blending Romance-driven styling with Sports-driven styling. Subtle background hint only: dune horizons, palace arches, mosaic tiles, brass lamps, caravan tents. Color accent idea: sand and turquoise. Keep pose dynamic, anatomy clean, no extra limbs, and make the hidden genre read only as a subtle environment cue."
56,B01,1,S06,6,R2C1,6,g30_protag_shonen_056,g30_protag_shonen_056.png,Samira Amari,The Neon Realm Dune Vanguard,protag,Lead,shonen,Shonen,cyber,Cyber,fantasy,Fantasy,arabia,Arabia,A kinetic lead concept that overtly sells Cyber x Fantasy.,"dune horizons, palace arches, mosaic tiles, brass lamps, caravan tents",arabia+cyber | arabia+fantasy,"A dynamic frontline lead with a bold silhouette, action-forward pose and strong commercial hook. Hot-blooded non-human character blending Cyber-driven styling with Fantasy-driven styling. Subtle background hint only: dune horizons, palace arches, mosaic tiles, brass lamps, caravan tents. Color accent idea: violet and silver. Keep pose dynamic, anatomy clean, no extra limbs, and make the hidden genre read only as a subtle environment cue."
57,B01,1,S06,6,R2C2,7,g30_protag_shonen_057,g30_protag_shonen_057.png,Sana Amari,The Stage Cipher Dune Vanguard,protag,Lead,shonen,Shonen,idol,Idol,mystery,Mystery,arabia,Arabia,A battle-ready lead concept that overtly sells Idol x Mystery.,"dune horizons, palace arches, mosaic tiles, brass lamps, caravan tents",arabia+idol | arabia+mystery,"A dynamic frontline lead with a bold silhouette, action-forward pose and strong commercial hook. Resolute human character blending Idol-driven styling with Mystery-driven styling. Subtle background hint only: dune horizons, palace arches, mosaic tiles, brass lamps, caravan tents. Color accent idea: scarlet and gold. Keep pose dynamic, anatomy clean, no extra limbs, and make the hidden genre read only as a subtle environment cue."
58,B01,1,S06,6,R2C3,8,g30_protag_shonen_058,g30_protag_shonen_058.png,Sora Amari,The Mirth Kitchen Dune Vanguard,protag,Lead,shonen,Shonen,comedy,Comedy,cooking,Cooking,arabia,Arabia,A driven lead concept that overtly sells Comedy x Cooking.,"dune horizons, palace arches, mosaic tiles, brass lamps, caravan tents",arabia+comedy | arabia+cooking,"A dynamic frontline lead with a bold silhouette, action-forward pose and strong commercial hook. Kinetic human character blending Comedy-driven styling with Cooking-driven styling. Subtle background hint only: dune horizons, palace arches, mosaic tiles, brass lamps, caravan tents. Color accent idea: navy and amber. Keep pose dynamic, anatomy clean, no extra limbs, and make the hidden genre read only as a subtle environment cue."
59,B01,1,S06,6,R2C4,9,g30_protag_shonen_059,g30_protag_shonen_059.png,Tala Amari,The Command Spirit Dune Vanguard,protag,Lead,shonen,Shonen,military,Military,supernatural,Supernatural,arabia,Arabia,A fearless lead concept that overtly sells Military x Supernatural.,"dune horizons, palace arches, mosaic tiles, brass lamps, caravan tents",arabia+military | arabia+supernatural,"A dynamic frontline lead with a bold silhouette, action-forward pose and strong commercial hook. Battle-ready demi-human character blending Military-driven styling with Supernatural-driven styling. Subtle background hint only: dune horizons, palace arches, mosaic tiles, brass lamps, caravan tents. Color accent idea: obsidian and red. Keep pose dynamic, anatomy clean, no extra limbs, and make the hidden genre read only as a subtle environment cue."
60,B01,1,S06,6,R2C5,10,g30_protag_shonen_060,g30_protag_shonen_060.png,Yara Amari,The Void Charm Dune Vanguard,protag,Lead,shonen,Shonen,space,Space,magical,Magical,arabia,Arabia,A scrappy lead concept that overtly sells Space x Magical.,"dune horizons, palace arches, mosaic tiles, brass lamps, caravan tents",arabia+magical | arabia+space,"A dynamic frontline lead with a bold silhouette, action-forward pose and strong commercial hook. Driven human character blending Space-driven styling with Magical-driven styling. Subtle background hint only: dune horizons, palace arches, mosaic tiles, brass lamps, caravan tents. Color accent idea: indigo and brass. Keep pose dynamic, anatomy clean, no extra limbs, and make the hidden genre read only as a subtle environment cue."
61,B01,1,S07,7,R1C1,1,g30_protag_shonen_061,g30_protag_shonen_061.png,Aiko Azhar,The Wild Corsair Dune Vanguard,protag,Lead,shonen,Shonen,survival,Survival,pirate,Pirate,arabia,Arabia,A heroic lead concept that overtly sells Survival x Pirate.,"dune horizons, palace arches, mosaic tiles, brass lamps, caravan tents",arabia+pirate | arabia+survival,"A dynamic frontline lead with a bold silhouette, action-forward pose and strong commercial hook. Fearless non-human character blending Survival-driven styling with Pirate-driven styling. Subtle background hint only: dune horizons, palace arches, mosaic tiles, brass lamps, caravan tents. Color accent idea: sand and turquoise. Keep pose dynamic, anatomy clean, no extra limbs, and make the hidden genre read only as a subtle environment cue."
62,B01,1,S07,7,R1C2,2,g30_protag_shonen_062,g30_protag_shonen_062.png,Amara Azhar,The Fist Myth Dune Vanguard,protag,Lead,shonen,Shonen,martial,Martial Arts,mythology,Mythology,arabia,Arabia,A hot-blooded lead concept that overtly sells Martial Arts x Mythology.,"dune horizons, palace arches, mosaic tiles, brass lamps, caravan tents",arabia+martial | arabia+mythology,"A dynamic frontline lead with a bold silhouette, action-forward pose and strong commercial hook. Scrappy human character blending Martial Arts-driven styling with Mythology-driven styling. Subtle background hint only: dune horizons, palace arches, mosaic tiles, brass lamps, caravan tents. Color accent idea: violet and silver. Keep pose dynamic, anatomy clean, no extra limbs, and make the hidden genre read only as a subtle environment cue."
63,B01,1,S07,7,R1C3,3,g30_protag_shonen_063,g30_protag_shonen_063.png,Ansel Azhar,The North Blade Dune Vanguard,protag,Lead,shonen,Shonen,nordic,Nordic,samurai,Samurai,arabia,Arabia,A resolute lead concept that overtly sells Nordic x Samurai.,"dune horizons, palace arches, mosaic tiles, brass lamps, caravan tents",arabia+nordic | arabia+samurai,"A dynamic frontline lead with a bold silhouette, action-forward pose and strong commercial hook. Heroic human character blending Nordic-driven styling with Samurai-driven styling. Subtle background hint only: dune horizons, palace arches, mosaic tiles, brass lamps, caravan tents. Color accent idea: scarlet and gold. Keep pose dynamic, anatomy clean, no extra limbs, and make the hidden genre read only as a subtle environment cue."
64,B01,1,S07,7,R1C4,4,g30_protag_shonen_064,g30_protag_shonen_064.png,Arden Azhar,The Shadow Blood Dune Vanguard,protag,Lead,shonen,Shonen,shinobi,Shinobi,vampire,Vampire,arabia,Arabia,A kinetic lead concept that overtly sells Shinobi x Vampire.,"dune horizons, palace arches, mosaic tiles, brass lamps, caravan tents",arabia+shinobi | arabia+vampire,"A dynamic frontline lead with a bold silhouette, action-forward pose and strong commercial hook. Hot-blooded demi-human character blending Shinobi-driven styling with Vampire-driven styling. Subtle background hint only: dune horizons, palace arches, mosaic tiles, brass lamps, caravan tents. Color accent idea: navy and amber. Keep pose dynamic, anatomy clean, no extra limbs, and make the hidden genre read only as a subtle environment cue."
65,B01,1,S07,7,R1C5,5,g30_protag_shonen_065,g30_protag_shonen_065.png,Ari Azhar,The Beast Dune Ruin Vanguard,protag,Lead,shonen,Shonen,monster_taming,Monster Taming,arabia,Arabia,grimdark,Grimdark,A battle-ready lead concept that overtly sells Monster Taming x Arabia.,"war-torn ruins, infernal haze, chains, blackened armor",arabia+grimdark | arabia+monster_taming | grimdark+monster_taming,"A dynamic frontline lead with a bold silhouette, action-forward pose and strong commercial hook. Resolute human character blending partner-creature gear, capture tools, talismans, companion-bond energy with desert-sorcery, caravan, palace or djinn-adventure styling. Subtle background hint only: war-torn ruins, infernal haze, chains, blackened armor. Color accent idea: obsidian and red. Keep pose dynamic, anatomy clean, no extra limbs, and make the hidden genre read only as a subtle environment cue."
66,B01,1,S07,7,R2C1,6,g30_protag_shojo_001,g30_protag_shojo_001.png,Asa Azhar,The Beast Underworld Titan Luminary,protag,Lead,shojo,Shojo,monster_taming,Monster Taming,crime,Crime,kaiju,Kaiju,A romantic lead concept that overtly sells Monster Taming x Crime.,"evacuation sirens, broken skyline, blast walls, giant footprints",crime+kaiju | crime+monster_taming | kaiju+monster_taming,"A striking emotional lead with elegance, readable fashion design and a dramatic focal pose. Luminous non-human character blending partner-creature gear, capture tools, talismans, companion-bond energy with detective, gangster, police or heist aesthetics with urban grit. Subtle background hint only: evacuation sirens, broken skyline, blast walls, giant footprints. Color accent idea: charcoal and magenta. Keep pose dynamic, anatomy clean, no extra limbs, and make the hidden genre read only as a subtle environment cue."
67,B01,1,S07,7,R2C2,7,g30_protag_shojo_002,g30_protag_shojo_002.png,Asha Azhar,The Beast Abyss Dune Luminary,protag,Lead,shojo,Shojo,monster_taming,Monster Taming,cosmic_horror,Cosmic Horror,arabia,Arabia,A haunting lead concept that overtly sells Monster Taming x Cosmic Horror.,"dune horizons, palace arches, mosaic tiles, brass lamps, caravan tents",arabia+cosmic_horror | arabia+monster_taming | cosmic_horror+monster_taming,"A striking emotional lead with elegance, readable fashion design and a dramatic focal pose. Elegant human character blending partner-creature gear, capture tools, talismans, companion-bond energy with occult, forbidden-text, cult or abyssal dread visuals. Subtle background hint only: dune horizons, palace arches, mosaic tiles, brass lamps, caravan tents. Color accent idea: white and cobalt. Keep pose dynamic, anatomy clean, no extra limbs, and make the hidden genre read only as a subtle environment cue."
68,B01,1,S07,7,R2C3,8,g30_protag_shojo_003,g30_protag_shojo_003.png,Cass Azhar,The Underworld Abyss Gear Luminary,protag,Lead,shojo,Shojo,crime,Crime,cosmic_horror,Cosmic Horror,mecha,Mecha,A stylish lead concept that overtly sells Crime x Cosmic Horror.,"hangar lights, pistons, warning stripes, giant silhouettes",cosmic_horror+crime | cosmic_horror+mecha | crime+mecha,"A striking emotional lead with elegance, readable fashion design and a dramatic focal pose. Romantic human character blending detective, gangster, police or heist aesthetics with urban grit with occult, forbidden-text, cult or abyssal dread visuals. Subtle background hint only: hangar lights, pistons, warning stripes, giant silhouettes. Color accent idea: sage and bronze. Keep pose dynamic, anatomy clean, no extra limbs, and make the hidden genre read only as a subtle environment cue."
69,B01,1,S07,7,R2C4,9,g30_protag_shojo_004,g30_protag_shojo_004.png,Cassia Azhar,The Titan Dune Gear Luminary,protag,Lead,shojo,Shojo,kaiju,Kaiju,arabia,Arabia,mecha,Mecha,A expressive lead concept that overtly sells Kaiju x Arabia.,"hangar lights, pistons, warning stripes, giant silhouettes",arabia+kaiju | arabia+mecha | kaiju+mecha,"A striking emotional lead with elegance, readable fashion design and a dramatic focal pose. Haunting demi-human character blending defence-force, monster-hunter or scaled-beast spectacle language with desert-sorcery, caravan, palace or djinn-adventure styling. Subtle background hint only: hangar lights, pistons, warning stripes, giant silhouettes. Color accent idea: crimson and black. Keep pose dynamic, anatomy clean, no extra limbs, and make the hidden genre read only as a subtle environment cue."
70,B01,1,S07,7,R2C5,10,g30_protag_shojo_005,g30_protag_shojo_005.png,Dara Azhar,The Underworld Dune Portal Luminary,protag,Lead,shojo,Shojo,crime,Crime,arabia,Arabia,isekai,Isekai,A poised lead concept that overtly sells Crime x Arabia.,"summoning circle, portal shards, floating UI sigils",arabia+crime | arabia+isekai | crime+isekai,"A striking emotional lead with elegance, readable fashion design and a dramatic focal pose. Stylish human character blending detective, gangster, police or heist aesthetics with urban grit with desert-sorcery, caravan, palace or djinn-adventure styling. Subtle background hint only: summoning circle, portal shards, floating UI sigils. Color accent idea: emerald and ivory. Keep pose dynamic, anatomy clean, no extra limbs, and make the hidden genre read only as a subtle environment cue."
71,B01,1,S08,8,R1C1,1,g30_protag_shojo_006,g30_protag_shojo_006.png,Eira Azhar,The Titan Abyss Portal Luminary,protag,Lead,shojo,Shojo,kaiju,Kaiju,cosmic_horror,Cosmic Horror,isekai,Isekai,A dramatic lead concept that overtly sells Kaiju x Cosmic Horror.,"summoning circle, portal shards, floating UI sigils",cosmic_horror+isekai | cosmic_horror+kaiju | isekai+kaiju,"A striking emotional lead with elegance, readable fashion design and a dramatic focal pose. Expressive non-human character blending defence-force, monster-hunter or scaled-beast spectacle language with occult, forbidden-text, cult or abyssal dread visuals. Subtle background hint only: summoning circle, portal shards, floating UI sigils. Color accent idea: teal and copper. Keep pose dynamic, anatomy clean, no extra limbs, and make the hidden genre read only as a subtle environment cue."
72,B01,1,S08,8,R1C2,2,g30_protag_shojo_007,g30_protag_shojo_007.png,Elian Azhar,The Beast Underworld Hearth Luminary,protag,Lead,shojo,Shojo,monster_taming,Monster Taming,crime,Crime,slice,Slice of Life,A luminous lead concept that overtly sells Monster Taming x Crime.,"warm domestic details, school corridor, café corner, laundry line",crime+monster_taming | crime+slice | monster_taming+slice,"A striking emotional lead with elegance, readable fashion design and a dramatic focal pose. Poised human character blending partner-creature gear, capture tools, talismans, companion-bond energy with detective, gangster, police or heist aesthetics with urban grit. Subtle background hint only: warm domestic details, school corridor, café corner, laundry line. Color accent idea: charcoal and magenta. Keep pose dynamic, anatomy clean, no extra limbs, and make the hidden genre read only as a subtle environment cue."
73,B01,1,S08,8,R1C3,3,g30_protag_shojo_008,g30_protag_shojo_008.png,Emi Azhar,The Titan Abyss Hearth Luminary,protag,Lead,shojo,Shojo,kaiju,Kaiju,cosmic_horror,Cosmic Horror,slice,Slice of Life,A elegant lead concept that overtly sells Kaiju x Cosmic Horror.,"warm domestic details, school corridor, café corner, laundry line",cosmic_horror+kaiju | cosmic_horror+slice | kaiju+slice,"A striking emotional lead with elegance, readable fashion design and a dramatic focal pose. Dramatic human character blending defence-force, monster-hunter or scaled-beast spectacle language with occult, forbidden-text, cult or abyssal dread visuals. Subtle background hint only: warm domestic details, school corridor, café corner, laundry line. Color accent idea: white and cobalt. Keep pose dynamic, anatomy clean, no extra limbs, and make the hidden genre read only as a subtle environment cue."
74,B01,1,S08,8,R1C4,4,g30_protag_shojo_009,g30_protag_shojo_009.png,Farah Azhar,The Beast Underworld Terror Luminary,protag,Lead,shojo,Shojo,monster_taming,Monster Taming,crime,Crime,horror,Horror,A romantic lead concept that overtly sells Monster Taming x Crime.,"medical curtains, abandoned halls, claw shadows, eerie green light",crime+horror | crime+monster_taming | horror+monster_taming,"A striking emotional lead with elegance, readable fashion design and a dramatic focal pose. Luminous demi-human character blending partner-creature gear, capture tools, talismans, companion-bond energy with detective, gangster, police or heist aesthetics with urban grit. Subtle background hint only: medical curtains, abandoned halls, claw shadows, eerie green light. Color accent idea: sage and bronze. Keep pose dynamic, anatomy clean, no extra limbs, and make the hidden genre read only as a subtle environment cue."
75,B01,1,S08,8,R1C5,5,g30_protag_shojo_010,g30_protag_shojo_010.png,Hana Azhar,The Titan Abyss Terror Luminary,protag,Lead,shojo,Shojo,kaiju,Kaiju,cosmic_horror,Cosmic Horror,horror,Horror,A haunting lead concept that overtly sells Kaiju x Cosmic Horror.,"medical curtains, abandoned halls, claw shadows, eerie green light",cosmic_horror+horror | cosmic_horror+kaiju | horror+kaiju,"A striking emotional lead with elegance, readable fashion design and a dramatic focal pose. Elegant human character blending defence-force, monster-hunter or scaled-beast spectacle language with occult, forbidden-text, cult or abyssal dread visuals. Subtle background hint only: medical curtains, abandoned halls, claw shadows, eerie green light. Color accent idea: crimson and black. Keep pose dynamic, anatomy clean, no extra limbs, and make the hidden genre read only as a subtle environment cue."
76,B01,1,S08,8,R2C1,6,g30_protag_shojo_011,g30_protag_shojo_011.png,Haru Azhar,The Beast Underworld Heart Luminary,protag,Lead,shojo,Shojo,monster_taming,Monster Taming,crime,Crime,romance,Romance,A stylish lead concept that overtly sells Monster Taming x Crime.,"petals, soft lights, letters, balcony rails, heart motifs",crime+monster_taming | crime+romance | monster_taming+romance,"A striking emotional lead with elegance, readable fashion design and a dramatic focal pose. Romantic non-human character blending partner-creature gear, capture tools, talismans, companion-bond energy with detective, gangster, police or heist aesthetics with urban grit. Subtle background hint only: petals, soft lights, letters, balcony rails, heart motifs. Color accent idea: emerald and ivory. Keep pose dynamic, anatomy clean, no extra limbs, and make the hidden genre read only as a subtle environment cue."
77,B01,1,S08,8,R2C2,7,g30_protag_shojo_012,g30_protag_shojo_012.png,Idris Azhar,The Titan Abyss Heart Luminary,protag,Lead,shojo,Shojo,kaiju,Kaiju,cosmic_horror,Cosmic Horror,romance,Romance,A expressive lead concept that overtly sells Kaiju x Cosmic Horror.,"petals, soft lights, letters, balcony rails, heart motifs",cosmic_horror+kaiju | cosmic_horror+romance | kaiju+romance,"A striking emotional lead with elegance, readable fashion design and a dramatic focal pose. Haunting human character blending defence-force, monster-hunter or scaled-beast spectacle language with occult, forbidden-text, cult or abyssal dread visuals. Subtle background hint only: petals, soft lights, letters, balcony rails, heart motifs. Color accent idea: teal and copper. Keep pose dynamic, anatomy clean, no extra limbs, and make the hidden genre read only as a subtle environment cue."
78,B01,1,S08,8,R2C3,8,g30_protag_shojo_013,g30_protag_shojo_013.png,Imani Azhar,The Beast Underworld Arena Luminary,protag,Lead,shojo,Shojo,monster_taming,Monster Taming,crime,Crime,sports,Sports,A poised lead concept that overtly sells Monster Taming x Crime.,"stadium floodlights, lane markings, scoreboards, locker-room cues",crime+monster_taming | crime+sports | monster_taming+sports,"A striking emotional lead with elegance, readable fashion design and a dramatic focal pose. Stylish human character blending partner-creature gear, capture tools, talismans, companion-bond energy with detective, gangster, police or heist aesthetics with urban grit. Subtle background hint only: stadium floodlights, lane markings, scoreboards, locker-room cues. Color accent idea: charcoal and magenta. Keep pose dynamic, anatomy clean, no extra limbs, and make the hidden genre read only as a subtle environment cue."
79,B01,1,S08,8,R2C4,9,g30_protag_shojo_014,g30_protag_shojo_014.png,Jae Azhar,The Titan Abyss Arena Luminary,protag,Lead,shojo,Shojo,kaiju,Kaiju,cosmic_horror,Cosmic Horror,sports,Sports,A dramatic lead concept that overtly sells Kaiju x Cosmic Horror.,"stadium floodlights, lane markings, scoreboards, locker-room cues",cosmic_horror+kaiju | cosmic_horror+sports | kaiju+sports,"A striking emotional lead with elegance, readable fashion design and a dramatic focal pose. Expressive demi-human character blending defence-force, monster-hunter or scaled-beast spectacle language with occult, forbidden-text, cult or abyssal dread visuals. Subtle background hint only: stadium floodlights, lane markings, scoreboards, locker-room cues. Color accent idea: white and cobalt. Keep pose dynamic, anatomy clean, no extra limbs, and make the hidden genre read only as a subtle environment cue."
80,B01,1,S08,8,R2C5,10,g30_protag_shojo_015,g30_protag_shojo_015.png,Jin Azhar,The Beast Underworld Neon Luminary,protag,Lead,shojo,Shojo,monster_taming,Monster Taming,crime,Crime,cyber,Cyber,A luminous lead concept that overtly sells Monster Taming x Crime.,"neon grids, holograms, circuit traces, city rain reflections",crime+cyber | crime+monster_taming | cyber+monster_taming,"A striking emotional lead with elegance, readable fashion design and a dramatic focal pose. Poised human character blending partner-creature gear, capture tools, talismans, companion-bond energy with detective, gangster, police or heist aesthetics with urban grit. Subtle background hint only: neon grids, holograms, circuit traces, city rain reflections. Color accent idea: sage and bronze. Keep pose dynamic, anatomy clean, no extra limbs, and make the hidden genre read only as a subtle environment cue."
81,B01,1,S09,9,R1C1,1,g30_protag_shojo_016,g30_protag_shojo_016.png,Kael Azhar,The Titan Abyss Neon Luminary,protag,Lead,shojo,Shojo,kaiju,Kaiju,cosmic_horror,Cosmic Horror,cyber,Cyber,A elegant lead concept that overtly sells Kaiju x Cosmic Horror.,"neon grids, holograms, circuit traces, city rain reflections",cosmic_horror+cyber | cosmic_horror+kaiju | cyber+kaiju,"A striking emotional lead with elegance, readable fashion design and a dramatic focal pose. Dramatic non-human character blending defence-force, monster-hunter or scaled-beast spectacle language with occult, forbidden-text, cult or abyssal dread visuals. Subtle background hint only: neon grids, holograms, circuit traces, city rain reflections. Color accent idea: crimson and black. Keep pose dynamic, anatomy clean, no extra limbs, and make the hidden genre read only as a subtle environment cue."
82,B01,1,S09,9,R1C2,2,g30_protag_shojo_017,g30_protag_shojo_017.png,Kira Azhar,The Beast Underworld Realm Luminary,protag,Lead,shojo,Shojo,monster_taming,Monster Taming,crime,Crime,fantasy,Fantasy,A romantic lead concept that overtly sells Monster Taming x Crime.,"runes, relics, banners, ancient stonework, enchanted forests",crime+fantasy | crime+monster_taming | fantasy+monster_taming,"A striking emotional lead with elegance, readable fashion design and a dramatic focal pose. Luminous human character blending partner-creature gear, capture tools, talismans, companion-bond energy with detective, gangster, police or heist aesthetics with urban grit. Subtle background hint only: runes, relics, banners, ancient stonework, enchanted forests. Color accent idea: emerald and ivory. Keep pose dynamic, anatomy clean, no extra limbs, and make the hidden genre read only as a subtle environment cue."
83,B01,1,S09,9,R1C3,3,g30_protag_shojo_018,g30_protag_shojo_018.png,Leila Azhar,The Titan Abyss Realm Luminary,protag,Lead,shojo,Shojo,kaiju,Kaiju,cosmic_horror,Cosmic Horror,fantasy,Fantasy,A haunting lead concept that overtly sells Kaiju x Cosmic Horror.,"runes, relics, banners, ancient stonework, enchanted forests",cosmic_horror+fantasy | cosmic_horror+kaiju | fantasy+kaiju,"A striking emotional lead with elegance, readable fashion design and a dramatic focal pose. Elegant human character blending defence-force, monster-hunter or scaled-beast spectacle language with occult, forbidden-text, cult or abyssal dread visuals. Subtle background hint only: runes, relics, banners, ancient stonework, enchanted forests. Color accent idea: teal and copper. Keep pose dynamic, anatomy clean, no extra limbs, and make the hidden genre read only as a subtle environment cue."
84,B01,1,S09,9,R1C4,4,g30_protag_shojo_019,g30_protag_shojo_019.png,Lina Azhar,The Beast Underworld Stage Luminary,protag,Lead,shojo,Shojo,monster_taming,Monster Taming,crime,Crime,idol,Idol,A stylish lead concept that overtly sells Monster Taming x Crime.,"stage lights, star confetti, speaker stacks, glowsticks",crime+idol | crime+monster_taming | idol+monster_taming,"A striking emotional lead with elegance, readable fashion design and a dramatic focal pose. Romantic demi-human character blending partner-creature gear, capture tools, talismans, companion-bond energy with detective, gangster, police or heist aesthetics with urban grit. Subtle background hint only: stage lights, star confetti, speaker stacks, glowsticks. Color accent idea: charcoal and magenta. Keep pose dynamic, anatomy clean, no extra limbs, and make the hidden genre read only as a subtle environment cue."
85,B01,1,S09,9,R1C5,5,g30_protag_shojo_020,g30_protag_shojo_020.png,Lucan Azhar,The Titan Abyss Stage Luminary,protag,Lead,shojo,Shojo,kaiju,Kaiju,cosmic_horror,Cosmic Horror,idol,Idol,A expressive lead concept that overtly sells Kaiju x Cosmic Horror.,"stage lights, star confetti, speaker stacks, glowsticks",cosmic_horror+idol | cosmic_horror+kaiju | idol+kaiju,"A striking emotional lead with elegance, readable fashion design and a dramatic focal pose. Haunting human character blending defence-force, monster-hunter or scaled-beast spectacle language with occult, forbidden-text, cult or abyssal dread visuals. Subtle background hint only: stage lights, star confetti, speaker stacks, glowsticks. Color accent idea: white and cobalt. Keep pose dynamic, anatomy clean, no extra limbs, and make the hidden genre read only as a subtle environment cue."
86,B01,1,S09,9,R2C1,6,g30_protag_shojo_021,g30_protag_shojo_021.png,Mara Azhar,The Beast Underworld Cipher Luminary,protag,Lead,shojo,Shojo,monster_taming,Monster Taming,crime,Crime,mystery,Mystery,A poised lead concept that overtly sells Monster Taming x Crime.,"case boards, magnifying glass reflections, foggy windows, clues",crime+monster_taming | crime+mystery | monster_taming+mystery,"A striking emotional lead with elegance, readable fashion design and a dramatic focal pose. Stylish non-human character blending partner-creature gear, capture tools, talismans, companion-bond energy with detective, gangster, police or heist aesthetics with urban grit. Subtle background hint only: case boards, magnifying glass reflections, foggy windows, clues. Color accent idea: sage and bronze. Keep pose dynamic, anatomy clean, no extra limbs, and make the hidden genre read only as a subtle environment cue."
87,B01,1,S09,9,R2C2,7,g30_protag_shojo_022,g30_protag_shojo_022.png,Mika Azhar,The Titan Abyss Cipher Luminary,protag,Lead,shojo,Shojo,kaiju,Kaiju,cosmic_horror,Cosmic Horror,mystery,Mystery,A dramatic lead concept that overtly sells Kaiju x Cosmic Horror.,"case boards, magnifying glass reflections, foggy windows, clues",cosmic_horror+kaiju | cosmic_horror+mystery | kaiju+mystery,"A striking emotional lead with elegance, readable fashion design and a dramatic focal pose. Expressive human character blending defence-force, monster-hunter or scaled-beast spectacle language with occult, forbidden-text, cult or abyssal dread visuals. Subtle background hint only: case boards, magnifying glass reflections, foggy windows, clues. Color accent idea: crimson and black. Keep pose dynamic, anatomy clean, no extra limbs, and make the hidden genre read only as a subtle environment cue."
88,B01,1,S09,9,R2C3,8,g30_protag_shojo_023,g30_protag_shojo_023.png,Mina Azhar,The Beast Underworld Mirth Luminary,protag,Lead,shojo,Shojo,monster_taming,Monster Taming,crime,Crime,comedy,Comedy,A luminous lead concept that overtly sells Monster Taming x Crime.,"playful props, bright signage, exaggerated set pieces",comedy+crime | comedy+monster_taming | crime+monster_taming,"A striking emotional lead with elegance, readable fashion design and a dramatic focal pose. Poised human character blending partner-creature gear, capture tools, talismans, companion-bond energy with detective, gangster, police or heist aesthetics with urban grit. Subtle background hint only: playful props, bright signage, exaggerated set pieces. Color accent idea: emerald and ivory. Keep pose dynamic, anatomy clean, no extra limbs, and make the hidden genre read only as a subtle environment cue."
89,B01,1,S09,9,R2C4,9,g30_protag_shojo_024,g30_protag_shojo_024.png,Nadia Azhar,The Titan Abyss Mirth Luminary,protag,Lead,shojo,Shojo,kaiju,Kaiju,cosmic_horror,Cosmic Horror,comedy,Comedy,A elegant lead concept that overtly sells Kaiju x Cosmic Horror.,"playful props, bright signage, exaggerated set pieces",comedy+cosmic_horror | comedy+kaiju | cosmic_horror+kaiju,"A striking emotional lead with elegance, readable fashion design and a dramatic focal pose. Dramatic demi-human character blending defence-force, monster-hunter or scaled-beast spectacle language with occult, forbidden-text, cult or abyssal dread visuals. Subtle background hint only: playful props, bright signage, exaggerated set pieces. Color accent idea: teal and copper. Keep pose dynamic, anatomy clean, no extra limbs, and make the hidden genre read only as a subtle environment cue."
90,B01,1,S09,9,R2C5,10,g30_protag_shojo_025,g30_protag_shojo_025.png,Nao Azhar,The Beast Underworld Kitchen Luminary,protag,Lead,shojo,Shojo,monster_taming,Monster Taming,crime,Crime,cooking,Cooking,A romantic lead concept that overtly sells Monster Taming x Crime.,"steam, hanging pans, chopping blocks, spice stalls",cooking+crime | cooking+monster_taming | crime+monster_taming,"A striking emotional lead with elegance, readable fashion design and a dramatic focal pose. Luminous human character blending partner-creature gear, capture tools, talismans, companion-bond energy with detective, gangster, police or heist aesthetics with urban grit. Subtle background hint only: steam, hanging pans, chopping blocks, spice stalls. Color accent idea: charcoal and magenta. Keep pose dynamic, anatomy clean, no extra limbs, and make the hidden genre read only as a subtle environment cue."
91,B01,1,S10,10,R1C1,1,g30_protag_shojo_026,g30_protag_shojo_026.png,Niko Azhar,The Titan Abyss Kitchen Luminary,protag,Lead,shojo,Shojo,kaiju,Kaiju,cosmic_horror,Cosmic Horror,cooking,Cooking,A haunting lead concept that overtly sells Kaiju x Cosmic Horror.,"steam, hanging pans, chopping blocks, spice stalls",cooking+cosmic_horror | cooking+kaiju | cosmic_horror+kaiju,"A striking emotional lead with elegance, readable fashion design and a dramatic focal pose. Elegant non-human character blending defence-force, monster-hunter or scaled-beast spectacle language with occult, forbidden-text, cult or abyssal dread visuals. Subtle background hint only: steam, hanging pans, chopping blocks, spice stalls. Color accent idea: white and cobalt. Keep pose dynamic, anatomy clean, no extra limbs, and make the hidden genre read only as a subtle environment cue."
92,B01,1,S10,10,R1C2,2,g30_protag_shojo_027,g30_protag_shojo_027.png,Noor Azhar,The Beast Underworld Command Luminary,protag,Lead,shojo,Shojo,monster_taming,Monster Taming,crime,Crime,military,Military,A stylish lead concept that overtly sells Monster Taming x Crime.,"sandbags, tactical screens, emblems, armored vehicles",crime+military | crime+monster_taming | military+monster_taming,"A striking emotional lead with elegance, readable fashion design and a dramatic focal pose. Romantic human character blending partner-creature gear, capture tools, talismans, companion-bond energy with detective, gangster, police or heist aesthetics with urban grit. Subtle background hint only: sandbags, tactical screens, emblems, armored vehicles. Color accent idea: sage and bronze. Keep pose dynamic, anatomy clean, no extra limbs, and make the hidden genre read only as a subtle environment cue."
93,B01,1,S10,10,R1C3,3,g30_protag_shojo_028,g30_protag_shojo_028.png,Rhea Azhar,The Titan Abyss Command Luminary,protag,Lead,shojo,Shojo,kaiju,Kaiju,cosmic_horror,Cosmic Horror,military,Military,A expressive lead concept that overtly sells Kaiju x Cosmic Horror.,"sandbags, tactical screens, emblems, armored vehicles",cosmic_horror+kaiju | cosmic_horror+military | kaiju+military,"A striking emotional lead with elegance, readable fashion design and a dramatic focal pose. Haunting human character blending defence-force, monster-hunter or scaled-beast spectacle language with occult, forbidden-text, cult or abyssal dread visuals. Subtle background hint only: sandbags, tactical screens, emblems, armored vehicles. Color accent idea: crimson and black. Keep pose dynamic, anatomy clean, no extra limbs, and make the hidden genre read only as a subtle environment cue."
94,B01,1,S10,10,R1C4,4,g30_protag_shojo_029,g30_protag_shojo_029.png,Ren Azhar,The Beast Underworld Spirit Luminary,protag,Lead,shojo,Shojo,monster_taming,Monster Taming,crime,Crime,supernatural,Supernatural,A poised lead concept that overtly sells Monster Taming x Crime.,"spirit wisps, shrine gates, sigils, moonlit talismans",crime+monster_taming | crime+supernatural | monster_taming+supernatural,"A striking emotional lead with elegance, readable fashion design and a dramatic focal pose. Stylish demi-human character blending partner-creature gear, capture tools, talismans, companion-bond energy with detective, gangster, police or heist aesthetics with urban grit. Subtle background hint only: spirit wisps, shrine gates, sigils, moonlit talismans. Color accent idea: emerald and ivory. Keep pose dynamic, anatomy clean, no extra limbs, and make the hidden genre read only as a subtle environment cue."
95,B01,1,S10,10,R1C5,5,g30_protag_shojo_030,g30_protag_shojo_030.png,Rin Azhar,The Titan Abyss Spirit Luminary,protag,Lead,shojo,Shojo,kaiju,Kaiju,cosmic_horror,Cosmic Horror,supernatural,Supernatural,A dramatic lead concept that overtly sells Kaiju x Cosmic Horror.,"spirit wisps, shrine gates, sigils, moonlit talismans",cosmic_horror+kaiju | cosmic_horror+supernatural | kaiju+supernatural,"A striking emotional lead with elegance, readable fashion design and a dramatic focal pose. Expressive human character blending defence-force, monster-hunter or scaled-beast spectacle language with occult, forbidden-text, cult or abyssal dread visuals. Subtle background hint only: spirit wisps, shrine gates, sigils, moonlit talismans. Color accent idea: teal and copper. Keep pose dynamic, anatomy clean, no extra limbs, and make the hidden genre read only as a subtle environment cue."
96,B01,1,S10,10,R2C1,6,g30_protag_shojo_031,g30_protag_shojo_031.png,Samira Azhar,The Beast Underworld Void Luminary,protag,Lead,shojo,Shojo,monster_taming,Monster Taming,crime,Crime,space,Space,A luminous lead concept that overtly sells Monster Taming x Crime.,"starfields, cockpit glass, planets, docking ports",crime+monster_taming | crime+space | monster_taming+space,"A striking emotional lead with elegance, readable fashion design and a dramatic focal pose. Poised non-human character blending partner-creature gear, capture tools, talismans, companion-bond energy with detective, gangster, police or heist aesthetics with urban grit. Subtle background hint only: starfields, cockpit glass, planets, docking ports. Color accent idea: charcoal and magenta. Keep pose dynamic, anatomy clean, no extra limbs, and make the hidden genre read only as a subtle environment cue."
97,B01,1,S10,10,R2C2,7,g30_protag_shojo_032,g30_protag_shojo_032.png,Sana Azhar,The Titan Abyss Void Luminary,protag,Lead,shojo,Shojo,kaiju,Kaiju,cosmic_horror,Cosmic Horror,space,Space,A elegant lead concept that overtly sells Kaiju x Cosmic Horror.,"starfields, cockpit glass, planets, docking ports",cosmic_horror+kaiju | cosmic_horror+space | kaiju+space,"A striking emotional lead with elegance, readable fashion design and a dramatic focal pose. Dramatic human character blending defence-force, monster-hunter or scaled-beast spectacle language with occult, forbidden-text, cult or abyssal dread visuals. Subtle background hint only: starfields, cockpit glass, planets, docking ports. Color accent idea: white and cobalt. Keep pose dynamic, anatomy clean, no extra limbs, and make the hidden genre read only as a subtle environment cue."
98,B01,1,S10,10,R2C3,8,g30_protag_shojo_033,g30_protag_shojo_033.png,Sora Azhar,The Beast Underworld Charm Luminary,protag,Lead,shojo,Shojo,monster_taming,Monster Taming,crime,Crime,magical,Magical,A romantic lead concept that overtly sells Monster Taming x Crime.,"sparkles, transformation glyphs, ribbon trails, pastel magic",crime+magical | crime+monster_taming | magical+monster_taming,"A striking emotional lead with elegance, readable fashion design and a dramatic focal pose. Luminous human character blending partner-creature gear, capture tools, talismans, companion-bond energy with detective, gangster, police or heist aesthetics with urban grit. Subtle background hint only: sparkles, transformation glyphs, ribbon trails, pastel magic. Color accent idea: sage and bronze. Keep pose dynamic, anatomy clean, no extra limbs, and make the hidden genre read only as a subtle environment cue."
99,B01,1,S10,10,R2C4,9,g30_protag_shojo_034,g30_protag_shojo_034.png,Tala Azhar,The Titan Abyss Charm Luminary,protag,Lead,shojo,Shojo,kaiju,Kaiju,cosmic_horror,Cosmic Horror,magical,Magical,A haunting lead concept that overtly sells Kaiju x Cosmic Horror.,"sparkles, transformation glyphs, ribbon trails, pastel magic",cosmic_horror+kaiju | cosmic_horror+magical | kaiju+magical,"A striking emotional lead with elegance, readable fashion design and a dramatic focal pose. Elegant demi-human character blending defence-force, monster-hunter or scaled-beast spectacle language with occult, forbidden-text, cult or abyssal dread visuals. Subtle background hint only: sparkles, transformation glyphs, ribbon trails, pastel magic. Color accent idea: crimson and black. Keep pose dynamic, anatomy clean, no extra limbs, and make the hidden genre read only as a subtle environment cue."
100,B01,1,S10,10,R2C5,10,g30_protag_shojo_035,g30_protag_shojo_035.png,Yara Azhar,The Beast Underworld Wild Luminary,protag,Lead,shojo,Shojo,monster_taming,Monster Taming,crime,Crime,survival,Survival,A stylish lead concept that overtly sells Monster Taming x Crime.,"camp gear, rough maps, ropes, storm clouds, scavenged supplies",crime+monster_taming | crime+survival | monster_taming+survival,"A striking emotional lead with elegance, readable fashion design and a dramatic focal pose. Romantic human character blending partner-creature gear, capture tools, talismans, companion-bond energy with detective, gangster, police or heist aesthetics with urban grit. Subtle background hint only: camp gear, rough maps, ropes, storm clouds, scavenged supplies. Color accent idea: emerald and ivory. Keep pose dynamic, anatomy clean, no extra limbs, and make the hidden genre read only as a subtle environment cue."
101,B02,2,S11,11,R1C1,1,g30_protag_shojo_036,g30_protag_shojo_036.png,Aiko Bako,The Titan Abyss Wild Luminary,protag,Lead,shojo,Shojo,kaiju,Kaiju,cosmic_horror,Cosmic Horror,survival,Survival,A expressive lead concept that overtly sells Kaiju x Cosmic Horror.,"camp gear, rough maps, ropes, storm clouds, scavenged supplies",cosmic_horror+kaiju | cosmic_horror+survival | kaiju+survival,"A striking emotional lead with elegance, readable fashion design and a dramatic focal pose. Haunting non-human character blending defence-force, monster-hunter or scaled-beast spectacle language with occult, forbidden-text, cult or abyssal dread visuals. Subtle background hint only: camp gear, rough maps, ropes, storm clouds, scavenged supplies. Color accent idea: teal and copper. Keep pose dynamic, anatomy clean, no extra limbs, and make the hidden genre read only as a subtle environment cue."
102,B02,2,S11,11,R1C2,2,g30_protag_shojo_037,g30_protag_shojo_037.png,Amara Bako,The Beast Underworld Corsair Luminary,protag,Lead,shojo,Shojo,monster_taming,Monster Taming,crime,Crime,pirate,Pirate,A poised lead concept that overtly sells Monster Taming x Crime.,"rigging, maps, cannon smoke, treasure, ocean spray",crime+monster_taming | crime+pirate | monster_taming+pirate,"A striking emotional lead with elegance, readable fashion design and a dramatic focal pose. Stylish human character blending partner-creature gear, capture tools, talismans, companion-bond energy with detective, gangster, police or heist aesthetics with urban grit. Subtle background hint only: rigging, maps, cannon smoke, treasure, ocean spray. Color accent idea: charcoal and magenta. Keep pose dynamic, anatomy clean, no extra limbs, and make the hidden genre read only as a subtle environment cue."
103,B02,2,S11,11,R1C3,3,g30_protag_shojo_038,g30_protag_shojo_038.png,Ansel Bako,The Titan Abyss Corsair Luminary,protag,Lead,shojo,Shojo,kaiju,Kaiju,cosmic_horror,Cosmic Horror,pirate,Pirate,A dramatic lead concept that overtly sells Kaiju x Cosmic Horror.,"rigging, maps, cannon smoke, treasure, ocean spray",cosmic_horror+kaiju | cosmic_horror+pirate | kaiju+pirate,"A striking emotional lead with elegance, readable fashion design and a dramatic focal pose. Expressive human character blending defence-force, monster-hunter or scaled-beast spectacle language with occult, forbidden-text, cult or abyssal dread visuals. Subtle background hint only: rigging, maps, cannon smoke, treasure, ocean spray. Color accent idea: white and cobalt. Keep pose dynamic, anatomy clean, no extra limbs, and make the hidden genre read only as a subtle environment cue."
104,B02,2,S11,11,R1C4,4,g30_protag_shojo_039,g30_protag_shojo_039.png,Arden Bako,The Beast Underworld Fist Luminary,protag,Lead,shojo,Shojo,monster_taming,Monster Taming,crime,Crime,martial,Martial Arts,A luminous lead concept that overtly sells Monster Taming x Crime.,"dojo banners, shattered tiles, temple gates, training gear",crime+martial | crime+monster_taming | martial+monster_taming,"A striking emotional lead with elegance, readable fashion design and a dramatic focal pose. Poised demi-human character blending partner-creature gear, capture tools, talismans, companion-bond energy with detective, gangster, police or heist aesthetics with urban grit. Subtle background hint only: dojo banners, shattered tiles, temple gates, training gear. Color accent idea: sage and bronze. Keep pose dynamic, anatomy clean, no extra limbs, and make the hidden genre read only as a subtle environment cue."
105,B02,2,S11,11,R1C5,5,g30_protag_shojo_040,g30_protag_shojo_040.png,Ari Bako,The Titan Abyss Fist Luminary,protag,Lead,shojo,Shojo,kaiju,Kaiju,cosmic_horror,Cosmic Horror,martial,Martial Arts,A elegant lead concept that overtly sells Kaiju x Cosmic Horror.,"dojo banners, shattered tiles, temple gates, training gear",cosmic_horror+kaiju | cosmic_horror+martial | kaiju+martial,"A striking emotional lead with elegance, readable fashion design and a dramatic focal pose. Dramatic human character blending defence-force, monster-hunter or scaled-beast spectacle language with occult, forbidden-text, cult or abyssal dread visuals. Subtle background hint only: dojo banners, shattered tiles, temple gates, training gear. Color accent idea: crimson and black. Keep pose dynamic, anatomy clean, no extra limbs, and make the hidden genre read only as a subtle environment cue."
106,B02,2,S11,11,R2C1,6,g30_protag_shojo_041,g30_protag_shojo_041.png,Asa Bako,The Beast Underworld Myth Luminary,protag,Lead,shojo,Shojo,monster_taming,Monster Taming,crime,Crime,mythology,Mythology,A romantic lead concept that overtly sells Monster Taming x Crime.,"divine statues, laurel, sacred fire, heroic reliefs",crime+monster_taming | crime+mythology | monster_taming+mythology,"A striking emotional lead with elegance, readable fashion design and a dramatic focal pose. Luminous non-human character blending partner-creature gear, capture tools, talismans, companion-bond energy with detective, gangster, police or heist aesthetics with urban grit. Subtle background hint only: divine statues, laurel, sacred fire, heroic reliefs. Color accent idea: emerald and ivory. Keep pose dynamic, anatomy clean, no extra limbs, and make the hidden genre read only as a subtle environment cue."
107,B02,2,S11,11,R2C2,7,g30_protag_shojo_042,g30_protag_shojo_042.png,Asha Bako,The Titan Abyss Myth Luminary,protag,Lead,shojo,Shojo,kaiju,Kaiju,cosmic_horror,Cosmic Horror,mythology,Mythology,A haunting lead concept that overtly sells Kaiju x Cosmic Horror.,"divine statues, laurel, sacred fire, heroic reliefs",cosmic_horror+kaiju | cosmic_horror+mythology | kaiju+mythology,"A striking emotional lead with elegance, readable fashion design and a dramatic focal pose. Elegant human character blending defence-force, monster-hunter or scaled-beast spectacle language with occult, forbidden-text, cult or abyssal dread visuals. Subtle background hint only: divine statues, laurel, sacred fire, heroic reliefs. Color accent idea: teal and copper. Keep pose dynamic, anatomy clean, no extra limbs, and make the hidden genre read only as a subtle environment cue."
108,B02,2,S11,11,R2C3,8,g30_protag_shojo_043,g30_protag_shojo_043.png,Cass Bako,The Beast Underworld North Luminary,protag,Lead,shojo,Shojo,monster_taming,Monster Taming,crime,Crime,nordic,Nordic,A stylish lead concept that overtly sells Monster Taming x Crime.,"snow, carved wood, longship details, aurora, fur banners",crime+monster_taming | crime+nordic | monster_taming+nordic,"A striking emotional lead with elegance, readable fashion design and a dramatic focal pose. Romantic human character blending partner-creature gear, capture tools, talismans, companion-bond energy with detective, gangster, police or heist aesthetics with urban grit. Subtle background hint only: snow, carved wood, longship details, aurora, fur banners. Color accent idea: charcoal and magenta. Keep pose dynamic, anatomy clean, no extra limbs, and make the hidden genre read only as a subtle environment cue."
109,B02,2,S11,11,R2C4,9,g30_protag_shojo_044,g30_protag_shojo_044.png,Cassia Bako,The Titan Abyss North Luminary,protag,Lead,shojo,Shojo,kaiju,Kaiju,cosmic_horror,Cosmic Horror,nordic,Nordic,A expressive lead concept that overtly sells Kaiju x Cosmic Horror.,"snow, carved wood, longship details, aurora, fur banners",cosmic_horror+kaiju | cosmic_horror+nordic | kaiju+nordic,"A striking emotional lead with elegance, readable fashion design and a dramatic focal pose. Haunting demi-human character blending defence-force, monster-hunter or scaled-beast spectacle language with occult, forbidden-text, cult or abyssal dread visuals. Subtle background hint only: snow, carved wood, longship details, aurora, fur banners. Color accent idea: white and cobalt. Keep pose dynamic, anatomy clean, no extra limbs, and make the hidden genre read only as a subtle environment cue."
110,B02,2,S11,11,R2C5,10,g30_protag_shojo_045,g30_protag_shojo_045.png,Dara Bako,The Beast Underworld Blade Luminary,protag,Lead,shojo,Shojo,monster_taming,Monster Taming,crime,Crime,samurai,Samurai,A poised lead concept that overtly sells Monster Taming x Crime.,"paper screens, mon crests, lacquer, falling maple leaves",crime+monster_taming | crime+samurai | monster_taming+samurai,"A striking emotional lead with elegance, readable fashion design and a dramatic focal pose. Stylish human character blending partner-creature gear, capture tools, talismans, companion-bond energy with detective, gangster, police or heist aesthetics with urban grit. Subtle background hint only: paper screens, mon crests, lacquer, falling maple leaves. Color accent idea: sage and bronze. Keep pose dynamic, anatomy clean, no extra limbs, and make the hidden genre read only as a subtle environment cue."
111,B02,2,S12,12,R1C1,1,g30_protag_shojo_046,g30_protag_shojo_046.png,Eira Bako,The Titan Abyss Blade Luminary,protag,Lead,shojo,Shojo,kaiju,Kaiju,cosmic_horror,Cosmic Horror,samurai,Samurai,A dramatic lead concept that overtly sells Kaiju x Cosmic Horror.,"paper screens, mon crests, lacquer, falling maple leaves",cosmic_horror+kaiju | cosmic_horror+samurai | kaiju+samurai,"A striking emotional lead with elegance, readable fashion design and a dramatic focal pose. Expressive non-human character blending defence-force, monster-hunter or scaled-beast spectacle language with occult, forbidden-text, cult or abyssal dread visuals. Subtle background hint only: paper screens, mon crests, lacquer, falling maple leaves. Color accent idea: crimson and black. Keep pose dynamic, anatomy clean, no extra limbs, and make the hidden genre read only as a subtle environment cue."
112,B02,2,S12,12,R1C2,2,g30_protag_shojo_047,g30_protag_shojo_047.png,Elian Bako,The Beast Underworld Shadow Luminary,protag,Lead,shojo,Shojo,monster_taming,Monster Taming,crime,Crime,shinobi,Shinobi,A luminous lead concept that overtly sells Monster Taming x Crime.,"moonlit rooftops, smoke bombs, hidden blades, bamboo",crime+monster_taming | crime+shinobi | monster_taming+shinobi,"A striking emotional lead with elegance, readable fashion design and a dramatic focal pose. Poised human character blending partner-creature gear, capture tools, talismans, companion-bond energy with detective, gangster, police or heist aesthetics with urban grit. Subtle background hint only: moonlit rooftops, smoke bombs, hidden blades, bamboo. Color accent idea: emerald and ivory. Keep pose dynamic, anatomy clean, no extra limbs, and make the hidden genre read only as a subtle environment cue."
113,B02,2,S12,12,R1C3,3,g30_protag_shojo_048,g30_protag_shojo_048.png,Emi Bako,The Titan Abyss Shadow Luminary,protag,Lead,shojo,Shojo,kaiju,Kaiju,cosmic_horror,Cosmic Horror,shinobi,Shinobi,A elegant lead concept that overtly sells Kaiju x Cosmic Horror.,"moonlit rooftops, smoke bombs, hidden blades, bamboo",cosmic_horror+kaiju | cosmic_horror+shinobi | kaiju+shinobi,"A striking emotional lead with elegance, readable fashion design and a dramatic focal pose. Dramatic human character blending defence-force, monster-hunter or scaled-beast spectacle language with occult, forbidden-text, cult or abyssal dread visuals. Subtle background hint only: moonlit rooftops, smoke bombs, hidden blades, bamboo. Color accent idea: teal and copper. Keep pose dynamic, anatomy clean, no extra limbs, and make the hidden genre read only as a subtle environment cue."
114,B02,2,S12,12,R1C4,4,g30_protag_shojo_049,g30_protag_shojo_049.png,Farah Bako,The Beast Underworld Blood Luminary,protag,Lead,shojo,Shojo,monster_taming,Monster Taming,crime,Crime,vampire,Vampire,A romantic lead concept that overtly sells Monster Taming x Crime.,"crimson moonlight, gothic windows, candelabras, coffin motifs",crime+monster_taming | crime+vampire | monster_taming+vampire,"A striking emotional lead with elegance, readable fashion design and a dramatic focal pose. Luminous demi-human character blending partner-creature gear, capture tools, talismans, companion-bond energy with detective, gangster, police or heist aesthetics with urban grit. Subtle background hint only: crimson moonlight, gothic windows, candelabras, coffin motifs. Color accent idea: charcoal and magenta. Keep pose dynamic, anatomy clean, no extra limbs, and make the hidden genre read only as a subtle environment cue."
115,B02,2,S12,12,R1C5,5,g30_protag_shojo_050,g30_protag_shojo_050.png,Hana Bako,The Titan Abyss Blood Luminary,protag,Lead,shojo,Shojo,kaiju,Kaiju,cosmic_horror,Cosmic Horror,vampire,Vampire,A haunting lead concept that overtly sells Kaiju x Cosmic Horror.,"crimson moonlight, gothic windows, candelabras, coffin motifs",cosmic_horror+kaiju | cosmic_horror+vampire | kaiju+vampire,"A striking emotional lead with elegance, readable fashion design and a dramatic focal pose. Elegant human character blending defence-force, monster-hunter or scaled-beast spectacle language with occult, forbidden-text, cult or abyssal dread visuals. Subtle background hint only: crimson moonlight, gothic windows, candelabras, coffin motifs. Color accent idea: white and cobalt. Keep pose dynamic, anatomy clean, no extra limbs, and make the hidden genre read only as a subtle environment cue."
116,B02,2,S12,12,R2C1,6,g30_protag_shojo_051,g30_protag_shojo_051.png,Haru Bako,The Beast Underworld Ruin Luminary,protag,Lead,shojo,Shojo,monster_taming,Monster Taming,crime,Crime,grimdark,Grimdark,A stylish lead concept that overtly sells Monster Taming x Crime.,"war-torn ruins, infernal haze, chains, blackened armor",crime+grimdark | crime+monster_taming | grimdark+monster_taming,"A striking emotional lead with elegance, readable fashion design and a dramatic focal pose. Romantic non-human character blending partner-creature gear, capture tools, talismans, companion-bond energy with detective, gangster, police or heist aesthetics with urban grit. Subtle background hint only: war-torn ruins, infernal haze, chains, blackened armor. Color accent idea: sage and bronze. Keep pose dynamic, anatomy clean, no extra limbs, and make the hidden genre read only as a subtle environment cue."
117,B02,2,S12,12,R2C2,7,g30_protag_shojo_052,g30_protag_shojo_052.png,Idris Bako,The Titan Abyss Ruin Luminary,protag,Lead,shojo,Shojo,kaiju,Kaiju,cosmic_horror,Cosmic Horror,grimdark,Grimdark,A expressive lead concept that overtly sells Kaiju x Cosmic Horror.,"war-torn ruins, infernal haze, chains, blackened armor",cosmic_horror+grimdark | cosmic_horror+kaiju | grimdark+kaiju,"A striking emotional lead with elegance, readable fashion design and a dramatic focal pose. Haunting human character blending defence-force, monster-hunter or scaled-beast spectacle language with occult, forbidden-text, cult or abyssal dread visuals. Subtle background hint only: war-torn ruins, infernal haze, chains, blackened armor. Color accent idea: crimson and black. Keep pose dynamic, anatomy clean, no extra limbs, and make the hidden genre read only as a subtle environment cue."
118,B02,2,S12,12,R2C3,8,g30_protag_shojo_053,g30_protag_shojo_053.png,Imani Bako,The Gear Portal Beast Luminary,protag,Lead,shojo,Shojo,mecha,Mecha,isekai,Isekai,monster_taming,Monster Taming,A poised lead concept that overtly sells Mecha x Isekai.,"creature dens, hatcheries, capture tags, feeding bowls",isekai+monster_taming | mecha+monster_taming,"A striking emotional lead with elegance, readable fashion design and a dramatic focal pose. Stylish human character blending Mecha-driven styling with Isekai-driven styling. Subtle background hint only: creature dens, hatcheries, capture tags, feeding bowls. Color accent idea: emerald and ivory. Keep pose dynamic, anatomy clean, no extra limbs, and make the hidden genre read only as a subtle environment cue."
119,B02,2,S12,12,R2C4,9,g30_protag_shojo_054,g30_protag_shojo_054.png,Jae Bako,The Hearth Terror Dune Luminary,protag,Lead,shojo,Shojo,slice,Slice of Life,horror,Horror,arabia,Arabia,A dramatic lead concept that overtly sells Slice of Life x Horror.,"dune horizons, palace arches, mosaic tiles, brass lamps, caravan tents",arabia+horror | arabia+slice,"A striking emotional lead with elegance, readable fashion design and a dramatic focal pose. Expressive demi-human character blending Slice of Life-driven styling with Horror-driven styling. Subtle background hint only: dune horizons, palace arches, mosaic tiles, brass lamps, caravan tents. Color accent idea: teal and copper. Keep pose dynamic, anatomy clean, no extra limbs, and make the hidden genre read only as a subtle environment cue."
120,B02,2,S12,12,R2C5,10,g30_protag_shojo_055,g30_protag_shojo_055.png,Jin Bako,The Heart Arena Dune Luminary,protag,Lead,shojo,Shojo,romance,Romance,sports,Sports,arabia,Arabia,A luminous lead concept that overtly sells Romance x Sports.,"dune horizons, palace arches, mosaic tiles, brass lamps, caravan tents",arabia+romance | arabia+sports,"A striking emotional lead with elegance, readable fashion design and a dramatic focal pose. Poised human character blending Romance-driven styling with Sports-driven styling. Subtle background hint only: dune horizons, palace arches, mosaic tiles, brass lamps, caravan tents. Color accent idea: charcoal and magenta. Keep pose dynamic, anatomy clean, no extra limbs, and make the hidden genre read only as a subtle environment cue."
121,B02,2,S13,13,R1C1,1,g30_protag_shojo_056,g30_protag_shojo_056.png,Kael Bako,The Neon Realm Dune Luminary,protag,Lead,shojo,Shojo,cyber,Cyber,fantasy,Fantasy,arabia,Arabia,A elegant lead concept that overtly sells Cyber x Fantasy.,"dune horizons, palace arches, mosaic tiles, brass lamps, caravan tents",arabia+cyber | arabia+fantasy,"A striking emotional lead with elegance, readable fashion design and a dramatic focal pose. Dramatic non-human character blending Cyber-driven styling with Fantasy-driven styling. Subtle background hint only: dune horizons, palace arches, mosaic tiles, brass lamps, caravan tents. Color accent idea: white and cobalt. Keep pose dynamic, anatomy clean, no extra limbs, and make the hidden genre read only as a subtle environment cue."
122,B02,2,S13,13,R1C2,2,g30_protag_shojo_057,g30_protag_shojo_057.png,Kira Bako,The Stage Cipher Dune Luminary,protag,Lead,shojo,Shojo,idol,Idol,mystery,Mystery,arabia,Arabia,A romantic lead concept that overtly sells Idol x Mystery.,"dune horizons, palace arches, mosaic tiles, brass lamps, caravan tents",arabia+idol | arabia+mystery,"A striking emotional lead with elegance, readable fashion design and a dramatic focal pose. Luminous human character blending Idol-driven styling with Mystery-driven styling. Subtle background hint only: dune horizons, palace arches, mosaic tiles, brass lamps, caravan tents. Color accent idea: sage and bronze. Keep pose dynamic, anatomy clean, no extra limbs, and make the hidden genre read only as a subtle environment cue."
123,B02,2,S13,13,R1C3,3,g30_protag_shojo_058,g30_protag_shojo_058.png,Leila Bako,The Mirth Kitchen Dune Luminary,protag,Lead,shojo,Shojo,comedy,Comedy,cooking,Cooking,arabia,Arabia,A haunting lead concept that overtly sells Comedy x Cooking.,"dune horizons, palace arches, mosaic tiles, brass lamps, caravan tents",arabia+comedy | arabia+cooking,"A striking emotional lead with elegance, readable fashion design and a dramatic focal pose. Elegant human character blending Comedy-driven styling with Cooking-driven styling. Subtle background hint only: dune horizons, palace arches, mosaic tiles, brass lamps, caravan tents. Color accent idea: crimson and black. Keep pose dynamic, anatomy clean, no extra limbs, and make the hidden genre read only as a subtle environment cue."
124,B02,2,S13,13,R1C4,4,g30_protag_shojo_059,g30_protag_shojo_059.png,Lina Bako,The Command Spirit Dune Luminary,protag,Lead,shojo,Shojo,military,Military,supernatural,Supernatural,arabia,Arabia,A stylish lead concept that overtly sells Military x Supernatural.,"dune horizons, palace arches, mosaic tiles, brass lamps, caravan tents",arabia+military | arabia+supernatural,"A striking emotional lead with elegance, readable fashion design and a dramatic focal pose. Romantic demi-human character blending Military-driven styling with Supernatural-driven styling. Subtle background hint only: dune horizons, palace arches, mosaic tiles, brass lamps, caravan tents. Color accent idea: emerald and ivory. Keep pose dynamic, anatomy clean, no extra limbs, and make the hidden genre read only as a subtle environment cue."
125,B02,2,S13,13,R1C5,5,g30_protag_shojo_060,g30_protag_shojo_060.png,Lucan Bako,The Void Charm Dune Luminary,protag,Lead,shojo,Shojo,space,Space,magical,Magical,arabia,Arabia,A expressive lead concept that overtly sells Space x Magical.,"dune horizons, palace arches, mosaic tiles, brass lamps, caravan tents",arabia+magical | arabia+space,"A striking emotional lead with elegance, readable fashion design and a dramatic focal pose. Haunting human character blending Space-driven styling with Magical-driven styling. Subtle background hint only: dune horizons, palace arches, mosaic tiles, brass lamps, caravan tents. Color accent idea: teal and copper. Keep pose dynamic, anatomy clean, no extra limbs, and make the hidden genre read only as a subtle environment cue."
126,B02,2,S13,13,R2C1,6,g30_protag_shojo_061,g30_protag_shojo_061.png,Mara Bako,The Wild Corsair Dune Luminary,protag,Lead,shojo,Shojo,survival,Survival,pirate,Pirate,arabia,Arabia,A poised lead concept that overtly sells Survival x Pirate.,"dune horizons, palace arches, mosaic tiles, brass lamps, caravan tents",arabia+pirate | arabia+survival,"A striking emotional lead with elegance, readable fashion design and a dramatic focal pose. Stylish non-human character blending Survival-driven styling with Pirate-driven styling. Subtle background hint only: dune horizons, palace arches, mosaic tiles, brass lamps, caravan tents. Color accent idea: charcoal and magenta. Keep pose dynamic, anatomy clean, no extra limbs, and make the hidden genre read only as a subtle environment cue."
127,B02,2,S13,13,R2C2,7,g30_protag_shojo_062,g30_protag_shojo_062.png,Mika Bako,The Fist Myth Dune Luminary,protag,Lead,shojo,Shojo,martial,Martial Arts,mythology,Mythology,arabia,Arabia,A dramatic lead concept that overtly sells Martial Arts x Mythology.,"dune horizons, palace arches, mosaic tiles, brass lamps, caravan tents",arabia+martial | arabia+mythology,"A striking emotional lead with elegance, readable fashion design and a dramatic focal pose. Expressive human character blending Martial Arts-driven styling with Mythology-driven styling. Subtle background hint only: dune horizons, palace arches, mosaic tiles, brass lamps, caravan tents. Color accent idea: white and cobalt. Keep pose dynamic, anatomy clean, no extra limbs, and make the hidden genre read only as a subtle environment cue."
128,B02,2,S13,13,R2C3,8,g30_protag_shojo_063,g30_protag_shojo_063.png,Mina Bako,The North Blade Dune Luminary,protag,Lead,shojo,Shojo,nordic,Nordic,samurai,Samurai,arabia,Arabia,A luminous lead concept that overtly sells Nordic x Samurai.,"dune horizons, palace arches, mosaic tiles, brass lamps, caravan tents",arabia+nordic | arabia+samurai,"A striking emotional lead with elegance, readable fashion design and a dramatic focal pose. Poised human character blending Nordic-driven styling with Samurai-driven styling. Subtle background hint only: dune horizons, palace arches, mosaic tiles, brass lamps, caravan tents. Color accent idea: sage and bronze. Keep pose dynamic, anatomy clean, no extra limbs, and make the hidden genre read only as a subtle environment cue."
129,B02,2,S13,13,R2C4,9,g30_protag_shojo_064,g30_protag_shojo_064.png,Nadia Bako,The Shadow Blood Dune Luminary,protag,Lead,shojo,Shojo,shinobi,Shinobi,vampire,Vampire,arabia,Arabia,A elegant lead concept that overtly sells Shinobi x Vampire.,"dune horizons, palace arches, mosaic tiles, brass lamps, caravan tents",arabia+shinobi | arabia+vampire,"A striking emotional lead with elegance, readable fashion design and a dramatic focal pose. Dramatic demi-human character blending Shinobi-driven styling with Vampire-driven styling. Subtle background hint only: dune horizons, palace arches, mosaic tiles, brass lamps, caravan tents. Color accent idea: crimson and black. Keep pose dynamic, anatomy clean, no extra limbs, and make the hidden genre read only as a subtle environment cue."
130,B02,2,S13,13,R2C5,10,g30_protag_shojo_065,g30_protag_shojo_065.png,Nao Bako,The Beast Dune Ruin Luminary,protag,Lead,shojo,Shojo,monster_taming,Monster Taming,arabia,Arabia,grimdark,Grimdark,A romantic lead concept that overtly sells Monster Taming x Arabia.,"war-torn ruins, infernal haze, chains, blackened armor",arabia+grimdark | arabia+monster_taming | grimdark+monster_taming,"A striking emotional lead with elegance, readable fashion design and a dramatic focal pose. Luminous human character blending partner-creature gear, capture tools, talismans, companion-bond energy with desert-sorcery, caravan, palace or djinn-adventure styling. Subtle background hint only: war-torn ruins, infernal haze, chains, blackened armor. Color accent idea: emerald and ivory. Keep pose dynamic, anatomy clean, no extra limbs, and make the hidden genre read only as a subtle environment cue."
131,B02,2,S14,14,R1C1,1,g30_secondary_shonen_001,g30_secondary_shonen_001.png,Niko Bako,The Beast Underworld Titan Wing,secondary,Sidekick,shonen,Shonen,monster_taming,Monster Taming,crime,Crime,kaiju,Kaiju,A fearless sidekick concept that overtly sells Monster Taming x Crime.,"evacuation sirens, broken skyline, blast walls, giant footprints",crime+kaiju | crime+monster_taming | kaiju+monster_taming,"A memorable supporting fighter or strategist who complements the lead without reading as generic. Battle-ready demi-human character blending partner-creature gear, capture tools, talismans, companion-bond energy with detective, gangster, police or heist aesthetics with urban grit. Subtle background hint only: evacuation sirens, broken skyline, blast walls, giant footprints. Color accent idea: indigo and brass. Keep pose dynamic, anatomy clean, no extra limbs, and make the hidden genre read only as a subtle environment cue."
132,B02,2,S14,14,R1C2,2,g30_secondary_shonen_002,g30_secondary_shonen_002.png,Noor Bako,The Beast Abyss Dune Wing,secondary,Sidekick,shonen,Shonen,monster_taming,Monster Taming,cosmic_horror,Cosmic Horror,arabia,Arabia,A scrappy sidekick concept that overtly sells Monster Taming x Cosmic Horror.,"dune horizons, palace arches, mosaic tiles, brass lamps, caravan tents",arabia+cosmic_horror | arabia+monster_taming | cosmic_horror+monster_taming,"A memorable supporting fighter or strategist who complements the lead without reading as generic. Driven human character blending partner-creature gear, capture tools, talismans, companion-bond energy with occult, forbidden-text, cult or abyssal dread visuals. Subtle background hint only: dune horizons, palace arches, mosaic tiles, brass lamps, caravan tents. Color accent idea: sand and turquoise. Keep pose dynamic, anatomy clean, no extra limbs, and make the hidden genre read only as a subtle environment cue."
133,B02,2,S14,14,R1C3,3,g30_secondary_shonen_003,g30_secondary_shonen_003.png,Rhea Bako,The Underworld Abyss Gear Wing,secondary,Sidekick,shonen,Shonen,crime,Crime,cosmic_horror,Cosmic Horror,mecha,Mecha,A heroic sidekick concept that overtly sells Crime x Cosmic Horror.,"hangar lights, pistons, warning stripes, giant silhouettes",cosmic_horror+crime | cosmic_horror+mecha | crime+mecha,"A memorable supporting fighter or strategist who complements the lead without reading as generic. Fearless human character blending detective, gangster, police or heist aesthetics with urban grit with occult, forbidden-text, cult or abyssal dread visuals. Subtle background hint only: hangar lights, pistons, warning stripes, giant silhouettes. Color accent idea: violet and silver. Keep pose dynamic, anatomy clean, no extra limbs, and make the hidden genre read only as a subtle environment cue."
134,B02,2,S14,14,R1C4,4,g30_secondary_shonen_004,g30_secondary_shonen_004.png,Ren Bako,The Titan Dune Gear Wing,secondary,Sidekick,shonen,Shonen,kaiju,Kaiju,arabia,Arabia,mecha,Mecha,A hot-blooded sidekick concept that overtly sells Kaiju x Arabia.,"hangar lights, pistons, warning stripes, giant silhouettes",arabia+kaiju | arabia+mecha | kaiju+mecha,"A memorable supporting fighter or strategist who complements the lead without reading as generic. Scrappy non-human character blending defence-force, monster-hunter or scaled-beast spectacle language with desert-sorcery, caravan, palace or djinn-adventure styling. Subtle background hint only: hangar lights, pistons, warning stripes, giant silhouettes. Color accent idea: scarlet and gold. Keep pose dynamic, anatomy clean, no extra limbs, and make the hidden genre read only as a subtle environment cue."
135,B02,2,S14,14,R1C5,5,g30_secondary_shonen_005,g30_secondary_shonen_005.png,Rin Bako,The Underworld Dune Portal Wing,secondary,Sidekick,shonen,Shonen,crime,Crime,arabia,Arabia,isekai,Isekai,A resolute sidekick concept that overtly sells Crime x Arabia.,"summoning circle, portal shards, floating UI sigils",arabia+crime | arabia+isekai | crime+isekai,"A memorable supporting fighter or strategist who complements the lead without reading as generic. Heroic demi-human character blending detective, gangster, police or heist aesthetics with urban grit with desert-sorcery, caravan, palace or djinn-adventure styling. Subtle background hint only: summoning circle, portal shards, floating UI sigils. Color accent idea: navy and amber. Keep pose dynamic, anatomy clean, no extra limbs, and make the hidden genre read only as a subtle environment cue."
136,B02,2,S14,14,R2C1,6,g30_secondary_shonen_006,g30_secondary_shonen_006.png,Samira Bako,The Titan Abyss Portal Wing,secondary,Sidekick,shonen,Shonen,kaiju,Kaiju,cosmic_horror,Cosmic Horror,isekai,Isekai,A kinetic sidekick concept that overtly sells Kaiju x Cosmic Horror.,"summoning circle, portal shards, floating UI sigils",cosmic_horror+isekai | cosmic_horror+kaiju | isekai+kaiju,"A memorable supporting fighter or strategist who complements the lead without reading as generic. Hot-blooded human character blending defence-force, monster-hunter or scaled-beast spectacle language with occult, forbidden-text, cult or abyssal dread visuals. Subtle background hint only: summoning circle, portal shards, floating UI sigils. Color accent idea: obsidian and red. Keep pose dynamic, anatomy clean, no extra limbs, and make the hidden genre read only as a subtle environment cue."
137,B02,2,S14,14,R2C2,7,g30_secondary_shonen_007,g30_secondary_shonen_007.png,Sana Bako,The Beast Underworld Hearth Wing,secondary,Sidekick,shonen,Shonen,monster_taming,Monster Taming,crime,Crime,slice,Slice of Life,A battle-ready sidekick concept that overtly sells Monster Taming x Crime.,"warm domestic details, school corridor, café corner, laundry line",crime+monster_taming | crime+slice | monster_taming+slice,"A memorable supporting fighter or strategist who complements the lead without reading as generic. Resolute human character blending partner-creature gear, capture tools, talismans, companion-bond energy with detective, gangster, police or heist aesthetics with urban grit. Subtle background hint only: warm domestic details, school corridor, café corner, laundry line. Color accent idea: indigo and brass. Keep pose dynamic, anatomy clean, no extra limbs, and make the hidden genre read only as a subtle environment cue."
138,B02,2,S14,14,R2C3,8,g30_secondary_shonen_008,g30_secondary_shonen_008.png,Sora Bako,The Titan Abyss Hearth Wing,secondary,Sidekick,shonen,Shonen,kaiju,Kaiju,cosmic_horror,Cosmic Horror,slice,Slice of Life,A driven sidekick concept that overtly sells Kaiju x Cosmic Horror.,"warm domestic details, school corridor, café corner, laundry line",cosmic_horror+kaiju | cosmic_horror+slice | kaiju+slice,"A memorable supporting fighter or strategist who complements the lead without reading as generic. Kinetic non-human character blending defence-force, monster-hunter or scaled-beast spectacle language with occult, forbidden-text, cult or abyssal dread visuals. Subtle background hint only: warm domestic details, school corridor, café corner, laundry line. Color accent idea: sand and turquoise. Keep pose dynamic, anatomy clean, no extra limbs, and make the hidden genre read only as a subtle environment cue."
139,B02,2,S14,14,R2C4,9,g30_secondary_shonen_009,g30_secondary_shonen_009.png,Tala Bako,The Beast Underworld Terror Wing,secondary,Sidekick,shonen,Shonen,monster_taming,Monster Taming,crime,Crime,horror,Horror,A fearless sidekick concept that overtly sells Monster Taming x Crime.,"medical curtains, abandoned halls, claw shadows, eerie green light",crime+horror | crime+monster_taming | horror+monster_taming,"A memorable supporting fighter or strategist who complements the lead without reading as generic. Battle-ready demi-human character blending partner-creature gear, capture tools, talismans, companion-bond energy with detective, gangster, police or heist aesthetics with urban grit. Subtle background hint only: medical curtains, abandoned halls, claw shadows, eerie green light. Color accent idea: violet and silver. Keep pose dynamic, anatomy clean, no extra limbs, and make the hidden genre read only as a subtle environment cue."
140,B02,2,S14,14,R2C5,10,g30_secondary_shonen_010,g30_secondary_shonen_010.png,Yara Bako,The Titan Abyss Terror Wing,secondary,Sidekick,shonen,Shonen,kaiju,Kaiju,cosmic_horror,Cosmic Horror,horror,Horror,A scrappy sidekick concept that overtly sells Kaiju x Cosmic Horror.,"medical curtains, abandoned halls, claw shadows, eerie green light",cosmic_horror+horror | cosmic_horror+kaiju | horror+kaiju,"A memorable supporting fighter or strategist who complements the lead without reading as generic. Driven human character blending defence-force, monster-hunter or scaled-beast spectacle language with occult, forbidden-text, cult or abyssal dread visuals. Subtle background hint only: medical curtains, abandoned halls, claw shadows, eerie green light. Color accent idea: scarlet and gold. Keep pose dynamic, anatomy clean, no extra limbs, and make the hidden genre read only as a subtle environment cue."
141,B02,2,S15,15,R1C1,1,g30_secondary_shonen_011,g30_secondary_shonen_011.png,Aiko Bennett,The Beast Underworld Heart Wing,secondary,Sidekick,shonen,Shonen,monster_taming,Monster Taming,crime,Crime,romance,Romance,A heroic sidekick concept that overtly sells Monster Taming x Crime.,"petals, soft lights, letters, balcony rails, heart motifs",crime+monster_taming | crime+romance | monster_taming+romance,"A memorable supporting fighter or strategist who complements the lead without reading as generic. Fearless human character blending partner-creature gear, capture tools, talismans, companion-bond energy with detective, gangster, police or heist aesthetics with urban grit. Subtle background hint only: petals, soft lights, letters, balcony rails, heart motifs. Color accent idea: navy and amber. Keep pose dynamic, anatomy clean, no extra limbs, and make the hidden genre read only as a subtle environment cue."
142,B02,2,S15,15,R1C2,2,g30_secondary_shonen_012,g30_secondary_shonen_012.png,Amara Bennett,The Titan Abyss Heart Wing,secondary,Sidekick,shonen,Shonen,kaiju,Kaiju,cosmic_horror,Cosmic Horror,romance,Romance,A hot-blooded sidekick concept that overtly sells Kaiju x Cosmic Horror.,"petals, soft lights, letters, balcony rails, heart motifs",cosmic_horror+kaiju | cosmic_horror+romance | kaiju+romance,"A memorable supporting fighter or strategist who complements the lead without reading as generic. Scrappy non-human character blending defence-force, monster-hunter or scaled-beast spectacle language with occult, forbidden-text, cult or abyssal dread visuals. Subtle background hint only: petals, soft lights, letters, balcony rails, heart motifs. Color accent idea: obsidian and red. Keep pose dynamic, anatomy clean, no extra limbs, and make the hidden genre read only as a subtle environment cue."
143,B02,2,S15,15,R1C3,3,g30_secondary_shonen_013,g30_secondary_shonen_013.png,Ansel Bennett,The Beast Underworld Arena Wing,secondary,Sidekick,shonen,Shonen,monster_taming,Monster Taming,crime,Crime,sports,Sports,A resolute sidekick concept that overtly sells Monster Taming x Crime.,"stadium floodlights, lane markings, scoreboards, locker-room cues",crime+monster_taming | crime+sports | monster_taming+sports,"A memorable supporting fighter or strategist who complements the lead without reading as generic. Heroic demi-human character blending partner-creature gear, capture tools, talismans, companion-bond energy with detective, gangster, police or heist aesthetics with urban grit. Subtle background hint only: stadium floodlights, lane markings, scoreboards, locker-room cues. Color accent idea: indigo and brass. Keep pose dynamic, anatomy clean, no extra limbs, and make the hidden genre read only as a subtle environment cue."
144,B02,2,S15,15,R1C4,4,g30_secondary_shonen_014,g30_secondary_shonen_014.png,Arden Bennett,The Titan Abyss Arena Wing,secondary,Sidekick,shonen,Shonen,kaiju,Kaiju,cosmic_horror,Cosmic Horror,sports,Sports,A kinetic sidekick concept that overtly sells Kaiju x Cosmic Horror.,"stadium floodlights, lane markings, scoreboards, locker-room cues",cosmic_horror+kaiju | cosmic_horror+sports | kaiju+sports,"A memorable supporting fighter or strategist who complements the lead without reading as generic. Hot-blooded human character blending defence-force, monster-hunter or scaled-beast spectacle language with occult, forbidden-text, cult or abyssal dread visuals. Subtle background hint only: stadium floodlights, lane markings, scoreboards, locker-room cues. Color accent idea: sand and turquoise. Keep pose dynamic, anatomy clean, no extra limbs, and make the hidden genre read only as a subtle environment cue."
145,B02,2,S15,15,R1C5,5,g30_secondary_shonen_015,g30_secondary_shonen_015.png,Ari Bennett,The Beast Underworld Neon Wing,secondary,Sidekick,shonen,Shonen,monster_taming,Monster Taming,crime,Crime,cyber,Cyber,A battle-ready sidekick concept that overtly sells Monster Taming x Crime.,"neon grids, holograms, circuit traces, city rain reflections",crime+cyber | crime+monster_taming | cyber+monster_taming,"A memorable supporting fighter or strategist who complements the lead without reading as generic. Resolute human character blending partner-creature gear, capture tools, talismans, companion-bond energy with detective, gangster, police or heist aesthetics with urban grit. Subtle background hint only: neon grids, holograms, circuit traces, city rain reflections. Color accent idea: violet and silver. Keep pose dynamic, anatomy clean, no extra limbs, and make the hidden genre read only as a subtle environment cue."
146,B02,2,S15,15,R2C1,6,g30_secondary_shonen_016,g30_secondary_shonen_016.png,Asa Bennett,The Titan Abyss Neon Wing,secondary,Sidekick,shonen,Shonen,kaiju,Kaiju,cosmic_horror,Cosmic Horror,cyber,Cyber,A driven sidekick concept that overtly sells Kaiju x Cosmic Horror.,"neon grids, holograms, circuit traces, city rain reflections",cosmic_horror+cyber | cosmic_horror+kaiju | cyber+kaiju,"A memorable supporting fighter or strategist who complements the lead without reading as generic. Kinetic non-human character blending defence-force, monster-hunter or scaled-beast spectacle language with occult, forbidden-text, cult or abyssal dread visuals. Subtle background hint only: neon grids, holograms, circuit traces, city rain reflections. Color accent idea: scarlet and gold. Keep pose dynamic, anatomy clean, no extra limbs, and make the hidden genre read only as a subtle environment cue."
147,B02,2,S15,15,R2C2,7,g30_secondary_shonen_017,g30_secondary_shonen_017.png,Asha Bennett,The Beast Underworld Realm Wing,secondary,Sidekick,shonen,Shonen,monster_taming,Monster Taming,crime,Crime,fantasy,Fantasy,A fearless sidekick concept that overtly sells Monster Taming x Crime.,"runes, relics, banners, ancient stonework, enchanted forests",crime+fantasy | crime+monster_taming | fantasy+monster_taming,"A memorable supporting fighter or strategist who complements the lead without reading as generic. Battle-ready demi-human character blending partner-creature gear, capture tools, talismans, companion-bond energy with detective, gangster, police or heist aesthetics with urban grit. Subtle background hint only: runes, relics, banners, ancient stonework, enchanted forests. Color accent idea: navy and amber. Keep pose dynamic, anatomy clean, no extra limbs, and make the hidden genre read only as a subtle environment cue."
148,B02,2,S15,15,R2C3,8,g30_secondary_shonen_018,g30_secondary_shonen_018.png,Cass Bennett,The Titan Abyss Realm Wing,secondary,Sidekick,shonen,Shonen,kaiju,Kaiju,cosmic_horror,Cosmic Horror,fantasy,Fantasy,A scrappy sidekick concept that overtly sells Kaiju x Cosmic Horror.,"runes, relics, banners, ancient stonework, enchanted forests",cosmic_horror+fantasy | cosmic_horror+kaiju | fantasy+kaiju,"A memorable supporting fighter or strategist who complements the lead without reading as generic. Driven human character blending defence-force, monster-hunter or scaled-beast spectacle language with occult, forbidden-text, cult or abyssal dread visuals. Subtle background hint only: runes, relics, banners, ancient stonework, enchanted forests. Color accent idea: obsidian and red. Keep pose dynamic, anatomy clean, no extra limbs, and make the hidden genre read only as a subtle environment cue."
149,B02,2,S15,15,R2C4,9,g30_secondary_shonen_019,g30_secondary_shonen_019.png,Cassia Bennett,The Beast Underworld Stage Wing,secondary,Sidekick,shonen,Shonen,monster_taming,Monster Taming,crime,Crime,idol,Idol,A heroic sidekick concept that overtly sells Monster Taming x Crime.,"stage lights, star confetti, speaker stacks, glowsticks",crime+idol | crime+monster_taming | idol+monster_taming,"A memorable supporting fighter or strategist who complements the lead without reading as generic. Fearless human character blending partner-creature gear, capture tools, talismans, companion-bond energy with detective, gangster, police or heist aesthetics with urban grit. Subtle background hint only: stage lights, star confetti, speaker stacks, glowsticks. Color accent idea: indigo and brass. Keep pose dynamic, anatomy clean, no extra limbs, and make the hidden genre read only as a subtle environment cue."
150,B02,2,S15,15,R2C5,10,g30_secondary_shonen_020,g30_secondary_shonen_020.png,Dara Bennett,The Titan Abyss Stage Wing,secondary,Sidekick,shonen,Shonen,kaiju,Kaiju,cosmic_horror,Cosmic Horror,idol,Idol,A hot-blooded sidekick concept that overtly sells Kaiju x Cosmic Horror.,"stage lights, star confetti, speaker stacks, glowsticks",cosmic_horror+idol | cosmic_horror+kaiju | idol+kaiju,"A memorable supporting fighter or strategist who complements the lead without reading as generic. Scrappy non-human character blending defence-force, monster-hunter or scaled-beast spectacle language with occult, forbidden-text, cult or abyssal dread visuals. Subtle background hint only: stage lights, star confetti, speaker stacks, glowsticks. Color accent idea: sand and turquoise. Keep pose dynamic, anatomy clean, no extra limbs, and make the hidden genre read only as a subtle environment cue."
151,B02,2,S16,16,R1C1,1,g30_secondary_shonen_021,g30_secondary_shonen_021.png,Eira Bennett,The Beast Underworld Cipher Wing,secondary,Sidekick,shonen,Shonen,monster_taming,Monster Taming,crime,Crime,mystery,Mystery,A resolute sidekick concept that overtly sells Monster Taming x Crime.,"case boards, magnifying glass reflections, foggy windows, clues",crime+monster_taming | crime+mystery | monster_taming+mystery,"A memorable supporting fighter or strategist who complements the lead without reading as generic. Heroic demi-human character blending partner-creature gear, capture tools, talismans, companion-bond energy with detective, gangster, police or heist aesthetics with urban grit. Subtle background hint only: case boards, magnifying glass reflections, foggy windows, clues. Color accent idea: violet and silver. Keep pose dynamic, anatomy clean, no extra limbs, and make the hidden genre read only as a subtle environment cue."
152,B02,2,S16,16,R1C2,2,g30_secondary_shonen_022,g30_secondary_shonen_022.png,Elian Bennett,The Titan Abyss Cipher Wing,secondary,Sidekick,shonen,Shonen,kaiju,Kaiju,cosmic_horror,Cosmic Horror,mystery,Mystery,A kinetic sidekick concept that overtly sells Kaiju x Cosmic Horror.,"case boards, magnifying glass reflections, foggy windows, clues",cosmic_horror+kaiju | cosmic_horror+mystery | kaiju+mystery,"A memorable supporting fighter or strategist who complements the lead without reading as generic. Hot-blooded human character blending defence-force, monster-hunter or scaled-beast spectacle language with occult, forbidden-text, cult or abyssal dread visuals. Subtle background hint only: case boards, magnifying glass reflections, foggy windows, clues. Color accent idea: scarlet and gold. Keep pose dynamic, anatomy clean, no extra limbs, and make the hidden genre read only as a subtle environment cue."
153,B02,2,S16,16,R1C3,3,g30_secondary_shonen_023,g30_secondary_shonen_023.png,Emi Bennett,The Beast Underworld Mirth Wing,secondary,Sidekick,shonen,Shonen,monster_taming,Monster Taming,crime,Crime,comedy,Comedy,A battle-ready sidekick concept that overtly sells Monster Taming x Crime.,"playful props, bright signage, exaggerated set pieces",comedy+crime | comedy+monster_taming | crime+monster_taming,"A memorable supporting fighter or strategist who complements the lead without reading as generic. Resolute human character blending partner-creature gear, capture tools, talismans, companion-bond energy with detective, gangster, police or heist aesthetics with urban grit. Subtle background hint only: playful props, bright signage, exaggerated set pieces. Color accent idea: navy and amber. Keep pose dynamic, anatomy clean, no extra limbs, and make the hidden genre read only as a subtle environment cue."
154,B02,2,S16,16,R1C4,4,g30_secondary_shonen_024,g30_secondary_shonen_024.png,Farah Bennett,The Titan Abyss Mirth Wing,secondary,Sidekick,shonen,Shonen,kaiju,Kaiju,cosmic_horror,Cosmic Horror,comedy,Comedy,A driven sidekick concept that overtly sells Kaiju x Cosmic Horror.,"playful props, bright signage, exaggerated set pieces",comedy+cosmic_horror | comedy+kaiju | cosmic_horror+kaiju,"A memorable supporting fighter or strategist who complements the lead without reading as generic. Kinetic non-human character blending defence-force, monster-hunter or scaled-beast spectacle language with occult, forbidden-text, cult or abyssal dread visuals. Subtle background hint only: playful props, bright signage, exaggerated set pieces. Color accent idea: obsidian and red. Keep pose dynamic, anatomy clean, no extra limbs, and make the hidden genre read only as a subtle environment cue."
155,B02,2,S16,16,R1C5,5,g30_secondary_shonen_025,g30_secondary_shonen_025.png,Hana Bennett,The Beast Underworld Kitchen Wing,secondary,Sidekick,shonen,Shonen,monster_taming,Monster Taming,crime,Crime,cooking,Cooking,A fearless sidekick concept that overtly sells Monster Taming x Crime.,"steam, hanging pans, chopping blocks, spice stalls",cooking+crime | cooking+monster_taming | crime+monster_taming,"A memorable supporting fighter or strategist who complements the lead without reading as generic. Battle-ready demi-human character blending partner-creature gear, capture tools, talismans, companion-bond energy with detective, gangster, police or heist aesthetics with urban grit. Subtle background hint only: steam, hanging pans, chopping blocks, spice stalls. Color accent idea: indigo and brass. Keep pose dynamic, anatomy clean, no extra limbs, and make the hidden genre read only as a subtle environment cue."
156,B02,2,S16,16,R2C1,6,g30_secondary_shonen_026,g30_secondary_shonen_026.png,Haru Bennett,The Titan Abyss Kitchen Wing,secondary,Sidekick,shonen,Shonen,kaiju,Kaiju,cosmic_horror,Cosmic Horror,cooking,Cooking,A scrappy sidekick concept that overtly sells Kaiju x Cosmic Horror.,"steam, hanging pans, chopping blocks, spice stalls",cooking+cosmic_horror | cooking+kaiju | cosmic_horror+kaiju,"A memorable supporting fighter or strategist who complements the lead without reading as generic. Driven human character blending defence-force, monster-hunter or scaled-beast spectacle language with occult, forbidden-text, cult or abyssal dread visuals. Subtle background hint only: steam, hanging pans, chopping blocks, spice stalls. Color accent idea: sand and turquoise. Keep pose dynamic, anatomy clean, no extra limbs, and make the hidden genre read only as a subtle environment cue."
157,B02,2,S16,16,R2C2,7,g30_secondary_shonen_027,g30_secondary_shonen_027.png,Idris Bennett,The Beast Underworld Command Wing,secondary,Sidekick,shonen,Shonen,monster_taming,Monster Taming,crime,Crime,military,Military,A heroic sidekick concept that overtly sells Monster Taming x Crime.,"sandbags, tactical screens, emblems, armored vehicles",crime+military | crime+monster_taming | military+monster_taming,"A memorable supporting fighter or strategist who complements the lead without reading as generic. Fearless human character blending partner-creature gear, capture tools, talismans, companion-bond energy with detective, gangster, police or heist aesthetics with urban grit. Subtle background hint only: sandbags, tactical screens, emblems, armored vehicles. Color accent idea: violet and silver. Keep pose dynamic, anatomy clean, no extra limbs, and make the hidden genre read only as a subtle environment cue."
158,B02,2,S16,16,R2C3,8,g30_secondary_shonen_028,g30_secondary_shonen_028.png,Imani Bennett,The Titan Abyss Command Wing,secondary,Sidekick,shonen,Shonen,kaiju,Kaiju,cosmic_horror,Cosmic Horror,military,Military,A hot-blooded sidekick concept that overtly sells Kaiju x Cosmic Horror.,"sandbags, tactical screens, emblems, armored vehicles",cosmic_horror+kaiju | cosmic_horror+military | kaiju+military,"A memorable supporting fighter or strategist who complements the lead without reading as generic. Scrappy non-human character blending defence-force, monster-hunter or scaled-beast spectacle language with occult, forbidden-text, cult or abyssal dread visuals. Subtle background hint only: sandbags, tactical screens, emblems, armored vehicles. Color accent idea: scarlet and gold. Keep pose dynamic, anatomy clean, no extra limbs, and make the hidden genre read only as a subtle environment cue."
159,B02,2,S16,16,R2C4,9,g30_secondary_shonen_029,g30_secondary_shonen_029.png,Jae Bennett,The Beast Underworld Spirit Wing,secondary,Sidekick,shonen,Shonen,monster_taming,Monster Taming,crime,Crime,supernatural,Supernatural,A resolute sidekick concept that overtly sells Monster Taming x Crime.,"spirit wisps, shrine gates, sigils, moonlit talismans",crime+monster_taming | crime+supernatural | monster_taming+supernatural,"A memorable supporting fighter or strategist who complements the lead without reading as generic. Heroic demi-human character blending partner-creature gear, capture tools, talismans, companion-bond energy with detective, gangster, police or heist aesthetics with urban grit. Subtle background hint only: spirit wisps, shrine gates, sigils, moonlit talismans. Color accent idea: navy and amber. Keep pose dynamic, anatomy clean, no extra limbs, and make the hidden genre read only as a subtle environment cue."
160,B02,2,S16,16,R2C5,10,g30_secondary_shonen_030,g30_secondary_shonen_030.png,Jin Bennett,The Titan Abyss Spirit Wing,secondary,Sidekick,shonen,Shonen,kaiju,Kaiju,cosmic_horror,Cosmic Horror,supernatural,Supernatural,A kinetic sidekick concept that overtly sells Kaiju x Cosmic Horror.,"spirit wisps, shrine gates, sigils, moonlit talismans",cosmic_horror+kaiju | cosmic_horror+supernatural | kaiju+supernatural,"A memorable supporting fighter or strategist who complements the lead without reading as generic. Hot-blooded human character blending defence-force, monster-hunter or scaled-beast spectacle language with occult, forbidden-text, cult or abyssal dread visuals. Subtle background hint only: spirit wisps, shrine gates, sigils, moonlit talismans. Color accent idea: obsidian and red. Keep pose dynamic, anatomy clean, no extra limbs, and make the hidden genre read only as a subtle environment cue."
161,B02,2,S17,17,R1C1,1,g30_secondary_shonen_031,g30_secondary_shonen_031.png,Kael Bennett,The Beast Underworld Void Wing,secondary,Sidekick,shonen,Shonen,monster_taming,Monster Taming,crime,Crime,space,Space,A battle-ready sidekick concept that overtly sells Monster Taming x Crime.,"starfields, cockpit glass, planets, docking ports",crime+monster_taming | crime+space | monster_taming+space,"A memorable supporting fighter or strategist who complements the lead without reading as generic. Resolute human character blending partner-creature gear, capture tools, talismans, companion-bond energy with detective, gangster, police or heist aesthetics with urban grit. Subtle background hint only: starfields, cockpit glass, planets, docking ports. Color accent idea: indigo and brass. Keep pose dynamic, anatomy clean, no extra limbs, and make the hidden genre read only as a subtle environment cue."
162,B02,2,S17,17,R1C2,2,g30_secondary_shonen_032,g30_secondary_shonen_032.png,Kira Bennett,The Titan Abyss Void Wing,secondary,Sidekick,shonen,Shonen,kaiju,Kaiju,cosmic_horror,Cosmic Horror,space,Space,A driven sidekick concept that overtly sells Kaiju x Cosmic Horror.,"starfields, cockpit glass, planets, docking ports",cosmic_horror+kaiju | cosmic_horror+space | kaiju+space,"A memorable supporting fighter or strategist who complements the lead without reading as generic. Kinetic non-human character blending defence-force, monster-hunter or scaled-beast spectacle language with occult, forbidden-text, cult or abyssal dread visuals. Subtle background hint only: starfields, cockpit glass, planets, docking ports. Color accent idea: sand and turquoise. Keep pose dynamic, anatomy clean, no extra limbs, and make the hidden genre read only as a subtle environment cue."
163,B02,2,S17,17,R1C3,3,g30_secondary_shonen_033,g30_secondary_shonen_033.png,Leila Bennett,The Beast Underworld Charm Wing,secondary,Sidekick,shonen,Shonen,monster_taming,Monster Taming,crime,Crime,magical,Magical,A fearless sidekick concept that overtly sells Monster Taming x Crime.,"sparkles, transformation glyphs, ribbon trails, pastel magic",crime+magical | crime+monster_taming | magical+monster_taming,"A memorable supporting fighter or strategist who complements the lead without reading as generic. Battle-ready demi-human character blending partner-creature gear, capture tools, talismans, companion-bond energy with detective, gangster, police or heist aesthetics with urban grit. Subtle background hint only: sparkles, transformation glyphs, ribbon trails, pastel magic. Color accent idea: violet and silver. Keep pose dynamic, anatomy clean, no extra limbs, and make the hidden genre read only as a subtle environment cue."
164,B02,2,S17,17,R1C4,4,g30_secondary_shonen_034,g30_secondary_shonen_034.png,Lina Bennett,The Titan Abyss Charm Wing,secondary,Sidekick,shonen,Shonen,kaiju,Kaiju,cosmic_horror,Cosmic Horror,magical,Magical,A scrappy sidekick concept that overtly sells Kaiju x Cosmic Horror.,"sparkles, transformation glyphs, ribbon trails, pastel magic",cosmic_horror+kaiju | cosmic_horror+magical | kaiju+magical,"A memorable supporting fighter or strategist who complements the lead without reading as generic. Driven human character blending defence-force, monster-hunter or scaled-beast spectacle language with occult, forbidden-text, cult or abyssal dread visuals. Subtle background hint only: sparkles, transformation glyphs, ribbon trails, pastel magic. Color accent idea: scarlet and gold. Keep pose dynamic, anatomy clean, no extra limbs, and make the hidden genre read only as a subtle environment cue."
165,B02,2,S17,17,R1C5,5,g30_secondary_shonen_035,g30_secondary_shonen_035.png,Lucan Bennett,The Beast Underworld Wild Wing,secondary,Sidekick,shonen,Shonen,monster_taming,Monster Taming,crime,Crime,survival,Survival,A heroic sidekick concept that overtly sells Monster Taming x Crime.,"camp gear, rough maps, ropes, storm clouds, scavenged supplies",crime+monster_taming | crime+survival | monster_taming+survival,"A memorable supporting fighter or strategist who complements the lead without reading as generic. Fearless human character blending partner-creature gear, capture tools, talismans, companion-bond energy with detective, gangster, police or heist aesthetics with urban grit. Subtle background hint only: camp gear, rough maps, ropes, storm clouds, scavenged supplies. Color accent idea: navy and amber. Keep pose dynamic, anatomy clean, no extra limbs, and make the hidden genre read only as a subtle environment cue."
166,B02,2,S17,17,R2C1,6,g30_secondary_shonen_036,g30_secondary_shonen_036.png,Mara Bennett,The Titan Abyss Wild Wing,secondary,Sidekick,shonen,Shonen,kaiju,Kaiju,cosmic_horror,Cosmic Horror,survival,Survival,A hot-blooded sidekick concept that overtly sells Kaiju x Cosmic Horror.,"camp gear, rough maps, ropes, storm clouds, scavenged supplies",cosmic_horror+kaiju | cosmic_horror+survival | kaiju+survival,"A memorable supporting fighter or strategist who complements the lead without reading as generic. Scrappy non-human character blending defence-force, monster-hunter or scaled-beast spectacle language with occult, forbidden-text, cult or abyssal dread visuals. Subtle background hint only: camp gear, rough maps, ropes, storm clouds, scavenged supplies. Color accent idea: obsidian and red. Keep pose dynamic, anatomy clean, no extra limbs, and make the hidden genre read only as a subtle environment cue."
167,B02,2,S17,17,R2C2,7,g30_secondary_shonen_037,g30_secondary_shonen_037.png,Mika Bennett,The Beast Underworld Corsair Wing,secondary,Sidekick,shonen,Shonen,monster_taming,Monster Taming,crime,Crime,pirate,Pirate,A resolute sidekick concept that overtly sells Monster Taming x Crime.,"rigging, maps, cannon smoke, treasure, ocean spray",crime+monster_taming | crime+pirate | monster_taming+pirate,"A memorable supporting fighter or strategist who complements the lead without reading as generic. Heroic demi-human character blending partner-creature gear, capture tools, talismans, companion-bond energy with detective, gangster, police or heist aesthetics with urban grit. Subtle background hint only: rigging, maps, cannon smoke, treasure, ocean spray. Color accent idea: indigo and brass. Keep pose dynamic, anatomy clean, no extra limbs, and make the hidden genre read only as a subtle environment cue."
168,B02,2,S17,17,R2C3,8,g30_secondary_shonen_038,g30_secondary_shonen_038.png,Mina Bennett,The Titan Abyss Corsair Wing,secondary,Sidekick,shonen,Shonen,kaiju,Kaiju,cosmic_horror,Cosmic Horror,pirate,Pirate,A kinetic sidekick concept that overtly sells Kaiju x Cosmic Horror.,"rigging, maps, cannon smoke, treasure, ocean spray",cosmic_horror+kaiju | cosmic_horror+pirate | kaiju+pirate,"A memorable supporting fighter or strategist who complements the lead without reading as generic. Hot-blooded human character blending defence-force, monster-hunter or scaled-beast spectacle language with occult, forbidden-text, cult or abyssal dread visuals. Subtle background hint only: rigging, maps, cannon smoke, treasure, ocean spray. Color accent idea: sand and turquoise. Keep pose dynamic, anatomy clean, no extra limbs, and make the hidden genre read only as a subtle environment cue."
169,B02,2,S17,17,R2C4,9,g30_secondary_shonen_039,g30_secondary_shonen_039.png,Nadia Bennett,The Beast Underworld Fist Wing,secondary,Sidekick,shonen,Shonen,monster_taming,Monster Taming,crime,Crime,martial,Martial Arts,A battle-ready sidekick concept that overtly sells Monster Taming x Crime.,"dojo banners, shattered tiles, temple gates, training gear",crime+martial | crime+monster_taming | martial+monster_taming,"A memorable supporting fighter or strategist who complements the lead without reading as generic. Resolute human character blending partner-creature gear, capture tools, talismans, companion-bond energy with detective, gangster, police or heist aesthetics with urban grit. Subtle background hint only: dojo banners, shattered tiles, temple gates, training gear. Color accent idea: violet and silver. Keep pose dynamic, anatomy clean, no extra limbs, and make the hidden genre read only as a subtle environment cue."
170,B02,2,S17,17,R2C5,10,g30_secondary_shonen_040,g30_secondary_shonen_040.png,Nao Bennett,The Titan Abyss Fist Wing,secondary,Sidekick,shonen,Shonen,kaiju,Kaiju,cosmic_horror,Cosmic Horror,martial,Martial Arts,A driven sidekick concept that overtly sells Kaiju x Cosmic Horror.,"dojo banners, shattered tiles, temple gates, training gear",cosmic_horror+kaiju | cosmic_horror+martial | kaiju+martial,"A memorable supporting fighter or strategist who complements the lead without reading as generic. Kinetic non-human character blending defence-force, monster-hunter or scaled-beast spectacle language with occult, forbidden-text, cult or abyssal dread visuals. Subtle background hint only: dojo banners, shattered tiles, temple gates, training gear. Color accent idea: scarlet and gold. Keep pose dynamic, anatomy clean, no extra limbs, and make the hidden genre read only as a subtle environment cue."
171,B02,2,S18,18,R1C1,1,g30_secondary_shonen_041,g30_secondary_shonen_041.png,Niko Bennett,The Beast Underworld Myth Wing,secondary,Sidekick,shonen,Shonen,monster_taming,Monster Taming,crime,Crime,mythology,Mythology,A fearless sidekick concept that overtly sells Monster Taming x Crime.,"divine statues, laurel, sacred fire, heroic reliefs",crime+monster_taming | crime+mythology | monster_taming+mythology,"A memorable supporting fighter or strategist who complements the lead without reading as generic. Battle-ready demi-human character blending partner-creature gear, capture tools, talismans, companion-bond energy with detective, gangster, police or heist aesthetics with urban grit. Subtle background hint only: divine statues, laurel, sacred fire, heroic reliefs. Color accent idea: navy and amber. Keep pose dynamic, anatomy clean, no extra limbs, and make the hidden genre read only as a subtle environment cue."
172,B02,2,S18,18,R1C2,2,g30_secondary_shonen_042,g30_secondary_shonen_042.png,Noor Bennett,The Titan Abyss Myth Wing,secondary,Sidekick,shonen,Shonen,kaiju,Kaiju,cosmic_horror,Cosmic Horror,mythology,Mythology,A scrappy sidekick concept that overtly sells Kaiju x Cosmic Horror.,"divine statues, laurel, sacred fire, heroic reliefs",cosmic_horror+kaiju | cosmic_horror+mythology | kaiju+mythology,"A memorable supporting fighter or strategist who complements the lead without reading as generic. Driven human character blending defence-force, monster-hunter or scaled-beast spectacle language with occult, forbidden-text, cult or abyssal dread visuals. Subtle background hint only: divine statues, laurel, sacred fire, heroic reliefs. Color accent idea: obsidian and red. Keep pose dynamic, anatomy clean, no extra limbs, and make the hidden genre read only as a subtle environment cue."
173,B02,2,S18,18,R1C3,3,g30_secondary_shonen_043,g30_secondary_shonen_043.png,Rhea Bennett,The Beast Underworld North Wing,secondary,Sidekick,shonen,Shonen,monster_taming,Monster Taming,crime,Crime,nordic,Nordic,A heroic sidekick concept that overtly sells Monster Taming x Crime.,"snow, carved wood, longship details, aurora, fur banners",crime+monster_taming | crime+nordic | monster_taming+nordic,"A memorable supporting fighter or strategist who complements the lead without reading as generic. Fearless human character blending partner-creature gear, capture tools, talismans, companion-bond energy with detective, gangster, police or heist aesthetics with urban grit. Subtle background hint only: snow, carved wood, longship details, aurora, fur banners. Color accent idea: indigo and brass. Keep pose dynamic, anatomy clean, no extra limbs, and make the hidden genre read only as a subtle environment cue."
174,B02,2,S18,18,R1C4,4,g30_secondary_shonen_044,g30_secondary_shonen_044.png,Ren Bennett,The Titan Abyss North Wing,secondary,Sidekick,shonen,Shonen,kaiju,Kaiju,cosmic_horror,Cosmic Horror,nordic,Nordic,A hot-blooded sidekick concept that overtly sells Kaiju x Cosmic Horror.,"snow, carved wood, longship details, aurora, fur banners",cosmic_horror+kaiju | cosmic_horror+nordic | kaiju+nordic,"A memorable supporting fighter or strategist who complements the lead without reading as generic. Scrappy non-human character blending defence-force, monster-hunter or scaled-beast spectacle language with occult, forbidden-text, cult or abyssal dread visuals. Subtle background hint only: snow, carved wood, longship details, aurora, fur banners. Color accent idea: sand and turquoise. Keep pose dynamic, anatomy clean, no extra limbs, and make the hidden genre read only as a subtle environment cue."
175,B02,2,S18,18,R1C5,5,g30_secondary_shonen_045,g30_secondary_shonen_045.png,Rin Bennett,The Beast Underworld Blade Wing,secondary,Sidekick,shonen,Shonen,monster_taming,Monster Taming,crime,Crime,samurai,Samurai,A resolute sidekick concept that overtly sells Monster Taming x Crime.,"paper screens, mon crests, lacquer, falling maple leaves",crime+monster_taming | crime+samurai | monster_taming+samurai,"A memorable supporting fighter or strategist who complements the lead without reading as generic. Heroic demi-human character blending partner-creature gear, capture tools, talismans, companion-bond energy with detective, gangster, police or heist aesthetics with urban grit. Subtle background hint only: paper screens, mon crests, lacquer, falling maple leaves. Color accent idea: violet and silver. Keep pose dynamic, anatomy clean, no extra limbs, and make the hidden genre read only as a subtle environment cue."
176,B02,2,S18,18,R2C1,6,g30_secondary_shonen_046,g30_secondary_shonen_046.png,Samira Bennett,The Titan Abyss Blade Wing,secondary,Sidekick,shonen,Shonen,kaiju,Kaiju,cosmic_horror,Cosmic Horror,samurai,Samurai,A kinetic sidekick concept that overtly sells Kaiju x Cosmic Horror.,"paper screens, mon crests, lacquer, falling maple leaves",cosmic_horror+kaiju | cosmic_horror+samurai | kaiju+samurai,"A memorable supporting fighter or strategist who complements the lead without reading as generic. Hot-blooded human character blending defence-force, monster-hunter or scaled-beast spectacle language with occult, forbidden-text, cult or abyssal dread visuals. Subtle background hint only: paper screens, mon crests, lacquer, falling maple leaves. Color accent idea: scarlet and gold. Keep pose dynamic, anatomy clean, no extra limbs, and make the hidden genre read only as a subtle environment cue."
177,B02,2,S18,18,R2C2,7,g30_secondary_shonen_047,g30_secondary_shonen_047.png,Sana Bennett,The Beast Underworld Shadow Wing,secondary,Sidekick,shonen,Shonen,monster_taming,Monster Taming,crime,Crime,shinobi,Shinobi,A battle-ready sidekick concept that overtly sells Monster Taming x Crime.,"moonlit rooftops, smoke bombs, hidden blades, bamboo",crime+monster_taming | crime+shinobi | monster_taming+shinobi,"A memorable supporting fighter or strategist who complements the lead without reading as generic. Resolute human character blending partner-creature gear, capture tools, talismans, companion-bond energy with detective, gangster, police or heist aesthetics with urban grit. Subtle background hint only: moonlit rooftops, smoke bombs, hidden blades, bamboo. Color accent idea: navy and amber. Keep pose dynamic, anatomy clean, no extra limbs, and make the hidden genre read only as a subtle environment cue."
178,B02,2,S18,18,R2C3,8,g30_secondary_shonen_048,g30_secondary_shonen_048.png,Sora Bennett,The Titan Abyss Shadow Wing,secondary,Sidekick,shonen,Shonen,kaiju,Kaiju,cosmic_horror,Cosmic Horror,shinobi,Shinobi,A driven sidekick concept that overtly sells Kaiju x Cosmic Horror.,"moonlit rooftops, smoke bombs, hidden blades, bamboo",cosmic_horror+kaiju | cosmic_horror+shinobi | kaiju+shinobi,"A memorable supporting fighter or strategist who complements the lead without reading as generic. Kinetic non-human character blending defence-force, monster-hunter or scaled-beast spectacle language with occult, forbidden-text, cult or abyssal dread visuals. Subtle background hint only: moonlit rooftops, smoke bombs, hidden blades, bamboo. Color accent idea: obsidian and red. Keep pose dynamic, anatomy clean, no extra limbs, and make the hidden genre read only as a subtle environment cue."
179,B02,2,S18,18,R2C4,9,g30_secondary_shonen_049,g30_secondary_shonen_049.png,Tala Bennett,The Beast Underworld Blood Wing,secondary,Sidekick,shonen,Shonen,monster_taming,Monster Taming,crime,Crime,vampire,Vampire,A fearless sidekick concept that overtly sells Monster Taming x Crime.,"crimson moonlight, gothic windows, candelabras, coffin motifs",crime+monster_taming | crime+vampire | monster_taming+vampire,"A memorable supporting fighter or strategist who complements the lead without reading as generic. Battle-ready demi-human character blending partner-creature gear, capture tools, talismans, companion-bond energy with detective, gangster, police or heist aesthetics with urban grit. Subtle background hint only: crimson moonlight, gothic windows, candelabras, coffin motifs. Color accent idea: indigo and brass. Keep pose dynamic, anatomy clean, no extra limbs, and make the hidden genre read only as a subtle environment cue."
180,B02,2,S18,18,R2C5,10,g30_secondary_shonen_050,g30_secondary_shonen_050.png,Yara Bennett,The Titan Abyss Blood Wing,secondary,Sidekick,shonen,Shonen,kaiju,Kaiju,cosmic_horror,Cosmic Horror,vampire,Vampire,A scrappy sidekick concept that overtly sells Kaiju x Cosmic Horror.,"crimson moonlight, gothic windows, candelabras, coffin motifs",cosmic_horror+kaiju | cosmic_horror+vampire | kaiju+vampire,"A memorable supporting fighter or strategist who complements the lead without reading as generic. Driven human character blending defence-force, monster-hunter or scaled-beast spectacle language with occult, forbidden-text, cult or abyssal dread visuals. Subtle background hint only: crimson moonlight, gothic windows, candelabras, coffin motifs. Color accent idea: sand and turquoise. Keep pose dynamic, anatomy clean, no extra limbs, and make the hidden genre read only as a subtle environment cue."
181,B02,2,S19,19,R1C1,1,g30_secondary_shonen_051,g30_secondary_shonen_051.png,Aiko Chen,The Beast Underworld Ruin Wing,secondary,Sidekick,shonen,Shonen,monster_taming,Monster Taming,crime,Crime,grimdark,Grimdark,A heroic sidekick concept that overtly sells Monster Taming x Crime.,"war-torn ruins, infernal haze, chains, blackened armor",crime+grimdark | crime+monster_taming | grimdark+monster_taming,"A memorable supporting fighter or strategist who complements the lead without reading as generic. Fearless human character blending partner-creature gear, capture tools, talismans, companion-bond energy with detective, gangster, police or heist aesthetics with urban grit. Subtle background hint only: war-torn ruins, infernal haze, chains, blackened armor. Color accent idea: violet and silver. Keep pose dynamic, anatomy clean, no extra limbs, and make the hidden genre read only as a subtle environment cue."
182,B02,2,S19,19,R1C2,2,g30_secondary_shonen_052,g30_secondary_shonen_052.png,Amara Chen,The Titan Abyss Ruin Wing,secondary,Sidekick,shonen,Shonen,kaiju,Kaiju,cosmic_horror,Cosmic Horror,grimdark,Grimdark,A hot-blooded sidekick concept that overtly sells Kaiju x Cosmic Horror.,"war-torn ruins, infernal haze, chains, blackened armor",cosmic_horror+grimdark | cosmic_horror+kaiju | grimdark+kaiju,"A memorable supporting fighter or strategist who complements the lead without reading as generic. Scrappy non-human character blending defence-force, monster-hunter or scaled-beast spectacle language with occult, forbidden-text, cult or abyssal dread visuals. Subtle background hint only: war-torn ruins, infernal haze, chains, blackened armor. Color accent idea: scarlet and gold. Keep pose dynamic, anatomy clean, no extra limbs, and make the hidden genre read only as a subtle environment cue."
183,B02,2,S19,19,R1C3,3,g30_secondary_shonen_053,g30_secondary_shonen_053.png,Ansel Chen,The Gear Portal Beast Wing,secondary,Sidekick,shonen,Shonen,mecha,Mecha,isekai,Isekai,monster_taming,Monster Taming,A resolute sidekick concept that overtly sells Mecha x Isekai.,"creature dens, hatcheries, capture tags, feeding bowls",isekai+monster_taming | mecha+monster_taming,"A memorable supporting fighter or strategist who complements the lead without reading as generic. Heroic demi-human character blending Mecha-driven styling with Isekai-driven styling. Subtle background hint only: creature dens, hatcheries, capture tags, feeding bowls. Color accent idea: navy and amber. Keep pose dynamic, anatomy clean, no extra limbs, and make the hidden genre read only as a subtle environment cue."
184,B02,2,S19,19,R1C4,4,g30_secondary_shonen_054,g30_secondary_shonen_054.png,Arden Chen,The Hearth Terror Dune Wing,secondary,Sidekick,shonen,Shonen,slice,Slice of Life,horror,Horror,arabia,Arabia,A kinetic sidekick concept that overtly sells Slice of Life x Horror.,"dune horizons, palace arches, mosaic tiles, brass lamps, caravan tents",arabia+horror | arabia+slice,"A memorable supporting fighter or strategist who complements the lead without reading as generic. Hot-blooded human character blending Slice of Life-driven styling with Horror-driven styling. Subtle background hint only: dune horizons, palace arches, mosaic tiles, brass lamps, caravan tents. Color accent idea: obsidian and red. Keep pose dynamic, anatomy clean, no extra limbs, and make the hidden genre read only as a subtle environment cue."
185,B02,2,S19,19,R1C5,5,g30_secondary_shonen_055,g30_secondary_shonen_055.png,Ari Chen,The Heart Arena Dune Wing,secondary,Sidekick,shonen,Shonen,romance,Romance,sports,Sports,arabia,Arabia,A battle-ready sidekick concept that overtly sells Romance x Sports.,"dune horizons, palace arches, mosaic tiles, brass lamps, caravan tents",arabia+romance | arabia+sports,"A memorable supporting fighter or strategist who complements the lead without reading as generic. Resolute human character blending Romance-driven styling with Sports-driven styling. Subtle background hint only: dune horizons, palace arches, mosaic tiles, brass lamps, caravan tents. Color accent idea: indigo and brass. Keep pose dynamic, anatomy clean, no extra limbs, and make the hidden genre read only as a subtle environment cue."
186,B02,2,S19,19,R2C1,6,g30_secondary_shonen_056,g30_secondary_shonen_056.png,Asa Chen,The Neon Realm Dune Wing,secondary,Sidekick,shonen,Shonen,cyber,Cyber,fantasy,Fantasy,arabia,Arabia,A driven sidekick concept that overtly sells Cyber x Fantasy.,"dune horizons, palace arches, mosaic tiles, brass lamps, caravan tents",arabia+cyber | arabia+fantasy,"A memorable supporting fighter or strategist who complements the lead without reading as generic. Kinetic non-human character blending Cyber-driven styling with Fantasy-driven styling. Subtle background hint only: dune horizons, palace arches, mosaic tiles, brass lamps, caravan tents. Color accent idea: sand and turquoise. Keep pose dynamic, anatomy clean, no extra limbs, and make the hidden genre read only as a subtle environment cue."
187,B02,2,S19,19,R2C2,7,g30_secondary_shonen_057,g30_secondary_shonen_057.png,Asha Chen,The Stage Cipher Dune Wing,secondary,Sidekick,shonen,Shonen,idol,Idol,mystery,Mystery,arabia,Arabia,A fearless sidekick concept that overtly sells Idol x Mystery.,"dune horizons, palace arches, mosaic tiles, brass lamps, caravan tents",arabia+idol | arabia+mystery,"A memorable supporting fighter or strategist who complements the lead without reading as generic. Battle-ready demi-human character blending Idol-driven styling with Mystery-driven styling. Subtle background hint only: dune horizons, palace arches, mosaic tiles, brass lamps, caravan tents. Color accent idea: violet and silver. Keep pose dynamic, anatomy clean, no extra limbs, and make the hidden genre read only as a subtle environment cue."
188,B02,2,S19,19,R2C3,8,g30_secondary_shonen_058,g30_secondary_shonen_058.png,Cass Chen,The Mirth Kitchen Dune Wing,secondary,Sidekick,shonen,Shonen,comedy,Comedy,cooking,Cooking,arabia,Arabia,A scrappy sidekick concept that overtly sells Comedy x Cooking.,"dune horizons, palace arches, mosaic tiles, brass lamps, caravan tents",arabia+comedy | arabia+cooking,"A memorable supporting fighter or strategist who complements the lead without reading as generic. Driven human character blending Comedy-driven styling with Cooking-driven styling. Subtle background hint only: dune horizons, palace arches, mosaic tiles, brass lamps, caravan tents. Color accent idea: scarlet and gold. Keep pose dynamic, anatomy clean, no extra limbs, and make the hidden genre read only as a subtle environment cue."
189,B02,2,S19,19,R2C4,9,g30_secondary_shonen_059,g30_secondary_shonen_059.png,Cassia Chen,The Command Spirit Dune Wing,secondary,Sidekick,shonen,Shonen,military,Military,supernatural,Supernatural,arabia,Arabia,A heroic sidekick concept that overtly sells Military x Supernatural.,"dune horizons, palace arches, mosaic tiles, brass lamps, caravan tents",arabia+military | arabia+supernatural,"A memorable supporting fighter or strategist who complements the lead without reading as generic. Fearless human character blending Military-driven styling with Supernatural-driven styling. Subtle background hint only: dune horizons, palace arches, mosaic tiles, brass lamps, caravan tents. Color accent idea: navy and amber. Keep pose dynamic, anatomy clean, no extra limbs, and make the hidden genre read only as a subtle environment cue."
190,B02,2,S19,19,R2C5,10,g30_secondary_shonen_060,g30_secondary_shonen_060.png,Dara Chen,The Void Charm Dune Wing,secondary,Sidekick,shonen,Shonen,space,Space,magical,Magical,arabia,Arabia,A hot-blooded sidekick concept that overtly sells Space x Magical.,"dune horizons, palace arches, mosaic tiles, brass lamps, caravan tents",arabia+magical | arabia+space,"A memorable supporting fighter or strategist who complements the lead without reading as generic. Scrappy non-human character blending Space-driven styling with Magical-driven styling. Subtle background hint only: dune horizons, palace arches, mosaic tiles, brass lamps, caravan tents. Color accent idea: obsidian and red. Keep pose dynamic, anatomy clean, no extra limbs, and make the hidden genre read only as a subtle environment cue."
191,B02,2,S20,20,R1C1,1,g30_secondary_shonen_061,g30_secondary_shonen_061.png,Eira Chen,The Wild Corsair Dune Wing,secondary,Sidekick,shonen,Shonen,survival,Survival,pirate,Pirate,arabia,Arabia,A resolute sidekick concept that overtly sells Survival x Pirate.,"dune horizons, palace arches, mosaic tiles, brass lamps, caravan tents",arabia+pirate | arabia+survival,"A memorable supporting fighter or strategist who complements the lead without reading as generic. Heroic demi-human character blending Survival-driven styling with Pirate-driven styling. Subtle background hint only: dune horizons, palace arches, mosaic tiles, brass lamps, caravan tents. Color accent idea: indigo and brass. Keep pose dynamic, anatomy clean, no extra limbs, and make the hidden genre read only as a subtle environment cue."
192,B02,2,S20,20,R1C2,2,g30_secondary_shonen_062,g30_secondary_shonen_062.png,Elian Chen,The Fist Myth Dune Wing,secondary,Sidekick,shonen,Shonen,martial,Martial Arts,mythology,Mythology,arabia,Arabia,A kinetic sidekick concept that overtly sells Martial Arts x Mythology.,"dune horizons, palace arches, mosaic tiles, brass lamps, caravan tents",arabia+martial | arabia+mythology,"A memorable supporting fighter or strategist who complements the lead without reading as generic. Hot-blooded human character blending Martial Arts-driven styling with Mythology-driven styling. Subtle background hint only: dune horizons, palace arches, mosaic tiles, brass lamps, caravan tents. Color accent idea: sand and turquoise. Keep pose dynamic, anatomy clean, no extra limbs, and make the hidden genre read only as a subtle environment cue."
193,B02,2,S20,20,R1C3,3,g30_secondary_shonen_063,g30_secondary_shonen_063.png,Emi Chen,The North Blade Dune Wing,secondary,Sidekick,shonen,Shonen,nordic,Nordic,samurai,Samurai,arabia,Arabia,A battle-ready sidekick concept that overtly sells Nordic x Samurai.,"dune horizons, palace arches, mosaic tiles, brass lamps, caravan tents",arabia+nordic | arabia+samurai,"A memorable supporting fighter or strategist who complements the lead without reading as generic. Resolute human character blending Nordic-driven styling with Samurai-driven styling. Subtle background hint only: dune horizons, palace arches, mosaic tiles, brass lamps, caravan tents. Color accent idea: violet and silver. Keep pose dynamic, anatomy clean, no extra limbs, and make the hidden genre read only as a subtle environment cue."
194,B02,2,S20,20,R1C4,4,g30_secondary_shonen_064,g30_secondary_shonen_064.png,Farah Chen,The Shadow Blood Dune Wing,secondary,Sidekick,shonen,Shonen,shinobi,Shinobi,vampire,Vampire,arabia,Arabia,A driven sidekick concept that overtly sells Shinobi x Vampire.,"dune horizons, palace arches, mosaic tiles, brass lamps, caravan tents",arabia+shinobi | arabia+vampire,"A memorable supporting fighter or strategist who complements the lead without reading as generic. Kinetic non-human character blending Shinobi-driven styling with Vampire-driven styling. Subtle background hint only: dune horizons, palace arches, mosaic tiles, brass lamps, caravan tents. Color accent idea: scarlet and gold. Keep pose dynamic, anatomy clean, no extra limbs, and make the hidden genre read only as a subtle environment cue."
195,B02,2,S20,20,R1C5,5,g30_secondary_shonen_065,g30_secondary_shonen_065.png,Hana Chen,The Beast Dune Ruin Wing,secondary,Sidekick,shonen,Shonen,monster_taming,Monster Taming,arabia,Arabia,grimdark,Grimdark,A fearless sidekick concept that overtly sells Monster Taming x Arabia.,"war-torn ruins, infernal haze, chains, blackened armor",arabia+grimdark | arabia+monster_taming | grimdark+monster_taming,"A memorable supporting fighter or strategist who complements the lead without reading as generic. Battle-ready demi-human character blending partner-creature gear, capture tools, talismans, companion-bond energy with desert-sorcery, caravan, palace or djinn-adventure styling. Subtle background hint only: war-torn ruins, infernal haze, chains, blackened armor. Color accent idea: navy and amber. Keep pose dynamic, anatomy clean, no extra limbs, and make the hidden genre read only as a subtle environment cue."
196,B02,2,S20,20,R2C1,6,g30_secondary_shojo_001,g30_secondary_shojo_001.png,Haru Chen,The Beast Underworld Titan Confidant,secondary,Sidekick,shojo,Shojo,monster_taming,Monster Taming,crime,Crime,kaiju,Kaiju,A stylish sidekick concept that overtly sells Monster Taming x Crime.,"evacuation sirens, broken skyline, blast walls, giant footprints",crime+kaiju | crime+monster_taming | kaiju+monster_taming,"A charismatic supporting ally, rival or confidant with stylish detail and clear emotional identity. Romantic human character blending partner-creature gear, capture tools, talismans, companion-bond energy with detective, gangster, police or heist aesthetics with urban grit. Subtle background hint only: evacuation sirens, broken skyline, blast walls, giant footprints. Color accent idea: teal and copper. Keep pose dynamic, anatomy clean, no extra limbs, and make the hidden genre read only as a subtle environment cue."
197,B02,2,S20,20,R2C2,7,g30_secondary_shojo_002,g30_secondary_shojo_002.png,Idris Chen,The Beast Abyss Dune Confidant,secondary,Sidekick,shojo,Shojo,monster_taming,Monster Taming,cosmic_horror,Cosmic Horror,arabia,Arabia,A expressive sidekick concept that overtly sells Monster Taming x Cosmic Horror.,"dune horizons, palace arches, mosaic tiles, brass lamps, caravan tents",arabia+cosmic_horror | arabia+monster_taming | cosmic_horror+monster_taming,"A charismatic supporting ally, rival or confidant with stylish detail and clear emotional identity. Haunting human character blending partner-creature gear, capture tools, talismans, companion-bond energy with occult, forbidden-text, cult or abyssal dread visuals. Subtle background hint only: dune horizons, palace arches, mosaic tiles, brass lamps, caravan tents. Color accent idea: charcoal and magenta. Keep pose dynamic, anatomy clean, no extra limbs, and make the hidden genre read only as a subtle environment cue."
198,B02,2,S20,20,R2C3,8,g30_secondary_shojo_003,g30_secondary_shojo_003.png,Imani Chen,The Underworld Abyss Gear Confidant,secondary,Sidekick,shojo,Shojo,crime,Crime,cosmic_horror,Cosmic Horror,mecha,Mecha,A poised sidekick concept that overtly sells Crime x Cosmic Horror.,"hangar lights, pistons, warning stripes, giant silhouettes",cosmic_horror+crime | cosmic_horror+mecha | crime+mecha,"A charismatic supporting ally, rival or confidant with stylish detail and clear emotional identity. Stylish non-human character blending detective, gangster, police or heist aesthetics with urban grit with occult, forbidden-text, cult or abyssal dread visuals. Subtle background hint only: hangar lights, pistons, warning stripes, giant silhouettes. Color accent idea: white and cobalt. Keep pose dynamic, anatomy clean, no extra limbs, and make the hidden genre read only as a subtle environment cue."
199,B02,2,S20,20,R2C4,9,g30_secondary_shojo_004,g30_secondary_shojo_004.png,Jae Chen,The Titan Dune Gear Confidant,secondary,Sidekick,shojo,Shojo,kaiju,Kaiju,arabia,Arabia,mecha,Mecha,A dramatic sidekick concept that overtly sells Kaiju x Arabia.,"hangar lights, pistons, warning stripes, giant silhouettes",arabia+kaiju | arabia+mecha | kaiju+mecha,"A charismatic supporting ally, rival or confidant with stylish detail and clear emotional identity. Expressive demi-human character blending defence-force, monster-hunter or scaled-beast spectacle language with desert-sorcery, caravan, palace or djinn-adventure styling. Subtle background hint only: hangar lights, pistons, warning stripes, giant silhouettes. Color accent idea: sage and bronze. Keep pose dynamic, anatomy clean, no extra limbs, and make the hidden genre read only as a subtle environment cue."
200,B02,2,S20,20,R2C5,10,g30_secondary_shojo_005,g30_secondary_shojo_005.png,Jin Chen,The Underworld Dune Portal Confidant,secondary,Sidekick,shojo,Shojo,crime,Crime,arabia,Arabia,isekai,Isekai,A luminous sidekick concept that overtly sells Crime x Arabia.,"summoning circle, portal shards, floating UI sigils",arabia+crime | arabia+isekai | crime+isekai,"A charismatic supporting ally, rival or confidant with stylish detail and clear emotional identity. Poised human character blending detective, gangster, police or heist aesthetics with urban grit with desert-sorcery, caravan, palace or djinn-adventure styling. Subtle background hint only: summoning circle, portal shards, floating UI sigils. Color accent idea: crimson and black. Keep pose dynamic, anatomy clean, no extra limbs, and make the hidden genre read only as a subtle environment cue."
201,B03,3,S21,21,R1C1,1,g30_secondary_shojo_006,g30_secondary_shojo_006.png,Kael Chen,The Titan Abyss Portal Confidant,secondary,Sidekick,shojo,Shojo,kaiju,Kaiju,cosmic_horror,Cosmic Horror,isekai,Isekai,A elegant sidekick concept that overtly sells Kaiju x Cosmic Horror.,"summoning circle, portal shards, floating UI sigils",cosmic_horror+isekai | cosmic_horror+kaiju | isekai+kaiju,"A charismatic supporting ally, rival or confidant with stylish detail and clear emotional identity. Dramatic human character blending defence-force, monster-hunter or scaled-beast spectacle language with occult, forbidden-text, cult or abyssal dread visuals. Subtle background hint only: summoning circle, portal shards, floating UI sigils. Color accent idea: emerald and ivory. Keep pose dynamic, anatomy clean, no extra limbs, and make the hidden genre read only as a subtle environment cue."
202,B03,3,S21,21,R1C2,2,g30_secondary_shojo_007,g30_secondary_shojo_007.png,Kira Chen,The Beast Underworld Hearth Confidant,secondary,Sidekick,shojo,Shojo,monster_taming,Monster Taming,crime,Crime,slice,Slice of Life,A romantic sidekick concept that overtly sells Monster Taming x Crime.,"warm domestic details, school corridor, café corner, laundry line",crime+monster_taming | crime+slice | monster_taming+slice,"A charismatic supporting ally, rival or confidant with stylish detail and clear emotional identity. Luminous non-human character blending partner-creature gear, capture tools, talismans, companion-bond energy with detective, gangster, police or heist aesthetics with urban grit. Subtle background hint only: warm domestic details, school corridor, café corner, laundry line. Color accent idea: teal and copper. Keep pose dynamic, anatomy clean, no extra limbs, and make the hidden genre read only as a subtle environment cue."
203,B03,3,S21,21,R1C3,3,g30_secondary_shojo_008,g30_secondary_shojo_008.png,Leila Chen,The Titan Abyss Hearth Confidant,secondary,Sidekick,shojo,Shojo,kaiju,Kaiju,cosmic_horror,Cosmic Horror,slice,Slice of Life,A haunting sidekick concept that overtly sells Kaiju x Cosmic Horror.,"warm domestic details, school corridor, café corner, laundry line",cosmic_horror+kaiju | cosmic_horror+slice | kaiju+slice,"A charismatic supporting ally, rival or confidant with stylish detail and clear emotional identity. Elegant demi-human character blending defence-force, monster-hunter or scaled-beast spectacle language with occult, forbidden-text, cult or abyssal dread visuals. Subtle background hint only: warm domestic details, school corridor, café corner, laundry line. Color accent idea: charcoal and magenta. Keep pose dynamic, anatomy clean, no extra limbs, and make the hidden genre read only as a subtle environment cue."
204,B03,3,S21,21,R1C4,4,g30_secondary_shojo_009,g30_secondary_shojo_009.png,Lina Chen,The Beast Underworld Terror Confidant,secondary,Sidekick,shojo,Shojo,monster_taming,Monster Taming,crime,Crime,horror,Horror,A stylish sidekick concept that overtly sells Monster Taming x Crime.,"medical curtains, abandoned halls, claw shadows, eerie green light",crime+horror | crime+monster_taming | horror+monster_taming,"A charismatic supporting ally, rival or confidant with stylish detail and clear emotional identity. Romantic human character blending partner-creature gear, capture tools, talismans, companion-bond energy with detective, gangster, police or heist aesthetics with urban grit. Subtle background hint only: medical curtains, abandoned halls, claw shadows, eerie green light. Color accent idea: white and cobalt. Keep pose dynamic, anatomy clean, no extra limbs, and make the hidden genre read only as a subtle environment cue."
205,B03,3,S21,21,R1C5,5,g30_secondary_shojo_010,g30_secondary_shojo_010.png,Lucan Chen,The Titan Abyss Terror Confidant,secondary,Sidekick,shojo,Shojo,kaiju,Kaiju,cosmic_horror,Cosmic Horror,horror,Horror,A expressive sidekick concept that overtly sells Kaiju x Cosmic Horror.,"medical curtains, abandoned halls, claw shadows, eerie green light",cosmic_horror+horror | cosmic_horror+kaiju | horror+kaiju,"A charismatic supporting ally, rival or confidant with stylish detail and clear emotional identity. Haunting human character blending defence-force, monster-hunter or scaled-beast spectacle language with occult, forbidden-text, cult or abyssal dread visuals. Subtle background hint only: medical curtains, abandoned halls, claw shadows, eerie green light. Color accent idea: sage and bronze. Keep pose dynamic, anatomy clean, no extra limbs, and make the hidden genre read only as a subtle environment cue."
206,B03,3,S21,21,R2C1,6,g30_secondary_shojo_011,g30_secondary_shojo_011.png,Mara Chen,The Beast Underworld Heart Confidant,secondary,Sidekick,shojo,Shojo,monster_taming,Monster Taming,crime,Crime,romance,Romance,A poised sidekick concept that overtly sells Monster Taming x Crime.,"petals, soft lights, letters, balcony rails, heart motifs",crime+monster_taming | crime+romance | monster_taming+romance,"A charismatic supporting ally, rival or confidant with stylish detail and clear emotional identity. Stylish non-human character blending partner-creature gear, capture tools, talismans, companion-bond energy with detective, gangster, police or heist aesthetics with urban grit. Subtle background hint only: petals, soft lights, letters, balcony rails, heart motifs. Color accent idea: crimson and black. Keep pose dynamic, anatomy clean, no extra limbs, and make the hidden genre read only as a subtle environment cue."
207,B03,3,S21,21,R2C2,7,g30_secondary_shojo_012,g30_secondary_shojo_012.png,Mika Chen,The Titan Abyss Heart Confidant,secondary,Sidekick,shojo,Shojo,kaiju,Kaiju,cosmic_horror,Cosmic Horror,romance,Romance,A dramatic sidekick concept that overtly sells Kaiju x Cosmic Horror.,"petals, soft lights, letters, balcony rails, heart motifs",cosmic_horror+kaiju | cosmic_horror+romance | kaiju+romance,"A charismatic supporting ally, rival or confidant with stylish detail and clear emotional identity. Expressive demi-human character blending defence-force, monster-hunter or scaled-beast spectacle language with occult, forbidden-text, cult or abyssal dread visuals. Subtle background hint only: petals, soft lights, letters, balcony rails, heart motifs. Color accent idea: emerald and ivory. Keep pose dynamic, anatomy clean, no extra limbs, and make the hidden genre read only as a subtle environment cue."
208,B03,3,S21,21,R2C3,8,g30_secondary_shojo_013,g30_secondary_shojo_013.png,Mina Chen,The Beast Underworld Arena Confidant,secondary,Sidekick,shojo,Shojo,monster_taming,Monster Taming,crime,Crime,sports,Sports,A luminous sidekick concept that overtly sells Monster Taming x Crime.,"stadium floodlights, lane markings, scoreboards, locker-room cues",crime+monster_taming | crime+sports | monster_taming+sports,"A charismatic supporting ally, rival or confidant with stylish detail and clear emotional identity. Poised human character blending partner-creature gear, capture tools, talismans, companion-bond energy with detective, gangster, police or heist aesthetics with urban grit. Subtle background hint only: stadium floodlights, lane markings, scoreboards, locker-room cues. Color accent idea: teal and copper. Keep pose dynamic, anatomy clean, no extra limbs, and make the hidden genre read only as a subtle environment cue."
209,B03,3,S21,21,R2C4,9,g30_secondary_shojo_014,g30_secondary_shojo_014.png,Nadia Chen,The Titan Abyss Arena Confidant,secondary,Sidekick,shojo,Shojo,kaiju,Kaiju,cosmic_horror,Cosmic Horror,sports,Sports,A elegant sidekick concept that overtly sells Kaiju x Cosmic Horror.,"stadium floodlights, lane markings, scoreboards, locker-room cues",cosmic_horror+kaiju | cosmic_horror+sports | kaiju+sports,"A charismatic supporting ally, rival or confidant with stylish detail and clear emotional identity. Dramatic human character blending defence-force, monster-hunter or scaled-beast spectacle language with occult, forbidden-text, cult or abyssal dread visuals. Subtle background hint only: stadium floodlights, lane markings, scoreboards, locker-room cues. Color accent idea: charcoal and magenta. Keep pose dynamic, anatomy clean, no extra limbs, and make the hidden genre read only as a subtle environment cue."
210,B03,3,S21,21,R2C5,10,g30_secondary_shojo_015,g30_secondary_shojo_015.png,Nao Chen,The Beast Underworld Neon Confidant,secondary,Sidekick,shojo,Shojo,monster_taming,Monster Taming,crime,Crime,cyber,Cyber,A romantic sidekick concept that overtly sells Monster Taming x Crime.,"neon grids, holograms, circuit traces, city rain reflections",crime+cyber | crime+monster_taming | cyber+monster_taming,"A charismatic supporting ally, rival or confidant with stylish detail and clear emotional identity. Luminous non-human character blending partner-creature gear, capture tools, talismans, companion-bond energy with detective, gangster, police or heist aesthetics with urban grit. Subtle background hint only: neon grids, holograms, circuit traces, city rain reflections. Color accent idea: white and cobalt. Keep pose dynamic, anatomy clean, no extra limbs, and make the hidden genre read only as a subtle environment cue."
211,B03,3,S22,22,R1C1,1,g30_secondary_shojo_016,g30_secondary_shojo_016.png,Niko Chen,The Titan Abyss Neon Confidant,secondary,Sidekick,shojo,Shojo,kaiju,Kaiju,cosmic_horror,Cosmic Horror,cyber,Cyber,A haunting sidekick concept that overtly sells Kaiju x Cosmic Horror.,"neon grids, holograms, circuit traces, city rain reflections",cosmic_horror+cyber | cosmic_horror+kaiju | cyber+kaiju,"A charismatic supporting ally, rival or confidant with stylish detail and clear emotional identity. Elegant demi-human character blending defence-force, monster-hunter or scaled-beast spectacle language with occult, forbidden-text, cult or abyssal dread visuals. Subtle background hint only: neon grids, holograms, circuit traces, city rain reflections. Color accent idea: sage and bronze. Keep pose dynamic, anatomy clean, no extra limbs, and make the hidden genre read only as a subtle environment cue."
212,B03,3,S22,22,R1C2,2,g30_secondary_shojo_017,g30_secondary_shojo_017.png,Noor Chen,The Beast Underworld Realm Confidant,secondary,Sidekick,shojo,Shojo,monster_taming,Monster Taming,crime,Crime,fantasy,Fantasy,A stylish sidekick concept that overtly sells Monster Taming x Crime.,"runes, relics, banners, ancient stonework, enchanted forests",crime+fantasy | crime+monster_taming | fantasy+monster_taming,"A charismatic supporting ally, rival or confidant with stylish detail and clear emotional identity. Romantic human character blending partner-creature gear, capture tools, talismans, companion-bond energy with detective, gangster, police or heist aesthetics with urban grit. Subtle background hint only: runes, relics, banners, ancient stonework, enchanted forests. Color accent idea: crimson and black. Keep pose dynamic, anatomy clean, no extra limbs, and make the hidden genre read only as a subtle environment cue."
213,B03,3,S22,22,R1C3,3,g30_secondary_shojo_018,g30_secondary_shojo_018.png,Rhea Chen,The Titan Abyss Realm Confidant,secondary,Sidekick,shojo,Shojo,kaiju,Kaiju,cosmic_horror,Cosmic Horror,fantasy,Fantasy,A expressive sidekick concept that overtly sells Kaiju x Cosmic Horror.,"runes, relics, banners, ancient stonework, enchanted forests",cosmic_horror+fantasy | cosmic_horror+kaiju | fantasy+kaiju,"A charismatic supporting ally, rival or confidant with stylish detail and clear emotional identity. Haunting human character blending defence-force, monster-hunter or scaled-beast spectacle language with occult, forbidden-text, cult or abyssal dread visuals. Subtle background hint only: runes, relics, banners, ancient stonework, enchanted forests. Color accent idea: emerald and ivory. Keep pose dynamic, anatomy clean, no extra limbs, and make the hidden genre read only as a subtle environment cue."
214,B03,3,S22,22,R1C4,4,g30_secondary_shojo_019,g30_secondary_shojo_019.png,Ren Chen,The Beast Underworld Stage Confidant,secondary,Sidekick,shojo,Shojo,monster_taming,Monster Taming,crime,Crime,idol,Idol,A poised sidekick concept that overtly sells Monster Taming x Crime.,"stage lights, star confetti, speaker stacks, glowsticks",crime+idol | crime+monster_taming | idol+monster_taming,"A charismatic supporting ally, rival or confidant with stylish detail and clear emotional identity. Stylish non-human character blending partner-creature gear, capture tools, talismans, companion-bond energy with detective, gangster, police or heist aesthetics with urban grit. Subtle background hint only: stage lights, star confetti, speaker stacks, glowsticks. Color accent idea: teal and copper. Keep pose dynamic, anatomy clean, no extra limbs, and make the hidden genre read only as a subtle environment cue."
215,B03,3,S22,22,R1C5,5,g30_secondary_shojo_020,g30_secondary_shojo_020.png,Rin Chen,The Titan Abyss Stage Confidant,secondary,Sidekick,shojo,Shojo,kaiju,Kaiju,cosmic_horror,Cosmic Horror,idol,Idol,A dramatic sidekick concept that overtly sells Kaiju x Cosmic Horror.,"stage lights, star confetti, speaker stacks, glowsticks",cosmic_horror+idol | cosmic_horror+kaiju | idol+kaiju,"A charismatic supporting ally, rival or confidant with stylish detail and clear emotional identity. Expressive demi-human character blending defence-force, monster-hunter or scaled-beast spectacle language with occult, forbidden-text, cult or abyssal dread visuals. Subtle background hint only: stage lights, star confetti, speaker stacks, glowsticks. Color accent idea: charcoal and magenta. Keep pose dynamic, anatomy clean, no extra limbs, and make the hidden genre read only as a subtle environment cue."
216,B03,3,S22,22,R2C1,6,g30_secondary_shojo_021,g30_secondary_shojo_021.png,Samira Chen,The Beast Underworld Cipher Confidant,secondary,Sidekick,shojo,Shojo,monster_taming,Monster Taming,crime,Crime,mystery,Mystery,A luminous sidekick concept that overtly sells Monster Taming x Crime.,"case boards, magnifying glass reflections, foggy windows, clues",crime+monster_taming | crime+mystery | monster_taming+mystery,"A charismatic supporting ally, rival or confidant with stylish detail and clear emotional identity. Poised human character blending partner-creature gear, capture tools, talismans, companion-bond energy with detective, gangster, police or heist aesthetics with urban grit. Subtle background hint only: case boards, magnifying glass reflections, foggy windows, clues. Color accent idea: white and cobalt. Keep pose dynamic, anatomy clean, no extra limbs, and make the hidden genre read only as a subtle environment cue."
217,B03,3,S22,22,R2C2,7,g30_secondary_shojo_022,g30_secondary_shojo_022.png,Sana Chen,The Titan Abyss Cipher Confidant,secondary,Sidekick,shojo,Shojo,kaiju,Kaiju,cosmic_horror,Cosmic Horror,mystery,Mystery,A elegant sidekick concept that overtly sells Kaiju x Cosmic Horror.,"case boards, magnifying glass reflections, foggy windows, clues",cosmic_horror+kaiju | cosmic_horror+mystery | kaiju+mystery,"A charismatic supporting ally, rival or confidant with stylish detail and clear emotional identity. Dramatic human character blending defence-force, monster-hunter or scaled-beast spectacle language with occult, forbidden-text, cult or abyssal dread visuals. Subtle background hint only: case boards, magnifying glass reflections, foggy windows, clues. Color accent idea: sage and bronze. Keep pose dynamic, anatomy clean, no extra limbs, and make the hidden genre read only as a subtle environment cue."
218,B03,3,S22,22,R2C3,8,g30_secondary_shojo_023,g30_secondary_shojo_023.png,Sora Chen,The Beast Underworld Mirth Confidant,secondary,Sidekick,shojo,Shojo,monster_taming,Monster Taming,crime,Crime,comedy,Comedy,A romantic sidekick concept that overtly sells Monster Taming x Crime.,"playful props, bright signage, exaggerated set pieces",comedy+crime | comedy+monster_taming | crime+monster_taming,"A charismatic supporting ally, rival or confidant with stylish detail and clear emotional identity. Luminous non-human character blending partner-creature gear, capture tools, talismans, companion-bond energy with detective, gangster, police or heist aesthetics with urban grit. Subtle background hint only: playful props, bright signage, exaggerated set pieces. Color accent idea: crimson and black. Keep pose dynamic, anatomy clean, no extra limbs, and make the hidden genre read only as a subtle environment cue."
219,B03,3,S22,22,R2C4,9,g30_secondary_shojo_024,g30_secondary_shojo_024.png,Tala Chen,The Titan Abyss Mirth Confidant,secondary,Sidekick,shojo,Shojo,kaiju,Kaiju,cosmic_horror,Cosmic Horror,comedy,Comedy,A haunting sidekick concept that overtly sells Kaiju x Cosmic Horror.,"playful props, bright signage, exaggerated set pieces",comedy+cosmic_horror | comedy+kaiju | cosmic_horror+kaiju,"A charismatic supporting ally, rival or confidant with stylish detail and clear emotional identity. Elegant demi-human character blending defence-force, monster-hunter or scaled-beast spectacle language with occult, forbidden-text, cult or abyssal dread visuals. Subtle background hint only: playful props, bright signage, exaggerated set pieces. Color accent idea: emerald and ivory. Keep pose dynamic, anatomy clean, no extra limbs, and make the hidden genre read only as a subtle environment cue."
220,B03,3,S22,22,R2C5,10,g30_secondary_shojo_025,g30_secondary_shojo_025.png,Yara Chen,The Beast Underworld Kitchen Confidant,secondary,Sidekick,shojo,Shojo,monster_taming,Monster Taming,crime,Crime,cooking,Cooking,A stylish sidekick concept that overtly sells Monster Taming x Crime.,"steam, hanging pans, chopping blocks, spice stalls",cooking+crime | cooking+monster_taming | crime+monster_taming,"A charismatic supporting ally, rival or confidant with stylish detail and clear emotional identity. Romantic human character blending partner-creature gear, capture tools, talismans, companion-bond energy with detective, gangster, police or heist aesthetics with urban grit. Subtle background hint only: steam, hanging pans, chopping blocks, spice stalls. Color accent idea: teal and copper. Keep pose dynamic, anatomy clean, no extra limbs, and make the hidden genre read only as a subtle environment cue."
221,B03,3,S23,23,R1C1,1,g30_secondary_shojo_026,g30_secondary_shojo_026.png,Aiko Cho,The Titan Abyss Kitchen Confidant,secondary,Sidekick,shojo,Shojo,kaiju,Kaiju,cosmic_horror,Cosmic Horror,cooking,Cooking,A expressive sidekick concept that overtly sells Kaiju x Cosmic Horror.,"steam, hanging pans, chopping blocks, spice stalls",cooking+cosmic_horror | cooking+kaiju | cosmic_horror+kaiju,"A charismatic supporting ally, rival or confidant with stylish detail and clear emotional identity. Haunting human character blending defence-force, monster-hunter or scaled-beast spectacle language with occult, forbidden-text, cult or abyssal dread visuals. Subtle background hint only: steam, hanging pans, chopping blocks, spice stalls. Color accent idea: charcoal and magenta. Keep pose dynamic, anatomy clean, no extra limbs, and make the hidden genre read only as a subtle environment cue."
222,B03,3,S23,23,R1C2,2,g30_secondary_shojo_027,g30_secondary_shojo_027.png,Amara Cho,The Beast Underworld Command Confidant,secondary,Sidekick,shojo,Shojo,monster_taming,Monster Taming,crime,Crime,military,Military,A poised sidekick concept that overtly sells Monster Taming x Crime.,"sandbags, tactical screens, emblems, armored vehicles",crime+military | crime+monster_taming | military+monster_taming,"A charismatic supporting ally, rival or confidant with stylish detail and clear emotional identity. Stylish non-human character blending partner-creature gear, capture tools, talismans, companion-bond energy with detective, gangster, police or heist aesthetics with urban grit. Subtle background hint only: sandbags, tactical screens, emblems, armored vehicles. Color accent idea: white and cobalt. Keep pose dynamic, anatomy clean, no extra limbs, and make the hidden genre read only as a subtle environment cue."
223,B03,3,S23,23,R1C3,3,g30_secondary_shojo_028,g30_secondary_shojo_028.png,Ansel Cho,The Titan Abyss Command Confidant,secondary,Sidekick,shojo,Shojo,kaiju,Kaiju,cosmic_horror,Cosmic Horror,military,Military,A dramatic sidekick concept that overtly sells Kaiju x Cosmic Horror.,"sandbags, tactical screens, emblems, armored vehicles",cosmic_horror+kaiju | cosmic_horror+military | kaiju+military,"A charismatic supporting ally, rival or confidant with stylish detail and clear emotional identity. Expressive demi-human character blending defence-force, monster-hunter or scaled-beast spectacle language with occult, forbidden-text, cult or abyssal dread visuals. Subtle background hint only: sandbags, tactical screens, emblems, armored vehicles. Color accent idea: sage and bronze. Keep pose dynamic, anatomy clean, no extra limbs, and make the hidden genre read only as a subtle environment cue."
224,B03,3,S23,23,R1C4,4,g30_secondary_shojo_029,g30_secondary_shojo_029.png,Arden Cho,The Beast Underworld Spirit Confidant,secondary,Sidekick,shojo,Shojo,monster_taming,Monster Taming,crime,Crime,supernatural,Supernatural,A luminous sidekick concept that overtly sells Monster Taming x Crime.,"spirit wisps, shrine gates, sigils, moonlit talismans",crime+monster_taming | crime+supernatural | monster_taming+supernatural,"A charismatic supporting ally, rival or confidant with stylish detail and clear emotional identity. Poised human character blending partner-creature gear, capture tools, talismans, companion-bond energy with detective, gangster, police or heist aesthetics with urban grit. Subtle background hint only: spirit wisps, shrine gates, sigils, moonlit talismans. Color accent idea: crimson and black. Keep pose dynamic, anatomy clean, no extra limbs, and make the hidden genre read only as a subtle environment cue."
225,B03,3,S23,23,R1C5,5,g30_secondary_shojo_030,g30_secondary_shojo_030.png,Ari Cho,The Titan Abyss Spirit Confidant,secondary,Sidekick,shojo,Shojo,kaiju,Kaiju,cosmic_horror,Cosmic Horror,supernatural,Supernatural,A elegant sidekick concept that overtly sells Kaiju x Cosmic Horror.,"spirit wisps, shrine gates, sigils, moonlit talismans",cosmic_horror+kaiju | cosmic_horror+supernatural | kaiju+supernatural,"A charismatic supporting ally, rival or confidant with stylish detail and clear emotional identity. Dramatic human character blending defence-force, monster-hunter or scaled-beast spectacle language with occult, forbidden-text, cult or abyssal dread visuals. Subtle background hint only: spirit wisps, shrine gates, sigils, moonlit talismans. Color accent idea: emerald and ivory. Keep pose dynamic, anatomy clean, no extra limbs, and make the hidden genre read only as a subtle environment cue."
226,B03,3,S23,23,R2C1,6,g30_secondary_shojo_031,g30_secondary_shojo_031.png,Asa Cho,The Beast Underworld Void Confidant,secondary,Sidekick,shojo,Shojo,monster_taming,Monster Taming,crime,Crime,space,Space,A romantic sidekick concept that overtly sells Monster Taming x Crime.,"starfields, cockpit glass, planets, docking ports",crime+monster_taming | crime+space | monster_taming+space,"A charismatic supporting ally, rival or confidant with stylish detail and clear emotional identity. Luminous non-human character blending partner-creature gear, capture tools, talismans, companion-bond energy with detective, gangster, police or heist aesthetics with urban grit. Subtle background hint only: starfields, cockpit glass, planets, docking ports. Color accent idea: teal and copper. Keep pose dynamic, anatomy clean, no extra limbs, and make the hidden genre read only as a subtle environment cue."
227,B03,3,S23,23,R2C2,7,g30_secondary_shojo_032,g30_secondary_shojo_032.png,Asha Cho,The Titan Abyss Void Confidant,secondary,Sidekick,shojo,Shojo,kaiju,Kaiju,cosmic_horror,Cosmic Horror,space,Space,A haunting sidekick concept that overtly sells Kaiju x Cosmic Horror.,"starfields, cockpit glass, planets, docking ports",cosmic_horror+kaiju | cosmic_horror+space | kaiju+space,"A charismatic supporting ally, rival or confidant with stylish detail and clear emotional identity. Elegant demi-human character blending defence-force, monster-hunter or scaled-beast spectacle language with occult, forbidden-text, cult or abyssal dread visuals. Subtle background hint only: starfields, cockpit glass, planets, docking ports. Color accent idea: charcoal and magenta. Keep pose dynamic, anatomy clean, no extra limbs, and make the hidden genre read only as a subtle environment cue."
228,B03,3,S23,23,R2C3,8,g30_secondary_shojo_033,g30_secondary_shojo_033.png,Cass Cho,The Beast Underworld Charm Confidant,secondary,Sidekick,shojo,Shojo,monster_taming,Monster Taming,crime,Crime,magical,Magical,A stylish sidekick concept that overtly sells Monster Taming x Crime.,"sparkles, transformation glyphs, ribbon trails, pastel magic",crime+magical | crime+monster_taming | magical+monster_taming,"A charismatic supporting ally, rival or confidant with stylish detail and clear emotional identity. Romantic human character blending partner-creature gear, capture tools, talismans, companion-bond energy with detective, gangster, police or heist aesthetics with urban grit. Subtle background hint only: sparkles, transformation glyphs, ribbon trails, pastel magic. Color accent idea: white and cobalt. Keep pose dynamic, anatomy clean, no extra limbs, and make the hidden genre read only as a subtle environment cue."
229,B03,3,S23,23,R2C4,9,g30_secondary_shojo_034,g30_secondary_shojo_034.png,Cassia Cho,The Titan Abyss Charm Confidant,secondary,Sidekick,shojo,Shojo,kaiju,Kaiju,cosmic_horror,Cosmic Horror,magical,Magical,A expressive sidekick concept that overtly sells Kaiju x Cosmic Horror.,"sparkles, transformation glyphs, ribbon trails, pastel magic",cosmic_horror+kaiju | cosmic_horror+magical | kaiju+magical,"A charismatic supporting ally, rival or confidant with stylish detail and clear emotional identity. Haunting human character blending defence-force, monster-hunter or scaled-beast spectacle language with occult, forbidden-text, cult or abyssal dread visuals. Subtle background hint only: sparkles, transformation glyphs, ribbon trails, pastel magic. Color accent idea: sage and bronze. Keep pose dynamic, anatomy clean, no extra limbs, and make the hidden genre read only as a subtle environment cue."
230,B03,3,S23,23,R2C5,10,g30_secondary_shojo_035,g30_secondary_shojo_035.png,Dara Cho,The Beast Underworld Wild Confidant,secondary,Sidekick,shojo,Shojo,monster_taming,Monster Taming,crime,Crime,survival,Survival,A poised sidekick concept that overtly sells Monster Taming x Crime.,"camp gear, rough maps, ropes, storm clouds, scavenged supplies",crime+monster_taming | crime+survival | monster_taming+survival,"A charismatic supporting ally, rival or confidant with stylish detail and clear emotional identity. Stylish non-human character blending partner-creature gear, capture tools, talismans, companion-bond energy with detective, gangster, police or heist aesthetics with urban grit. Subtle background hint only: camp gear, rough maps, ropes, storm clouds, scavenged supplies. Color accent idea: crimson and black. Keep pose dynamic, anatomy clean, no extra limbs, and make the hidden genre read only as a subtle environment cue."
231,B03,3,S24,24,R1C1,1,g30_secondary_shojo_036,g30_secondary_shojo_036.png,Eira Cho,The Titan Abyss Wild Confidant,secondary,Sidekick,shojo,Shojo,kaiju,Kaiju,cosmic_horror,Cosmic Horror,survival,Survival,A dramatic sidekick concept that overtly sells Kaiju x Cosmic Horror.,"camp gear, rough maps, ropes, storm clouds, scavenged supplies",cosmic_horror+kaiju | cosmic_horror+survival | kaiju+survival,"A charismatic supporting ally, rival or confidant with stylish detail and clear emotional identity. Expressive demi-human character blending defence-force, monster-hunter or scaled-beast spectacle language with occult, forbidden-text, cult or abyssal dread visuals. Subtle background hint only: camp gear, rough maps, ropes, storm clouds, scavenged supplies. Color accent idea: emerald and ivory. Keep pose dynamic, anatomy clean, no extra limbs, and make the hidden genre read only as a subtle environment cue."
232,B03,3,S24,24,R1C2,2,g30_secondary_shojo_037,g30_secondary_shojo_037.png,Elian Cho,The Beast Underworld Corsair Confidant,secondary,Sidekick,shojo,Shojo,monster_taming,Monster Taming,crime,Crime,pirate,Pirate,A luminous sidekick concept that overtly sells Monster Taming x Crime.,"rigging, maps, cannon smoke, treasure, ocean spray",crime+monster_taming | crime+pirate | monster_taming+pirate,"A charismatic supporting ally, rival or confidant with stylish detail and clear emotional identity. Poised human character blending partner-creature gear, capture tools, talismans, companion-bond energy with detective, gangster, police or heist aesthetics with urban grit. Subtle background hint only: rigging, maps, cannon smoke, treasure, ocean spray. Color accent idea: teal and copper. Keep pose dynamic, anatomy clean, no extra limbs, and make the hidden genre read only as a subtle environment cue."
233,B03,3,S24,24,R1C3,3,g30_secondary_shojo_038,g30_secondary_shojo_038.png,Emi Cho,The Titan Abyss Corsair Confidant,secondary,Sidekick,shojo,Shojo,kaiju,Kaiju,cosmic_horror,Cosmic Horror,pirate,Pirate,A elegant sidekick concept that overtly sells Kaiju x Cosmic Horror.,"rigging, maps, cannon smoke, treasure, ocean spray",cosmic_horror+kaiju | cosmic_horror+pirate | kaiju+pirate,"A charismatic supporting ally, rival or confidant with stylish detail and clear emotional identity. Dramatic human character blending defence-force, monster-hunter or scaled-beast spectacle language with occult, forbidden-text, cult or abyssal dread visuals. Subtle background hint only: rigging, maps, cannon smoke, treasure, ocean spray. Color accent idea: charcoal and magenta. Keep pose dynamic, anatomy clean, no extra limbs, and make the hidden genre read only as a subtle environment cue."
234,B03,3,S24,24,R1C4,4,g30_secondary_shojo_039,g30_secondary_shojo_039.png,Farah Cho,The Beast Underworld Fist Confidant,secondary,Sidekick,shojo,Shojo,monster_taming,Monster Taming,crime,Crime,martial,Martial Arts,A romantic sidekick concept that overtly sells Monster Taming x Crime.,"dojo banners, shattered tiles, temple gates, training gear",crime+martial | crime+monster_taming | martial+monster_taming,"A charismatic supporting ally, rival or confidant with stylish detail and clear emotional identity. Luminous non-human character blending partner-creature gear, capture tools, talismans, companion-bond energy with detective, gangster, police or heist aesthetics with urban grit. Subtle background hint only: dojo banners, shattered tiles, temple gates, training gear. Color accent idea: white and cobalt. Keep pose dynamic, anatomy clean, no extra limbs, and make the hidden genre read only as a subtle environment cue."
235,B03,3,S24,24,R1C5,5,g30_secondary_shojo_040,g30_secondary_shojo_040.png,Hana Cho,The Titan Abyss Fist Confidant,secondary,Sidekick,shojo,Shojo,kaiju,Kaiju,cosmic_horror,Cosmic Horror,martial,Martial Arts,A haunting sidekick concept that overtly sells Kaiju x Cosmic Horror.,"dojo banners, shattered tiles, temple gates, training gear",cosmic_horror+kaiju | cosmic_horror+martial | kaiju+martial,"A charismatic supporting ally, rival or confidant with stylish detail and clear emotional identity. Elegant demi-human character blending defence-force, monster-hunter or scaled-beast spectacle language with occult, forbidden-text, cult or abyssal dread visuals. Subtle background hint only: dojo banners, shattered tiles, temple gates, training gear. Color accent idea: sage and bronze. Keep pose dynamic, anatomy clean, no extra limbs, and make the hidden genre read only as a subtle environment cue."
236,B03,3,S24,24,R2C1,6,g30_secondary_shojo_041,g30_secondary_shojo_041.png,Haru Cho,The Beast Underworld Myth Confidant,secondary,Sidekick,shojo,Shojo,monster_taming,Monster Taming,crime,Crime,mythology,Mythology,A stylish sidekick concept that overtly sells Monster Taming x Crime.,"divine statues, laurel, sacred fire, heroic reliefs",crime+monster_taming | crime+mythology | monster_taming+mythology,"A charismatic supporting ally, rival or confidant with stylish detail and clear emotional identity. Romantic human character blending partner-creature gear, capture tools, talismans, companion-bond energy with detective, gangster, police or heist aesthetics with urban grit. Subtle background hint only: divine statues, laurel, sacred fire, heroic reliefs. Color accent idea: crimson and black. Keep pose dynamic, anatomy clean, no extra limbs, and make the hidden genre read only as a subtle environment cue."
237,B03,3,S24,24,R2C2,7,g30_secondary_shojo_042,g30_secondary_shojo_042.png,Idris Cho,The Titan Abyss Myth Confidant,secondary,Sidekick,shojo,Shojo,kaiju,Kaiju,cosmic_horror,Cosmic Horror,mythology,Mythology,A expressive sidekick concept that overtly sells Kaiju x Cosmic Horror.,"divine statues, laurel, sacred fire, heroic reliefs",cosmic_horror+kaiju | cosmic_horror+mythology | kaiju+mythology,"A charismatic supporting ally, rival or confidant with stylish detail and clear emotional identity. Haunting human character blending defence-force, monster-hunter or scaled-beast spectacle language with occult, forbidden-text, cult or abyssal dread visuals. Subtle background hint only: divine statues, laurel, sacred fire, heroic reliefs. Color accent idea: emerald and ivory. Keep pose dynamic, anatomy clean, no extra limbs, and make the hidden genre read only as a subtle environment cue."
238,B03,3,S24,24,R2C3,8,g30_secondary_shojo_043,g30_secondary_shojo_043.png,Imani Cho,The Beast Underworld North Confidant,secondary,Sidekick,shojo,Shojo,monster_taming,Monster Taming,crime,Crime,nordic,Nordic,A poised sidekick concept that overtly sells Monster Taming x Crime.,"snow, carved wood, longship details, aurora, fur banners",crime+monster_taming | crime+nordic | monster_taming+nordic,"A charismatic supporting ally, rival or confidant with stylish detail and clear emotional identity. Stylish non-human character blending partner-creature gear, capture tools, talismans, companion-bond energy with detective, gangster, police or heist aesthetics with urban grit. Subtle background hint only: snow, carved wood, longship details, aurora, fur banners. Color accent idea: teal and copper. Keep pose dynamic, anatomy clean, no extra limbs, and make the hidden genre read only as a subtle environment cue."
239,B03,3,S24,24,R2C4,9,g30_secondary_shojo_044,g30_secondary_shojo_044.png,Jae Cho,The Titan Abyss North Confidant,secondary,Sidekick,shojo,Shojo,kaiju,Kaiju,cosmic_horror,Cosmic Horror,nordic,Nordic,A dramatic sidekick concept that overtly sells Kaiju x Cosmic Horror.,"snow, carved wood, longship details, aurora, fur banners",cosmic_horror+kaiju | cosmic_horror+nordic | kaiju+nordic,"A charismatic supporting ally, rival or confidant with stylish detail and clear emotional identity. Expressive demi-human character blending defence-force, monster-hunter or scaled-beast spectacle language with occult, forbidden-text, cult or abyssal dread visuals. Subtle background hint only: snow, carved wood, longship details, aurora, fur banners. Color accent idea: charcoal and magenta. Keep pose dynamic, anatomy clean, no extra limbs, and make the hidden genre read only as a subtle environment cue."
240,B03,3,S24,24,R2C5,10,g30_secondary_shojo_045,g30_secondary_shojo_045.png,Jin Cho,The Beast Underworld Blade Confidant,secondary,Sidekick,shojo,Shojo,monster_taming,Monster Taming,crime,Crime,samurai,Samurai,A luminous sidekick concept that overtly sells Monster Taming x Crime.,"paper screens, mon crests, lacquer, falling maple leaves",crime+monster_taming | crime+samurai | monster_taming+samurai,"A charismatic supporting ally, rival or confidant with stylish detail and clear emotional identity. Poised human character blending partner-creature gear, capture tools, talismans, companion-bond energy with detective, gangster, police or heist aesthetics with urban grit. Subtle background hint only: paper screens, mon crests, lacquer, falling maple leaves. Color accent idea: white and cobalt. Keep pose dynamic, anatomy clean, no extra limbs, and make the hidden genre read only as a subtle environment cue."
241,B03,3,S25,25,R1C1,1,g30_secondary_shojo_046,g30_secondary_shojo_046.png,Kael Cho,The Titan Abyss Blade Confidant,secondary,Sidekick,shojo,Shojo,kaiju,Kaiju,cosmic_horror,Cosmic Horror,samurai,Samurai,A elegant sidekick concept that overtly sells Kaiju x Cosmic Horror.,"paper screens, mon crests, lacquer, falling maple leaves",cosmic_horror+kaiju | cosmic_horror+samurai | kaiju+samurai,"A charismatic supporting ally, rival or confidant with stylish detail and clear emotional identity. Dramatic human character blending defence-force, monster-hunter or scaled-beast spectacle language with occult, forbidden-text, cult or abyssal dread visuals. Subtle background hint only: paper screens, mon crests, lacquer, falling maple leaves. Color accent idea: sage and bronze. Keep pose dynamic, anatomy clean, no extra limbs, and make the hidden genre read only as a subtle environment cue."
242,B03,3,S25,25,R1C2,2,g30_secondary_shojo_047,g30_secondary_shojo_047.png,Kira Cho,The Beast Underworld Shadow Confidant,secondary,Sidekick,shojo,Shojo,monster_taming,Monster Taming,crime,Crime,shinobi,Shinobi,A romantic sidekick concept that overtly sells Monster Taming x Crime.,"moonlit rooftops, smoke bombs, hidden blades, bamboo",crime+monster_taming | crime+shinobi | monster_taming+shinobi,"A charismatic supporting ally, rival or confidant with stylish detail and clear emotional identity. Luminous non-human character blending partner-creature gear, capture tools, talismans, companion-bond energy with detective, gangster, police or heist aesthetics with urban grit. Subtle background hint only: moonlit rooftops, smoke bombs, hidden blades, bamboo. Color accent idea: crimson and black. Keep pose dynamic, anatomy clean, no extra limbs, and make the hidden genre read only as a subtle environment cue."
243,B03,3,S25,25,R1C3,3,g30_secondary_shojo_048,g30_secondary_shojo_048.png,Leila Cho,The Titan Abyss Shadow Confidant,secondary,Sidekick,shojo,Shojo,kaiju,Kaiju,cosmic_horror,Cosmic Horror,shinobi,Shinobi,A haunting sidekick concept that overtly sells Kaiju x Cosmic Horror.,"moonlit rooftops, smoke bombs, hidden blades, bamboo",cosmic_horror+kaiju | cosmic_horror+shinobi | kaiju+shinobi,"A charismatic supporting ally, rival or confidant with stylish detail and clear emotional identity. Elegant demi-human character blending defence-force, monster-hunter or scaled-beast spectacle language with occult, forbidden-text, cult or abyssal dread visuals. Subtle background hint only: moonlit rooftops, smoke bombs, hidden blades, bamboo. Color accent idea: emerald and ivory. Keep pose dynamic, anatomy clean, no extra limbs, and make the hidden genre read only as a subtle environment cue."
244,B03,3,S25,25,R1C4,4,g30_secondary_shojo_049,g30_secondary_shojo_049.png,Lina Cho,The Beast Underworld Blood Confidant,secondary,Sidekick,shojo,Shojo,monster_taming,Monster Taming,crime,Crime,vampire,Vampire,A stylish sidekick concept that overtly sells Monster Taming x Crime.,"crimson moonlight, gothic windows, candelabras, coffin motifs",crime+monster_taming | crime+vampire | monster_taming+vampire,"A charismatic supporting ally, rival or confidant with stylish detail and clear emotional identity. Romantic human character blending partner-creature gear, capture tools, talismans, companion-bond energy with detective, gangster, police or heist aesthetics with urban grit. Subtle background hint only: crimson moonlight, gothic windows, candelabras, coffin motifs. Color accent idea: teal and copper. Keep pose dynamic, anatomy clean, no extra limbs, and make the hidden genre read only as a subtle environment cue."
245,B03,3,S25,25,R1C5,5,g30_secondary_shojo_050,g30_secondary_shojo_050.png,Lucan Cho,The Titan Abyss Blood Confidant,secondary,Sidekick,shojo,Shojo,kaiju,Kaiju,cosmic_horror,Cosmic Horror,vampire,Vampire,A expressive sidekick concept that overtly sells Kaiju x Cosmic Horror.,"crimson moonlight, gothic windows, candelabras, coffin motifs",cosmic_horror+kaiju | cosmic_horror+vampire | kaiju+vampire,"A charismatic supporting ally, rival or confidant with stylish detail and clear emotional identity. Haunting human character blending defence-force, monster-hunter or scaled-beast spectacle language with occult, forbidden-text, cult or abyssal dread visuals. Subtle background hint only: crimson moonlight, gothic windows, candelabras, coffin motifs. Color accent idea: charcoal and magenta. Keep pose dynamic, anatomy clean, no extra limbs, and make the hidden genre read only as a subtle environment cue."
246,B03,3,S25,25,R2C1,6,g30_secondary_shojo_051,g30_secondary_shojo_051.png,Mara Cho,The Beast Underworld Ruin Confidant,secondary,Sidekick,shojo,Shojo,monster_taming,Monster Taming,crime,Crime,grimdark,Grimdark,A poised sidekick concept that overtly sells Monster Taming x Crime.,"war-torn ruins, infernal haze, chains, blackened armor",crime+grimdark | crime+monster_taming | grimdark+monster_taming,"A charismatic supporting ally, rival or confidant with stylish detail and clear emotional identity. Stylish non-human character blending partner-creature gear, capture tools, talismans, companion-bond energy with detective, gangster, police or heist aesthetics with urban grit. Subtle background hint only: war-torn ruins, infernal haze, chains, blackened armor. Color accent idea: white and cobalt. Keep pose dynamic, anatomy clean, no extra limbs, and make the hidden genre read only as a subtle environment cue."
247,B03,3,S25,25,R2C2,7,g30_secondary_shojo_052,g30_secondary_shojo_052.png,Mika Cho,The Titan Abyss Ruin Confidant,secondary,Sidekick,shojo,Shojo,kaiju,Kaiju,cosmic_horror,Cosmic Horror,grimdark,Grimdark,A dramatic sidekick concept that overtly sells Kaiju x Cosmic Horror.,"war-torn ruins, infernal haze, chains, blackened armor",cosmic_horror+grimdark | cosmic_horror+kaiju | grimdark+kaiju,"A charismatic supporting ally, rival or confidant with stylish detail and clear emotional identity. Expressive demi-human character blending defence-force, monster-hunter or scaled-beast spectacle language with occult, forbidden-text, cult or abyssal dread visuals. Subtle background hint only: war-torn ruins, infernal haze, chains, blackened armor. Color accent idea: sage and bronze. Keep pose dynamic, anatomy clean, no extra limbs, and make the hidden genre read only as a subtle environment cue."
248,B03,3,S25,25,R2C3,8,g30_secondary_shojo_053,g30_secondary_shojo_053.png,Mina Cho,The Gear Portal Beast Confidant,secondary,Sidekick,shojo,Shojo,mecha,Mecha,isekai,Isekai,monster_taming,Monster Taming,A luminous sidekick concept that overtly sells Mecha x Isekai.,"creature dens, hatcheries, capture tags, feeding bowls",isekai+monster_taming | mecha+monster_taming,"A charismatic supporting ally, rival or confidant with stylish detail and clear emotional identity. Poised human character blending Mecha-driven styling with Isekai-driven styling. Subtle background hint only: creature dens, hatcheries, capture tags, feeding bowls. Color accent idea: crimson and black. Keep pose dynamic, anatomy clean, no extra limbs, and make the hidden genre read only as a subtle environment cue."
249,B03,3,S25,25,R2C4,9,g30_secondary_shojo_054,g30_secondary_shojo_054.png,Nadia Cho,The Hearth Terror Dune Confidant,secondary,Sidekick,shojo,Shojo,slice,Slice of Life,horror,Horror,arabia,Arabia,A elegant sidekick concept that overtly sells Slice of Life x Horror.,"dune horizons, palace arches, mosaic tiles, brass lamps, caravan tents",arabia+horror | arabia+slice,"A charismatic supporting ally, rival or confidant with stylish detail and clear emotional identity. Dramatic human character blending Slice of Life-driven styling with Horror-driven styling. Subtle background hint only: dune horizons, palace arches, mosaic tiles, brass lamps, caravan tents. Color accent idea: emerald and ivory. Keep pose dynamic, anatomy clean, no extra limbs, and make the hidden genre read only as a subtle environment cue."
250,B03,3,S25,25,R2C5,10,g30_secondary_shojo_055,g30_secondary_shojo_055.png,Nao Cho,The Heart Arena Dune Confidant,secondary,Sidekick,shojo,Shojo,romance,Romance,sports,Sports,arabia,Arabia,A romantic sidekick concept that overtly sells Romance x Sports.,"dune horizons, palace arches, mosaic tiles, brass lamps, caravan tents",arabia+romance | arabia+sports,"A charismatic supporting ally, rival or confidant with stylish detail and clear emotional identity. Luminous non-human character blending Romance-driven styling with Sports-driven styling. Subtle background hint only: dune horizons, palace arches, mosaic tiles, brass lamps, caravan tents. Color accent idea: teal and copper. Keep pose dynamic, anatomy clean, no extra limbs, and make the hidden genre read only as a subtle environment cue."
251,B03,3,S26,26,R1C1,1,g30_secondary_shojo_056,g30_secondary_shojo_056.png,Niko Cho,The Neon Realm Dune Confidant,secondary,Sidekick,shojo,Shojo,cyber,Cyber,fantasy,Fantasy,arabia,Arabia,A haunting sidekick concept that overtly sells Cyber x Fantasy.,"dune horizons, palace arches, mosaic tiles, brass lamps, caravan tents",arabia+cyber | arabia+fantasy,"A charismatic supporting ally, rival or confidant with stylish detail and clear emotional identity. Elegant demi-human character blending Cyber-driven styling with Fantasy-driven styling. Subtle background hint only: dune horizons, palace arches, mosaic tiles, brass lamps, caravan tents. Color accent idea: charcoal and magenta. Keep pose dynamic, anatomy clean, no extra limbs, and make the hidden genre read only as a subtle environment cue."
252,B03,3,S26,26,R1C2,2,g30_secondary_shojo_057,g30_secondary_shojo_057.png,Noor Cho,The Stage Cipher Dune Confidant,secondary,Sidekick,shojo,Shojo,idol,Idol,mystery,Mystery,arabia,Arabia,A stylish sidekick concept that overtly sells Idol x Mystery.,"dune horizons, palace arches, mosaic tiles, brass lamps, caravan tents",arabia+idol | arabia+mystery,"A charismatic supporting ally, rival or confidant with stylish detail and clear emotional identity. Romantic human character blending Idol-driven styling with Mystery-driven styling. Subtle background hint only: dune horizons, palace arches, mosaic tiles, brass lamps, caravan tents. Color accent idea: white and cobalt. Keep pose dynamic, anatomy clean, no extra limbs, and make the hidden genre read only as a subtle environment cue."
253,B03,3,S26,26,R1C3,3,g30_secondary_shojo_058,g30_secondary_shojo_058.png,Ren Cho,The Mirth Kitchen Dune Confidant,secondary,Sidekick,shojo,Shojo,comedy,Comedy,cooking,Cooking,arabia,Arabia,A expressive sidekick concept that overtly sells Comedy x Cooking.,"dune horizons, palace arches, mosaic tiles, brass lamps, caravan tents",arabia+comedy | arabia+cooking,"A charismatic supporting ally, rival or confidant with stylish detail and clear emotional identity. Haunting human character blending Comedy-driven styling with Cooking-driven styling. Subtle background hint only: dune horizons, palace arches, mosaic tiles, brass lamps, caravan tents. Color accent idea: sage and bronze. Keep pose dynamic, anatomy clean, no extra limbs, and make the hidden genre read only as a subtle environment cue."
254,B03,3,S26,26,R1C4,4,g30_secondary_shojo_059,g30_secondary_shojo_059.png,Rin Cho,The Command Spirit Dune Confidant,secondary,Sidekick,shojo,Shojo,military,Military,supernatural,Supernatural,arabia,Arabia,A poised sidekick concept that overtly sells Military x Supernatural.,"dune horizons, palace arches, mosaic tiles, brass lamps, caravan tents",arabia+military | arabia+supernatural,"A charismatic supporting ally, rival or confidant with stylish detail and clear emotional identity. Stylish non-human character blending Military-driven styling with Supernatural-driven styling. Subtle background hint only: dune horizons, palace arches, mosaic tiles, brass lamps, caravan tents. Color accent idea: crimson and black. Keep pose dynamic, anatomy clean, no extra limbs, and make the hidden genre read only as a subtle environment cue."
255,B03,3,S26,26,R1C5,5,g30_secondary_shojo_060,g30_secondary_shojo_060.png,Samira Cho,The Void Charm Dune Confidant,secondary,Sidekick,shojo,Shojo,space,Space,magical,Magical,arabia,Arabia,A dramatic sidekick concept that overtly sells Space x Magical.,"dune horizons, palace arches, mosaic tiles, brass lamps, caravan tents",arabia+magical | arabia+space,"A charismatic supporting ally, rival or confidant with stylish detail and clear emotional identity. Expressive demi-human character blending Space-driven styling with Magical-driven styling. Subtle background hint only: dune horizons, palace arches, mosaic tiles, brass lamps, caravan tents. Color accent idea: emerald and ivory. Keep pose dynamic, anatomy clean, no extra limbs, and make the hidden genre read only as a subtle environment cue."
256,B03,3,S26,26,R2C1,6,g30_secondary_shojo_061,g30_secondary_shojo_061.png,Sana Cho,The Wild Corsair Dune Confidant,secondary,Sidekick,shojo,Shojo,survival,Survival,pirate,Pirate,arabia,Arabia,A luminous sidekick concept that overtly sells Survival x Pirate.,"dune horizons, palace arches, mosaic tiles, brass lamps, caravan tents",arabia+pirate | arabia+survival,"A charismatic supporting ally, rival or confidant with stylish detail and clear emotional identity. Poised human character blending Survival-driven styling with Pirate-driven styling. Subtle background hint only: dune horizons, palace arches, mosaic tiles, brass lamps, caravan tents. Color accent idea: teal and copper. Keep pose dynamic, anatomy clean, no extra limbs, and make the hidden genre read only as a subtle environment cue."
257,B03,3,S26,26,R2C2,7,g30_secondary_shojo_062,g30_secondary_shojo_062.png,Sora Cho,The Fist Myth Dune Confidant,secondary,Sidekick,shojo,Shojo,martial,Martial Arts,mythology,Mythology,arabia,Arabia,A elegant sidekick concept that overtly sells Martial Arts x Mythology.,"dune horizons, palace arches, mosaic tiles, brass lamps, caravan tents",arabia+martial | arabia+mythology,"A charismatic supporting ally, rival or confidant with stylish detail and clear emotional identity. Dramatic human character blending Martial Arts-driven styling with Mythology-driven styling. Subtle background hint only: dune horizons, palace arches, mosaic tiles, brass lamps, caravan tents. Color accent idea: charcoal and magenta. Keep pose dynamic, anatomy clean, no extra limbs, and make the hidden genre read only as a subtle environment cue."
258,B03,3,S26,26,R2C3,8,g30_secondary_shojo_063,g30_secondary_shojo_063.png,Tala Cho,The North Blade Dune Confidant,secondary,Sidekick,shojo,Shojo,nordic,Nordic,samurai,Samurai,arabia,Arabia,A romantic sidekick concept that overtly sells Nordic x Samurai.,"dune horizons, palace arches, mosaic tiles, brass lamps, caravan tents",arabia+nordic | arabia+samurai,"A charismatic supporting ally, rival or confidant with stylish detail and clear emotional identity. Luminous non-human character blending Nordic-driven styling with Samurai-driven styling. Subtle background hint only: dune horizons, palace arches, mosaic tiles, brass lamps, caravan tents. Color accent idea: white and cobalt. Keep pose dynamic, anatomy clean, no extra limbs, and make the hidden genre read only as a subtle environment cue."
259,B03,3,S26,26,R2C4,9,g30_secondary_shojo_064,g30_secondary_shojo_064.png,Yara Cho,The Shadow Blood Dune Confidant,secondary,Sidekick,shojo,Shojo,shinobi,Shinobi,vampire,Vampire,arabia,Arabia,A haunting sidekick concept that overtly sells Shinobi x Vampire.,"dune horizons, palace arches, mosaic tiles, brass lamps, caravan tents",arabia+shinobi | arabia+vampire,"A charismatic supporting ally, rival or confidant with stylish detail and clear emotional identity. Elegant demi-human character blending Shinobi-driven styling with Vampire-driven styling. Subtle background hint only: dune horizons, palace arches, mosaic tiles, brass lamps, caravan tents. Color accent idea: sage and bronze. Keep pose dynamic, anatomy clean, no extra limbs, and make the hidden genre read only as a subtle environment cue."
260,B03,3,S26,26,R2C5,10,g30_secondary_shojo_065,g30_secondary_shojo_065.png,Aiko Costa,The Beast Dune Ruin Confidant,secondary,Sidekick,shojo,Shojo,monster_taming,Monster Taming,arabia,Arabia,grimdark,Grimdark,A stylish sidekick concept that overtly sells Monster Taming x Arabia.,"war-torn ruins, infernal haze, chains, blackened armor",arabia+grimdark | arabia+monster_taming | grimdark+monster_taming,"A charismatic supporting ally, rival or confidant with stylish detail and clear emotional identity. Romantic human character blending partner-creature gear, capture tools, talismans, companion-bond energy with desert-sorcery, caravan, palace or djinn-adventure styling. Subtle background hint only: war-torn ruins, infernal haze, chains, blackened armor. Color accent idea: crimson and black. Keep pose dynamic, anatomy clean, no extra limbs, and make the hidden genre read only as a subtle environment cue."
261,B03,3,S27,27,R1C1,1,g30_pet_shonen_001,g30_pet_shonen_001.png,Azusnap,The Beast Underworld Titan Familiar,pet,Pet,shonen,Shonen,monster_taming,Monster Taming,crime,Crime,kaiju,Kaiju,A heroic pet design that overtly sells Monster Taming x Crime.,"evacuation sirens, broken skyline, blast walls, giant footprints",crime+kaiju | crime+monster_taming | kaiju+monster_taming,"A marketable mascot, partner creature or compact companion design with strong silhouette readability. Fearless non-human companion design blending partner-creature gear, capture tools, talismans, companion-bond energy with detective, gangster, police or heist aesthetics with urban grit. Subtle background hint only: evacuation sirens, broken skyline, blast walls, giant footprints. Color accent idea: obsidian and red. Keep pose dynamic, anatomy clean, no extra limbs, and make the hidden genre read only as a subtle environment cue."
262,B03,3,S27,27,R1C2,2,g30_pet_shonen_002,g30_pet_shonen_002.png,Bramsnap,The Beast Abyss Dune Familiar,pet,Pet,shonen,Shonen,monster_taming,Monster Taming,cosmic_horror,Cosmic Horror,arabia,Arabia,A hot-blooded pet design that overtly sells Monster Taming x Cosmic Horror.,"dune horizons, palace arches, mosaic tiles, brass lamps, caravan tents",arabia+cosmic_horror | arabia+monster_taming | cosmic_horror+monster_taming,"A marketable mascot, partner creature or compact companion design with strong silhouette readability. Scrappy familiar design blending partner-creature gear, capture tools, talismans, companion-bond energy with occult, forbidden-text, cult or abyssal dread visuals. Subtle background hint only: dune horizons, palace arches, mosaic tiles, brass lamps, caravan tents. Color accent idea: indigo and brass. Keep pose dynamic, anatomy clean, no extra limbs, and make the hidden genre read only as a subtle environment cue."
263,B03,3,S27,27,R1C3,3,g30_pet_shonen_003,g30_pet_shonen_003.png,Chaisnap,The Underworld Abyss Gear Familiar,pet,Pet,shonen,Shonen,crime,Crime,cosmic_horror,Cosmic Horror,mecha,Mecha,A resolute pet design that overtly sells Crime x Cosmic Horror.,"hangar lights, pistons, warning stripes, giant silhouettes",cosmic_horror+crime | cosmic_horror+mecha | crime+mecha,"A marketable mascot, partner creature or compact companion design with strong silhouette readability. Heroic mascot creature design blending detective, gangster, police or heist aesthetics with urban grit with occult, forbidden-text, cult or abyssal dread visuals. Subtle background hint only: hangar lights, pistons, warning stripes, giant silhouettes. Color accent idea: sand and turquoise. Keep pose dynamic, anatomy clean, no extra limbs, and make the hidden genre read only as a subtle environment cue."
264,B03,3,S27,27,R1C4,4,g30_pet_shonen_004,g30_pet_shonen_004.png,Cindersnap,The Titan Dune Gear Familiar,pet,Pet,shonen,Shonen,kaiju,Kaiju,arabia,Arabia,mecha,Mecha,A kinetic pet design that overtly sells Kaiju x Arabia.,"hangar lights, pistons, warning stripes, giant silhouettes",arabia+kaiju | arabia+mecha | kaiju+mecha,"A marketable mascot, partner creature or compact companion design with strong silhouette readability. Hot-blooded tiny guardian design blending defence-force, monster-hunter or scaled-beast spectacle language with desert-sorcery, caravan, palace or djinn-adventure styling. Subtle background hint only: hangar lights, pistons, warning stripes, giant silhouettes. Color accent idea: violet and silver. Keep pose dynamic, anatomy clean, no extra limbs, and make the hidden genre read only as a subtle environment cue."
265,B03,3,S27,27,R1C5,5,g30_pet_shonen_005,g30_pet_shonen_005.png,Clinksnap,The Underworld Dune Portal Familiar,pet,Pet,shonen,Shonen,crime,Crime,arabia,Arabia,isekai,Isekai,A battle-ready pet design that overtly sells Crime x Arabia.,"summoning circle, portal shards, floating UI sigils",arabia+crime | arabia+isekai | crime+isekai,"A marketable mascot, partner creature or compact companion design with strong silhouette readability. Resolute mini beast design blending detective, gangster, police or heist aesthetics with urban grit with desert-sorcery, caravan, palace or djinn-adventure styling. Subtle background hint only: summoning circle, portal shards, floating UI sigils. Color accent idea: scarlet and gold. Keep pose dynamic, anatomy clean, no extra limbs, and make the hidden genre read only as a subtle environment cue."
266,B03,3,S27,27,R2C1,6,g30_pet_shonen_006,g30_pet_shonen_006.png,Djinnisnap,The Titan Abyss Portal Familiar,pet,Pet,shonen,Shonen,kaiju,Kaiju,cosmic_horror,Cosmic Horror,isekai,Isekai,A driven pet design that overtly sells Kaiju x Cosmic Horror.,"summoning circle, portal shards, floating UI sigils",cosmic_horror+isekai | cosmic_horror+kaiju | isekai+kaiju,"A marketable mascot, partner creature or compact companion design with strong silhouette readability. Kinetic non-human companion design blending defence-force, monster-hunter or scaled-beast spectacle language with occult, forbidden-text, cult or abyssal dread visuals. Subtle background hint only: summoning circle, portal shards, floating UI sigils. Color accent idea: navy and amber. Keep pose dynamic, anatomy clean, no extra limbs, and make the hidden genre read only as a subtle environment cue."
267,B03,3,S27,27,R2C2,7,g30_pet_shonen_007,g30_pet_shonen_007.png,Embersnap,The Beast Underworld Hearth Familiar,pet,Pet,shonen,Shonen,monster_taming,Monster Taming,crime,Crime,slice,Slice of Life,A fearless pet design that overtly sells Monster Taming x Crime.,"warm domestic details, school corridor, café corner, laundry line",crime+monster_taming | crime+slice | monster_taming+slice,"A marketable mascot, partner creature or compact companion design with strong silhouette readability. Battle-ready familiar design blending partner-creature gear, capture tools, talismans, companion-bond energy with detective, gangster, police or heist aesthetics with urban grit. Subtle background hint only: warm domestic details, school corridor, café corner, laundry line. Color accent idea: obsidian and red. Keep pose dynamic, anatomy clean, no extra limbs, and make the hidden genre read only as a subtle environment cue."
268,B03,3,S27,27,R2C3,8,g30_pet_shonen_008,g30_pet_shonen_008.png,Fangsnap,The Titan Abyss Hearth Familiar,pet,Pet,shonen,Shonen,kaiju,Kaiju,cosmic_horror,Cosmic Horror,slice,Slice of Life,A scrappy pet design that overtly sells Kaiju x Cosmic Horror.,"warm domestic details, school corridor, café corner, laundry line",cosmic_horror+kaiju | cosmic_horror+slice | kaiju+slice,"A marketable mascot, partner creature or compact companion design with strong silhouette readability. Driven mascot creature design blending defence-force, monster-hunter or scaled-beast spectacle language with occult, forbidden-text, cult or abyssal dread visuals. Subtle background hint only: warm domestic details, school corridor, café corner, laundry line. Color accent idea: indigo and brass. Keep pose dynamic, anatomy clean, no extra limbs, and make the hidden genre read only as a subtle environment cue."
269,B03,3,S27,27,R2C4,9,g30_pet_shonen_009,g30_pet_shonen_009.png,Glimsnap,The Beast Underworld Terror Familiar,pet,Pet,shonen,Shonen,monster_taming,Monster Taming,crime,Crime,horror,Horror,A heroic pet design that overtly sells Monster Taming x Crime.,"medical curtains, abandoned halls, claw shadows, eerie green light",crime+horror | crime+monster_taming | horror+monster_taming,"A marketable mascot, partner creature or compact companion design with strong silhouette readability. Fearless tiny guardian design blending partner-creature gear, capture tools, talismans, companion-bond energy with detective, gangster, police or heist aesthetics with urban grit. Subtle background hint only: medical curtains, abandoned halls, claw shadows, eerie green light. Color accent idea: sand and turquoise. Keep pose dynamic, anatomy clean, no extra limbs, and make the hidden genre read only as a subtle environment cue."
270,B03,3,S27,27,R2C5,10,g30_pet_shonen_010,g30_pet_shonen_010.png,Kikisnap,The Titan Abyss Terror Familiar,pet,Pet,shonen,Shonen,kaiju,Kaiju,cosmic_horror,Cosmic Horror,horror,Horror,A hot-blooded pet design that overtly sells Kaiju x Cosmic Horror.,"medical curtains, abandoned halls, claw shadows, eerie green light",cosmic_horror+horror | cosmic_horror+kaiju | horror+kaiju,"A marketable mascot, partner creature or compact companion design with strong silhouette readability. Scrappy mini beast design blending defence-force, monster-hunter or scaled-beast spectacle language with occult, forbidden-text, cult or abyssal dread visuals. Subtle background hint only: medical curtains, abandoned halls, claw shadows, eerie green light. Color accent idea: violet and silver. Keep pose dynamic, anatomy clean, no extra limbs, and make the hidden genre read only as a subtle environment cue."
271,B03,3,S28,28,R1C1,1,g30_pet_shonen_011,g30_pet_shonen_011.png,Lumensnap,The Beast Underworld Heart Familiar,pet,Pet,shonen,Shonen,monster_taming,Monster Taming,crime,Crime,romance,Romance,A resolute pet design that overtly sells Monster Taming x Crime.,"petals, soft lights, letters, balcony rails, heart motifs",crime+monster_taming | crime+romance | monster_taming+romance,"A marketable mascot, partner creature or compact companion design with strong silhouette readability. Heroic non-human companion design blending partner-creature gear, capture tools, talismans, companion-bond energy with detective, gangster, police or heist aesthetics with urban grit. Subtle background hint only: petals, soft lights, letters, balcony rails, heart motifs. Color accent idea: scarlet and gold. Keep pose dynamic, anatomy clean, no extra limbs, and make the hidden genre read only as a subtle environment cue."
272,B03,3,S28,28,R1C2,2,g30_pet_shonen_012,g30_pet_shonen_012.png,Mirisnap,The Titan Abyss Heart Familiar,pet,Pet,shonen,Shonen,kaiju,Kaiju,cosmic_horror,Cosmic Horror,romance,Romance,A kinetic pet design that overtly sells Kaiju x Cosmic Horror.,"petals, soft lights, letters, balcony rails, heart motifs",cosmic_horror+kaiju | cosmic_horror+romance | kaiju+romance,"A marketable mascot, partner creature or compact companion design with strong silhouette readability. Hot-blooded familiar design blending defence-force, monster-hunter or scaled-beast spectacle language with occult, forbidden-text, cult or abyssal dread visuals. Subtle background hint only: petals, soft lights, letters, balcony rails, heart motifs. Color accent idea: navy and amber. Keep pose dynamic, anatomy clean, no extra limbs, and make the hidden genre read only as a subtle environment cue."
273,B03,3,S28,28,R1C3,3,g30_pet_shonen_013,g30_pet_shonen_013.png,Misosnap,The Beast Underworld Arena Familiar,pet,Pet,shonen,Shonen,monster_taming,Monster Taming,crime,Crime,sports,Sports,A battle-ready pet design that overtly sells Monster Taming x Crime.,"stadium floodlights, lane markings, scoreboards, locker-room cues",crime+monster_taming | crime+sports | monster_taming+sports,"A marketable mascot, partner creature or compact companion design with strong silhouette readability. Resolute mascot creature design blending partner-creature gear, capture tools, talismans, companion-bond energy with detective, gangster, police or heist aesthetics with urban grit. Subtle background hint only: stadium floodlights, lane markings, scoreboards, locker-room cues. Color accent idea: obsidian and red. Keep pose dynamic, anatomy clean, no extra limbs, and make the hidden genre read only as a subtle environment cue."
274,B03,3,S28,28,R1C4,4,g30_pet_shonen_014,g30_pet_shonen_014.png,Mokusnap,The Titan Abyss Arena Familiar,pet,Pet,shonen,Shonen,kaiju,Kaiju,cosmic_horror,Cosmic Horror,sports,Sports,A driven pet design that overtly sells Kaiju x Cosmic Horror.,"stadium floodlights, lane markings, scoreboards, locker-room cues",cosmic_horror+kaiju | cosmic_horror+sports | kaiju+sports,"A marketable mascot, partner creature or compact companion design with strong silhouette readability. Kinetic tiny guardian design blending defence-force, monster-hunter or scaled-beast spectacle language with occult, forbidden-text, cult or abyssal dread visuals. Subtle background hint only: stadium floodlights, lane markings, scoreboards, locker-room cues. Color accent idea: indigo and brass. Keep pose dynamic, anatomy clean, no extra limbs, and make the hidden genre read only as a subtle environment cue."
275,B03,3,S28,28,R1C5,5,g30_pet_shonen_015,g30_pet_shonen_015.png,Nibsnap,The Beast Underworld Neon Familiar,pet,Pet,shonen,Shonen,monster_taming,Monster Taming,crime,Crime,cyber,Cyber,A fearless pet design that overtly sells Monster Taming x Crime.,"neon grids, holograms, circuit traces, city rain reflections",crime+cyber | crime+monster_taming | cyber+monster_taming,"A marketable mascot, partner creature or compact companion design with strong silhouette readability. Battle-ready mini beast design blending partner-creature gear, capture tools, talismans, companion-bond energy with detective, gangster, police or heist aesthetics with urban grit. Subtle background hint only: neon grids, holograms, circuit traces, city rain reflections. Color accent idea: sand and turquoise. Keep pose dynamic, anatomy clean, no extra limbs, and make the hidden genre read only as a subtle environment cue."
276,B03,3,S28,28,R2C1,6,g30_pet_shonen_016,g30_pet_shonen_016.png,Norisnap,The Titan Abyss Neon Familiar,pet,Pet,shonen,Shonen,kaiju,Kaiju,cosmic_horror,Cosmic Horror,cyber,Cyber,A scrappy pet design that overtly sells Kaiju x Cosmic Horror.,"neon grids, holograms, circuit traces, city rain reflections",cosmic_horror+cyber | cosmic_horror+kaiju | cyber+kaiju,"A marketable mascot, partner creature or compact companion design with strong silhouette readability. Driven non-human companion design blending defence-force, monster-hunter or scaled-beast spectacle language with occult, forbidden-text, cult or abyssal dread visuals. Subtle background hint only: neon grids, holograms, circuit traces, city rain reflections. Color accent idea: violet and silver. Keep pose dynamic, anatomy clean, no extra limbs, and make the hidden genre read only as a subtle environment cue."
277,B03,3,S28,28,R2C2,7,g30_pet_shonen_017,g30_pet_shonen_017.png,Orbitsnap,The Beast Underworld Realm Familiar,pet,Pet,shonen,Shonen,monster_taming,Monster Taming,crime,Crime,fantasy,Fantasy,A heroic pet design that overtly sells Monster Taming x Crime.,"runes, relics, banners, ancient stonework, enchanted forests",crime+fantasy | crime+monster_taming | fantasy+monster_taming,"A marketable mascot, partner creature or compact companion design with strong silhouette readability. Fearless familiar design blending partner-creature gear, capture tools, talismans, companion-bond energy with detective, gangster, police or heist aesthetics with urban grit. Subtle background hint only: runes, relics, banners, ancient stonework, enchanted forests. Color accent idea: scarlet and gold. Keep pose dynamic, anatomy clean, no extra limbs, and make the hidden genre read only as a subtle environment cue."
278,B03,3,S28,28,R2C3,8,g30_pet_shonen_018,g30_pet_shonen_018.png,Pebblesnap,The Titan Abyss Realm Familiar,pet,Pet,shonen,Shonen,kaiju,Kaiju,cosmic_horror,Cosmic Horror,fantasy,Fantasy,A hot-blooded pet design that overtly sells Kaiju x Cosmic Horror.,"runes, relics, banners, ancient stonework, enchanted forests",cosmic_horror+fantasy | cosmic_horror+kaiju | fantasy+kaiju,"A marketable mascot, partner creature or compact companion design with strong silhouette readability. Scrappy mascot creature design blending defence-force, monster-hunter or scaled-beast spectacle language with occult, forbidden-text, cult or abyssal dread visuals. Subtle background hint only: runes, relics, banners, ancient stonework, enchanted forests. Color accent idea: navy and amber. Keep pose dynamic, anatomy clean, no extra limbs, and make the hidden genre read only as a subtle environment cue."
279,B03,3,S28,28,R2C4,9,g30_pet_shonen_019,g30_pet_shonen_019.png,Pipsnap,The Beast Underworld Stage Familiar,pet,Pet,shonen,Shonen,monster_taming,Monster Taming,crime,Crime,idol,Idol,A resolute pet design that overtly sells Monster Taming x Crime.,"stage lights, star confetti, speaker stacks, glowsticks",crime+idol | crime+monster_taming | idol+monster_taming,"A marketable mascot, partner creature or compact companion design with strong silhouette readability. Heroic tiny guardian design blending partner-creature gear, capture tools, talismans, companion-bond energy with detective, gangster, police or heist aesthetics with urban grit. Subtle background hint only: stage lights, star confetti, speaker stacks, glowsticks. Color accent idea: obsidian and red. Keep pose dynamic, anatomy clean, no extra limbs, and make the hidden genre read only as a subtle environment cue."
280,B03,3,S28,28,R2C5,10,g30_pet_shonen_020,g30_pet_shonen_020.png,Pucksnap,The Titan Abyss Stage Familiar,pet,Pet,shonen,Shonen,kaiju,Kaiju,cosmic_horror,Cosmic Horror,idol,Idol,A kinetic pet design that overtly sells Kaiju x Cosmic Horror.,"stage lights, star confetti, speaker stacks, glowsticks",cosmic_horror+idol | cosmic_horror+kaiju | idol+kaiju,"A marketable mascot, partner creature or compact companion design with strong silhouette readability. Hot-blooded mini beast design blending defence-force, monster-hunter or scaled-beast spectacle language with occult, forbidden-text, cult or abyssal dread visuals. Subtle background hint only: stage lights, star confetti, speaker stacks, glowsticks. Color accent idea: indigo and brass. Keep pose dynamic, anatomy clean, no extra limbs, and make the hidden genre read only as a subtle environment cue."
281,B03,3,S29,29,R1C1,1,g30_pet_shonen_021,g30_pet_shonen_021.png,Riffsnap,The Beast Underworld Cipher Familiar,pet,Pet,shonen,Shonen,monster_taming,Monster Taming,crime,Crime,mystery,Mystery,A battle-ready pet design that overtly sells Monster Taming x Crime.,"case boards, magnifying glass reflections, foggy windows, clues",crime+monster_taming | crime+mystery | monster_taming+mystery,"A marketable mascot, partner creature or compact companion design with strong silhouette readability. Resolute non-human companion design blending partner-creature gear, capture tools, talismans, companion-bond energy with detective, gangster, police or heist aesthetics with urban grit. Subtle background hint only: case boards, magnifying glass reflections, foggy windows, clues. Color accent idea: sand and turquoise. Keep pose dynamic, anatomy clean, no extra limbs, and make the hidden genre read only as a subtle environment cue."
282,B03,3,S29,29,R1C2,2,g30_pet_shonen_022,g30_pet_shonen_022.png,Runesnap,The Titan Abyss Cipher Familiar,pet,Pet,shonen,Shonen,kaiju,Kaiju,cosmic_horror,Cosmic Horror,mystery,Mystery,A driven pet design that overtly sells Kaiju x Cosmic Horror.,"case boards, magnifying glass reflections, foggy windows, clues",cosmic_horror+kaiju | cosmic_horror+mystery | kaiju+mystery,"A marketable mascot, partner creature or compact companion design with strong silhouette readability. Kinetic familiar design blending defence-force, monster-hunter or scaled-beast spectacle language with occult, forbidden-text, cult or abyssal dread visuals. Subtle background hint only: case boards, magnifying glass reflections, foggy windows, clues. Color accent idea: violet and silver. Keep pose dynamic, anatomy clean, no extra limbs, and make the hidden genre read only as a subtle environment cue."
283,B03,3,S29,29,R1C3,3,g30_pet_shonen_023,g30_pet_shonen_023.png,Sablesnap,The Beast Underworld Mirth Familiar,pet,Pet,shonen,Shonen,monster_taming,Monster Taming,crime,Crime,comedy,Comedy,A fearless pet design that overtly sells Monster Taming x Crime.,"playful props, bright signage, exaggerated set pieces",comedy+crime | comedy+monster_taming | crime+monster_taming,"A marketable mascot, partner creature or compact companion design with strong silhouette readability. Battle-ready mascot creature design blending partner-creature gear, capture tools, talismans, companion-bond energy with detective, gangster, police or heist aesthetics with urban grit. Subtle background hint only: playful props, bright signage, exaggerated set pieces. Color accent idea: scarlet and gold. Keep pose dynamic, anatomy clean, no extra limbs, and make the hidden genre read only as a subtle environment cue."
284,B03,3,S29,29,R1C4,4,g30_pet_shonen_024,g30_pet_shonen_024.png,Skiffsnap,The Titan Abyss Mirth Familiar,pet,Pet,shonen,Shonen,kaiju,Kaiju,cosmic_horror,Cosmic Horror,comedy,Comedy,A scrappy pet design that overtly sells Kaiju x Cosmic Horror.,"playful props, bright signage, exaggerated set pieces",comedy+cosmic_horror | comedy+kaiju | cosmic_horror+kaiju,"A marketable mascot, partner creature or compact companion design with strong silhouette readability. Driven tiny guardian design blending defence-force, monster-hunter or scaled-beast spectacle language with occult, forbidden-text, cult or abyssal dread visuals. Subtle background hint only: playful props, bright signage, exaggerated set pieces. Color accent idea: navy and amber. Keep pose dynamic, anatomy clean, no extra limbs, and make the hidden genre read only as a subtle environment cue."
285,B03,3,S29,29,R1C5,5,g30_pet_shonen_025,g30_pet_shonen_025.png,Sootsnap,The Beast Underworld Kitchen Familiar,pet,Pet,shonen,Shonen,monster_taming,Monster Taming,crime,Crime,cooking,Cooking,A heroic pet design that overtly sells Monster Taming x Crime.,"steam, hanging pans, chopping blocks, spice stalls",cooking+crime | cooking+monster_taming | crime+monster_taming,"A marketable mascot, partner creature or compact companion design with strong silhouette readability. Fearless mini beast design blending partner-creature gear, capture tools, talismans, companion-bond energy with detective, gangster, police or heist aesthetics with urban grit. Subtle background hint only: steam, hanging pans, chopping blocks, spice stalls. Color accent idea: obsidian and red. Keep pose dynamic, anatomy clean, no extra limbs, and make the hidden genre read only as a subtle environment cue."
286,B03,3,S29,29,R2C1,6,g30_pet_shonen_026,g30_pet_shonen_026.png,Talonsnap,The Titan Abyss Kitchen Familiar,pet,Pet,shonen,Shonen,kaiju,Kaiju,cosmic_horror,Cosmic Horror,cooking,Cooking,A hot-blooded pet design that overtly sells Kaiju x Cosmic Horror.,"steam, hanging pans, chopping blocks, spice stalls",cooking+cosmic_horror | cooking+kaiju | cosmic_horror+kaiju,"A marketable mascot, partner creature or compact companion design with strong silhouette readability. Scrappy non-human companion design blending defence-force, monster-hunter or scaled-beast spectacle language with occult, forbidden-text, cult or abyssal dread visuals. Subtle background hint only: steam, hanging pans, chopping blocks, spice stalls. Color accent idea: indigo and brass. Keep pose dynamic, anatomy clean, no extra limbs, and make the hidden genre read only as a subtle environment cue."
287,B03,3,S29,29,R2C2,7,g30_pet_shonen_027,g30_pet_shonen_027.png,Tikasnap,The Beast Underworld Command Familiar,pet,Pet,shonen,Shonen,monster_taming,Monster Taming,crime,Crime,military,Military,A resolute pet design that overtly sells Monster Taming x Crime.,"sandbags, tactical screens, emblems, armored vehicles",crime+military | crime+monster_taming | military+monster_taming,"A marketable mascot, partner creature or compact companion design with strong silhouette readability. Heroic familiar design blending partner-creature gear, capture tools, talismans, companion-bond energy with detective, gangster, police or heist aesthetics with urban grit. Subtle background hint only: sandbags, tactical screens, emblems, armored vehicles. Color accent idea: sand and turquoise. Keep pose dynamic, anatomy clean, no extra limbs, and make the hidden genre read only as a subtle environment cue."
288,B03,3,S29,29,R2C3,8,g30_pet_shonen_028,g30_pet_shonen_028.png,Totosnap,The Titan Abyss Command Familiar,pet,Pet,shonen,Shonen,kaiju,Kaiju,cosmic_horror,Cosmic Horror,military,Military,A kinetic pet design that overtly sells Kaiju x Cosmic Horror.,"sandbags, tactical screens, emblems, armored vehicles",cosmic_horror+kaiju | cosmic_horror+military | kaiju+military,"A marketable mascot, partner creature or compact companion design with strong silhouette readability. Hot-blooded mascot creature design blending defence-force, monster-hunter or scaled-beast spectacle language with occult, forbidden-text, cult or abyssal dread visuals. Subtle background hint only: sandbags, tactical screens, emblems, armored vehicles. Color accent idea: violet and silver. Keep pose dynamic, anatomy clean, no extra limbs, and make the hidden genre read only as a subtle environment cue."
289,B03,3,S29,29,R2C4,9,g30_pet_shonen_029,g30_pet_shonen_029.png,Vantasnap,The Beast Underworld Spirit Familiar,pet,Pet,shonen,Shonen,monster_taming,Monster Taming,crime,Crime,supernatural,Supernatural,A battle-ready pet design that overtly sells Monster Taming x Crime.,"spirit wisps, shrine gates, sigils, moonlit talismans",crime+monster_taming | crime+supernatural | monster_taming+supernatural,"A marketable mascot, partner creature or compact companion design with strong silhouette readability. Resolute tiny guardian design blending partner-creature gear, capture tools, talismans, companion-bond energy with detective, gangster, police or heist aesthetics with urban grit. Subtle background hint only: spirit wisps, shrine gates, sigils, moonlit talismans. Color accent idea: scarlet and gold. Keep pose dynamic, anatomy clean, no extra limbs, and make the hidden genre read only as a subtle environment cue."
290,B03,3,S29,29,R2C5,10,g30_pet_shonen_030,g30_pet_shonen_030.png,Whispsnap,The Titan Abyss Spirit Familiar,pet,Pet,shonen,Shonen,kaiju,Kaiju,cosmic_horror,Cosmic Horror,supernatural,Supernatural,A driven pet design that overtly sells Kaiju x Cosmic Horror.,"spirit wisps, shrine gates, sigils, moonlit talismans",cosmic_horror+kaiju | cosmic_horror+supernatural | kaiju+supernatural,"A marketable mascot, partner creature or compact companion design with strong silhouette readability. Kinetic mini beast design blending defence-force, monster-hunter or scaled-beast spectacle language with occult, forbidden-text, cult or abyssal dread visuals. Subtle background hint only: spirit wisps, shrine gates, sigils, moonlit talismans. Color accent idea: navy and amber. Keep pose dynamic, anatomy clean, no extra limbs, and make the hidden genre read only as a subtle environment cue."
291,B03,3,S30,30,R1C1,1,g30_pet_shonen_031,g30_pet_shonen_031.png,Azuspark,The Beast Underworld Void Familiar,pet,Pet,shonen,Shonen,monster_taming,Monster Taming,crime,Crime,space,Space,A fearless pet design that overtly sells Monster Taming x Crime.,"starfields, cockpit glass, planets, docking ports",crime+monster_taming | crime+space | monster_taming+space,"A marketable mascot, partner creature or compact companion design with strong silhouette readability. Battle-ready non-human companion design blending partner-creature gear, capture tools, talismans, companion-bond energy with detective, gangster, police or heist aesthetics with urban grit. Subtle background hint only: starfields, cockpit glass, planets, docking ports. Color accent idea: obsidian and red. Keep pose dynamic, anatomy clean, no extra limbs, and make the hidden genre read only as a subtle environment cue."
292,B03,3,S30,30,R1C2,2,g30_pet_shonen_032,g30_pet_shonen_032.png,Bramspark,The Titan Abyss Void Familiar,pet,Pet,shonen,Shonen,kaiju,Kaiju,cosmic_horror,Cosmic Horror,space,Space,A scrappy pet design that overtly sells Kaiju x Cosmic Horror.,"starfields, cockpit glass, planets, docking ports",cosmic_horror+kaiju | cosmic_horror+space | kaiju+space,"A marketable mascot, partner creature or compact companion design with strong silhouette readability. Driven familiar design blending defence-force, monster-hunter or scaled-beast spectacle language with occult, forbidden-text, cult or abyssal dread visuals. Subtle background hint only: starfields, cockpit glass, planets, docking ports. Color accent idea: indigo and brass. Keep pose dynamic, anatomy clean, no extra limbs, and make the hidden genre read only as a subtle environment cue."
293,B03,3,S30,30,R1C3,3,g30_pet_shonen_033,g30_pet_shonen_033.png,Chaispark,The Beast Underworld Charm Familiar,pet,Pet,shonen,Shonen,monster_taming,Monster Taming,crime,Crime,magical,Magical,A heroic pet design that overtly sells Monster Taming x Crime.,"sparkles, transformation glyphs, ribbon trails, pastel magic",crime+magical | crime+monster_taming | magical+monster_taming,"A marketable mascot, partner creature or compact companion design with strong silhouette readability. Fearless mascot creature design blending partner-creature gear, capture tools, talismans, companion-bond energy with detective, gangster, police or heist aesthetics with urban grit. Subtle background hint only: sparkles, transformation glyphs, ribbon trails, pastel magic. Color accent idea: sand and turquoise. Keep pose dynamic, anatomy clean, no extra limbs, and make the hidden genre read only as a subtle environment cue."
294,B03,3,S30,30,R1C4,4,g30_pet_shonen_034,g30_pet_shonen_034.png,Cinderspark,The Titan Abyss Charm Familiar,pet,Pet,shonen,Shonen,kaiju,Kaiju,cosmic_horror,Cosmic Horror,magical,Magical,A hot-blooded pet design that overtly sells Kaiju x Cosmic Horror.,"sparkles, transformation glyphs, ribbon trails, pastel magic",cosmic_horror+kaiju | cosmic_horror+magical | kaiju+magical,"A marketable mascot, partner creature or compact companion design with strong silhouette readability. Scrappy tiny guardian design blending defence-force, monster-hunter or scaled-beast spectacle language with occult, forbidden-text, cult or abyssal dread visuals. Subtle background hint only: sparkles, transformation glyphs, ribbon trails, pastel magic. Color accent idea: violet and silver. Keep pose dynamic, anatomy clean, no extra limbs, and make the hidden genre read only as a subtle environment cue."
295,B03,3,S30,30,R1C5,5,g30_pet_shonen_035,g30_pet_shonen_035.png,Clinkspark,The Beast Underworld Wild Familiar,pet,Pet,shonen,Shonen,monster_taming,Monster Taming,crime,Crime,survival,Survival,A resolute pet design that overtly sells Monster Taming x Crime.,"camp gear, rough maps, ropes, storm clouds, scavenged supplies",crime+monster_taming | crime+survival | monster_taming+survival,"A marketable mascot, partner creature or compact companion design with strong silhouette readability. Heroic mini beast design blending partner-creature gear, capture tools, talismans, companion-bond energy with detective, gangster, police or heist aesthetics with urban grit. Subtle background hint only: camp gear, rough maps, ropes, storm clouds, scavenged supplies. Color accent idea: scarlet and gold. Keep pose dynamic, anatomy clean, no extra limbs, and make the hidden genre read only as a subtle environment cue."
296,B03,3,S30,30,R2C1,6,g30_pet_shonen_036,g30_pet_shonen_036.png,Djinnispark,The Titan Abyss Wild Familiar,pet,Pet,shonen,Shonen,kaiju,Kaiju,cosmic_horror,Cosmic Horror,survival,Survival,A kinetic pet design that overtly sells Kaiju x Cosmic Horror.,"camp gear, rough maps, ropes, storm clouds, scavenged supplies",cosmic_horror+kaiju | cosmic_horror+survival | kaiju+survival,"A marketable mascot, partner creature or compact companion design with strong silhouette readability. Hot-blooded non-human companion design blending defence-force, monster-hunter or scaled-beast spectacle language with occult, forbidden-text, cult or abyssal dread visuals. Subtle background hint only: camp gear, rough maps, ropes, storm clouds, scavenged supplies. Color accent idea: navy and amber. Keep pose dynamic, anatomy clean, no extra limbs, and make the hidden genre read only as a subtle environment cue."
297,B03,3,S30,30,R2C2,7,g30_pet_shonen_037,g30_pet_shonen_037.png,Emberspark,The Beast Underworld Corsair Familiar,pet,Pet,shonen,Shonen,monster_taming,Monster Taming,crime,Crime,pirate,Pirate,A battle-ready pet design that overtly sells Monster Taming x Crime.,"rigging, maps, cannon smoke, treasure, ocean spray",crime+monster_taming | crime+pirate | monster_taming+pirate,"A marketable mascot, partner creature or compact companion design with strong silhouette readability. Resolute familiar design blending partner-creature gear, capture tools, talismans, companion-bond energy with detective, gangster, police or heist aesthetics with urban grit. Subtle background hint only: rigging, maps, cannon smoke, treasure, ocean spray. Color accent idea: obsidian and red. Keep pose dynamic, anatomy clean, no extra limbs, and make the hidden genre read only as a subtle environment cue."
298,B03,3,S30,30,R2C3,8,g30_pet_shonen_038,g30_pet_shonen_038.png,Fangspark,The Titan Abyss Corsair Familiar,pet,Pet,shonen,Shonen,kaiju,Kaiju,cosmic_horror,Cosmic Horror,pirate,Pirate,A driven pet design that overtly sells Kaiju x Cosmic Horror.,"rigging, maps, cannon smoke, treasure, ocean spray",cosmic_horror+kaiju | cosmic_horror+pirate | kaiju+pirate,"A marketable mascot, partner creature or compact companion design with strong silhouette readability. Kinetic mascot creature design blending defence-force, monster-hunter or scaled-beast spectacle language with occult, forbidden-text, cult or abyssal dread visuals. Subtle background hint only: rigging, maps, cannon smoke, treasure, ocean spray. Color accent idea: indigo and brass. Keep pose dynamic, anatomy clean, no extra limbs, and make the hidden genre read only as a subtle environment cue."
299,B03,3,S30,30,R2C4,9,g30_pet_shonen_039,g30_pet_shonen_039.png,Glimspark,The Beast Underworld Fist Familiar,pet,Pet,shonen,Shonen,monster_taming,Monster Taming,crime,Crime,martial,Martial Arts,A fearless pet design that overtly sells Monster Taming x Crime.,"dojo banners, shattered tiles, temple gates, training gear",crime+martial | crime+monster_taming | martial+monster_taming,"A marketable mascot, partner creature or compact companion design with strong silhouette readability. Battle-ready tiny guardian design blending partner-creature gear, capture tools, talismans, companion-bond energy with detective, gangster, police or heist aesthetics with urban grit. Subtle background hint only: dojo banners, shattered tiles, temple gates, training gear. Color accent idea: sand and turquoise. Keep pose dynamic, anatomy clean, no extra limbs, and make the hidden genre read only as a subtle environment cue."
300,B03,3,S30,30,R2C5,10,g30_pet_shonen_040,g30_pet_shonen_040.png,Kikispark,The Titan Abyss Fist Familiar,pet,Pet,shonen,Shonen,kaiju,Kaiju,cosmic_horror,Cosmic Horror,martial,Martial Arts,A scrappy pet design that overtly sells Kaiju x Cosmic Horror.,"dojo banners, shattered tiles, temple gates, training gear",cosmic_horror+kaiju | cosmic_horror+martial | kaiju+martial,"A marketable mascot, partner creature or compact companion design with strong silhouette readability. Driven mini beast design blending defence-force, monster-hunter or scaled-beast spectacle language with occult, forbidden-text, cult or abyssal dread visuals. Subtle background hint only: dojo banners, shattered tiles, temple gates, training gear. Color accent idea: violet and silver. Keep pose dynamic, anatomy clean, no extra limbs, and make the hidden genre read only as a subtle environment cue."
301,B04,4,S31,31,R1C1,1,g30_pet_shonen_041,g30_pet_shonen_041.png,Lumenspark,The Beast Underworld Myth Familiar,pet,Pet,shonen,Shonen,monster_taming,Monster Taming,crime,Crime,mythology,Mythology,A heroic pet design that overtly sells Monster Taming x Crime.,"divine statues, laurel, sacred fire, heroic reliefs",crime+monster_taming | crime+mythology | monster_taming+mythology,"A marketable mascot, partner creature or compact companion design with strong silhouette readability. Fearless non-human companion design blending partner-creature gear, capture tools, talismans, companion-bond energy with detective, gangster, police or heist aesthetics with urban grit. Subtle background hint only: divine statues, laurel, sacred fire, heroic reliefs. Color accent idea: scarlet and gold. Keep pose dynamic, anatomy clean, no extra limbs, and make the hidden genre read only as a subtle environment cue."
302,B04,4,S31,31,R1C2,2,g30_pet_shonen_042,g30_pet_shonen_042.png,Mirispark,The Titan Abyss Myth Familiar,pet,Pet,shonen,Shonen,kaiju,Kaiju,cosmic_horror,Cosmic Horror,mythology,Mythology,A hot-blooded pet design that overtly sells Kaiju x Cosmic Horror.,"divine statues, laurel, sacred fire, heroic reliefs",cosmic_horror+kaiju | cosmic_horror+mythology | kaiju+mythology,"A marketable mascot, partner creature or compact companion design with strong silhouette readability. Scrappy familiar design blending defence-force, monster-hunter or scaled-beast spectacle language with occult, forbidden-text, cult or abyssal dread visuals. Subtle background hint only: divine statues, laurel, sacred fire, heroic reliefs. Color accent idea: navy and amber. Keep pose dynamic, anatomy clean, no extra limbs, and make the hidden genre read only as a subtle environment cue."
303,B04,4,S31,31,R1C3,3,g30_pet_shonen_043,g30_pet_shonen_043.png,Misospark,The Beast Underworld North Familiar,pet,Pet,shonen,Shonen,monster_taming,Monster Taming,crime,Crime,nordic,Nordic,A resolute pet design that overtly sells Monster Taming x Crime.,"snow, carved wood, longship details, aurora, fur banners",crime+monster_taming | crime+nordic | monster_taming+nordic,"A marketable mascot, partner creature or compact companion design with strong silhouette readability. Heroic mascot creature design blending partner-creature gear, capture tools, talismans, companion-bond energy with detective, gangster, police or heist aesthetics with urban grit. Subtle background hint only: snow, carved wood, longship details, aurora, fur banners. Color accent idea: obsidian and red. Keep pose dynamic, anatomy clean, no extra limbs, and make the hidden genre read only as a subtle environment cue."
304,B04,4,S31,31,R1C4,4,g30_pet_shonen_044,g30_pet_shonen_044.png,Mokuspark,The Titan Abyss North Familiar,pet,Pet,shonen,Shonen,kaiju,Kaiju,cosmic_horror,Cosmic Horror,nordic,Nordic,A kinetic pet design that overtly sells Kaiju x Cosmic Horror.,"snow, carved wood, longship details, aurora, fur banners",cosmic_horror+kaiju | cosmic_horror+nordic | kaiju+nordic,"A marketable mascot, partner creature or compact companion design with strong silhouette readability. Hot-blooded tiny guardian design blending defence-force, monster-hunter or scaled-beast spectacle language with occult, forbidden-text, cult or abyssal dread visuals. Subtle background hint only: snow, carved wood, longship details, aurora, fur banners. Color accent idea: indigo and brass. Keep pose dynamic, anatomy clean, no extra limbs, and make the hidden genre read only as a subtle environment cue."
305,B04,4,S31,31,R1C5,5,g30_pet_shonen_045,g30_pet_shonen_045.png,Nibspark,The Beast Underworld Blade Familiar,pet,Pet,shonen,Shonen,monster_taming,Monster Taming,crime,Crime,samurai,Samurai,A battle-ready pet design that overtly sells Monster Taming x Crime.,"paper screens, mon crests, lacquer, falling maple leaves",crime+monster_taming | crime+samurai | monster_taming+samurai,"A marketable mascot, partner creature or compact companion design with strong silhouette readability. Resolute mini beast design blending partner-creature gear, capture tools, talismans, companion-bond energy with detective, gangster, police or heist aesthetics with urban grit. Subtle background hint only: paper screens, mon crests, lacquer, falling maple leaves. Color accent idea: sand and turquoise. Keep pose dynamic, anatomy clean, no extra limbs, and make the hidden genre read only as a subtle environment cue."
306,B04,4,S31,31,R2C1,6,g30_pet_shonen_046,g30_pet_shonen_046.png,Norispark,The Titan Abyss Blade Familiar,pet,Pet,shonen,Shonen,kaiju,Kaiju,cosmic_horror,Cosmic Horror,samurai,Samurai,A driven pet design that overtly sells Kaiju x Cosmic Horror.,"paper screens, mon crests, lacquer, falling maple leaves",cosmic_horror+kaiju | cosmic_horror+samurai | kaiju+samurai,"A marketable mascot, partner creature or compact companion design with strong silhouette readability. Kinetic non-human companion design blending defence-force, monster-hunter or scaled-beast spectacle language with occult, forbidden-text, cult or abyssal dread visuals. Subtle background hint only: paper screens, mon crests, lacquer, falling maple leaves. Color accent idea: violet and silver. Keep pose dynamic, anatomy clean, no extra limbs, and make the hidden genre read only as a subtle environment cue."
307,B04,4,S31,31,R2C2,7,g30_pet_shonen_047,g30_pet_shonen_047.png,Orbitspark,The Beast Underworld Shadow Familiar,pet,Pet,shonen,Shonen,monster_taming,Monster Taming,crime,Crime,shinobi,Shinobi,A fearless pet design that overtly sells Monster Taming x Crime.,"moonlit rooftops, smoke bombs, hidden blades, bamboo",crime+monster_taming | crime+shinobi | monster_taming+shinobi,"A marketable mascot, partner creature or compact companion design with strong silhouette readability. Battle-ready familiar design blending partner-creature gear, capture tools, talismans, companion-bond energy with detective, gangster, police or heist aesthetics with urban grit. Subtle background hint only: moonlit rooftops, smoke bombs, hidden blades, bamboo. Color accent idea: scarlet and gold. Keep pose dynamic, anatomy clean, no extra limbs, and make the hidden genre read only as a subtle environment cue."
308,B04,4,S31,31,R2C3,8,g30_pet_shonen_048,g30_pet_shonen_048.png,Pebblespark,The Titan Abyss Shadow Familiar,pet,Pet,shonen,Shonen,kaiju,Kaiju,cosmic_horror,Cosmic Horror,shinobi,Shinobi,A scrappy pet design that overtly sells Kaiju x Cosmic Horror.,"moonlit rooftops, smoke bombs, hidden blades, bamboo",cosmic_horror+kaiju | cosmic_horror+shinobi | kaiju+shinobi,"A marketable mascot, partner creature or compact companion design with strong silhouette readability. Driven mascot creature design blending defence-force, monster-hunter or scaled-beast spectacle language with occult, forbidden-text, cult or abyssal dread visuals. Subtle background hint only: moonlit rooftops, smoke bombs, hidden blades, bamboo. Color accent idea: navy and amber. Keep pose dynamic, anatomy clean, no extra limbs, and make the hidden genre read only as a subtle environment cue."
309,B04,4,S31,31,R2C4,9,g30_pet_shonen_049,g30_pet_shonen_049.png,Pipspark,The Beast Underworld Blood Familiar,pet,Pet,shonen,Shonen,monster_taming,Monster Taming,crime,Crime,vampire,Vampire,A heroic pet design that overtly sells Monster Taming x Crime.,"crimson moonlight, gothic windows, candelabras, coffin motifs",crime+monster_taming | crime+vampire | monster_taming+vampire,"A marketable mascot, partner creature or compact companion design with strong silhouette readability. Fearless tiny guardian design blending partner-creature gear, capture tools, talismans, companion-bond energy with detective, gangster, police or heist aesthetics with urban grit. Subtle background hint only: crimson moonlight, gothic windows, candelabras, coffin motifs. Color accent idea: obsidian and red. Keep pose dynamic, anatomy clean, no extra limbs, and make the hidden genre read only as a subtle environment cue."
310,B04,4,S31,31,R2C5,10,g30_pet_shonen_050,g30_pet_shonen_050.png,Puckspark,The Titan Abyss Blood Familiar,pet,Pet,shonen,Shonen,kaiju,Kaiju,cosmic_horror,Cosmic Horror,vampire,Vampire,A hot-blooded pet design that overtly sells Kaiju x Cosmic Horror.,"crimson moonlight, gothic windows, candelabras, coffin motifs",cosmic_horror+kaiju | cosmic_horror+vampire | kaiju+vampire,"A marketable mascot, partner creature or compact companion design with strong silhouette readability. Scrappy mini beast design blending defence-force, monster-hunter or scaled-beast spectacle language with occult, forbidden-text, cult or abyssal dread visuals. Subtle background hint only: crimson moonlight, gothic windows, candelabras, coffin motifs. Color accent idea: indigo and brass. Keep pose dynamic, anatomy clean, no extra limbs, and make the hidden genre read only as a subtle environment cue."
311,B04,4,S32,32,R1C1,1,g30_pet_shonen_051,g30_pet_shonen_051.png,Riffspark,The Beast Underworld Ruin Familiar,pet,Pet,shonen,Shonen,monster_taming,Monster Taming,crime,Crime,grimdark,Grimdark,A resolute pet design that overtly sells Monster Taming x Crime.,"war-torn ruins, infernal haze, chains, blackened armor",crime+grimdark | crime+monster_taming | grimdark+monster_taming,"A marketable mascot, partner creature or compact companion design with strong silhouette readability. Heroic non-human companion design blending partner-creature gear, capture tools, talismans, companion-bond energy with detective, gangster, police or heist aesthetics with urban grit. Subtle background hint only: war-torn ruins, infernal haze, chains, blackened armor. Color accent idea: sand and turquoise. Keep pose dynamic, anatomy clean, no extra limbs, and make the hidden genre read only as a subtle environment cue."
312,B04,4,S32,32,R1C2,2,g30_pet_shonen_052,g30_pet_shonen_052.png,Runespark,The Titan Abyss Ruin Familiar,pet,Pet,shonen,Shonen,kaiju,Kaiju,cosmic_horror,Cosmic Horror,grimdark,Grimdark,A kinetic pet design that overtly sells Kaiju x Cosmic Horror.,"war-torn ruins, infernal haze, chains, blackened armor",cosmic_horror+grimdark | cosmic_horror+kaiju | grimdark+kaiju,"A marketable mascot, partner creature or compact companion design with strong silhouette readability. Hot-blooded familiar design blending defence-force, monster-hunter or scaled-beast spectacle language with occult, forbidden-text, cult or abyssal dread visuals. Subtle background hint only: war-torn ruins, infernal haze, chains, blackened armor. Color accent idea: violet and silver. Keep pose dynamic, anatomy clean, no extra limbs, and make the hidden genre read only as a subtle environment cue."
313,B04,4,S32,32,R1C3,3,g30_pet_shonen_053,g30_pet_shonen_053.png,Sablespark,The Gear Portal Beast Familiar,pet,Pet,shonen,Shonen,mecha,Mecha,isekai,Isekai,monster_taming,Monster Taming,A battle-ready pet design that overtly sells Mecha x Isekai.,"creature dens, hatcheries, capture tags, feeding bowls",isekai+monster_taming | mecha+monster_taming,"A marketable mascot, partner creature or compact companion design with strong silhouette readability. Resolute mascot creature design blending Mecha-driven styling with Isekai-driven styling. Subtle background hint only: creature dens, hatcheries, capture tags, feeding bowls. Color accent idea: scarlet and gold. Keep pose dynamic, anatomy clean, no extra limbs, and make the hidden genre read only as a subtle environment cue."
314,B04,4,S32,32,R1C4,4,g30_pet_shonen_054,g30_pet_shonen_054.png,Skiffspark,The Hearth Terror Dune Familiar,pet,Pet,shonen,Shonen,slice,Slice of Life,horror,Horror,arabia,Arabia,A driven pet design that overtly sells Slice of Life x Horror.,"dune horizons, palace arches, mosaic tiles, brass lamps, caravan tents",arabia+horror | arabia+slice,"A marketable mascot, partner creature or compact companion design with strong silhouette readability. Kinetic tiny guardian design blending Slice of Life-driven styling with Horror-driven styling. Subtle background hint only: dune horizons, palace arches, mosaic tiles, brass lamps, caravan tents. Color accent idea: navy and amber. Keep pose dynamic, anatomy clean, no extra limbs, and make the hidden genre read only as a subtle environment cue."
315,B04,4,S32,32,R1C5,5,g30_pet_shonen_055,g30_pet_shonen_055.png,Sootspark,The Heart Arena Dune Familiar,pet,Pet,shonen,Shonen,romance,Romance,sports,Sports,arabia,Arabia,A fearless pet design that overtly sells Romance x Sports.,"dune horizons, palace arches, mosaic tiles, brass lamps, caravan tents",arabia+romance | arabia+sports,"A marketable mascot, partner creature or compact companion design with strong silhouette readability. Battle-ready mini beast design blending Romance-driven styling with Sports-driven styling. Subtle background hint only: dune horizons, palace arches, mosaic tiles, brass lamps, caravan tents. Color accent idea: obsidian and red. Keep pose dynamic, anatomy clean, no extra limbs, and make the hidden genre read only as a subtle environment cue."
316,B04,4,S32,32,R2C1,6,g30_pet_shonen_056,g30_pet_shonen_056.png,Talonspark,The Neon Realm Dune Familiar,pet,Pet,shonen,Shonen,cyber,Cyber,fantasy,Fantasy,arabia,Arabia,A scrappy pet design that overtly sells Cyber x Fantasy.,"dune horizons, palace arches, mosaic tiles, brass lamps, caravan tents",arabia+cyber | arabia+fantasy,"A marketable mascot, partner creature or compact companion design with strong silhouette readability. Driven non-human companion design blending Cyber-driven styling with Fantasy-driven styling. Subtle background hint only: dune horizons, palace arches, mosaic tiles, brass lamps, caravan tents. Color accent idea: indigo and brass. Keep pose dynamic, anatomy clean, no extra limbs, and make the hidden genre read only as a subtle environment cue."
317,B04,4,S32,32,R2C2,7,g30_pet_shonen_057,g30_pet_shonen_057.png,Tikaspark,The Stage Cipher Dune Familiar,pet,Pet,shonen,Shonen,idol,Idol,mystery,Mystery,arabia,Arabia,A heroic pet design that overtly sells Idol x Mystery.,"dune horizons, palace arches, mosaic tiles, brass lamps, caravan tents",arabia+idol | arabia+mystery,"A marketable mascot, partner creature or compact companion design with strong silhouette readability. Fearless familiar design blending Idol-driven styling with Mystery-driven styling. Subtle background hint only: dune horizons, palace arches, mosaic tiles, brass lamps, caravan tents. Color accent idea: sand and turquoise. Keep pose dynamic, anatomy clean, no extra limbs, and make the hidden genre read only as a subtle environment cue."
318,B04,4,S32,32,R2C3,8,g30_pet_shonen_058,g30_pet_shonen_058.png,Totospark,The Mirth Kitchen Dune Familiar,pet,Pet,shonen,Shonen,comedy,Comedy,cooking,Cooking,arabia,Arabia,A hot-blooded pet design that overtly sells Comedy x Cooking.,"dune horizons, palace arches, mosaic tiles, brass lamps, caravan tents",arabia+comedy | arabia+cooking,"A marketable mascot, partner creature or compact companion design with strong silhouette readability. Scrappy mascot creature design blending Comedy-driven styling with Cooking-driven styling. Subtle background hint only: dune horizons, palace arches, mosaic tiles, brass lamps, caravan tents. Color accent idea: violet and silver. Keep pose dynamic, anatomy clean, no extra limbs, and make the hidden genre read only as a subtle environment cue."
319,B04,4,S32,32,R2C4,9,g30_pet_shonen_059,g30_pet_shonen_059.png,Vantaspark,The Command Spirit Dune Familiar,pet,Pet,shonen,Shonen,military,Military,supernatural,Supernatural,arabia,Arabia,A resolute pet design that overtly sells Military x Supernatural.,"dune horizons, palace arches, mosaic tiles, brass lamps, caravan tents",arabia+military | arabia+supernatural,"A marketable mascot, partner creature or compact companion design with strong silhouette readability. Heroic tiny guardian design blending Military-driven styling with Supernatural-driven styling. Subtle background hint only: dune horizons, palace arches, mosaic tiles, brass lamps, caravan tents. Color accent idea: scarlet and gold. Keep pose dynamic, anatomy clean, no extra limbs, and make the hidden genre read only as a subtle environment cue."
320,B04,4,S32,32,R2C5,10,g30_pet_shonen_060,g30_pet_shonen_060.png,Whispspark,The Void Charm Dune Familiar,pet,Pet,shonen,Shonen,space,Space,magical,Magical,arabia,Arabia,A kinetic pet design that overtly sells Space x Magical.,"dune horizons, palace arches, mosaic tiles, brass lamps, caravan tents",arabia+magical | arabia+space,"A marketable mascot, partner creature or compact companion design with strong silhouette readability. Hot-blooded mini beast design blending Space-driven styling with Magical-driven styling. Subtle background hint only: dune horizons, palace arches, mosaic tiles, brass lamps, caravan tents. Color accent idea: navy and amber. Keep pose dynamic, anatomy clean, no extra limbs, and make the hidden genre read only as a subtle environment cue."
321,B04,4,S33,33,R1C1,1,g30_pet_shonen_061,g30_pet_shonen_061.png,Azusprite,The Wild Corsair Dune Familiar,pet,Pet,shonen,Shonen,survival,Survival,pirate,Pirate,arabia,Arabia,A battle-ready pet design that overtly sells Survival x Pirate.,"dune horizons, palace arches, mosaic tiles, brass lamps, caravan tents",arabia+pirate | arabia+survival,"A marketable mascot, partner creature or compact companion design with strong silhouette readability. Resolute non-human companion design blending Survival-driven styling with Pirate-driven styling. Subtle background hint only: dune horizons, palace arches, mosaic tiles, brass lamps, caravan tents. Color accent idea: obsidian and red. Keep pose dynamic, anatomy clean, no extra limbs, and make the hidden genre read only as a subtle environment cue."
322,B04,4,S33,33,R1C2,2,g30_pet_shonen_062,g30_pet_shonen_062.png,Bramsprite,The Fist Myth Dune Familiar,pet,Pet,shonen,Shonen,martial,Martial Arts,mythology,Mythology,arabia,Arabia,A driven pet design that overtly sells Martial Arts x Mythology.,"dune horizons, palace arches, mosaic tiles, brass lamps, caravan tents",arabia+martial | arabia+mythology,"A marketable mascot, partner creature or compact companion design with strong silhouette readability. Kinetic familiar design blending Martial Arts-driven styling with Mythology-driven styling. Subtle background hint only: dune horizons, palace arches, mosaic tiles, brass lamps, caravan tents. Color accent idea: indigo and brass. Keep pose dynamic, anatomy clean, no extra limbs, and make the hidden genre read only as a subtle environment cue."
323,B04,4,S33,33,R1C3,3,g30_pet_shonen_063,g30_pet_shonen_063.png,Chaisprite,The North Blade Dune Familiar,pet,Pet,shonen,Shonen,nordic,Nordic,samurai,Samurai,arabia,Arabia,A fearless pet design that overtly sells Nordic x Samurai.,"dune horizons, palace arches, mosaic tiles, brass lamps, caravan tents",arabia+nordic | arabia+samurai,"A marketable mascot, partner creature or compact companion design with strong silhouette readability. Battle-ready mascot creature design blending Nordic-driven styling with Samurai-driven styling. Subtle background hint only: dune horizons, palace arches, mosaic tiles, brass lamps, caravan tents. Color accent idea: sand and turquoise. Keep pose dynamic, anatomy clean, no extra limbs, and make the hidden genre read only as a subtle environment cue."
324,B04,4,S33,33,R1C4,4,g30_pet_shonen_064,g30_pet_shonen_064.png,Cindersprite,The Shadow Blood Dune Familiar,pet,Pet,shonen,Shonen,shinobi,Shinobi,vampire,Vampire,arabia,Arabia,A scrappy pet design that overtly sells Shinobi x Vampire.,"dune horizons, palace arches, mosaic tiles, brass lamps, caravan tents",arabia+shinobi | arabia+vampire,"A marketable mascot, partner creature or compact companion design with strong silhouette readability. Driven tiny guardian design blending Shinobi-driven styling with Vampire-driven styling. Subtle background hint only: dune horizons, palace arches, mosaic tiles, brass lamps, caravan tents. Color accent idea: violet and silver. Keep pose dynamic, anatomy clean, no extra limbs, and make the hidden genre read only as a subtle environment cue."
325,B04,4,S33,33,R1C5,5,g30_pet_shonen_065,g30_pet_shonen_065.png,Clinksprite,The Beast Dune Ruin Familiar,pet,Pet,shonen,Shonen,monster_taming,Monster Taming,arabia,Arabia,grimdark,Grimdark,A heroic pet design that overtly sells Monster Taming x Arabia.,"war-torn ruins, infernal haze, chains, blackened armor",arabia+grimdark | arabia+monster_taming | grimdark+monster_taming,"A marketable mascot, partner creature or compact companion design with strong silhouette readability. Fearless mini beast design blending partner-creature gear, capture tools, talismans, companion-bond energy with desert-sorcery, caravan, palace or djinn-adventure styling. Subtle background hint only: war-torn ruins, infernal haze, chains, blackened armor. Color accent idea: scarlet and gold. Keep pose dynamic, anatomy clean, no extra limbs, and make the hidden genre read only as a subtle environment cue."
326,B04,4,S33,33,R2C1,6,g30_pet_shojo_001,g30_pet_shojo_001.png,Djinnisprite,The Beast Underworld Titan Sprite,pet,Pet,shojo,Shojo,monster_taming,Monster Taming,crime,Crime,kaiju,Kaiju,A poised pet design that overtly sells Monster Taming x Crime.,"evacuation sirens, broken skyline, blast walls, giant footprints",crime+kaiju | crime+monster_taming | kaiju+monster_taming,"A charming companion, familiar or creature-sidekick with expressive appeal and collectible merchandising energy. Stylish non-human companion design blending partner-creature gear, capture tools, talismans, companion-bond energy with detective, gangster, police or heist aesthetics with urban grit. Subtle background hint only: evacuation sirens, broken skyline, blast walls, giant footprints. Color accent idea: emerald and ivory. Keep pose dynamic, anatomy clean, no extra limbs, and make the hidden genre read only as a subtle environment cue."
327,B04,4,S33,33,R2C2,7,g30_pet_shojo_002,g30_pet_shojo_002.png,Embersprite,The Beast Abyss Dune Sprite,pet,Pet,shojo,Shojo,monster_taming,Monster Taming,cosmic_horror,Cosmic Horror,arabia,Arabia,A dramatic pet design that overtly sells Monster Taming x Cosmic Horror.,"dune horizons, palace arches, mosaic tiles, brass lamps, caravan tents",arabia+cosmic_horror | arabia+monster_taming | cosmic_horror+monster_taming,"A charming companion, familiar or creature-sidekick with expressive appeal and collectible merchandising energy. Expressive familiar design blending partner-creature gear, capture tools, talismans, companion-bond energy with occult, forbidden-text, cult or abyssal dread visuals. Subtle background hint only: dune horizons, palace arches, mosaic tiles, brass lamps, caravan tents. Color accent idea: teal and copper. Keep pose dynamic, anatomy clean, no extra limbs, and make the hidden genre read only as a subtle environment cue."
328,B04,4,S33,33,R2C3,8,g30_pet_shojo_003,g30_pet_shojo_003.png,Fangsprite,The Underworld Abyss Gear Sprite,pet,Pet,shojo,Shojo,crime,Crime,cosmic_horror,Cosmic Horror,mecha,Mecha,A luminous pet design that overtly sells Crime x Cosmic Horror.,"hangar lights, pistons, warning stripes, giant silhouettes",cosmic_horror+crime | cosmic_horror+mecha | crime+mecha,"A charming companion, familiar or creature-sidekick with expressive appeal and collectible merchandising energy. Poised mascot creature design blending detective, gangster, police or heist aesthetics with urban grit with occult, forbidden-text, cult or abyssal dread visuals. Subtle background hint only: hangar lights, pistons, warning stripes, giant silhouettes. Color accent idea: charcoal and magenta. Keep pose dynamic, anatomy clean, no extra limbs, and make the hidden genre read only as a subtle environment cue."
329,B04,4,S33,33,R2C4,9,g30_pet_shojo_004,g30_pet_shojo_004.png,Glimsprite,The Titan Dune Gear Sprite,pet,Pet,shojo,Shojo,kaiju,Kaiju,arabia,Arabia,mecha,Mecha,A elegant pet design that overtly sells Kaiju x Arabia.,"hangar lights, pistons, warning stripes, giant silhouettes",arabia+kaiju | arabia+mecha | kaiju+mecha,"A charming companion, familiar or creature-sidekick with expressive appeal and collectible merchandising energy. Dramatic tiny guardian design blending defence-force, monster-hunter or scaled-beast spectacle language with desert-sorcery, caravan, palace or djinn-adventure styling. Subtle background hint only: hangar lights, pistons, warning stripes, giant silhouettes. Color accent idea: white and cobalt. Keep pose dynamic, anatomy clean, no extra limbs, and make the hidden genre read only as a subtle environment cue."
330,B04,4,S33,33,R2C5,10,g30_pet_shojo_005,g30_pet_shojo_005.png,Kikisprite,The Underworld Dune Portal Sprite,pet,Pet,shojo,Shojo,crime,Crime,arabia,Arabia,isekai,Isekai,A romantic pet design that overtly sells Crime x Arabia.,"summoning circle, portal shards, floating UI sigils",arabia+crime | arabia+isekai | crime+isekai,"A charming companion, familiar or creature-sidekick with expressive appeal and collectible merchandising energy. Luminous mini beast design blending detective, gangster, police or heist aesthetics with urban grit with desert-sorcery, caravan, palace or djinn-adventure styling. Subtle background hint only: summoning circle, portal shards, floating UI sigils. Color accent idea: sage and bronze. Keep pose dynamic, anatomy clean, no extra limbs, and make the hidden genre read only as a subtle environment cue."
331,B04,4,S34,34,R1C1,1,g30_pet_shojo_006,g30_pet_shojo_006.png,Lumensprite,The Titan Abyss Portal Sprite,pet,Pet,shojo,Shojo,kaiju,Kaiju,cosmic_horror,Cosmic Horror,isekai,Isekai,A haunting pet design that overtly sells Kaiju x Cosmic Horror.,"summoning circle, portal shards, floating UI sigils",cosmic_horror+isekai | cosmic_horror+kaiju | isekai+kaiju,"A charming companion, familiar or creature-sidekick with expressive appeal and collectible merchandising energy. Elegant non-human companion design blending defence-force, monster-hunter or scaled-beast spectacle language with occult, forbidden-text, cult or abyssal dread visuals. Subtle background hint only: summoning circle, portal shards, floating UI sigils. Color accent idea: crimson and black. Keep pose dynamic, anatomy clean, no extra limbs, and make the hidden genre read only as a subtle environment cue."
332,B04,4,S34,34,R1C2,2,g30_pet_shojo_007,g30_pet_shojo_007.png,Mirisprite,The Beast Underworld Hearth Sprite,pet,Pet,shojo,Shojo,monster_taming,Monster Taming,crime,Crime,slice,Slice of Life,A stylish pet design that overtly sells Monster Taming x Crime.,"warm domestic details, school corridor, café corner, laundry line",crime+monster_taming | crime+slice | monster_taming+slice,"A charming companion, familiar or creature-sidekick with expressive appeal and collectible merchandising energy. Romantic familiar design blending partner-creature gear, capture tools, talismans, companion-bond energy with detective, gangster, police or heist aesthetics with urban grit. Subtle background hint only: warm domestic details, school corridor, café corner, laundry line. Color accent idea: emerald and ivory. Keep pose dynamic, anatomy clean, no extra limbs, and make the hidden genre read only as a subtle environment cue."
333,B04,4,S34,34,R1C3,3,g30_pet_shojo_008,g30_pet_shojo_008.png,Misosprite,The Titan Abyss Hearth Sprite,pet,Pet,shojo,Shojo,kaiju,Kaiju,cosmic_horror,Cosmic Horror,slice,Slice of Life,A expressive pet design that overtly sells Kaiju x Cosmic Horror.,"warm domestic details, school corridor, café corner, laundry line",cosmic_horror+kaiju | cosmic_horror+slice | kaiju+slice,"A charming companion, familiar or creature-sidekick with expressive appeal and collectible merchandising energy. Haunting mascot creature design blending defence-force, monster-hunter or scaled-beast spectacle language with occult, forbidden-text, cult or abyssal dread visuals. Subtle background hint only: warm domestic details, school corridor, café corner, laundry line. Color accent idea: teal and copper. Keep pose dynamic, anatomy clean, no extra limbs, and make the hidden genre read only as a subtle environment cue."
334,B04,4,S34,34,R1C4,4,g30_pet_shojo_009,g30_pet_shojo_009.png,Mokusprite,The Beast Underworld Terror Sprite,pet,Pet,shojo,Shojo,monster_taming,Monster Taming,crime,Crime,horror,Horror,A poised pet design that overtly sells Monster Taming x Crime.,"medical curtains, abandoned halls, claw shadows, eerie green light",crime+horror | crime+monster_taming | horror+monster_taming,"A charming companion, familiar or creature-sidekick with expressive appeal and collectible merchandising energy. Stylish tiny guardian design blending partner-creature gear, capture tools, talismans, companion-bond energy with detective, gangster, police or heist aesthetics with urban grit. Subtle background hint only: medical curtains, abandoned halls, claw shadows, eerie green light. Color accent idea: charcoal and magenta. Keep pose dynamic, anatomy clean, no extra limbs, and make the hidden genre read only as a subtle environment cue."
335,B04,4,S34,34,R1C5,5,g30_pet_shojo_010,g30_pet_shojo_010.png,Nibsprite,The Titan Abyss Terror Sprite,pet,Pet,shojo,Shojo,kaiju,Kaiju,cosmic_horror,Cosmic Horror,horror,Horror,A dramatic pet design that overtly sells Kaiju x Cosmic Horror.,"medical curtains, abandoned halls, claw shadows, eerie green light",cosmic_horror+horror | cosmic_horror+kaiju | horror+kaiju,"A charming companion, familiar or creature-sidekick with expressive appeal and collectible merchandising energy. Expressive mini beast design blending defence-force, monster-hunter or scaled-beast spectacle language with occult, forbidden-text, cult or abyssal dread visuals. Subtle background hint only: medical curtains, abandoned halls, claw shadows, eerie green light. Color accent idea: white and cobalt. Keep pose dynamic, anatomy clean, no extra limbs, and make the hidden genre read only as a subtle environment cue."
336,B04,4,S34,34,R2C1,6,g30_pet_shojo_011,g30_pet_shojo_011.png,Norisprite,The Beast Underworld Heart Sprite,pet,Pet,shojo,Shojo,monster_taming,Monster Taming,crime,Crime,romance,Romance,A luminous pet design that overtly sells Monster Taming x Crime.,"petals, soft lights, letters, balcony rails, heart motifs",crime+monster_taming | crime+romance | monster_taming+romance,"A charming companion, familiar or creature-sidekick with expressive appeal and collectible merchandising energy. Poised non-human companion design blending partner-creature gear, capture tools, talismans, companion-bond energy with detective, gangster, police or heist aesthetics with urban grit. Subtle background hint only: petals, soft lights, letters, balcony rails, heart motifs. Color accent idea: sage and bronze. Keep pose dynamic, anatomy clean, no extra limbs, and make the hidden genre read only as a subtle environment cue."
337,B04,4,S34,34,R2C2,7,g30_pet_shojo_012,g30_pet_shojo_012.png,Orbitsprite,The Titan Abyss Heart Sprite,pet,Pet,shojo,Shojo,kaiju,Kaiju,cosmic_horror,Cosmic Horror,romance,Romance,A elegant pet design that overtly sells Kaiju x Cosmic Horror.,"petals, soft lights, letters, balcony rails, heart motifs",cosmic_horror+kaiju | cosmic_horror+romance | kaiju+romance,"A charming companion, familiar or creature-sidekick with expressive appeal and collectible merchandising energy. Dramatic familiar design blending defence-force, monster-hunter or scaled-beast spectacle language with occult, forbidden-text, cult or abyssal dread visuals. Subtle background hint only: petals, soft lights, letters, balcony rails, heart motifs. Color accent idea: crimson and black. Keep pose dynamic, anatomy clean, no extra limbs, and make the hidden genre read only as a subtle environment cue."
338,B04,4,S34,34,R2C3,8,g30_pet_shojo_013,g30_pet_shojo_013.png,Pebblesprite,The Beast Underworld Arena Sprite,pet,Pet,shojo,Shojo,monster_taming,Monster Taming,crime,Crime,sports,Sports,A romantic pet design that overtly sells Monster Taming x Crime.,"stadium floodlights, lane markings, scoreboards, locker-room cues",crime+monster_taming | crime+sports | monster_taming+sports,"A charming companion, familiar or creature-sidekick with expressive appeal and collectible merchandising energy. Luminous mascot creature design blending partner-creature gear, capture tools, talismans, companion-bond energy with detective, gangster, police or heist aesthetics with urban grit. Subtle background hint only: stadium floodlights, lane markings, scoreboards, locker-room cues. Color accent idea: emerald and ivory. Keep pose dynamic, anatomy clean, no extra limbs, and make the hidden genre read only as a subtle environment cue."
339,B04,4,S34,34,R2C4,9,g30_pet_shojo_014,g30_pet_shojo_014.png,Pipsprite,The Titan Abyss Arena Sprite,pet,Pet,shojo,Shojo,kaiju,Kaiju,cosmic_horror,Cosmic Horror,sports,Sports,A haunting pet design that overtly sells Kaiju x Cosmic Horror.,"stadium floodlights, lane markings, scoreboards, locker-room cues",cosmic_horror+kaiju | cosmic_horror+sports | kaiju+sports,"A charming companion, familiar or creature-sidekick with expressive appeal and collectible merchandising energy. Elegant tiny guardian design blending defence-force, monster-hunter or scaled-beast spectacle language with occult, forbidden-text, cult or abyssal dread visuals. Subtle background hint only: stadium floodlights, lane markings, scoreboards, locker-room cues. Color accent idea: teal and copper. Keep pose dynamic, anatomy clean, no extra limbs, and make the hidden genre read only as a subtle environment cue."
340,B04,4,S34,34,R2C5,10,g30_pet_shojo_015,g30_pet_shojo_015.png,Pucksprite,The Beast Underworld Neon Sprite,pet,Pet,shojo,Shojo,monster_taming,Monster Taming,crime,Crime,cyber,Cyber,A stylish pet design that overtly sells Monster Taming x Crime.,"neon grids, holograms, circuit traces, city rain reflections",crime+cyber | crime+monster_taming | cyber+monster_taming,"A charming companion, familiar or creature-sidekick with expressive appeal and collectible merchandising energy. Romantic mini beast design blending partner-creature gear, capture tools, talismans, companion-bond energy with detective, gangster, police or heist aesthetics with urban grit. Subtle background hint only: neon grids, holograms, circuit traces, city rain reflections. Color accent idea: charcoal and magenta. Keep pose dynamic, anatomy clean, no extra limbs, and make the hidden genre read only as a subtle environment cue."
341,B04,4,S35,35,R1C1,1,g30_pet_shojo_016,g30_pet_shojo_016.png,Riffsprite,The Titan Abyss Neon Sprite,pet,Pet,shojo,Shojo,kaiju,Kaiju,cosmic_horror,Cosmic Horror,cyber,Cyber,A expressive pet design that overtly sells Kaiju x Cosmic Horror.,"neon grids, holograms, circuit traces, city rain reflections",cosmic_horror+cyber | cosmic_horror+kaiju | cyber+kaiju,"A charming companion, familiar or creature-sidekick with expressive appeal and collectible merchandising energy. Haunting non-human companion design blending defence-force, monster-hunter or scaled-beast spectacle language with occult, forbidden-text, cult or abyssal dread visuals. Subtle background hint only: neon grids, holograms, circuit traces, city rain reflections. Color accent idea: white and cobalt. Keep pose dynamic, anatomy clean, no extra limbs, and make the hidden genre read only as a subtle environment cue."
342,B04,4,S35,35,R1C2,2,g30_pet_shojo_017,g30_pet_shojo_017.png,Runesprite,The Beast Underworld Realm Sprite,pet,Pet,shojo,Shojo,monster_taming,Monster Taming,crime,Crime,fantasy,Fantasy,A poised pet design that overtly sells Monster Taming x Crime.,"runes, relics, banners, ancient stonework, enchanted forests",crime+fantasy | crime+monster_taming | fantasy+monster_taming,"A charming companion, familiar or creature-sidekick with expressive appeal and collectible merchandising energy. Stylish familiar design blending partner-creature gear, capture tools, talismans, companion-bond energy with detective, gangster, police or heist aesthetics with urban grit. Subtle background hint only: runes, relics, banners, ancient stonework, enchanted forests. Color accent idea: sage and bronze. Keep pose dynamic, anatomy clean, no extra limbs, and make the hidden genre read only as a subtle environment cue."
343,B04,4,S35,35,R1C3,3,g30_pet_shojo_018,g30_pet_shojo_018.png,Sablesprite,The Titan Abyss Realm Sprite,pet,Pet,shojo,Shojo,kaiju,Kaiju,cosmic_horror,Cosmic Horror,fantasy,Fantasy,A dramatic pet design that overtly sells Kaiju x Cosmic Horror.,"runes, relics, banners, ancient stonework, enchanted forests",cosmic_horror+fantasy | cosmic_horror+kaiju | fantasy+kaiju,"A charming companion, familiar or creature-sidekick with expressive appeal and collectible merchandising energy. Expressive mascot creature design blending defence-force, monster-hunter or scaled-beast spectacle language with occult, forbidden-text, cult or abyssal dread visuals. Subtle background hint only: runes, relics, banners, ancient stonework, enchanted forests. Color accent idea: crimson and black. Keep pose dynamic, anatomy clean, no extra limbs, and make the hidden genre read only as a subtle environment cue."
344,B04,4,S35,35,R1C4,4,g30_pet_shojo_019,g30_pet_shojo_019.png,Skiffsprite,The Beast Underworld Stage Sprite,pet,Pet,shojo,Shojo,monster_taming,Monster Taming,crime,Crime,idol,Idol,A luminous pet design that overtly sells Monster Taming x Crime.,"stage lights, star confetti, speaker stacks, glowsticks",crime+idol | crime+monster_taming | idol+monster_taming,"A charming companion, familiar or creature-sidekick with expressive appeal and collectible merchandising energy. Poised tiny guardian design blending partner-creature gear, capture tools, talismans, companion-bond energy with detective, gangster, police or heist aesthetics with urban grit. Subtle background hint only: stage lights, star confetti, speaker stacks, glowsticks. Color accent idea: emerald and ivory. Keep pose dynamic, anatomy clean, no extra limbs, and make the hidden genre read only as a subtle environment cue."
345,B04,4,S35,35,R1C5,5,g30_pet_shojo_020,g30_pet_shojo_020.png,Sootsprite,The Titan Abyss Stage Sprite,pet,Pet,shojo,Shojo,kaiju,Kaiju,cosmic_horror,Cosmic Horror,idol,Idol,A elegant pet design that overtly sells Kaiju x Cosmic Horror.,"stage lights, star confetti, speaker stacks, glowsticks",cosmic_horror+idol | cosmic_horror+kaiju | idol+kaiju,"A charming companion, familiar or creature-sidekick with expressive appeal and collectible merchandising energy. Dramatic mini beast design blending defence-force, monster-hunter or scaled-beast spectacle language with occult, forbidden-text, cult or abyssal dread visuals. Subtle background hint only: stage lights, star confetti, speaker stacks, glowsticks. Color accent idea: teal and copper. Keep pose dynamic, anatomy clean, no extra limbs, and make the hidden genre read only as a subtle environment cue."
346,B04,4,S35,35,R2C1,6,g30_pet_shojo_021,g30_pet_shojo_021.png,Talonsprite,The Beast Underworld Cipher Sprite,pet,Pet,shojo,Shojo,monster_taming,Monster Taming,crime,Crime,mystery,Mystery,A romantic pet design that overtly sells Monster Taming x Crime.,"case boards, magnifying glass reflections, foggy windows, clues",crime+monster_taming | crime+mystery | monster_taming+mystery,"A charming companion, familiar or creature-sidekick with expressive appeal and collectible merchandising energy. Luminous non-human companion design blending partner-creature gear, capture tools, talismans, companion-bond energy with detective, gangster, police or heist aesthetics with urban grit. Subtle background hint only: case boards, magnifying glass reflections, foggy windows, clues. Color accent idea: charcoal and magenta. Keep pose dynamic, anatomy clean, no extra limbs, and make the hidden genre read only as a subtle environment cue."
347,B04,4,S35,35,R2C2,7,g30_pet_shojo_022,g30_pet_shojo_022.png,Tikasprite,The Titan Abyss Cipher Sprite,pet,Pet,shojo,Shojo,kaiju,Kaiju,cosmic_horror,Cosmic Horror,mystery,Mystery,A haunting pet design that overtly sells Kaiju x Cosmic Horror.,"case boards, magnifying glass reflections, foggy windows, clues",cosmic_horror+kaiju | cosmic_horror+mystery | kaiju+mystery,"A charming companion, familiar or creature-sidekick with expressive appeal and collectible merchandising energy. Elegant familiar design blending defence-force, monster-hunter or scaled-beast spectacle language with occult, forbidden-text, cult or abyssal dread visuals. Subtle background hint only: case boards, magnifying glass reflections, foggy windows, clues. Color accent idea: white and cobalt. Keep pose dynamic, anatomy clean, no extra limbs, and make the hidden genre read only as a subtle environment cue."
348,B04,4,S35,35,R2C3,8,g30_pet_shojo_023,g30_pet_shojo_023.png,Totosprite,The Beast Underworld Mirth Sprite,pet,Pet,shojo,Shojo,monster_taming,Monster Taming,crime,Crime,comedy,Comedy,A stylish pet design that overtly sells Monster Taming x Crime.,"playful props, bright signage, exaggerated set pieces",comedy+crime | comedy+monster_taming | crime+monster_taming,"A charming companion, familiar or creature-sidekick with expressive appeal and collectible merchandising energy. Romantic mascot creature design blending partner-creature gear, capture tools, talismans, companion-bond energy with detective, gangster, police or heist aesthetics with urban grit. Subtle background hint only: playful props, bright signage, exaggerated set pieces. Color accent idea: sage and bronze. Keep pose dynamic, anatomy clean, no extra limbs, and make the hidden genre read only as a subtle environment cue."
349,B04,4,S35,35,R2C4,9,g30_pet_shojo_024,g30_pet_shojo_024.png,Vantasprite,The Titan Abyss Mirth Sprite,pet,Pet,shojo,Shojo,kaiju,Kaiju,cosmic_horror,Cosmic Horror,comedy,Comedy,A expressive pet design that overtly sells Kaiju x Cosmic Horror.,"playful props, bright signage, exaggerated set pieces",comedy+cosmic_horror | comedy+kaiju | cosmic_horror+kaiju,"A charming companion, familiar or creature-sidekick with expressive appeal and collectible merchandising energy. Haunting tiny guardian design blending defence-force, monster-hunter or scaled-beast spectacle language with occult, forbidden-text, cult or abyssal dread visuals. Subtle background hint only: playful props, bright signage, exaggerated set pieces. Color accent idea: crimson and black. Keep pose dynamic, anatomy clean, no extra limbs, and make the hidden genre read only as a subtle environment cue."
350,B04,4,S35,35,R2C5,10,g30_pet_shojo_025,g30_pet_shojo_025.png,Whispsprite,The Beast Underworld Kitchen Sprite,pet,Pet,shojo,Shojo,monster_taming,Monster Taming,crime,Crime,cooking,Cooking,A poised pet design that overtly sells Monster Taming x Crime.,"steam, hanging pans, chopping blocks, spice stalls",cooking+crime | cooking+monster_taming | crime+monster_taming,"A charming companion, familiar or creature-sidekick with expressive appeal and collectible merchandising energy. Stylish mini beast design blending partner-creature gear, capture tools, talismans, companion-bond energy with detective, gangster, police or heist aesthetics with urban grit. Subtle background hint only: steam, hanging pans, chopping blocks, spice stalls. Color accent idea: emerald and ivory. Keep pose dynamic, anatomy clean, no extra limbs, and make the hidden genre read only as a subtle environment cue."
351,B04,4,S36,36,R1C1,1,g30_pet_shojo_026,g30_pet_shojo_026.png,Azutail,The Titan Abyss Kitchen Sprite,pet,Pet,shojo,Shojo,kaiju,Kaiju,cosmic_horror,Cosmic Horror,cooking,Cooking,A dramatic pet design that overtly sells Kaiju x Cosmic Horror.,"steam, hanging pans, chopping blocks, spice stalls",cooking+cosmic_horror | cooking+kaiju | cosmic_horror+kaiju,"A charming companion, familiar or creature-sidekick with expressive appeal and collectible merchandising energy. Expressive non-human companion design blending defence-force, monster-hunter or scaled-beast spectacle language with occult, forbidden-text, cult or abyssal dread visuals. Subtle background hint only: steam, hanging pans, chopping blocks, spice stalls. Color accent idea: teal and copper. Keep pose dynamic, anatomy clean, no extra limbs, and make the hidden genre read only as a subtle environment cue."
352,B04,4,S36,36,R1C2,2,g30_pet_shojo_027,g30_pet_shojo_027.png,Bramtail,The Beast Underworld Command Sprite,pet,Pet,shojo,Shojo,monster_taming,Monster Taming,crime,Crime,military,Military,A luminous pet design that overtly sells Monster Taming x Crime.,"sandbags, tactical screens, emblems, armored vehicles",crime+military | crime+monster_taming | military+monster_taming,"A charming companion, familiar or creature-sidekick with expressive appeal and collectible merchandising energy. Poised familiar design blending partner-creature gear, capture tools, talismans, companion-bond energy with detective, gangster, police or heist aesthetics with urban grit. Subtle background hint only: sandbags, tactical screens, emblems, armored vehicles. Color accent idea: charcoal and magenta. Keep pose dynamic, anatomy clean, no extra limbs, and make the hidden genre read only as a subtle environment cue."
353,B04,4,S36,36,R1C3,3,g30_pet_shojo_028,g30_pet_shojo_028.png,Chaitail,The Titan Abyss Command Sprite,pet,Pet,shojo,Shojo,kaiju,Kaiju,cosmic_horror,Cosmic Horror,military,Military,A elegant pet design that overtly sells Kaiju x Cosmic Horror.,"sandbags, tactical screens, emblems, armored vehicles",cosmic_horror+kaiju | cosmic_horror+military | kaiju+military,"A charming companion, familiar or creature-sidekick with expressive appeal and collectible merchandising energy. Dramatic mascot creature design blending defence-force, monster-hunter or scaled-beast spectacle language with occult, forbidden-text, cult or abyssal dread visuals. Subtle background hint only: sandbags, tactical screens, emblems, armored vehicles. Color accent idea: white and cobalt. Keep pose dynamic, anatomy clean, no extra limbs, and make the hidden genre read only as a subtle environment cue."
354,B04,4,S36,36,R1C4,4,g30_pet_shojo_029,g30_pet_shojo_029.png,Cindertail,The Beast Underworld Spirit Sprite,pet,Pet,shojo,Shojo,monster_taming,Monster Taming,crime,Crime,supernatural,Supernatural,A romantic pet design that overtly sells Monster Taming x Crime.,"spirit wisps, shrine gates, sigils, moonlit talismans",crime+monster_taming | crime+supernatural | monster_taming+supernatural,"A charming companion, familiar or creature-sidekick with expressive appeal and collectible merchandising energy. Luminous tiny guardian design blending partner-creature gear, capture tools, talismans, companion-bond energy with detective, gangster, police or heist aesthetics with urban grit. Subtle background hint only: spirit wisps, shrine gates, sigils, moonlit talismans. Color accent idea: sage and bronze. Keep pose dynamic, anatomy clean, no extra limbs, and make the hidden genre read only as a subtle environment cue."
355,B04,4,S36,36,R1C5,5,g30_pet_shojo_030,g30_pet_shojo_030.png,Clinktail,The Titan Abyss Spirit Sprite,pet,Pet,shojo,Shojo,kaiju,Kaiju,cosmic_horror,Cosmic Horror,supernatural,Supernatural,A haunting pet design that overtly sells Kaiju x Cosmic Horror.,"spirit wisps, shrine gates, sigils, moonlit talismans",cosmic_horror+kaiju | cosmic_horror+supernatural | kaiju+supernatural,"A charming companion, familiar or creature-sidekick with expressive appeal and collectible merchandising energy. Elegant mini beast design blending defence-force, monster-hunter or scaled-beast spectacle language with occult, forbidden-text, cult or abyssal dread visuals. Subtle background hint only: spirit wisps, shrine gates, sigils, moonlit talismans. Color accent idea: crimson and black. Keep pose dynamic, anatomy clean, no extra limbs, and make the hidden genre read only as a subtle environment cue."
356,B04,4,S36,36,R2C1,6,g30_pet_shojo_031,g30_pet_shojo_031.png,Djinnitail,The Beast Underworld Void Sprite,pet,Pet,shojo,Shojo,monster_taming,Monster Taming,crime,Crime,space,Space,A stylish pet design that overtly sells Monster Taming x Crime.,"starfields, cockpit glass, planets, docking ports",crime+monster_taming | crime+space | monster_taming+space,"A charming companion, familiar or creature-sidekick with expressive appeal and collectible merchandising energy. Romantic non-human companion design blending partner-creature gear, capture tools, talismans, companion-bond energy with detective, gangster, police or heist aesthetics with urban grit. Subtle background hint only: starfields, cockpit glass, planets, docking ports. Color accent idea: emerald and ivory. Keep pose dynamic, anatomy clean, no extra limbs, and make the hidden genre read only as a subtle environment cue."
357,B04,4,S36,36,R2C2,7,g30_pet_shojo_032,g30_pet_shojo_032.png,Embertail,The Titan Abyss Void Sprite,pet,Pet,shojo,Shojo,kaiju,Kaiju,cosmic_horror,Cosmic Horror,space,Space,A expressive pet design that overtly sells Kaiju x Cosmic Horror.,"starfields, cockpit glass, planets, docking ports",cosmic_horror+kaiju | cosmic_horror+space | kaiju+space,"A charming companion, familiar or creature-sidekick with expressive appeal and collectible merchandising energy. Haunting familiar design blending defence-force, monster-hunter or scaled-beast spectacle language with occult, forbidden-text, cult or abyssal dread visuals. Subtle background hint only: starfields, cockpit glass, planets, docking ports. Color accent idea: teal and copper. Keep pose dynamic, anatomy clean, no extra limbs, and make the hidden genre read only as a subtle environment cue."
358,B04,4,S36,36,R2C3,8,g30_pet_shojo_033,g30_pet_shojo_033.png,Fangtail,The Beast Underworld Charm Sprite,pet,Pet,shojo,Shojo,monster_taming,Monster Taming,crime,Crime,magical,Magical,A poised pet design that overtly sells Monster Taming x Crime.,"sparkles, transformation glyphs, ribbon trails, pastel magic",crime+magical | crime+monster_taming | magical+monster_taming,"A charming companion, familiar or creature-sidekick with expressive appeal and collectible merchandising energy. Stylish mascot creature design blending partner-creature gear, capture tools, talismans, companion-bond energy with detective, gangster, police or heist aesthetics with urban grit. Subtle background hint only: sparkles, transformation glyphs, ribbon trails, pastel magic. Color accent idea: charcoal and magenta. Keep pose dynamic, anatomy clean, no extra limbs, and make the hidden genre read only as a subtle environment cue."
359,B04,4,S36,36,R2C4,9,g30_pet_shojo_034,g30_pet_shojo_034.png,Glimtail,The Titan Abyss Charm Sprite,pet,Pet,shojo,Shojo,kaiju,Kaiju,cosmic_horror,Cosmic Horror,magical,Magical,A dramatic pet design that overtly sells Kaiju x Cosmic Horror.,"sparkles, transformation glyphs, ribbon trails, pastel magic",cosmic_horror+kaiju | cosmic_horror+magical | kaiju+magical,"A charming companion, familiar or creature-sidekick with expressive appeal and collectible merchandising energy. Expressive tiny guardian design blending defence-force, monster-hunter or scaled-beast spectacle language with occult, forbidden-text, cult or abyssal dread visuals. Subtle background hint only: sparkles, transformation glyphs, ribbon trails, pastel magic. Color accent idea: white and cobalt. Keep pose dynamic, anatomy clean, no extra limbs, and make the hidden genre read only as a subtle environment cue."
360,B04,4,S36,36,R2C5,10,g30_pet_shojo_035,g30_pet_shojo_035.png,Kikitail,The Beast Underworld Wild Sprite,pet,Pet,shojo,Shojo,monster_taming,Monster Taming,crime,Crime,survival,Survival,A luminous pet design that overtly sells Monster Taming x Crime.,"camp gear, rough maps, ropes, storm clouds, scavenged supplies",crime+monster_taming | crime+survival | monster_taming+survival,"A charming companion, familiar or creature-sidekick with expressive appeal and collectible merchandising energy. Poised mini beast design blending partner-creature gear, capture tools, talismans, companion-bond energy with detective, gangster, police or heist aesthetics with urban grit. Subtle background hint only: camp gear, rough maps, ropes, storm clouds, scavenged supplies. Color accent idea: sage and bronze. Keep pose dynamic, anatomy clean, no extra limbs, and make the hidden genre read only as a subtle environment cue."
361,B04,4,S37,37,R1C1,1,g30_pet_shojo_036,g30_pet_shojo_036.png,Lumentail,The Titan Abyss Wild Sprite,pet,Pet,shojo,Shojo,kaiju,Kaiju,cosmic_horror,Cosmic Horror,survival,Survival,A elegant pet design that overtly sells Kaiju x Cosmic Horror.,"camp gear, rough maps, ropes, storm clouds, scavenged supplies",cosmic_horror+kaiju | cosmic_horror+survival | kaiju+survival,"A charming companion, familiar or creature-sidekick with expressive appeal and collectible merchandising energy. Dramatic non-human companion design blending defence-force, monster-hunter or scaled-beast spectacle language with occult, forbidden-text, cult or abyssal dread visuals. Subtle background hint only: camp gear, rough maps, ropes, storm clouds, scavenged supplies. Color accent idea: crimson and black. Keep pose dynamic, anatomy clean, no extra limbs, and make the hidden genre read only as a subtle environment cue."
362,B04,4,S37,37,R1C2,2,g30_pet_shojo_037,g30_pet_shojo_037.png,Miritail,The Beast Underworld Corsair Sprite,pet,Pet,shojo,Shojo,monster_taming,Monster Taming,crime,Crime,pirate,Pirate,A romantic pet design that overtly sells Monster Taming x Crime.,"rigging, maps, cannon smoke, treasure, ocean spray",crime+monster_taming | crime+pirate | monster_taming+pirate,"A charming companion, familiar or creature-sidekick with expressive appeal and collectible merchandising energy. Luminous familiar design blending partner-creature gear, capture tools, talismans, companion-bond energy with detective, gangster, police or heist aesthetics with urban grit. Subtle background hint only: rigging, maps, cannon smoke, treasure, ocean spray. Color accent idea: emerald and ivory. Keep pose dynamic, anatomy clean, no extra limbs, and make the hidden genre read only as a subtle environment cue."
363,B04,4,S37,37,R1C3,3,g30_pet_shojo_038,g30_pet_shojo_038.png,Misotail,The Titan Abyss Corsair Sprite,pet,Pet,shojo,Shojo,kaiju,Kaiju,cosmic_horror,Cosmic Horror,pirate,Pirate,A haunting pet design that overtly sells Kaiju x Cosmic Horror.,"rigging, maps, cannon smoke, treasure, ocean spray",cosmic_horror+kaiju | cosmic_horror+pirate | kaiju+pirate,"A charming companion, familiar or creature-sidekick with expressive appeal and collectible merchandising energy. Elegant mascot creature design blending defence-force, monster-hunter or scaled-beast spectacle language with occult, forbidden-text, cult or abyssal dread visuals. Subtle background hint only: rigging, maps, cannon smoke, treasure, ocean spray. Color accent idea: teal and copper. Keep pose dynamic, anatomy clean, no extra limbs, and make the hidden genre read only as a subtle environment cue."
364,B04,4,S37,37,R1C4,4,g30_pet_shojo_039,g30_pet_shojo_039.png,Mokutail,The Beast Underworld Fist Sprite,pet,Pet,shojo,Shojo,monster_taming,Monster Taming,crime,Crime,martial,Martial Arts,A stylish pet design that overtly sells Monster Taming x Crime.,"dojo banners, shattered tiles, temple gates, training gear",crime+martial | crime+monster_taming | martial+monster_taming,"A charming companion, familiar or creature-sidekick with expressive appeal and collectible merchandising energy. Romantic tiny guardian design blending partner-creature gear, capture tools, talismans, companion-bond energy with detective, gangster, police or heist aesthetics with urban grit. Subtle background hint only: dojo banners, shattered tiles, temple gates, training gear. Color accent idea: charcoal and magenta. Keep pose dynamic, anatomy clean, no extra limbs, and make the hidden genre read only as a subtle environment cue."
365,B04,4,S37,37,R1C5,5,g30_pet_shojo_040,g30_pet_shojo_040.png,Nibtail,The Titan Abyss Fist Sprite,pet,Pet,shojo,Shojo,kaiju,Kaiju,cosmic_horror,Cosmic Horror,martial,Martial Arts,A expressive pet design that overtly sells Kaiju x Cosmic Horror.,"dojo banners, shattered tiles, temple gates, training gear",cosmic_horror+kaiju | cosmic_horror+martial | kaiju+martial,"A charming companion, familiar or creature-sidekick with expressive appeal and collectible merchandising energy. Haunting mini beast design blending defence-force, monster-hunter or scaled-beast spectacle language with occult, forbidden-text, cult or abyssal dread visuals. Subtle background hint only: dojo banners, shattered tiles, temple gates, training gear. Color accent idea: white and cobalt. Keep pose dynamic, anatomy clean, no extra limbs, and make the hidden genre read only as a subtle environment cue."
366,B04,4,S37,37,R2C1,6,g30_pet_shojo_041,g30_pet_shojo_041.png,Noritail,The Beast Underworld Myth Sprite,pet,Pet,shojo,Shojo,monster_taming,Monster Taming,crime,Crime,mythology,Mythology,A poised pet design that overtly sells Monster Taming x Crime.,"divine statues, laurel, sacred fire, heroic reliefs",crime+monster_taming | crime+mythology | monster_taming+mythology,"A charming companion, familiar or creature-sidekick with expressive appeal and collectible merchandising energy. Stylish non-human companion design blending partner-creature gear, capture tools, talismans, companion-bond energy with detective, gangster, police or heist aesthetics with urban grit. Subtle background hint only: divine statues, laurel, sacred fire, heroic reliefs. Color accent idea: sage and bronze. Keep pose dynamic, anatomy clean, no extra limbs, and make the hidden genre read only as a subtle environment cue."
367,B04,4,S37,37,R2C2,7,g30_pet_shojo_042,g30_pet_shojo_042.png,Orbittail,The Titan Abyss Myth Sprite,pet,Pet,shojo,Shojo,kaiju,Kaiju,cosmic_horror,Cosmic Horror,mythology,Mythology,A dramatic pet design that overtly sells Kaiju x Cosmic Horror.,"divine statues, laurel, sacred fire, heroic reliefs",cosmic_horror+kaiju | cosmic_horror+mythology | kaiju+mythology,"A charming companion, familiar or creature-sidekick with expressive appeal and collectible merchandising energy. Expressive familiar design blending defence-force, monster-hunter or scaled-beast spectacle language with occult, forbidden-text, cult or abyssal dread visuals. Subtle background hint only: divine statues, laurel, sacred fire, heroic reliefs. Color accent idea: crimson and black. Keep pose dynamic, anatomy clean, no extra limbs, and make the hidden genre read only as a subtle environment cue."
368,B04,4,S37,37,R2C3,8,g30_pet_shojo_043,g30_pet_shojo_043.png,Pebbletail,The Beast Underworld North Sprite,pet,Pet,shojo,Shojo,monster_taming,Monster Taming,crime,Crime,nordic,Nordic,A luminous pet design that overtly sells Monster Taming x Crime.,"snow, carved wood, longship details, aurora, fur banners",crime+monster_taming | crime+nordic | monster_taming+nordic,"A charming companion, familiar or creature-sidekick with expressive appeal and collectible merchandising energy. Poised mascot creature design blending partner-creature gear, capture tools, talismans, companion-bond energy with detective, gangster, police or heist aesthetics with urban grit. Subtle background hint only: snow, carved wood, longship details, aurora, fur banners. Color accent idea: emerald and ivory. Keep pose dynamic, anatomy clean, no extra limbs, and make the hidden genre read only as a subtle environment cue."
369,B04,4,S37,37,R2C4,9,g30_pet_shojo_044,g30_pet_shojo_044.png,Piptail,The Titan Abyss North Sprite,pet,Pet,shojo,Shojo,kaiju,Kaiju,cosmic_horror,Cosmic Horror,nordic,Nordic,A elegant pet design that overtly sells Kaiju x Cosmic Horror.,"snow, carved wood, longship details, aurora, fur banners",cosmic_horror+kaiju | cosmic_horror+nordic | kaiju+nordic,"A charming companion, familiar or creature-sidekick with expressive appeal and collectible merchandising energy. Dramatic tiny guardian design blending defence-force, monster-hunter or scaled-beast spectacle language with occult, forbidden-text, cult or abyssal dread visuals. Subtle background hint only: snow, carved wood, longship details, aurora, fur banners. Color accent idea: teal and copper. Keep pose dynamic, anatomy clean, no extra limbs, and make the hidden genre read only as a subtle environment cue."
370,B04,4,S37,37,R2C5,10,g30_pet_shojo_045,g30_pet_shojo_045.png,Pucktail,The Beast Underworld Blade Sprite,pet,Pet,shojo,Shojo,monster_taming,Monster Taming,crime,Crime,samurai,Samurai,A romantic pet design that overtly sells Monster Taming x Crime.,"paper screens, mon crests, lacquer, falling maple leaves",crime+monster_taming | crime+samurai | monster_taming+samurai,"A charming companion, familiar or creature-sidekick with expressive appeal and collectible merchandising energy. Luminous mini beast design blending partner-creature gear, capture tools, talismans, companion-bond energy with detective, gangster, police or heist aesthetics with urban grit. Subtle background hint only: paper screens, mon crests, lacquer, falling maple leaves. Color accent idea: charcoal and magenta. Keep pose dynamic, anatomy clean, no extra limbs, and make the hidden genre read only as a subtle environment cue."
371,B04,4,S38,38,R1C1,1,g30_pet_shojo_046,g30_pet_shojo_046.png,Rifftail,The Titan Abyss Blade Sprite,pet,Pet,shojo,Shojo,kaiju,Kaiju,cosmic_horror,Cosmic Horror,samurai,Samurai,A haunting pet design that overtly sells Kaiju x Cosmic Horror.,"paper screens, mon crests, lacquer, falling maple leaves",cosmic_horror+kaiju | cosmic_horror+samurai | kaiju+samurai,"A charming companion, familiar or creature-sidekick with expressive appeal and collectible merchandising energy. Elegant non-human companion design blending defence-force, monster-hunter or scaled-beast spectacle language with occult, forbidden-text, cult or abyssal dread visuals. Subtle background hint only: paper screens, mon crests, lacquer, falling maple leaves. Color accent idea: white and cobalt. Keep pose dynamic, anatomy clean, no extra limbs, and make the hidden genre read only as a subtle environment cue."
372,B04,4,S38,38,R1C2,2,g30_pet_shojo_047,g30_pet_shojo_047.png,Runetail,The Beast Underworld Shadow Sprite,pet,Pet,shojo,Shojo,monster_taming,Monster Taming,crime,Crime,shinobi,Shinobi,A stylish pet design that overtly sells Monster Taming x Crime.,"moonlit rooftops, smoke bombs, hidden blades, bamboo",crime+monster_taming | crime+shinobi | monster_taming+shinobi,"A charming companion, familiar or creature-sidekick with expressive appeal and collectible merchandising energy. Romantic familiar design blending partner-creature gear, capture tools, talismans, companion-bond energy with detective, gangster, police or heist aesthetics with urban grit. Subtle background hint only: moonlit rooftops, smoke bombs, hidden blades, bamboo. Color accent idea: sage and bronze. Keep pose dynamic, anatomy clean, no extra limbs, and make the hidden genre read only as a subtle environment cue."
373,B04,4,S38,38,R1C3,3,g30_pet_shojo_048,g30_pet_shojo_048.png,Sabletail,The Titan Abyss Shadow Sprite,pet,Pet,shojo,Shojo,kaiju,Kaiju,cosmic_horror,Cosmic Horror,shinobi,Shinobi,A expressive pet design that overtly sells Kaiju x Cosmic Horror.,"moonlit rooftops, smoke bombs, hidden blades, bamboo",cosmic_horror+kaiju | cosmic_horror+shinobi | kaiju+shinobi,"A charming companion, familiar or creature-sidekick with expressive appeal and collectible merchandising energy. Haunting mascot creature design blending defence-force, monster-hunter or scaled-beast spectacle language with occult, forbidden-text, cult or abyssal dread visuals. Subtle background hint only: moonlit rooftops, smoke bombs, hidden blades, bamboo. Color accent idea: crimson and black. Keep pose dynamic, anatomy clean, no extra limbs, and make the hidden genre read only as a subtle environment cue."
374,B04,4,S38,38,R1C4,4,g30_pet_shojo_049,g30_pet_shojo_049.png,Skifftail,The Beast Underworld Blood Sprite,pet,Pet,shojo,Shojo,monster_taming,Monster Taming,crime,Crime,vampire,Vampire,A poised pet design that overtly sells Monster Taming x Crime.,"crimson moonlight, gothic windows, candelabras, coffin motifs",crime+monster_taming | crime+vampire | monster_taming+vampire,"A charming companion, familiar or creature-sidekick with expressive appeal and collectible merchandising energy. Stylish tiny guardian design blending partner-creature gear, capture tools, talismans, companion-bond energy with detective, gangster, police or heist aesthetics with urban grit. Subtle background hint only: crimson moonlight, gothic windows, candelabras, coffin motifs. Color accent idea: emerald and ivory. Keep pose dynamic, anatomy clean, no extra limbs, and make the hidden genre read only as a subtle environment cue."
375,B04,4,S38,38,R1C5,5,g30_pet_shojo_050,g30_pet_shojo_050.png,Soottail,The Titan Abyss Blood Sprite,pet,Pet,shojo,Shojo,kaiju,Kaiju,cosmic_horror,Cosmic Horror,vampire,Vampire,A dramatic pet design that overtly sells Kaiju x Cosmic Horror.,"crimson moonlight, gothic windows, candelabras, coffin motifs",cosmic_horror+kaiju | cosmic_horror+vampire | kaiju+vampire,"A charming companion, familiar or creature-sidekick with expressive appeal and collectible merchandising energy. Expressive mini beast design blending defence-force, monster-hunter or scaled-beast spectacle language with occult, forbidden-text, cult or abyssal dread visuals. Subtle background hint only: crimson moonlight, gothic windows, candelabras, coffin motifs. Color accent idea: teal and copper. Keep pose dynamic, anatomy clean, no extra limbs, and make the hidden genre read only as a subtle environment cue."
376,B04,4,S38,38,R2C1,6,g30_pet_shojo_051,g30_pet_shojo_051.png,Talontail,The Beast Underworld Ruin Sprite,pet,Pet,shojo,Shojo,monster_taming,Monster Taming,crime,Crime,grimdark,Grimdark,A luminous pet design that overtly sells Monster Taming x Crime.,"war-torn ruins, infernal haze, chains, blackened armor",crime+grimdark | crime+monster_taming | grimdark+monster_taming,"A charming companion, familiar or creature-sidekick with expressive appeal and collectible merchandising energy. Poised non-human companion design blending partner-creature gear, capture tools, talismans, companion-bond energy with detective, gangster, police or heist aesthetics with urban grit. Subtle background hint only: war-torn ruins, infernal haze, chains, blackened armor. Color accent idea: charcoal and magenta. Keep pose dynamic, anatomy clean, no extra limbs, and make the hidden genre read only as a subtle environment cue."
377,B04,4,S38,38,R2C2,7,g30_pet_shojo_052,g30_pet_shojo_052.png,Tikatail,The Titan Abyss Ruin Sprite,pet,Pet,shojo,Shojo,kaiju,Kaiju,cosmic_horror,Cosmic Horror,grimdark,Grimdark,A elegant pet design that overtly sells Kaiju x Cosmic Horror.,"war-torn ruins, infernal haze, chains, blackened armor",cosmic_horror+grimdark | cosmic_horror+kaiju | grimdark+kaiju,"A charming companion, familiar or creature-sidekick with expressive appeal and collectible merchandising energy. Dramatic familiar design blending defence-force, monster-hunter or scaled-beast spectacle language with occult, forbidden-text, cult or abyssal dread visuals. Subtle background hint only: war-torn ruins, infernal haze, chains, blackened armor. Color accent idea: white and cobalt. Keep pose dynamic, anatomy clean, no extra limbs, and make the hidden genre read only as a subtle environment cue."
378,B04,4,S38,38,R2C3,8,g30_pet_shojo_053,g30_pet_shojo_053.png,Tototail,The Gear Portal Beast Sprite,pet,Pet,shojo,Shojo,mecha,Mecha,isekai,Isekai,monster_taming,Monster Taming,A romantic pet design that overtly sells Mecha x Isekai.,"creature dens, hatcheries, capture tags, feeding bowls",isekai+monster_taming | mecha+monster_taming,"A charming companion, familiar or creature-sidekick with expressive appeal and collectible merchandising energy. Luminous mascot creature design blending Mecha-driven styling with Isekai-driven styling. Subtle background hint only: creature dens, hatcheries, capture tags, feeding bowls. Color accent idea: sage and bronze. Keep pose dynamic, anatomy clean, no extra limbs, and make the hidden genre read only as a subtle environment cue."
379,B04,4,S38,38,R2C4,9,g30_pet_shojo_054,g30_pet_shojo_054.png,Vantatail,The Hearth Terror Dune Sprite,pet,Pet,shojo,Shojo,slice,Slice of Life,horror,Horror,arabia,Arabia,A haunting pet design that overtly sells Slice of Life x Horror.,"dune horizons, palace arches, mosaic tiles, brass lamps, caravan tents",arabia+horror | arabia+slice,"A charming companion, familiar or creature-sidekick with expressive appeal and collectible merchandising energy. Elegant tiny guardian design blending Slice of Life-driven styling with Horror-driven styling. Subtle background hint only: dune horizons, palace arches, mosaic tiles, brass lamps, caravan tents. Color accent idea: crimson and black. Keep pose dynamic, anatomy clean, no extra limbs, and make the hidden genre read only as a subtle environment cue."
380,B04,4,S38,38,R2C5,10,g30_pet_shojo_055,g30_pet_shojo_055.png,Whisptail,The Heart Arena Dune Sprite,pet,Pet,shojo,Shojo,romance,Romance,sports,Sports,arabia,Arabia,A stylish pet design that overtly sells Romance x Sports.,"dune horizons, palace arches, mosaic tiles, brass lamps, caravan tents",arabia+romance | arabia+sports,"A charming companion, familiar or creature-sidekick with expressive appeal and collectible merchandising energy. Romantic mini beast design blending Romance-driven styling with Sports-driven styling. Subtle background hint only: dune horizons, palace arches, mosaic tiles, brass lamps, caravan tents. Color accent idea: emerald and ivory. Keep pose dynamic, anatomy clean, no extra limbs, and make the hidden genre read only as a subtle environment cue."
381,B04,4,S39,39,R1C1,1,g30_pet_shojo_056,g30_pet_shojo_056.png,Azutooth,The Neon Realm Dune Sprite,pet,Pet,shojo,Shojo,cyber,Cyber,fantasy,Fantasy,arabia,Arabia,A expressive pet design that overtly sells Cyber x Fantasy.,"dune horizons, palace arches, mosaic tiles, brass lamps, caravan tents",arabia+cyber | arabia+fantasy,"A charming companion, familiar or creature-sidekick with expressive appeal and collectible merchandising energy. Haunting non-human companion design blending Cyber-driven styling with Fantasy-driven styling. Subtle background hint only: dune horizons, palace arches, mosaic tiles, brass lamps, caravan tents. Color accent idea: teal and copper. Keep pose dynamic, anatomy clean, no extra limbs, and make the hidden genre read only as a subtle environment cue."
382,B04,4,S39,39,R1C2,2,g30_pet_shojo_057,g30_pet_shojo_057.png,Bramtooth,The Stage Cipher Dune Sprite,pet,Pet,shojo,Shojo,idol,Idol,mystery,Mystery,arabia,Arabia,A poised pet design that overtly sells Idol x Mystery.,"dune horizons, palace arches, mosaic tiles, brass lamps, caravan tents",arabia+idol | arabia+mystery,"A charming companion, familiar or creature-sidekick with expressive appeal and collectible merchandising energy. Stylish familiar design blending Idol-driven styling with Mystery-driven styling. Subtle background hint only: dune horizons, palace arches, mosaic tiles, brass lamps, caravan tents. Color accent idea: charcoal and magenta. Keep pose dynamic, anatomy clean, no extra limbs, and make the hidden genre read only as a subtle environment cue."
383,B04,4,S39,39,R1C3,3,g30_pet_shojo_058,g30_pet_shojo_058.png,Chaitooth,The Mirth Kitchen Dune Sprite,pet,Pet,shojo,Shojo,comedy,Comedy,cooking,Cooking,arabia,Arabia,A dramatic pet design that overtly sells Comedy x Cooking.,"dune horizons, palace arches, mosaic tiles, brass lamps, caravan tents",arabia+comedy | arabia+cooking,"A charming companion, familiar or creature-sidekick with expressive appeal and collectible merchandising energy. Expressive mascot creature design blending Comedy-driven styling with Cooking-driven styling. Subtle background hint only: dune horizons, palace arches, mosaic tiles, brass lamps, caravan tents. Color accent idea: white and cobalt. Keep pose dynamic, anatomy clean, no extra limbs, and make the hidden genre read only as a subtle environment cue."
384,B04,4,S39,39,R1C4,4,g30_pet_shojo_059,g30_pet_shojo_059.png,Cindertooth,The Command Spirit Dune Sprite,pet,Pet,shojo,Shojo,military,Military,supernatural,Supernatural,arabia,Arabia,A luminous pet design that overtly sells Military x Supernatural.,"dune horizons, palace arches, mosaic tiles, brass lamps, caravan tents",arabia+military | arabia+supernatural,"A charming companion, familiar or creature-sidekick with expressive appeal and collectible merchandising energy. Poised tiny guardian design blending Military-driven styling with Supernatural-driven styling. Subtle background hint only: dune horizons, palace arches, mosaic tiles, brass lamps, caravan tents. Color accent idea: sage and bronze. Keep pose dynamic, anatomy clean, no extra limbs, and make the hidden genre read only as a subtle environment cue."
385,B04,4,S39,39,R1C5,5,g30_pet_shojo_060,g30_pet_shojo_060.png,Clinktooth,The Void Charm Dune Sprite,pet,Pet,shojo,Shojo,space,Space,magical,Magical,arabia,Arabia,A elegant pet design that overtly sells Space x Magical.,"dune horizons, palace arches, mosaic tiles, brass lamps, caravan tents",arabia+magical | arabia+space,"A charming companion, familiar or creature-sidekick with expressive appeal and collectible merchandising energy. Dramatic mini beast design blending Space-driven styling with Magical-driven styling. Subtle background hint only: dune horizons, palace arches, mosaic tiles, brass lamps, caravan tents. Color accent idea: crimson and black. Keep pose dynamic, anatomy clean, no extra limbs, and make the hidden genre read only as a subtle environment cue."
386,B04,4,S39,39,R2C1,6,g30_pet_shojo_061,g30_pet_shojo_061.png,Djinnitooth,The Wild Corsair Dune Sprite,pet,Pet,shojo,Shojo,survival,Survival,pirate,Pirate,arabia,Arabia,A romantic pet design that overtly sells Survival x Pirate.,"dune horizons, palace arches, mosaic tiles, brass lamps, caravan tents",arabia+pirate | arabia+survival,"A charming companion, familiar or creature-sidekick with expressive appeal and collectible merchandising energy. Luminous non-human companion design blending Survival-driven styling with Pirate-driven styling. Subtle background hint only: dune horizons, palace arches, mosaic tiles, brass lamps, caravan tents. Color accent idea: emerald and ivory. Keep pose dynamic, anatomy clean, no extra limbs, and make the hidden genre read only as a subtle environment cue."
387,B04,4,S39,39,R2C2,7,g30_pet_shojo_062,g30_pet_shojo_062.png,Embertooth,The Fist Myth Dune Sprite,pet,Pet,shojo,Shojo,martial,Martial Arts,mythology,Mythology,arabia,Arabia,A haunting pet design that overtly sells Martial Arts x Mythology.,"dune horizons, palace arches, mosaic tiles, brass lamps, caravan tents",arabia+martial | arabia+mythology,"A charming companion, familiar or creature-sidekick with expressive appeal and collectible merchandising energy. Elegant familiar design blending Martial Arts-driven styling with Mythology-driven styling. Subtle background hint only: dune horizons, palace arches, mosaic tiles, brass lamps, caravan tents. Color accent idea: teal and copper. Keep pose dynamic, anatomy clean, no extra limbs, and make the hidden genre read only as a subtle environment cue."
388,B04,4,S39,39,R2C3,8,g30_pet_shojo_063,g30_pet_shojo_063.png,Fangtooth,The North Blade Dune Sprite,pet,Pet,shojo,Shojo,nordic,Nordic,samurai,Samurai,arabia,Arabia,A stylish pet design that overtly sells Nordic x Samurai.,"dune horizons, palace arches, mosaic tiles, brass lamps, caravan tents",arabia+nordic | arabia+samurai,"A charming companion, familiar or creature-sidekick with expressive appeal and collectible merchandising energy. Romantic mascot creature design blending Nordic-driven styling with Samurai-driven styling. Subtle background hint only: dune horizons, palace arches, mosaic tiles, brass lamps, caravan tents. Color accent idea: charcoal and magenta. Keep pose dynamic, anatomy clean, no extra limbs, and make the hidden genre read only as a subtle environment cue."
389,B04,4,S39,39,R2C4,9,g30_pet_shojo_064,g30_pet_shojo_064.png,Glimtooth,The Shadow Blood Dune Sprite,pet,Pet,shojo,Shojo,shinobi,Shinobi,vampire,Vampire,arabia,Arabia,A expressive pet design that overtly sells Shinobi x Vampire.,"dune horizons, palace arches, mosaic tiles, brass lamps, caravan tents",arabia+shinobi | arabia+vampire,"A charming companion, familiar or creature-sidekick with expressive appeal and collectible merchandising energy. Haunting tiny guardian design blending Shinobi-driven styling with Vampire-driven styling. Subtle background hint only: dune horizons, palace arches, mosaic tiles, brass lamps, caravan tents. Color accent idea: white and cobalt. Keep pose dynamic, anatomy clean, no extra limbs, and make the hidden genre read only as a subtle environment cue."
390,B04,4,S39,39,R2C5,10,g30_pet_shojo_065,g30_pet_shojo_065.png,Kikitooth,The Beast Dune Ruin Sprite,pet,Pet,shojo,Shojo,monster_taming,Monster Taming,arabia,Arabia,grimdark,Grimdark,A poised pet design that overtly sells Monster Taming x Arabia.,"war-torn ruins, infernal haze, chains, blackened armor",arabia+grimdark | arabia+monster_taming | grimdark+monster_taming,"A charming companion, familiar or creature-sidekick with expressive appeal and collectible merchandising energy. Stylish mini beast design blending partner-creature gear, capture tools, talismans, companion-bond energy with desert-sorcery, caravan, palace or djinn-adventure styling. Subtle background hint only: war-torn ruins, infernal haze, chains, blackened armor. Color accent idea: sage and bronze. Keep pose dynamic, anatomy clean, no extra limbs, and make the hidden genre read only as a subtle environment cue."
391,B04,4,S40,40,R1C1,1,g30_villain_shonen_001,g30_villain_shonen_001.png,Eira Darzi,The Beast Underworld Titan Nemesis,villain,Villain,shonen,Shonen,monster_taming,Monster Taming,crime,Crime,kaiju,Kaiju,A resolute villain concept that overtly sells Monster Taming x Crime.,"evacuation sirens, broken skyline, blast walls, giant footprints",crime+kaiju | crime+monster_taming | kaiju+monster_taming,"A dangerous antagonist with a forceful silhouette and clear threat language. Heroic djiin-twisted figure character blending partner-creature gear, capture tools, talismans, companion-bond energy with detective, gangster, police or heist aesthetics with urban grit. Subtle background hint only: evacuation sirens, broken skyline, blast walls, giant footprints. Color accent idea: navy and amber. Keep pose dynamic, anatomy clean, no extra limbs, and make the hidden genre read only as a subtle environment cue."
392,B04,4,S40,40,R1C2,2,g30_villain_shonen_002,g30_villain_shonen_002.png,Elian Darzi,The Beast Abyss Dune Nemesis,villain,Villain,shonen,Shonen,monster_taming,Monster Taming,cosmic_horror,Cosmic Horror,arabia,Arabia,A kinetic villain concept that overtly sells Monster Taming x Cosmic Horror.,"dune horizons, palace arches, mosaic tiles, brass lamps, caravan tents",arabia+cosmic_horror | arabia+monster_taming | cosmic_horror+monster_taming,"A dangerous antagonist with a forceful silhouette and clear threat language. Hot-blooded monstrous humanoid character blending partner-creature gear, capture tools, talismans, companion-bond energy with occult, forbidden-text, cult or abyssal dread visuals. Subtle background hint only: dune horizons, palace arches, mosaic tiles, brass lamps, caravan tents. Color accent idea: obsidian and red. Keep pose dynamic, anatomy clean, no extra limbs, and make the hidden genre read only as a subtle environment cue."
393,B04,4,S40,40,R1C3,3,g30_villain_shonen_003,g30_villain_shonen_003.png,Emi Darzi,The Underworld Abyss Gear Nemesis,villain,Villain,shonen,Shonen,crime,Crime,cosmic_horror,Cosmic Horror,mecha,Mecha,A battle-ready villain concept that overtly sells Crime x Cosmic Horror.,"hangar lights, pistons, warning stripes, giant silhouettes",cosmic_horror+crime | cosmic_horror+mecha | crime+mecha,"A dangerous antagonist with a forceful silhouette and clear threat language. Resolute human character blending detective, gangster, police or heist aesthetics with urban grit with occult, forbidden-text, cult or abyssal dread visuals. Subtle background hint only: hangar lights, pistons, warning stripes, giant silhouettes. Color accent idea: indigo and brass. Keep pose dynamic, anatomy clean, no extra limbs, and make the hidden genre read only as a subtle environment cue."
394,B04,4,S40,40,R1C4,4,g30_villain_shonen_004,g30_villain_shonen_004.png,Farah Darzi,The Titan Dune Gear Nemesis,villain,Villain,shonen,Shonen,kaiju,Kaiju,arabia,Arabia,mecha,Mecha,A driven villain concept that overtly sells Kaiju x Arabia.,"hangar lights, pistons, warning stripes, giant silhouettes",arabia+kaiju | arabia+mecha | kaiju+mecha,"A dangerous antagonist with a forceful silhouette and clear threat language. Kinetic dread creature character blending defence-force, monster-hunter or scaled-beast spectacle language with desert-sorcery, caravan, palace or djinn-adventure styling. Subtle background hint only: hangar lights, pistons, warning stripes, giant silhouettes. Color accent idea: sand and turquoise. Keep pose dynamic, anatomy clean, no extra limbs, and make the hidden genre read only as a subtle environment cue."
395,B04,4,S40,40,R1C5,5,g30_villain_shonen_005,g30_villain_shonen_005.png,Hana Darzi,The Underworld Dune Portal Nemesis,villain,Villain,shonen,Shonen,crime,Crime,arabia,Arabia,isekai,Isekai,A fearless villain concept that overtly sells Crime x Arabia.,"summoning circle, portal shards, floating UI sigils",arabia+crime | arabia+isekai | crime+isekai,"A dangerous antagonist with a forceful silhouette and clear threat language. Battle-ready demon character blending detective, gangster, police or heist aesthetics with urban grit with desert-sorcery, caravan, palace or djinn-adventure styling. Subtle background hint only: summoning circle, portal shards, floating UI sigils. Color accent idea: violet and silver. Keep pose dynamic, anatomy clean, no extra limbs, and make the hidden genre read only as a subtle environment cue."
396,B04,4,S40,40,R2C1,6,g30_villain_shonen_006,g30_villain_shonen_006.png,Haru Darzi,The Titan Abyss Portal Nemesis,villain,Villain,shonen,Shonen,kaiju,Kaiju,cosmic_horror,Cosmic Horror,isekai,Isekai,A scrappy villain concept that overtly sells Kaiju x Cosmic Horror.,"summoning circle, portal shards, floating UI sigils",cosmic_horror+isekai | cosmic_horror+kaiju | isekai+kaiju,"A dangerous antagonist with a forceful silhouette and clear threat language. Driven djiin-twisted figure character blending defence-force, monster-hunter or scaled-beast spectacle language with occult, forbidden-text, cult or abyssal dread visuals. Subtle background hint only: summoning circle, portal shards, floating UI sigils. Color accent idea: scarlet and gold. Keep pose dynamic, anatomy clean, no extra limbs, and make the hidden genre read only as a subtle environment cue."
397,B04,4,S40,40,R2C2,7,g30_villain_shonen_007,g30_villain_shonen_007.png,Idris Darzi,The Beast Underworld Hearth Nemesis,villain,Villain,shonen,Shonen,monster_taming,Monster Taming,crime,Crime,slice,Slice of Life,A heroic villain concept that overtly sells Monster Taming x Crime.,"warm domestic details, school corridor, café corner, laundry line",crime+monster_taming | crime+slice | monster_taming+slice,"A dangerous antagonist with a forceful silhouette and clear threat language. Fearless monstrous humanoid character blending partner-creature gear, capture tools, talismans, companion-bond energy with detective, gangster, police or heist aesthetics with urban grit. Subtle background hint only: warm domestic details, school corridor, café corner, laundry line. Color accent idea: navy and amber. Keep pose dynamic, anatomy clean, no extra limbs, and make the hidden genre read only as a subtle environment cue."
398,B04,4,S40,40,R2C3,8,g30_villain_shonen_008,g30_villain_shonen_008.png,Imani Darzi,The Titan Abyss Hearth Nemesis,villain,Villain,shonen,Shonen,kaiju,Kaiju,cosmic_horror,Cosmic Horror,slice,Slice of Life,A hot-blooded villain concept that overtly sells Kaiju x Cosmic Horror.,"warm domestic details, school corridor, café corner, laundry line",cosmic_horror+kaiju | cosmic_horror+slice | kaiju+slice,"A dangerous antagonist with a forceful silhouette and clear threat language. Scrappy human character blending defence-force, monster-hunter or scaled-beast spectacle language with occult, forbidden-text, cult or abyssal dread visuals. Subtle background hint only: warm domestic details, school corridor, café corner, laundry line. Color accent idea: obsidian and red. Keep pose dynamic, anatomy clean, no extra limbs, and make the hidden genre read only as a subtle environment cue."
399,B04,4,S40,40,R2C4,9,g30_villain_shonen_009,g30_villain_shonen_009.png,Jae Darzi,The Beast Underworld Terror Nemesis,villain,Villain,shonen,Shonen,monster_taming,Monster Taming,crime,Crime,horror,Horror,A resolute villain concept that overtly sells Monster Taming x Crime.,"medical curtains, abandoned halls, claw shadows, eerie green light",crime+horror | crime+monster_taming | horror+monster_taming,"A dangerous antagonist with a forceful silhouette and clear threat language. Heroic dread creature character blending partner-creature gear, capture tools, talismans, companion-bond energy with detective, gangster, police or heist aesthetics with urban grit. Subtle background hint only: medical curtains, abandoned halls, claw shadows, eerie green light. Color accent idea: indigo and brass. Keep pose dynamic, anatomy clean, no extra limbs, and make the hidden genre read only as a subtle environment cue."
400,B04,4,S40,40,R2C5,10,g30_villain_shonen_010,g30_villain_shonen_010.png,Jin Darzi,The Titan Abyss Terror Nemesis,villain,Villain,shonen,Shonen,kaiju,Kaiju,cosmic_horror,Cosmic Horror,horror,Horror,A kinetic villain concept that overtly sells Kaiju x Cosmic Horror.,"medical curtains, abandoned halls, claw shadows, eerie green light",cosmic_horror+horror | cosmic_horror+kaiju | horror+kaiju,"A dangerous antagonist with a forceful silhouette and clear threat language. Hot-blooded demon character blending defence-force, monster-hunter or scaled-beast spectacle language with occult, forbidden-text, cult or abyssal dread visuals. Subtle background hint only: medical curtains, abandoned halls, claw shadows, eerie green light. Color accent idea: sand and turquoise. Keep pose dynamic, anatomy clean, no extra limbs, and make the hidden genre read only as a subtle environment cue."
401,B05,5,S41,41,R1C1,1,g30_villain_shonen_011,g30_villain_shonen_011.png,Kael Darzi,The Beast Underworld Heart Nemesis,villain,Villain,shonen,Shonen,monster_taming,Monster Taming,crime,Crime,romance,Romance,A battle-ready villain concept that overtly sells Monster Taming x Crime.,"petals, soft lights, letters, balcony rails, heart motifs",crime+monster_taming | crime+romance | monster_taming+romance,"A dangerous antagonist with a forceful silhouette and clear threat language. Resolute djiin-twisted figure character blending partner-creature gear, capture tools, talismans, companion-bond energy with detective, gangster, police or heist aesthetics with urban grit. Subtle background hint only: petals, soft lights, letters, balcony rails, heart motifs. Color accent idea: violet and silver. Keep pose dynamic, anatomy clean, no extra limbs, and make the hidden genre read only as a subtle environment cue."
402,B05,5,S41,41,R1C2,2,g30_villain_shonen_012,g30_villain_shonen_012.png,Kira Darzi,The Titan Abyss Heart Nemesis,villain,Villain,shonen,Shonen,kaiju,Kaiju,cosmic_horror,Cosmic Horror,romance,Romance,A driven villain concept that overtly sells Kaiju x Cosmic Horror.,"petals, soft lights, letters, balcony rails, heart motifs",cosmic_horror+kaiju | cosmic_horror+romance | kaiju+romance,"A dangerous antagonist with a forceful silhouette and clear threat language. Kinetic monstrous humanoid character blending defence-force, monster-hunter or scaled-beast spectacle language with occult, forbidden-text, cult or abyssal dread visuals. Subtle background hint only: petals, soft lights, letters, balcony rails, heart motifs. Color accent idea: scarlet and gold. Keep pose dynamic, anatomy clean, no extra limbs, and make the hidden genre read only as a subtle environment cue."
403,B05,5,S41,41,R1C3,3,g30_villain_shonen_013,g30_villain_shonen_013.png,Leila Darzi,The Beast Underworld Arena Nemesis,villain,Villain,shonen,Shonen,monster_taming,Monster Taming,crime,Crime,sports,Sports,A fearless villain concept that overtly sells Monster Taming x Crime.,"stadium floodlights, lane markings, scoreboards, locker-room cues",crime+monster_taming | crime+sports | monster_taming+sports,"A dangerous antagonist with a forceful silhouette and clear threat language. Battle-ready human character blending partner-creature gear, capture tools, talismans, companion-bond energy with detective, gangster, police or heist aesthetics with urban grit. Subtle background hint only: stadium floodlights, lane markings, scoreboards, locker-room cues. Color accent idea: navy and amber. Keep pose dynamic, anatomy clean, no extra limbs, and make the hidden genre read only as a subtle environment cue."
404,B05,5,S41,41,R1C4,4,g30_villain_shonen_014,g30_villain_shonen_014.png,Lina Darzi,The Titan Abyss Arena Nemesis,villain,Villain,shonen,Shonen,kaiju,Kaiju,cosmic_horror,Cosmic Horror,sports,Sports,A scrappy villain concept that overtly sells Kaiju x Cosmic Horror.,"stadium floodlights, lane markings, scoreboards, locker-room cues",cosmic_horror+kaiju | cosmic_horror+sports | kaiju+sports,"A dangerous antagonist with a forceful silhouette and clear threat language. Driven dread creature character blending defence-force, monster-hunter or scaled-beast spectacle language with occult, forbidden-text, cult or abyssal dread visuals. Subtle background hint only: stadium floodlights, lane markings, scoreboards, locker-room cues. Color accent idea: obsidian and red. Keep pose dynamic, anatomy clean, no extra limbs, and make the hidden genre read only as a subtle environment cue."
405,B05,5,S41,41,R1C5,5,g30_villain_shonen_015,g30_villain_shonen_015.png,Lucan Darzi,The Beast Underworld Neon Nemesis,villain,Villain,shonen,Shonen,monster_taming,Monster Taming,crime,Crime,cyber,Cyber,A heroic villain concept that overtly sells Monster Taming x Crime.,"neon grids, holograms, circuit traces, city rain reflections",crime+cyber | crime+monster_taming | cyber+monster_taming,"A dangerous antagonist with a forceful silhouette and clear threat language. Fearless demon character blending partner-creature gear, capture tools, talismans, companion-bond energy with detective, gangster, police or heist aesthetics with urban grit. Subtle background hint only: neon grids, holograms, circuit traces, city rain reflections. Color accent idea: indigo and brass. Keep pose dynamic, anatomy clean, no extra limbs, and make the hidden genre read only as a subtle environment cue."
406,B05,5,S41,41,R2C1,6,g30_villain_shonen_016,g30_villain_shonen_016.png,Mara Darzi,The Titan Abyss Neon Nemesis,villain,Villain,shonen,Shonen,kaiju,Kaiju,cosmic_horror,Cosmic Horror,cyber,Cyber,A hot-blooded villain concept that overtly sells Kaiju x Cosmic Horror.,"neon grids, holograms, circuit traces, city rain reflections",cosmic_horror+cyber | cosmic_horror+kaiju | cyber+kaiju,"A dangerous antagonist with a forceful silhouette and clear threat language. Scrappy djiin-twisted figure character blending defence-force, monster-hunter or scaled-beast spectacle language with occult, forbidden-text, cult or abyssal dread visuals. Subtle background hint only: neon grids, holograms, circuit traces, city rain reflections. Color accent idea: sand and turquoise. Keep pose dynamic, anatomy clean, no extra limbs, and make the hidden genre read only as a subtle environment cue."
407,B05,5,S41,41,R2C2,7,g30_villain_shonen_017,g30_villain_shonen_017.png,Mika Darzi,The Beast Underworld Realm Nemesis,villain,Villain,shonen,Shonen,monster_taming,Monster Taming,crime,Crime,fantasy,Fantasy,A resolute villain concept that overtly sells Monster Taming x Crime.,"runes, relics, banners, ancient stonework, enchanted forests",crime+fantasy | crime+monster_taming | fantasy+monster_taming,"A dangerous antagonist with a forceful silhouette and clear threat language. Heroic monstrous humanoid character blending partner-creature gear, capture tools, talismans, companion-bond energy with detective, gangster, police or heist aesthetics with urban grit. Subtle background hint only: runes, relics, banners, ancient stonework, enchanted forests. Color accent idea: violet and silver. Keep pose dynamic, anatomy clean, no extra limbs, and make the hidden genre read only as a subtle environment cue."
408,B05,5,S41,41,R2C3,8,g30_villain_shonen_018,g30_villain_shonen_018.png,Mina Darzi,The Titan Abyss Realm Nemesis,villain,Villain,shonen,Shonen,kaiju,Kaiju,cosmic_horror,Cosmic Horror,fantasy,Fantasy,A kinetic villain concept that overtly sells Kaiju x Cosmic Horror.,"runes, relics, banners, ancient stonework, enchanted forests",cosmic_horror+fantasy | cosmic_horror+kaiju | fantasy+kaiju,"A dangerous antagonist with a forceful silhouette and clear threat language. Hot-blooded human character blending defence-force, monster-hunter or scaled-beast spectacle language with occult, forbidden-text, cult or abyssal dread visuals. Subtle background hint only: runes, relics, banners, ancient stonework, enchanted forests. Color accent idea: scarlet and gold. Keep pose dynamic, anatomy clean, no extra limbs, and make the hidden genre read only as a subtle environment cue."
409,B05,5,S41,41,R2C4,9,g30_villain_shonen_019,g30_villain_shonen_019.png,Nadia Darzi,The Beast Underworld Stage Nemesis,villain,Villain,shonen,Shonen,monster_taming,Monster Taming,crime,Crime,idol,Idol,A battle-ready villain concept that overtly sells Monster Taming x Crime.,"stage lights, star confetti, speaker stacks, glowsticks",crime+idol | crime+monster_taming | idol+monster_taming,"A dangerous antagonist with a forceful silhouette and clear threat language. Resolute dread creature character blending partner-creature gear, capture tools, talismans, companion-bond energy with detective, gangster, police or heist aesthetics with urban grit. Subtle background hint only: stage lights, star confetti, speaker stacks, glowsticks. Color accent idea: navy and amber. Keep pose dynamic, anatomy clean, no extra limbs, and make the hidden genre read only as a subtle environment cue."
410,B05,5,S41,41,R2C5,10,g30_villain_shonen_020,g30_villain_shonen_020.png,Nao Darzi,The Titan Abyss Stage Nemesis,villain,Villain,shonen,Shonen,kaiju,Kaiju,cosmic_horror,Cosmic Horror,idol,Idol,A driven villain concept that overtly sells Kaiju x Cosmic Horror.,"stage lights, star confetti, speaker stacks, glowsticks",cosmic_horror+idol | cosmic_horror+kaiju | idol+kaiju,"A dangerous antagonist with a forceful silhouette and clear threat language. Kinetic demon character blending defence-force, monster-hunter or scaled-beast spectacle language with occult, forbidden-text, cult or abyssal dread visuals. Subtle background hint only: stage lights, star confetti, speaker stacks, glowsticks. Color accent idea: obsidian and red. Keep pose dynamic, anatomy clean, no extra limbs, and make the hidden genre read only as a subtle environment cue."
411,B05,5,S42,42,R1C1,1,g30_villain_shonen_021,g30_villain_shonen_021.png,Niko Darzi,The Beast Underworld Cipher Nemesis,villain,Villain,shonen,Shonen,monster_taming,Monster Taming,crime,Crime,mystery,Mystery,A fearless villain concept that overtly sells Monster Taming x Crime.,"case boards, magnifying glass reflections, foggy windows, clues",crime+monster_taming | crime+mystery | monster_taming+mystery,"A dangerous antagonist with a forceful silhouette and clear threat language. Battle-ready djiin-twisted figure character blending partner-creature gear, capture tools, talismans, companion-bond energy with detective, gangster, police or heist aesthetics with urban grit. Subtle background hint only: case boards, magnifying glass reflections, foggy windows, clues. Color accent idea: indigo and brass. Keep pose dynamic, anatomy clean, no extra limbs, and make the hidden genre read only as a subtle environment cue."
412,B05,5,S42,42,R1C2,2,g30_villain_shonen_022,g30_villain_shonen_022.png,Noor Darzi,The Titan Abyss Cipher Nemesis,villain,Villain,shonen,Shonen,kaiju,Kaiju,cosmic_horror,Cosmic Horror,mystery,Mystery,A scrappy villain concept that overtly sells Kaiju x Cosmic Horror.,"case boards, magnifying glass reflections, foggy windows, clues",cosmic_horror+kaiju | cosmic_horror+mystery | kaiju+mystery,"A dangerous antagonist with a forceful silhouette and clear threat language. Driven monstrous humanoid character blending defence-force, monster-hunter or scaled-beast spectacle language with occult, forbidden-text, cult or abyssal dread visuals. Subtle background hint only: case boards, magnifying glass reflections, foggy windows, clues. Color accent idea: sand and turquoise. Keep pose dynamic, anatomy clean, no extra limbs, and make the hidden genre read only as a subtle environment cue."
413,B05,5,S42,42,R1C3,3,g30_villain_shonen_023,g30_villain_shonen_023.png,Rhea Darzi,The Beast Underworld Mirth Nemesis,villain,Villain,shonen,Shonen,monster_taming,Monster Taming,crime,Crime,comedy,Comedy,A heroic villain concept that overtly sells Monster Taming x Crime.,"playful props, bright signage, exaggerated set pieces",comedy+crime | comedy+monster_taming | crime+monster_taming,"A dangerous antagonist with a forceful silhouette and clear threat language. Fearless human character blending partner-creature gear, capture tools, talismans, companion-bond energy with detective, gangster, police or heist aesthetics with urban grit. Subtle background hint only: playful props, bright signage, exaggerated set pieces. Color accent idea: violet and silver. Keep pose dynamic, anatomy clean, no extra limbs, and make the hidden genre read only as a subtle environment cue."
414,B05,5,S42,42,R1C4,4,g30_villain_shonen_024,g30_villain_shonen_024.png,Ren Darzi,The Titan Abyss Mirth Nemesis,villain,Villain,shonen,Shonen,kaiju,Kaiju,cosmic_horror,Cosmic Horror,comedy,Comedy,A hot-blooded villain concept that overtly sells Kaiju x Cosmic Horror.,"playful props, bright signage, exaggerated set pieces",comedy+cosmic_horror | comedy+kaiju | cosmic_horror+kaiju,"A dangerous antagonist with a forceful silhouette and clear threat language. Scrappy dread creature character blending defence-force, monster-hunter or scaled-beast spectacle language with occult, forbidden-text, cult or abyssal dread visuals. Subtle background hint only: playful props, bright signage, exaggerated set pieces. Color accent idea: scarlet and gold. Keep pose dynamic, anatomy clean, no extra limbs, and make the hidden genre read only as a subtle environment cue."
415,B05,5,S42,42,R1C5,5,g30_villain_shonen_025,g30_villain_shonen_025.png,Rin Darzi,The Beast Underworld Kitchen Nemesis,villain,Villain,shonen,Shonen,monster_taming,Monster Taming,crime,Crime,cooking,Cooking,A resolute villain concept that overtly sells Monster Taming x Crime.,"steam, hanging pans, chopping blocks, spice stalls",cooking+crime | cooking+monster_taming | crime+monster_taming,"A dangerous antagonist with a forceful silhouette and clear threat language. Heroic demon character blending partner-creature gear, capture tools, talismans, companion-bond energy with detective, gangster, police or heist aesthetics with urban grit. Subtle background hint only: steam, hanging pans, chopping blocks, spice stalls. Color accent idea: navy and amber. Keep pose dynamic, anatomy clean, no extra limbs, and make the hidden genre read only as a subtle environment cue."
416,B05,5,S42,42,R2C1,6,g30_villain_shonen_026,g30_villain_shonen_026.png,Samira Darzi,The Titan Abyss Kitchen Nemesis,villain,Villain,shonen,Shonen,kaiju,Kaiju,cosmic_horror,Cosmic Horror,cooking,Cooking,A kinetic villain concept that overtly sells Kaiju x Cosmic Horror.,"steam, hanging pans, chopping blocks, spice stalls",cooking+cosmic_horror | cooking+kaiju | cosmic_horror+kaiju,"A dangerous antagonist with a forceful silhouette and clear threat language. Hot-blooded djiin-twisted figure character blending defence-force, monster-hunter or scaled-beast spectacle language with occult, forbidden-text, cult or abyssal dread visuals. Subtle background hint only: steam, hanging pans, chopping blocks, spice stalls. Color accent idea: obsidian and red. Keep pose dynamic, anatomy clean, no extra limbs, and make the hidden genre read only as a subtle environment cue."
417,B05,5,S42,42,R2C2,7,g30_villain_shonen_027,g30_villain_shonen_027.png,Sana Darzi,The Beast Underworld Command Nemesis,villain,Villain,shonen,Shonen,monster_taming,Monster Taming,crime,Crime,military,Military,A battle-ready villain concept that overtly sells Monster Taming x Crime.,"sandbags, tactical screens, emblems, armored vehicles",crime+military | crime+monster_taming | military+monster_taming,"A dangerous antagonist with a forceful silhouette and clear threat language. Resolute monstrous humanoid character blending partner-creature gear, capture tools, talismans, companion-bond energy with detective, gangster, police or heist aesthetics with urban grit. Subtle background hint only: sandbags, tactical screens, emblems, armored vehicles. Color accent idea: indigo and brass. Keep pose dynamic, anatomy clean, no extra limbs, and make the hidden genre read only as a subtle environment cue."
418,B05,5,S42,42,R2C3,8,g30_villain_shonen_028,g30_villain_shonen_028.png,Sora Darzi,The Titan Abyss Command Nemesis,villain,Villain,shonen,Shonen,kaiju,Kaiju,cosmic_horror,Cosmic Horror,military,Military,A driven villain concept that overtly sells Kaiju x Cosmic Horror.,"sandbags, tactical screens, emblems, armored vehicles",cosmic_horror+kaiju | cosmic_horror+military | kaiju+military,"A dangerous antagonist with a forceful silhouette and clear threat language. Kinetic human character blending defence-force, monster-hunter or scaled-beast spectacle language with occult, forbidden-text, cult or abyssal dread visuals. Subtle background hint only: sandbags, tactical screens, emblems, armored vehicles. Color accent idea: sand and turquoise. Keep pose dynamic, anatomy clean, no extra limbs, and make the hidden genre read only as a subtle environment cue."
419,B05,5,S42,42,R2C4,9,g30_villain_shonen_029,g30_villain_shonen_029.png,Tala Darzi,The Beast Underworld Spirit Nemesis,villain,Villain,shonen,Shonen,monster_taming,Monster Taming,crime,Crime,supernatural,Supernatural,A fearless villain concept that overtly sells Monster Taming x Crime.,"spirit wisps, shrine gates, sigils, moonlit talismans",crime+monster_taming | crime+supernatural | monster_taming+supernatural,"A dangerous antagonist with a forceful silhouette and clear threat language. Battle-ready dread creature character blending partner-creature gear, capture tools, talismans, companion-bond energy with detective, gangster, police or heist aesthetics with urban grit. Subtle background hint only: spirit wisps, shrine gates, sigils, moonlit talismans. Color accent idea: violet and silver. Keep pose dynamic, anatomy clean, no extra limbs, and make the hidden genre read only as a subtle environment cue."
420,B05,5,S42,42,R2C5,10,g30_villain_shonen_030,g30_villain_shonen_030.png,Yara Darzi,The Titan Abyss Spirit Nemesis,villain,Villain,shonen,Shonen,kaiju,Kaiju,cosmic_horror,Cosmic Horror,supernatural,Supernatural,A scrappy villain concept that overtly sells Kaiju x Cosmic Horror.,"spirit wisps, shrine gates, sigils, moonlit talismans",cosmic_horror+kaiju | cosmic_horror+supernatural | kaiju+supernatural,"A dangerous antagonist with a forceful silhouette and clear threat language. Driven demon character blending defence-force, monster-hunter or scaled-beast spectacle language with occult, forbidden-text, cult or abyssal dread visuals. Subtle background hint only: spirit wisps, shrine gates, sigils, moonlit talismans. Color accent idea: scarlet and gold. Keep pose dynamic, anatomy clean, no extra limbs, and make the hidden genre read only as a subtle environment cue."
421,B05,5,S43,43,R1C1,1,g30_villain_shonen_031,g30_villain_shonen_031.png,Aiko Diallo,The Beast Underworld Void Nemesis,villain,Villain,shonen,Shonen,monster_taming,Monster Taming,crime,Crime,space,Space,A heroic villain concept that overtly sells Monster Taming x Crime.,"starfields, cockpit glass, planets, docking ports",crime+monster_taming | crime+space | monster_taming+space,"A dangerous antagonist with a forceful silhouette and clear threat language. Fearless djiin-twisted figure character blending partner-creature gear, capture tools, talismans, companion-bond energy with detective, gangster, police or heist aesthetics with urban grit. Subtle background hint only: starfields, cockpit glass, planets, docking ports. Color accent idea: navy and amber. Keep pose dynamic, anatomy clean, no extra limbs, and make the hidden genre read only as a subtle environment cue."
422,B05,5,S43,43,R1C2,2,g30_villain_shonen_032,g30_villain_shonen_032.png,Amara Diallo,The Titan Abyss Void Nemesis,villain,Villain,shonen,Shonen,kaiju,Kaiju,cosmic_horror,Cosmic Horror,space,Space,A hot-blooded villain concept that overtly sells Kaiju x Cosmic Horror.,"starfields, cockpit glass, planets, docking ports",cosmic_horror+kaiju | cosmic_horror+space | kaiju+space,"A dangerous antagonist with a forceful silhouette and clear threat language. Scrappy monstrous humanoid character blending defence-force, monster-hunter or scaled-beast spectacle language with occult, forbidden-text, cult or abyssal dread visuals. Subtle background hint only: starfields, cockpit glass, planets, docking ports. Color accent idea: obsidian and red. Keep pose dynamic, anatomy clean, no extra limbs, and make the hidden genre read only as a subtle environment cue."
423,B05,5,S43,43,R1C3,3,g30_villain_shonen_033,g30_villain_shonen_033.png,Ansel Diallo,The Beast Underworld Charm Nemesis,villain,Villain,shonen,Shonen,monster_taming,Monster Taming,crime,Crime,magical,Magical,A resolute villain concept that overtly sells Monster Taming x Crime.,"sparkles, transformation glyphs, ribbon trails, pastel magic",crime+magical | crime+monster_taming | magical+monster_taming,"A dangerous antagonist with a forceful silhouette and clear threat language. Heroic human character blending partner-creature gear, capture tools, talismans, companion-bond energy with detective, gangster, police or heist aesthetics with urban grit. Subtle background hint only: sparkles, transformation glyphs, ribbon trails, pastel magic. Color accent idea: indigo and brass. Keep pose dynamic, anatomy clean, no extra limbs, and make the hidden genre read only as a subtle environment cue."
424,B05,5,S43,43,R1C4,4,g30_villain_shonen_034,g30_villain_shonen_034.png,Arden Diallo,The Titan Abyss Charm Nemesis,villain,Villain,shonen,Shonen,kaiju,Kaiju,cosmic_horror,Cosmic Horror,magical,Magical,A kinetic villain concept that overtly sells Kaiju x Cosmic Horror.,"sparkles, transformation glyphs, ribbon trails, pastel magic",cosmic_horror+kaiju | cosmic_horror+magical | kaiju+magical,"A dangerous antagonist with a forceful silhouette and clear threat language. Hot-blooded dread creature character blending defence-force, monster-hunter or scaled-beast spectacle language with occult, forbidden-text, cult or abyssal dread visuals. Subtle background hint only: sparkles, transformation glyphs, ribbon trails, pastel magic. Color accent idea: sand and turquoise. Keep pose dynamic, anatomy clean, no extra limbs, and make the hidden genre read only as a subtle environment cue."
425,B05,5,S43,43,R1C5,5,g30_villain_shonen_035,g30_villain_shonen_035.png,Ari Diallo,The Beast Underworld Wild Nemesis,villain,Villain,shonen,Shonen,monster_taming,Monster Taming,crime,Crime,survival,Survival,A battle-ready villain concept that overtly sells Monster Taming x Crime.,"camp gear, rough maps, ropes, storm clouds, scavenged supplies",crime+monster_taming | crime+survival | monster_taming+survival,"A dangerous antagonist with a forceful silhouette and clear threat language. Resolute demon character blending partner-creature gear, capture tools, talismans, companion-bond energy with detective, gangster, police or heist aesthetics with urban grit. Subtle background hint only: camp gear, rough maps, ropes, storm clouds, scavenged supplies. Color accent idea: violet and silver. Keep pose dynamic, anatomy clean, no extra limbs, and make the hidden genre read only as a subtle environment cue."
426,B05,5,S43,43,R2C1,6,g30_villain_shonen_036,g30_villain_shonen_036.png,Asa Diallo,The Titan Abyss Wild Nemesis,villain,Villain,shonen,Shonen,kaiju,Kaiju,cosmic_horror,Cosmic Horror,survival,Survival,A driven villain concept that overtly sells Kaiju x Cosmic Horror.,"camp gear, rough maps, ropes, storm clouds, scavenged supplies",cosmic_horror+kaiju | cosmic_horror+survival | kaiju+survival,"A dangerous antagonist with a forceful silhouette and clear threat language. Kinetic djiin-twisted figure character blending defence-force, monster-hunter or scaled-beast spectacle language with occult, forbidden-text, cult or abyssal dread visuals. Subtle background hint only: camp gear, rough maps, ropes, storm clouds, scavenged supplies. Color accent idea: scarlet and gold. Keep pose dynamic, anatomy clean, no extra limbs, and make the hidden genre read only as a subtle environment cue."
427,B05,5,S43,43,R2C2,7,g30_villain_shonen_037,g30_villain_shonen_037.png,Asha Diallo,The Beast Underworld Corsair Nemesis,villain,Villain,shonen,Shonen,monster_taming,Monster Taming,crime,Crime,pirate,Pirate,A fearless villain concept that overtly sells Monster Taming x Crime.,"rigging, maps, cannon smoke, treasure, ocean spray",crime+monster_taming | crime+pirate | monster_taming+pirate,"A dangerous antagonist with a forceful silhouette and clear threat language. Battle-ready monstrous humanoid character blending partner-creature gear, capture tools, talismans, companion-bond energy with detective, gangster, police or heist aesthetics with urban grit. Subtle background hint only: rigging, maps, cannon smoke, treasure, ocean spray. Color accent idea: navy and amber. Keep pose dynamic, anatomy clean, no extra limbs, and make the hidden genre read only as a subtle environment cue."
428,B05,5,S43,43,R2C3,8,g30_villain_shonen_038,g30_villain_shonen_038.png,Cass Diallo,The Titan Abyss Corsair Nemesis,villain,Villain,shonen,Shonen,kaiju,Kaiju,cosmic_horror,Cosmic Horror,pirate,Pirate,A scrappy villain concept that overtly sells Kaiju x Cosmic Horror.,"rigging, maps, cannon smoke, treasure, ocean spray",cosmic_horror+kaiju | cosmic_horror+pirate | kaiju+pirate,"A dangerous antagonist with a forceful silhouette and clear threat language. Driven human character blending defence-force, monster-hunter or scaled-beast spectacle language with occult, forbidden-text, cult or abyssal dread visuals. Subtle background hint only: rigging, maps, cannon smoke, treasure, ocean spray. Color accent idea: obsidian and red. Keep pose dynamic, anatomy clean, no extra limbs, and make the hidden genre read only as a subtle environment cue."
429,B05,5,S43,43,R2C4,9,g30_villain_shonen_039,g30_villain_shonen_039.png,Cassia Diallo,The Beast Underworld Fist Nemesis,villain,Villain,shonen,Shonen,monster_taming,Monster Taming,crime,Crime,martial,Martial Arts,A heroic villain concept that overtly sells Monster Taming x Crime.,"dojo banners, shattered tiles, temple gates, training gear",crime+martial | crime+monster_taming | martial+monster_taming,"A dangerous antagonist with a forceful silhouette and clear threat language. Fearless dread creature character blending partner-creature gear, capture tools, talismans, companion-bond energy with detective, gangster, police or heist aesthetics with urban grit. Subtle background hint only: dojo banners, shattered tiles, temple gates, training gear. Color accent idea: indigo and brass. Keep pose dynamic, anatomy clean, no extra limbs, and make the hidden genre read only as a subtle environment cue."
430,B05,5,S43,43,R2C5,10,g30_villain_shonen_040,g30_villain_shonen_040.png,Dara Diallo,The Titan Abyss Fist Nemesis,villain,Villain,shonen,Shonen,kaiju,Kaiju,cosmic_horror,Cosmic Horror,martial,Martial Arts,A hot-blooded villain concept that overtly sells Kaiju x Cosmic Horror.,"dojo banners, shattered tiles, temple gates, training gear",cosmic_horror+kaiju | cosmic_horror+martial | kaiju+martial,"A dangerous antagonist with a forceful silhouette and clear threat language. Scrappy demon character blending defence-force, monster-hunter or scaled-beast spectacle language with occult, forbidden-text, cult or abyssal dread visuals. Subtle background hint only: dojo banners, shattered tiles, temple gates, training gear. Color accent idea: sand and turquoise. Keep pose dynamic, anatomy clean, no extra limbs, and make the hidden genre read only as a subtle environment cue."
431,B05,5,S44,44,R1C1,1,g30_villain_shonen_041,g30_villain_shonen_041.png,Eira Diallo,The Beast Underworld Myth Nemesis,villain,Villain,shonen,Shonen,monster_taming,Monster Taming,crime,Crime,mythology,Mythology,A resolute villain concept that overtly sells Monster Taming x Crime.,"divine statues, laurel, sacred fire, heroic reliefs",crime+monster_taming | crime+mythology | monster_taming+mythology,"A dangerous antagonist with a forceful silhouette and clear threat language. Heroic djiin-twisted figure character blending partner-creature gear, capture tools, talismans, companion-bond energy with detective, gangster, police or heist aesthetics with urban grit. Subtle background hint only: divine statues, laurel, sacred fire, heroic reliefs. Color accent idea: violet and silver. Keep pose dynamic, anatomy clean, no extra limbs, and make the hidden genre read only as a subtle environment cue."
432,B05,5,S44,44,R1C2,2,g30_villain_shonen_042,g30_villain_shonen_042.png,Elian Diallo,The Titan Abyss Myth Nemesis,villain,Villain,shonen,Shonen,kaiju,Kaiju,cosmic_horror,Cosmic Horror,mythology,Mythology,A kinetic villain concept that overtly sells Kaiju x Cosmic Horror.,"divine statues, laurel, sacred fire, heroic reliefs",cosmic_horror+kaiju | cosmic_horror+mythology | kaiju+mythology,"A dangerous antagonist with a forceful silhouette and clear threat language. Hot-blooded monstrous humanoid character blending defence-force, monster-hunter or scaled-beast spectacle language with occult, forbidden-text, cult or abyssal dread visuals. Subtle background hint only: divine statues, laurel, sacred fire, heroic reliefs. Color accent idea: scarlet and gold. Keep pose dynamic, anatomy clean, no extra limbs, and make the hidden genre read only as a subtle environment cue."
433,B05,5,S44,44,R1C3,3,g30_villain_shonen_043,g30_villain_shonen_043.png,Emi Diallo,The Beast Underworld North Nemesis,villain,Villain,shonen,Shonen,monster_taming,Monster Taming,crime,Crime,nordic,Nordic,A battle-ready villain concept that overtly sells Monster Taming x Crime.,"snow, carved wood, longship details, aurora, fur banners",crime+monster_taming | crime+nordic | monster_taming+nordic,"A dangerous antagonist with a forceful silhouette and clear threat language. Resolute human character blending partner-creature gear, capture tools, talismans, companion-bond energy with detective, gangster, police or heist aesthetics with urban grit. Subtle background hint only: snow, carved wood, longship details, aurora, fur banners. Color accent idea: navy and amber. Keep pose dynamic, anatomy clean, no extra limbs, and make the hidden genre read only as a subtle environment cue."
434,B05,5,S44,44,R1C4,4,g30_villain_shonen_044,g30_villain_shonen_044.png,Farah Diallo,The Titan Abyss North Nemesis,villain,Villain,shonen,Shonen,kaiju,Kaiju,cosmic_horror,Cosmic Horror,nordic,Nordic,A driven villain concept that overtly sells Kaiju x Cosmic Horror.,"snow, carved wood, longship details, aurora, fur banners",cosmic_horror+kaiju | cosmic_horror+nordic | kaiju+nordic,"A dangerous antagonist with a forceful silhouette and clear threat language. Kinetic dread creature character blending defence-force, monster-hunter or scaled-beast spectacle language with occult, forbidden-text, cult or abyssal dread visuals. Subtle background hint only: snow, carved wood, longship details, aurora, fur banners. Color accent idea: obsidian and red. Keep pose dynamic, anatomy clean, no extra limbs, and make the hidden genre read only as a subtle environment cue."
435,B05,5,S44,44,R1C5,5,g30_villain_shonen_045,g30_villain_shonen_045.png,Hana Diallo,The Beast Underworld Blade Nemesis,villain,Villain,shonen,Shonen,monster_taming,Monster Taming,crime,Crime,samurai,Samurai,A fearless villain concept that overtly sells Monster Taming x Crime.,"paper screens, mon crests, lacquer, falling maple leaves",crime+monster_taming | crime+samurai | monster_taming+samurai,"A dangerous antagonist with a forceful silhouette and clear threat language. Battle-ready demon character blending partner-creature gear, capture tools, talismans, companion-bond energy with detective, gangster, police or heist aesthetics with urban grit. Subtle background hint only: paper screens, mon crests, lacquer, falling maple leaves. Color accent idea: indigo and brass. Keep pose dynamic, anatomy clean, no extra limbs, and make the hidden genre read only as a subtle environment cue."
436,B05,5,S44,44,R2C1,6,g30_villain_shonen_046,g30_villain_shonen_046.png,Haru Diallo,The Titan Abyss Blade Nemesis,villain,Villain,shonen,Shonen,kaiju,Kaiju,cosmic_horror,Cosmic Horror,samurai,Samurai,A scrappy villain concept that overtly sells Kaiju x Cosmic Horror.,"paper screens, mon crests, lacquer, falling maple leaves",cosmic_horror+kaiju | cosmic_horror+samurai | kaiju+samurai,"A dangerous antagonist with a forceful silhouette and clear threat language. Driven djiin-twisted figure character blending defence-force, monster-hunter or scaled-beast spectacle language with occult, forbidden-text, cult or abyssal dread visuals. Subtle background hint only: paper screens, mon crests, lacquer, falling maple leaves. Color accent idea: sand and turquoise. Keep pose dynamic, anatomy clean, no extra limbs, and make the hidden genre read only as a subtle environment cue."
437,B05,5,S44,44,R2C2,7,g30_villain_shonen_047,g30_villain_shonen_047.png,Idris Diallo,The Beast Underworld Shadow Nemesis,villain,Villain,shonen,Shonen,monster_taming,Monster Taming,crime,Crime,shinobi,Shinobi,A heroic villain concept that overtly sells Monster Taming x Crime.,"moonlit rooftops, smoke bombs, hidden blades, bamboo",crime+monster_taming | crime+shinobi | monster_taming+shinobi,"A dangerous antagonist with a forceful silhouette and clear threat language. Fearless monstrous humanoid character blending partner-creature gear, capture tools, talismans, companion-bond energy with detective, gangster, police or heist aesthetics with urban grit. Subtle background hint only: moonlit rooftops, smoke bombs, hidden blades, bamboo. Color accent idea: violet and silver. Keep pose dynamic, anatomy clean, no extra limbs, and make the hidden genre read only as a subtle environment cue."
438,B05,5,S44,44,R2C3,8,g30_villain_shonen_048,g30_villain_shonen_048.png,Imani Diallo,The Titan Abyss Shadow Nemesis,villain,Villain,shonen,Shonen,kaiju,Kaiju,cosmic_horror,Cosmic Horror,shinobi,Shinobi,A hot-blooded villain concept that overtly sells Kaiju x Cosmic Horror.,"moonlit rooftops, smoke bombs, hidden blades, bamboo",cosmic_horror+kaiju | cosmic_horror+shinobi | kaiju+shinobi,"A dangerous antagonist with a forceful silhouette and clear threat language. Scrappy human character blending defence-force, monster-hunter or scaled-beast spectacle language with occult, forbidden-text, cult or abyssal dread visuals. Subtle background hint only: moonlit rooftops, smoke bombs, hidden blades, bamboo. Color accent idea: scarlet and gold. Keep pose dynamic, anatomy clean, no extra limbs, and make the hidden genre read only as a subtle environment cue."
439,B05,5,S44,44,R2C4,9,g30_villain_shonen_049,g30_villain_shonen_049.png,Jae Diallo,The Beast Underworld Blood Nemesis,villain,Villain,shonen,Shonen,monster_taming,Monster Taming,crime,Crime,vampire,Vampire,A resolute villain concept that overtly sells Monster Taming x Crime.,"crimson moonlight, gothic windows, candelabras, coffin motifs",crime+monster_taming | crime+vampire | monster_taming+vampire,"A dangerous antagonist with a forceful silhouette and clear threat language. Heroic dread creature character blending partner-creature gear, capture tools, talismans, companion-bond energy with detective, gangster, police or heist aesthetics with urban grit. Subtle background hint only: crimson moonlight, gothic windows, candelabras, coffin motifs. Color accent idea: navy and amber. Keep pose dynamic, anatomy clean, no extra limbs, and make the hidden genre read only as a subtle environment cue."
440,B05,5,S44,44,R2C5,10,g30_villain_shonen_050,g30_villain_shonen_050.png,Jin Diallo,The Titan Abyss Blood Nemesis,villain,Villain,shonen,Shonen,kaiju,Kaiju,cosmic_horror,Cosmic Horror,vampire,Vampire,A kinetic villain concept that overtly sells Kaiju x Cosmic Horror.,"crimson moonlight, gothic windows, candelabras, coffin motifs",cosmic_horror+kaiju | cosmic_horror+vampire | kaiju+vampire,"A dangerous antagonist with a forceful silhouette and clear threat language. Hot-blooded demon character blending defence-force, monster-hunter or scaled-beast spectacle language with occult, forbidden-text, cult or abyssal dread visuals. Subtle background hint only: crimson moonlight, gothic windows, candelabras, coffin motifs. Color accent idea: obsidian and red. Keep pose dynamic, anatomy clean, no extra limbs, and make the hidden genre read only as a subtle environment cue."
441,B05,5,S45,45,R1C1,1,g30_villain_shonen_051,g30_villain_shonen_051.png,Kael Diallo,The Beast Underworld Ruin Nemesis,villain,Villain,shonen,Shonen,monster_taming,Monster Taming,crime,Crime,grimdark,Grimdark,A battle-ready villain concept that overtly sells Monster Taming x Crime.,"war-torn ruins, infernal haze, chains, blackened armor",crime+grimdark | crime+monster_taming | grimdark+monster_taming,"A dangerous antagonist with a forceful silhouette and clear threat language. Resolute djiin-twisted figure character blending partner-creature gear, capture tools, talismans, companion-bond energy with detective, gangster, police or heist aesthetics with urban grit. Subtle background hint only: war-torn ruins, infernal haze, chains, blackened armor. Color accent idea: indigo and brass. Keep pose dynamic, anatomy clean, no extra limbs, and make the hidden genre read only as a subtle environment cue."
442,B05,5,S45,45,R1C2,2,g30_villain_shonen_052,g30_villain_shonen_052.png,Kira Diallo,The Titan Abyss Ruin Nemesis,villain,Villain,shonen,Shonen,kaiju,Kaiju,cosmic_horror,Cosmic Horror,grimdark,Grimdark,A driven villain concept that overtly sells Kaiju x Cosmic Horror.,"war-torn ruins, infernal haze, chains, blackened armor",cosmic_horror+grimdark | cosmic_horror+kaiju | grimdark+kaiju,"A dangerous antagonist with a forceful silhouette and clear threat language. Kinetic monstrous humanoid character blending defence-force, monster-hunter or scaled-beast spectacle language with occult, forbidden-text, cult or abyssal dread visuals. Subtle background hint only: war-torn ruins, infernal haze, chains, blackened armor. Color accent idea: sand and turquoise. Keep pose dynamic, anatomy clean, no extra limbs, and make the hidden genre read only as a subtle environment cue."
443,B05,5,S45,45,R1C3,3,g30_villain_shonen_053,g30_villain_shonen_053.png,Leila Diallo,The Gear Portal Beast Nemesis,villain,Villain,shonen,Shonen,mecha,Mecha,isekai,Isekai,monster_taming,Monster Taming,A fearless villain concept that overtly sells Mecha x Isekai.,"creature dens, hatcheries, capture tags, feeding bowls",isekai+monster_taming | mecha+monster_taming,"A dangerous antagonist with a forceful silhouette and clear threat language. Battle-ready human character blending Mecha-driven styling with Isekai-driven styling. Subtle background hint only: creature dens, hatcheries, capture tags, feeding bowls. Color accent idea: violet and silver. Keep pose dynamic, anatomy clean, no extra limbs, and make the hidden genre read only as a subtle environment cue."
444,B05,5,S45,45,R1C4,4,g30_villain_shonen_054,g30_villain_shonen_054.png,Lina Diallo,The Hearth Terror Dune Nemesis,villain,Villain,shonen,Shonen,slice,Slice of Life,horror,Horror,arabia,Arabia,A scrappy villain concept that overtly sells Slice of Life x Horror.,"dune horizons, palace arches, mosaic tiles, brass lamps, caravan tents",arabia+horror | arabia+slice,"A dangerous antagonist with a forceful silhouette and clear threat language. Driven dread creature character blending Slice of Life-driven styling with Horror-driven styling. Subtle background hint only: dune horizons, palace arches, mosaic tiles, brass lamps, caravan tents. Color accent idea: scarlet and gold. Keep pose dynamic, anatomy clean, no extra limbs, and make the hidden genre read only as a subtle environment cue."
445,B05,5,S45,45,R1C5,5,g30_villain_shonen_055,g30_villain_shonen_055.png,Lucan Diallo,The Heart Arena Dune Nemesis,villain,Villain,shonen,Shonen,romance,Romance,sports,Sports,arabia,Arabia,A heroic villain concept that overtly sells Romance x Sports.,"dune horizons, palace arches, mosaic tiles, brass lamps, caravan tents",arabia+romance | arabia+sports,"A dangerous antagonist with a forceful silhouette and clear threat language. Fearless demon character blending Romance-driven styling with Sports-driven styling. Subtle background hint only: dune horizons, palace arches, mosaic tiles, brass lamps, caravan tents. Color accent idea: navy and amber. Keep pose dynamic, anatomy clean, no extra limbs, and make the hidden genre read only as a subtle environment cue."
446,B05,5,S45,45,R2C1,6,g30_villain_shonen_056,g30_villain_shonen_056.png,Mara Diallo,The Neon Realm Dune Nemesis,villain,Villain,shonen,Shonen,cyber,Cyber,fantasy,Fantasy,arabia,Arabia,A hot-blooded villain concept that overtly sells Cyber x Fantasy.,"dune horizons, palace arches, mosaic tiles, brass lamps, caravan tents",arabia+cyber | arabia+fantasy,"A dangerous antagonist with a forceful silhouette and clear threat language. Scrappy djiin-twisted figure character blending Cyber-driven styling with Fantasy-driven styling. Subtle background hint only: dune horizons, palace arches, mosaic tiles, brass lamps, caravan tents. Color accent idea: obsidian and red. Keep pose dynamic, anatomy clean, no extra limbs, and make the hidden genre read only as a subtle environment cue."
447,B05,5,S45,45,R2C2,7,g30_villain_shonen_057,g30_villain_shonen_057.png,Mika Diallo,The Stage Cipher Dune Nemesis,villain,Villain,shonen,Shonen,idol,Idol,mystery,Mystery,arabia,Arabia,A resolute villain concept that overtly sells Idol x Mystery.,"dune horizons, palace arches, mosaic tiles, brass lamps, caravan tents",arabia+idol | arabia+mystery,"A dangerous antagonist with a forceful silhouette and clear threat language. Heroic monstrous humanoid character blending Idol-driven styling with Mystery-driven styling. Subtle background hint only: dune horizons, palace arches, mosaic tiles, brass lamps, caravan tents. Color accent idea: indigo and brass. Keep pose dynamic, anatomy clean, no extra limbs, and make the hidden genre read only as a subtle environment cue."
448,B05,5,S45,45,R2C3,8,g30_villain_shonen_058,g30_villain_shonen_058.png,Mina Diallo,The Mirth Kitchen Dune Nemesis,villain,Villain,shonen,Shonen,comedy,Comedy,cooking,Cooking,arabia,Arabia,A kinetic villain concept that overtly sells Comedy x Cooking.,"dune horizons, palace arches, mosaic tiles, brass lamps, caravan tents",arabia+comedy | arabia+cooking,"A dangerous antagonist with a forceful silhouette and clear threat language. Hot-blooded human character blending Comedy-driven styling with Cooking-driven styling. Subtle background hint only: dune horizons, palace arches, mosaic tiles, brass lamps, caravan tents. Color accent idea: sand and turquoise. Keep pose dynamic, anatomy clean, no extra limbs, and make the hidden genre read only as a subtle environment cue."
449,B05,5,S45,45,R2C4,9,g30_villain_shonen_059,g30_villain_shonen_059.png,Nadia Diallo,The Command Spirit Dune Nemesis,villain,Villain,shonen,Shonen,military,Military,supernatural,Supernatural,arabia,Arabia,A battle-ready villain concept that overtly sells Military x Supernatural.,"dune horizons, palace arches, mosaic tiles, brass lamps, caravan tents",arabia+military | arabia+supernatural,"A dangerous antagonist with a forceful silhouette and clear threat language. Resolute dread creature character blending Military-driven styling with Supernatural-driven styling. Subtle background hint only: dune horizons, palace arches, mosaic tiles, brass lamps, caravan tents. Color accent idea: violet and silver. Keep pose dynamic, anatomy clean, no extra limbs, and make the hidden genre read only as a subtle environment cue."
450,B05,5,S45,45,R2C5,10,g30_villain_shonen_060,g30_villain_shonen_060.png,Nao Diallo,The Void Charm Dune Nemesis,villain,Villain,shonen,Shonen,space,Space,magical,Magical,arabia,Arabia,A driven villain concept that overtly sells Space x Magical.,"dune horizons, palace arches, mosaic tiles, brass lamps, caravan tents",arabia+magical | arabia+space,"A dangerous antagonist with a forceful silhouette and clear threat language. Kinetic demon character blending Space-driven styling with Magical-driven styling. Subtle background hint only: dune horizons, palace arches, mosaic tiles, brass lamps, caravan tents. Color accent idea: scarlet and gold. Keep pose dynamic, anatomy clean, no extra limbs, and make the hidden genre read only as a subtle environment cue."
451,B05,5,S46,46,R1C1,1,g30_villain_shonen_061,g30_villain_shonen_061.png,Niko Diallo,The Wild Corsair Dune Nemesis,villain,Villain,shonen,Shonen,survival,Survival,pirate,Pirate,arabia,Arabia,A fearless villain concept that overtly sells Survival x Pirate.,"dune horizons, palace arches, mosaic tiles, brass lamps, caravan tents",arabia+pirate | arabia+survival,"A dangerous antagonist with a forceful silhouette and clear threat language. Battle-ready djiin-twisted figure character blending Survival-driven styling with Pirate-driven styling. Subtle background hint only: dune horizons, palace arches, mosaic tiles, brass lamps, caravan tents. Color accent idea: navy and amber. Keep pose dynamic, anatomy clean, no extra limbs, and make the hidden genre read only as a subtle environment cue."
452,B05,5,S46,46,R1C2,2,g30_villain_shonen_062,g30_villain_shonen_062.png,Noor Diallo,The Fist Myth Dune Nemesis,villain,Villain,shonen,Shonen,martial,Martial Arts,mythology,Mythology,arabia,Arabia,A scrappy villain concept that overtly sells Martial Arts x Mythology.,"dune horizons, palace arches, mosaic tiles, brass lamps, caravan tents",arabia+martial | arabia+mythology,"A dangerous antagonist with a forceful silhouette and clear threat language. Driven monstrous humanoid character blending Martial Arts-driven styling with Mythology-driven styling. Subtle background hint only: dune horizons, palace arches, mosaic tiles, brass lamps, caravan tents. Color accent idea: obsidian and red. Keep pose dynamic, anatomy clean, no extra limbs, and make the hidden genre read only as a subtle environment cue."
453,B05,5,S46,46,R1C3,3,g30_villain_shonen_063,g30_villain_shonen_063.png,Rhea Diallo,The North Blade Dune Nemesis,villain,Villain,shonen,Shonen,nordic,Nordic,samurai,Samurai,arabia,Arabia,A heroic villain concept that overtly sells Nordic x Samurai.,"dune horizons, palace arches, mosaic tiles, brass lamps, caravan tents",arabia+nordic | arabia+samurai,"A dangerous antagonist with a forceful silhouette and clear threat language. Fearless human character blending Nordic-driven styling with Samurai-driven styling. Subtle background hint only: dune horizons, palace arches, mosaic tiles, brass lamps, caravan tents. Color accent idea: indigo and brass. Keep pose dynamic, anatomy clean, no extra limbs, and make the hidden genre read only as a subtle environment cue."
454,B05,5,S46,46,R1C4,4,g30_villain_shonen_064,g30_villain_shonen_064.png,Ren Diallo,The Shadow Blood Dune Nemesis,villain,Villain,shonen,Shonen,shinobi,Shinobi,vampire,Vampire,arabia,Arabia,A hot-blooded villain concept that overtly sells Shinobi x Vampire.,"dune horizons, palace arches, mosaic tiles, brass lamps, caravan tents",arabia+shinobi | arabia+vampire,"A dangerous antagonist with a forceful silhouette and clear threat language. Scrappy dread creature character blending Shinobi-driven styling with Vampire-driven styling. Subtle background hint only: dune horizons, palace arches, mosaic tiles, brass lamps, caravan tents. Color accent idea: sand and turquoise. Keep pose dynamic, anatomy clean, no extra limbs, and make the hidden genre read only as a subtle environment cue."
455,B05,5,S46,46,R1C5,5,g30_villain_shonen_065,g30_villain_shonen_065.png,Rin Diallo,The Beast Dune Ruin Nemesis,villain,Villain,shonen,Shonen,monster_taming,Monster Taming,arabia,Arabia,grimdark,Grimdark,A resolute villain concept that overtly sells Monster Taming x Arabia.,"war-torn ruins, infernal haze, chains, blackened armor",arabia+grimdark | arabia+monster_taming | grimdark+monster_taming,"A dangerous antagonist with a forceful silhouette and clear threat language. Heroic demon character blending partner-creature gear, capture tools, talismans, companion-bond energy with desert-sorcery, caravan, palace or djinn-adventure styling. Subtle background hint only: war-torn ruins, infernal haze, chains, blackened armor. Color accent idea: violet and silver. Keep pose dynamic, anatomy clean, no extra limbs, and make the hidden genre read only as a subtle environment cue."
456,B05,5,S46,46,R2C1,6,g30_villain_shojo_001,g30_villain_shojo_001.png,Samira Diallo,The Beast Underworld Titan Sovereign,villain,Villain,shojo,Shojo,monster_taming,Monster Taming,crime,Crime,kaiju,Kaiju,A luminous villain concept that overtly sells Monster Taming x Crime.,"evacuation sirens, broken skyline, blast walls, giant footprints",crime+kaiju | crime+monster_taming | kaiju+monster_taming,"A dramatic antagonist or rival with elegance, menace and strong visual identity. Poised djiin-twisted figure character blending partner-creature gear, capture tools, talismans, companion-bond energy with detective, gangster, police or heist aesthetics with urban grit. Subtle background hint only: evacuation sirens, broken skyline, blast walls, giant footprints. Color accent idea: crimson and black. Keep pose dynamic, anatomy clean, no extra limbs, and make the hidden genre read only as a subtle environment cue."
457,B05,5,S46,46,R2C2,7,g30_villain_shojo_002,g30_villain_shojo_002.png,Sana Diallo,The Beast Abyss Dune Sovereign,villain,Villain,shojo,Shojo,monster_taming,Monster Taming,cosmic_horror,Cosmic Horror,arabia,Arabia,A elegant villain concept that overtly sells Monster Taming x Cosmic Horror.,"dune horizons, palace arches, mosaic tiles, brass lamps, caravan tents",arabia+cosmic_horror | arabia+monster_taming | cosmic_horror+monster_taming,"A dramatic antagonist or rival with elegance, menace and strong visual identity. Dramatic monstrous humanoid character blending partner-creature gear, capture tools, talismans, companion-bond energy with occult, forbidden-text, cult or abyssal dread visuals. Subtle background hint only: dune horizons, palace arches, mosaic tiles, brass lamps, caravan tents. Color accent idea: emerald and ivory. Keep pose dynamic, anatomy clean, no extra limbs, and make the hidden genre read only as a subtle environment cue."
458,B05,5,S46,46,R2C3,8,g30_villain_shojo_003,g30_villain_shojo_003.png,Sora Diallo,The Underworld Abyss Gear Sovereign,villain,Villain,shojo,Shojo,crime,Crime,cosmic_horror,Cosmic Horror,mecha,Mecha,A romantic villain concept that overtly sells Crime x Cosmic Horror.,"hangar lights, pistons, warning stripes, giant silhouettes",cosmic_horror+crime | cosmic_horror+mecha | crime+mecha,"A dramatic antagonist or rival with elegance, menace and strong visual identity. Luminous human character blending detective, gangster, police or heist aesthetics with urban grit with occult, forbidden-text, cult or abyssal dread visuals. Subtle background hint only: hangar lights, pistons, warning stripes, giant silhouettes. Color accent idea: teal and copper. Keep pose dynamic, anatomy clean, no extra limbs, and make the hidden genre read only as a subtle environment cue."
459,B05,5,S46,46,R2C4,9,g30_villain_shojo_004,g30_villain_shojo_004.png,Tala Diallo,The Titan Dune Gear Sovereign,villain,Villain,shojo,Shojo,kaiju,Kaiju,arabia,Arabia,mecha,Mecha,A haunting villain concept that overtly sells Kaiju x Arabia.,"hangar lights, pistons, warning stripes, giant silhouettes",arabia+kaiju | arabia+mecha | kaiju+mecha,"A dramatic antagonist or rival with elegance, menace and strong visual identity. Elegant dread creature character blending defence-force, monster-hunter or scaled-beast spectacle language with desert-sorcery, caravan, palace or djinn-adventure styling. Subtle background hint only: hangar lights, pistons, warning stripes, giant silhouettes. Color accent idea: charcoal and magenta. Keep pose dynamic, anatomy clean, no extra limbs, and make the hidden genre read only as a subtle environment cue."
460,B05,5,S46,46,R2C5,10,g30_villain_shojo_005,g30_villain_shojo_005.png,Yara Diallo,The Underworld Dune Portal Sovereign,villain,Villain,shojo,Shojo,crime,Crime,arabia,Arabia,isekai,Isekai,A stylish villain concept that overtly sells Crime x Arabia.,"summoning circle, portal shards, floating UI sigils",arabia+crime | arabia+isekai | crime+isekai,"A dramatic antagonist or rival with elegance, menace and strong visual identity. Romantic demon character blending detective, gangster, police or heist aesthetics with urban grit with desert-sorcery, caravan, palace or djinn-adventure styling. Subtle background hint only: summoning circle, portal shards, floating UI sigils. Color accent idea: white and cobalt. Keep pose dynamic, anatomy clean, no extra limbs, and make the hidden genre read only as a subtle environment cue."
461,B05,5,S47,47,R1C1,1,g30_villain_shojo_006,g30_villain_shojo_006.png,Aiko Duval,The Titan Abyss Portal Sovereign,villain,Villain,shojo,Shojo,kaiju,Kaiju,cosmic_horror,Cosmic Horror,isekai,Isekai,A expressive villain concept that overtly sells Kaiju x Cosmic Horror.,"summoning circle, portal shards, floating UI sigils",cosmic_horror+isekai | cosmic_horror+kaiju | isekai+kaiju,"A dramatic antagonist or rival with elegance, menace and strong visual identity. Haunting djiin-twisted figure character blending defence-force, monster-hunter or scaled-beast spectacle language with occult, forbidden-text, cult or abyssal dread visuals. Subtle background hint only: summoning circle, portal shards, floating UI sigils. Color accent idea: sage and bronze. Keep pose dynamic, anatomy clean, no extra limbs, and make the hidden genre read only as a subtle environment cue."
462,B05,5,S47,47,R1C2,2,g30_villain_shojo_007,g30_villain_shojo_007.png,Amara Duval,The Beast Underworld Hearth Sovereign,villain,Villain,shojo,Shojo,monster_taming,Monster Taming,crime,Crime,slice,Slice of Life,A poised villain concept that overtly sells Monster Taming x Crime.,"warm domestic details, school corridor, café corner, laundry line",crime+monster_taming | crime+slice | monster_taming+slice,"A dramatic antagonist or rival with elegance, menace and strong visual identity. Stylish monstrous humanoid character blending partner-creature gear, capture tools, talismans, companion-bond energy with detective, gangster, police or heist aesthetics with urban grit. Subtle background hint only: warm domestic details, school corridor, café corner, laundry line. Color accent idea: crimson and black. Keep pose dynamic, anatomy clean, no extra limbs, and make the hidden genre read only as a subtle environment cue."
463,B05,5,S47,47,R1C3,3,g30_villain_shojo_008,g30_villain_shojo_008.png,Ansel Duval,The Titan Abyss Hearth Sovereign,villain,Villain,shojo,Shojo,kaiju,Kaiju,cosmic_horror,Cosmic Horror,slice,Slice of Life,A dramatic villain concept that overtly sells Kaiju x Cosmic Horror.,"warm domestic details, school corridor, café corner, laundry line",cosmic_horror+kaiju | cosmic_horror+slice | kaiju+slice,"A dramatic antagonist or rival with elegance, menace and strong visual identity. Expressive human character blending defence-force, monster-hunter or scaled-beast spectacle language with occult, forbidden-text, cult or abyssal dread visuals. Subtle background hint only: warm domestic details, school corridor, café corner, laundry line. Color accent idea: emerald and ivory. Keep pose dynamic, anatomy clean, no extra limbs, and make the hidden genre read only as a subtle environment cue."
464,B05,5,S47,47,R1C4,4,g30_villain_shojo_009,g30_villain_shojo_009.png,Arden Duval,The Beast Underworld Terror Sovereign,villain,Villain,shojo,Shojo,monster_taming,Monster Taming,crime,Crime,horror,Horror,A luminous villain concept that overtly sells Monster Taming x Crime.,"medical curtains, abandoned halls, claw shadows, eerie green light",crime+horror | crime+monster_taming | horror+monster_taming,"A dramatic antagonist or rival with elegance, menace and strong visual identity. Poised dread creature character blending partner-creature gear, capture tools, talismans, companion-bond energy with detective, gangster, police or heist aesthetics with urban grit. Subtle background hint only: medical curtains, abandoned halls, claw shadows, eerie green light. Color accent idea: teal and copper. Keep pose dynamic, anatomy clean, no extra limbs, and make the hidden genre read only as a subtle environment cue."
465,B05,5,S47,47,R1C5,5,g30_villain_shojo_010,g30_villain_shojo_010.png,Ari Duval,The Titan Abyss Terror Sovereign,villain,Villain,shojo,Shojo,kaiju,Kaiju,cosmic_horror,Cosmic Horror,horror,Horror,A elegant villain concept that overtly sells Kaiju x Cosmic Horror.,"medical curtains, abandoned halls, claw shadows, eerie green light",cosmic_horror+horror | cosmic_horror+kaiju | horror+kaiju,"A dramatic antagonist or rival with elegance, menace and strong visual identity. Dramatic demon character blending defence-force, monster-hunter or scaled-beast spectacle language with occult, forbidden-text, cult or abyssal dread visuals. Subtle background hint only: medical curtains, abandoned halls, claw shadows, eerie green light. Color accent idea: charcoal and magenta. Keep pose dynamic, anatomy clean, no extra limbs, and make the hidden genre read only as a subtle environment cue."
466,B05,5,S47,47,R2C1,6,g30_villain_shojo_011,g30_villain_shojo_011.png,Asa Duval,The Beast Underworld Heart Sovereign,villain,Villain,shojo,Shojo,monster_taming,Monster Taming,crime,Crime,romance,Romance,A romantic villain concept that overtly sells Monster Taming x Crime.,"petals, soft lights, letters, balcony rails, heart motifs",crime+monster_taming | crime+romance | monster_taming+romance,"A dramatic antagonist or rival with elegance, menace and strong visual identity. Luminous djiin-twisted figure character blending partner-creature gear, capture tools, talismans, companion-bond energy with detective, gangster, police or heist aesthetics with urban grit. Subtle background hint only: petals, soft lights, letters, balcony rails, heart motifs. Color accent idea: white and cobalt. Keep pose dynamic, anatomy clean, no extra limbs, and make the hidden genre read only as a subtle environment cue."
467,B05,5,S47,47,R2C2,7,g30_villain_shojo_012,g30_villain_shojo_012.png,Asha Duval,The Titan Abyss Heart Sovereign,villain,Villain,shojo,Shojo,kaiju,Kaiju,cosmic_horror,Cosmic Horror,romance,Romance,A haunting villain concept that overtly sells Kaiju x Cosmic Horror.,"petals, soft lights, letters, balcony rails, heart motifs",cosmic_horror+kaiju | cosmic_horror+romance | kaiju+romance,"A dramatic antagonist or rival with elegance, menace and strong visual identity. Elegant monstrous humanoid character blending defence-force, monster-hunter or scaled-beast spectacle language with occult, forbidden-text, cult or abyssal dread visuals. Subtle background hint only: petals, soft lights, letters, balcony rails, heart motifs. Color accent idea: sage and bronze. Keep pose dynamic, anatomy clean, no extra limbs, and make the hidden genre read only as a subtle environment cue."
468,B05,5,S47,47,R2C3,8,g30_villain_shojo_013,g30_villain_shojo_013.png,Cass Duval,The Beast Underworld Arena Sovereign,villain,Villain,shojo,Shojo,monster_taming,Monster Taming,crime,Crime,sports,Sports,A stylish villain concept that overtly sells Monster Taming x Crime.,"stadium floodlights, lane markings, scoreboards, locker-room cues",crime+monster_taming | crime+sports | monster_taming+sports,"A dramatic antagonist or rival with elegance, menace and strong visual identity. Romantic human character blending partner-creature gear, capture tools, talismans, companion-bond energy with detective, gangster, police or heist aesthetics with urban grit. Subtle background hint only: stadium floodlights, lane markings, scoreboards, locker-room cues. Color accent idea: crimson and black. Keep pose dynamic, anatomy clean, no extra limbs, and make the hidden genre read only as a subtle environment cue."
469,B05,5,S47,47,R2C4,9,g30_villain_shojo_014,g30_villain_shojo_014.png,Cassia Duval,The Titan Abyss Arena Sovereign,villain,Villain,shojo,Shojo,kaiju,Kaiju,cosmic_horror,Cosmic Horror,sports,Sports,A expressive villain concept that overtly sells Kaiju x Cosmic Horror.,"stadium floodlights, lane markings, scoreboards, locker-room cues",cosmic_horror+kaiju | cosmic_horror+sports | kaiju+sports,"A dramatic antagonist or rival with elegance, menace and strong visual identity. Haunting dread creature character blending defence-force, monster-hunter or scaled-beast spectacle language with occult, forbidden-text, cult or abyssal dread visuals. Subtle background hint only: stadium floodlights, lane markings, scoreboards, locker-room cues. Color accent idea: emerald and ivory. Keep pose dynamic, anatomy clean, no extra limbs, and make the hidden genre read only as a subtle environment cue."
470,B05,5,S47,47,R2C5,10,g30_villain_shojo_015,g30_villain_shojo_015.png,Dara Duval,The Beast Underworld Neon Sovereign,villain,Villain,shojo,Shojo,monster_taming,Monster Taming,crime,Crime,cyber,Cyber,A poised villain concept that overtly sells Monster Taming x Crime.,"neon grids, holograms, circuit traces, city rain reflections",crime+cyber | crime+monster_taming | cyber+monster_taming,"A dramatic antagonist or rival with elegance, menace and strong visual identity. Stylish demon character blending partner-creature gear, capture tools, talismans, companion-bond energy with detective, gangster, police or heist aesthetics with urban grit. Subtle background hint only: neon grids, holograms, circuit traces, city rain reflections. Color accent idea: teal and copper. Keep pose dynamic, anatomy clean, no extra limbs, and make the hidden genre read only as a subtle environment cue."
471,B05,5,S48,48,R1C1,1,g30_villain_shojo_016,g30_villain_shojo_016.png,Eira Duval,The Titan Abyss Neon Sovereign,villain,Villain,shojo,Shojo,kaiju,Kaiju,cosmic_horror,Cosmic Horror,cyber,Cyber,A dramatic villain concept that overtly sells Kaiju x Cosmic Horror.,"neon grids, holograms, circuit traces, city rain reflections",cosmic_horror+cyber | cosmic_horror+kaiju | cyber+kaiju,"A dramatic antagonist or rival with elegance, menace and strong visual identity. Expressive djiin-twisted figure character blending defence-force, monster-hunter or scaled-beast spectacle language with occult, forbidden-text, cult or abyssal dread visuals. Subtle background hint only: neon grids, holograms, circuit traces, city rain reflections. Color accent idea: charcoal and magenta. Keep pose dynamic, anatomy clean, no extra limbs, and make the hidden genre read only as a subtle environment cue."
472,B05,5,S48,48,R1C2,2,g30_villain_shojo_017,g30_villain_shojo_017.png,Elian Duval,The Beast Underworld Realm Sovereign,villain,Villain,shojo,Shojo,monster_taming,Monster Taming,crime,Crime,fantasy,Fantasy,A luminous villain concept that overtly sells Monster Taming x Crime.,"runes, relics, banners, ancient stonework, enchanted forests",crime+fantasy | crime+monster_taming | fantasy+monster_taming,"A dramatic antagonist or rival with elegance, menace and strong visual identity. Poised monstrous humanoid character blending partner-creature gear, capture tools, talismans, companion-bond energy with detective, gangster, police or heist aesthetics with urban grit. Subtle background hint only: runes, relics, banners, ancient stonework, enchanted forests. Color accent idea: white and cobalt. Keep pose dynamic, anatomy clean, no extra limbs, and make the hidden genre read only as a subtle environment cue."
473,B05,5,S48,48,R1C3,3,g30_villain_shojo_018,g30_villain_shojo_018.png,Emi Duval,The Titan Abyss Realm Sovereign,villain,Villain,shojo,Shojo,kaiju,Kaiju,cosmic_horror,Cosmic Horror,fantasy,Fantasy,A elegant villain concept that overtly sells Kaiju x Cosmic Horror.,"runes, relics, banners, ancient stonework, enchanted forests",cosmic_horror+fantasy | cosmic_horror+kaiju | fantasy+kaiju,"A dramatic antagonist or rival with elegance, menace and strong visual identity. Dramatic human character blending defence-force, monster-hunter or scaled-beast spectacle language with occult, forbidden-text, cult or abyssal dread visuals. Subtle background hint only: runes, relics, banners, ancient stonework, enchanted forests. Color accent idea: sage and bronze. Keep pose dynamic, anatomy clean, no extra limbs, and make the hidden genre read only as a subtle environment cue."
474,B05,5,S48,48,R1C4,4,g30_villain_shojo_019,g30_villain_shojo_019.png,Farah Duval,The Beast Underworld Stage Sovereign,villain,Villain,shojo,Shojo,monster_taming,Monster Taming,crime,Crime,idol,Idol,A romantic villain concept that overtly sells Monster Taming x Crime.,"stage lights, star confetti, speaker stacks, glowsticks",crime+idol | crime+monster_taming | idol+monster_taming,"A dramatic antagonist or rival with elegance, menace and strong visual identity. Luminous dread creature character blending partner-creature gear, capture tools, talismans, companion-bond energy with detective, gangster, police or heist aesthetics with urban grit. Subtle background hint only: stage lights, star confetti, speaker stacks, glowsticks. Color accent idea: crimson and black. Keep pose dynamic, anatomy clean, no extra limbs, and make the hidden genre read only as a subtle environment cue."
475,B05,5,S48,48,R1C5,5,g30_villain_shojo_020,g30_villain_shojo_020.png,Hana Duval,The Titan Abyss Stage Sovereign,villain,Villain,shojo,Shojo,kaiju,Kaiju,cosmic_horror,Cosmic Horror,idol,Idol,A haunting villain concept that overtly sells Kaiju x Cosmic Horror.,"stage lights, star confetti, speaker stacks, glowsticks",cosmic_horror+idol | cosmic_horror+kaiju | idol+kaiju,"A dramatic antagonist or rival with elegance, menace and strong visual identity. Elegant demon character blending defence-force, monster-hunter or scaled-beast spectacle language with occult, forbidden-text, cult or abyssal dread visuals. Subtle background hint only: stage lights, star confetti, speaker stacks, glowsticks. Color accent idea: emerald and ivory. Keep pose dynamic, anatomy clean, no extra limbs, and make the hidden genre read only as a subtle environment cue."
476,B05,5,S48,48,R2C1,6,g30_villain_shojo_021,g30_villain_shojo_021.png,Haru Duval,The Beast Underworld Cipher Sovereign,villain,Villain,shojo,Shojo,monster_taming,Monster Taming,crime,Crime,mystery,Mystery,A stylish villain concept that overtly sells Monster Taming x Crime.,"case boards, magnifying glass reflections, foggy windows, clues",crime+monster_taming | crime+mystery | monster_taming+mystery,"A dramatic antagonist or rival with elegance, menace and strong visual identity. Romantic djiin-twisted figure character blending partner-creature gear, capture tools, talismans, companion-bond energy with detective, gangster, police or heist aesthetics with urban grit. Subtle background hint only: case boards, magnifying glass reflections, foggy windows, clues. Color accent idea: teal and copper. Keep pose dynamic, anatomy clean, no extra limbs, and make the hidden genre read only as a subtle environment cue."
477,B05,5,S48,48,R2C2,7,g30_villain_shojo_022,g30_villain_shojo_022.png,Idris Duval,The Titan Abyss Cipher Sovereign,villain,Villain,shojo,Shojo,kaiju,Kaiju,cosmic_horror,Cosmic Horror,mystery,Mystery,A expressive villain concept that overtly sells Kaiju x Cosmic Horror.,"case boards, magnifying glass reflections, foggy windows, clues",cosmic_horror+kaiju | cosmic_horror+mystery | kaiju+mystery,"A dramatic antagonist or rival with elegance, menace and strong visual identity. Haunting monstrous humanoid character blending defence-force, monster-hunter or scaled-beast spectacle language with occult, forbidden-text, cult or abyssal dread visuals. Subtle background hint only: case boards, magnifying glass reflections, foggy windows, clues. Color accent idea: charcoal and magenta. Keep pose dynamic, anatomy clean, no extra limbs, and make the hidden genre read only as a subtle environment cue."
478,B05,5,S48,48,R2C3,8,g30_villain_shojo_023,g30_villain_shojo_023.png,Imani Duval,The Beast Underworld Mirth Sovereign,villain,Villain,shojo,Shojo,monster_taming,Monster Taming,crime,Crime,comedy,Comedy,A poised villain concept that overtly sells Monster Taming x Crime.,"playful props, bright signage, exaggerated set pieces",comedy+crime | comedy+monster_taming | crime+monster_taming,"A dramatic antagonist or rival with elegance, menace and strong visual identity. Stylish human character blending partner-creature gear, capture tools, talismans, companion-bond energy with detective, gangster, police or heist aesthetics with urban grit. Subtle background hint only: playful props, bright signage, exaggerated set pieces. Color accent idea: white and cobalt. Keep pose dynamic, anatomy clean, no extra limbs, and make the hidden genre read only as a subtle environment cue."
479,B05,5,S48,48,R2C4,9,g30_villain_shojo_024,g30_villain_shojo_024.png,Jae Duval,The Titan Abyss Mirth Sovereign,villain,Villain,shojo,Shojo,kaiju,Kaiju,cosmic_horror,Cosmic Horror,comedy,Comedy,A dramatic villain concept that overtly sells Kaiju x Cosmic Horror.,"playful props, bright signage, exaggerated set pieces",comedy+cosmic_horror | comedy+kaiju | cosmic_horror+kaiju,"A dramatic antagonist or rival with elegance, menace and strong visual identity. Expressive dread creature character blending defence-force, monster-hunter or scaled-beast spectacle language with occult, forbidden-text, cult or abyssal dread visuals. Subtle background hint only: playful props, bright signage, exaggerated set pieces. Color accent idea: sage and bronze. Keep pose dynamic, anatomy clean, no extra limbs, and make the hidden genre read only as a subtle environment cue."
480,B05,5,S48,48,R2C5,10,g30_villain_shojo_025,g30_villain_shojo_025.png,Jin Duval,The Beast Underworld Kitchen Sovereign,villain,Villain,shojo,Shojo,monster_taming,Monster Taming,crime,Crime,cooking,Cooking,A luminous villain concept that overtly sells Monster Taming x Crime.,"steam, hanging pans, chopping blocks, spice stalls",cooking+crime | cooking+monster_taming | crime+monster_taming,"A dramatic antagonist or rival with elegance, menace and strong visual identity. Poised demon character blending partner-creature gear, capture tools, talismans, companion-bond energy with detective, gangster, police or heist aesthetics with urban grit. Subtle background hint only: steam, hanging pans, chopping blocks, spice stalls. Color accent idea: crimson and black. Keep pose dynamic, anatomy clean, no extra limbs, and make the hidden genre read only as a subtle environment cue."
481,B05,5,S49,49,R1C1,1,g30_villain_shojo_026,g30_villain_shojo_026.png,Kael Duval,The Titan Abyss Kitchen Sovereign,villain,Villain,shojo,Shojo,kaiju,Kaiju,cosmic_horror,Cosmic Horror,cooking,Cooking,A elegant villain concept that overtly sells Kaiju x Cosmic Horror.,"steam, hanging pans, chopping blocks, spice stalls",cooking+cosmic_horror | cooking+kaiju | cosmic_horror+kaiju,"A dramatic antagonist or rival with elegance, menace and strong visual identity. Dramatic djiin-twisted figure character blending defence-force, monster-hunter or scaled-beast spectacle language with occult, forbidden-text, cult or abyssal dread visuals. Subtle background hint only: steam, hanging pans, chopping blocks, spice stalls. Color accent idea: emerald and ivory. Keep pose dynamic, anatomy clean, no extra limbs, and make the hidden genre read only as a subtle environment cue."
482,B05,5,S49,49,R1C2,2,g30_villain_shojo_027,g30_villain_shojo_027.png,Kira Duval,The Beast Underworld Command Sovereign,villain,Villain,shojo,Shojo,monster_taming,Monster Taming,crime,Crime,military,Military,A romantic villain concept that overtly sells Monster Taming x Crime.,"sandbags, tactical screens, emblems, armored vehicles",crime+military | crime+monster_taming | military+monster_taming,"A dramatic antagonist or rival with elegance, menace and strong visual identity. Luminous monstrous humanoid character blending partner-creature gear, capture tools, talismans, companion-bond energy with detective, gangster, police or heist aesthetics with urban grit. Subtle background hint only: sandbags, tactical screens, emblems, armored vehicles. Color accent idea: teal and copper. Keep pose dynamic, anatomy clean, no extra limbs, and make the hidden genre read only as a subtle environment cue."
483,B05,5,S49,49,R1C3,3,g30_villain_shojo_028,g30_villain_shojo_028.png,Leila Duval,The Titan Abyss Command Sovereign,villain,Villain,shojo,Shojo,kaiju,Kaiju,cosmic_horror,Cosmic Horror,military,Military,A haunting villain concept that overtly sells Kaiju x Cosmic Horror.,"sandbags, tactical screens, emblems, armored vehicles",cosmic_horror+kaiju | cosmic_horror+military | kaiju+military,"A dramatic antagonist or rival with elegance, menace and strong visual identity. Elegant human character blending defence-force, monster-hunter or scaled-beast spectacle language with occult, forbidden-text, cult or abyssal dread visuals. Subtle background hint only: sandbags, tactical screens, emblems, armored vehicles. Color accent idea: charcoal and magenta. Keep pose dynamic, anatomy clean, no extra limbs, and make the hidden genre read only as a subtle environment cue."
484,B05,5,S49,49,R1C4,4,g30_villain_shojo_029,g30_villain_shojo_029.png,Lina Duval,The Beast Underworld Spirit Sovereign,villain,Villain,shojo,Shojo,monster_taming,Monster Taming,crime,Crime,supernatural,Supernatural,A stylish villain concept that overtly sells Monster Taming x Crime.,"spirit wisps, shrine gates, sigils, moonlit talismans",crime+monster_taming | crime+supernatural | monster_taming+supernatural,"A dramatic antagonist or rival with elegance, menace and strong visual identity. Romantic dread creature character blending partner-creature gear, capture tools, talismans, companion-bond energy with detective, gangster, police or heist aesthetics with urban grit. Subtle background hint only: spirit wisps, shrine gates, sigils, moonlit talismans. Color accent idea: white and cobalt. Keep pose dynamic, anatomy clean, no extra limbs, and make the hidden genre read only as a subtle environment cue."
485,B05,5,S49,49,R1C5,5,g30_villain_shojo_030,g30_villain_shojo_030.png,Lucan Duval,The Titan Abyss Spirit Sovereign,villain,Villain,shojo,Shojo,kaiju,Kaiju,cosmic_horror,Cosmic Horror,supernatural,Supernatural,A expressive villain concept that overtly sells Kaiju x Cosmic Horror.,"spirit wisps, shrine gates, sigils, moonlit talismans",cosmic_horror+kaiju | cosmic_horror+supernatural | kaiju+supernatural,"A dramatic antagonist or rival with elegance, menace and strong visual identity. Haunting demon character blending defence-force, monster-hunter or scaled-beast spectacle language with occult, forbidden-text, cult or abyssal dread visuals. Subtle background hint only: spirit wisps, shrine gates, sigils, moonlit talismans. Color accent idea: sage and bronze. Keep pose dynamic, anatomy clean, no extra limbs, and make the hidden genre read only as a subtle environment cue."
486,B05,5,S49,49,R2C1,6,g30_villain_shojo_031,g30_villain_shojo_031.png,Mara Duval,The Beast Underworld Void Sovereign,villain,Villain,shojo,Shojo,monster_taming,Monster Taming,crime,Crime,space,Space,A poised villain concept that overtly sells Monster Taming x Crime.,"starfields, cockpit glass, planets, docking ports",crime+monster_taming | crime+space | monster_taming+space,"A dramatic antagonist or rival with elegance, menace and strong visual identity. Stylish djiin-twisted figure character blending partner-creature gear, capture tools, talismans, companion-bond energy with detective, gangster, police or heist aesthetics with urban grit. Subtle background hint only: starfields, cockpit glass, planets, docking ports. Color accent idea: crimson and black. Keep pose dynamic, anatomy clean, no extra limbs, and make the hidden genre read only as a subtle environment cue."
487,B05,5,S49,49,R2C2,7,g30_villain_shojo_032,g30_villain_shojo_032.png,Mika Duval,The Titan Abyss Void Sovereign,villain,Villain,shojo,Shojo,kaiju,Kaiju,cosmic_horror,Cosmic Horror,space,Space,A dramatic villain concept that overtly sells Kaiju x Cosmic Horror.,"starfields, cockpit glass, planets, docking ports",cosmic_horror+kaiju | cosmic_horror+space | kaiju+space,"A dramatic antagonist or rival with elegance, menace and strong visual identity. Expressive monstrous humanoid character blending defence-force, monster-hunter or scaled-beast spectacle language with occult, forbidden-text, cult or abyssal dread visuals. Subtle background hint only: starfields, cockpit glass, planets, docking ports. Color accent idea: emerald and ivory. Keep pose dynamic, anatomy clean, no extra limbs, and make the hidden genre read only as a subtle environment cue."
488,B05,5,S49,49,R2C3,8,g30_villain_shojo_033,g30_villain_shojo_033.png,Mina Duval,The Beast Underworld Charm Sovereign,villain,Villain,shojo,Shojo,monster_taming,Monster Taming,crime,Crime,magical,Magical,A luminous villain concept that overtly sells Monster Taming x Crime.,"sparkles, transformation glyphs, ribbon trails, pastel magic",crime+magical | crime+monster_taming | magical+monster_taming,"A dramatic antagonist or rival with elegance, menace and strong visual identity. Poised human character blending partner-creature gear, capture tools, talismans, companion-bond energy with detective, gangster, police or heist aesthetics with urban grit. Subtle background hint only: sparkles, transformation glyphs, ribbon trails, pastel magic. Color accent idea: teal and copper. Keep pose dynamic, anatomy clean, no extra limbs, and make the hidden genre read only as a subtle environment cue."
489,B05,5,S49,49,R2C4,9,g30_villain_shojo_034,g30_villain_shojo_034.png,Nadia Duval,The Titan Abyss Charm Sovereign,villain,Villain,shojo,Shojo,kaiju,Kaiju,cosmic_horror,Cosmic Horror,magical,Magical,A elegant villain concept that overtly sells Kaiju x Cosmic Horror.,"sparkles, transformation glyphs, ribbon trails, pastel magic",cosmic_horror+kaiju | cosmic_horror+magical | kaiju+magical,"A dramatic antagonist or rival with elegance, menace and strong visual identity. Dramatic dread creature character blending defence-force, monster-hunter or scaled-beast spectacle language with occult, forbidden-text, cult or abyssal dread visuals. Subtle background hint only: sparkles, transformation glyphs, ribbon trails, pastel magic. Color accent idea: charcoal and magenta. Keep pose dynamic, anatomy clean, no extra limbs, and make the hidden genre read only as a subtle environment cue."
490,B05,5,S49,49,R2C5,10,g30_villain_shojo_035,g30_villain_shojo_035.png,Nao Duval,The Beast Underworld Wild Sovereign,villain,Villain,shojo,Shojo,monster_taming,Monster Taming,crime,Crime,survival,Survival,A romantic villain concept that overtly sells Monster Taming x Crime.,"camp gear, rough maps, ropes, storm clouds, scavenged supplies",crime+monster_taming | crime+survival | monster_taming+survival,"A dramatic antagonist or rival with elegance, menace and strong visual identity. Luminous demon character blending partner-creature gear, capture tools, talismans, companion-bond energy with detective, gangster, police or heist aesthetics with urban grit. Subtle background hint only: camp gear, rough maps, ropes, storm clouds, scavenged supplies. Color accent idea: white and cobalt. Keep pose dynamic, anatomy clean, no extra limbs, and make the hidden genre read only as a subtle environment cue."
491,B05,5,S50,50,R1C1,1,g30_villain_shojo_036,g30_villain_shojo_036.png,Niko Duval,The Titan Abyss Wild Sovereign,villain,Villain,shojo,Shojo,kaiju,Kaiju,cosmic_horror,Cosmic Horror,survival,Survival,A haunting villain concept that overtly sells Kaiju x Cosmic Horror.,"camp gear, rough maps, ropes, storm clouds, scavenged supplies",cosmic_horror+kaiju | cosmic_horror+survival | kaiju+survival,"A dramatic antagonist or rival with elegance, menace and strong visual identity. Elegant djiin-twisted figure character blending defence-force, monster-hunter or scaled-beast spectacle language with occult, forbidden-text, cult or abyssal dread visuals. Subtle background hint only: camp gear, rough maps, ropes, storm clouds, scavenged supplies. Color accent idea: sage and bronze. Keep pose dynamic, anatomy clean, no extra limbs, and make the hidden genre read only as a subtle environment cue."
492,B05,5,S50,50,R1C2,2,g30_villain_shojo_037,g30_villain_shojo_037.png,Noor Duval,The Beast Underworld Corsair Sovereign,villain,Villain,shojo,Shojo,monster_taming,Monster Taming,crime,Crime,pirate,Pirate,A stylish villain concept that overtly sells Monster Taming x Crime.,"rigging, maps, cannon smoke, treasure, ocean spray",crime+monster_taming | crime+pirate | monster_taming+pirate,"A dramatic antagonist or rival with elegance, menace and strong visual identity. Romantic monstrous humanoid character blending partner-creature gear, capture tools, talismans, companion-bond energy with detective, gangster, police or heist aesthetics with urban grit. Subtle background hint only: rigging, maps, cannon smoke, treasure, ocean spray. Color accent idea: crimson and black. Keep pose dynamic, anatomy clean, no extra limbs, and make the hidden genre read only as a subtle environment cue."
493,B05,5,S50,50,R1C3,3,g30_villain_shojo_038,g30_villain_shojo_038.png,Rhea Duval,The Titan Abyss Corsair Sovereign,villain,Villain,shojo,Shojo,kaiju,Kaiju,cosmic_horror,Cosmic Horror,pirate,Pirate,A expressive villain concept that overtly sells Kaiju x Cosmic Horror.,"rigging, maps, cannon smoke, treasure, ocean spray",cosmic_horror+kaiju | cosmic_horror+pirate | kaiju+pirate,"A dramatic antagonist or rival with elegance, menace and strong visual identity. Haunting human character blending defence-force, monster-hunter or scaled-beast spectacle language with occult, forbidden-text, cult or abyssal dread visuals. Subtle background hint only: rigging, maps, cannon smoke, treasure, ocean spray. Color accent idea: emerald and ivory. Keep pose dynamic, anatomy clean, no extra limbs, and make the hidden genre read only as a subtle environment cue."
494,B05,5,S50,50,R1C4,4,g30_villain_shojo_039,g30_villain_shojo_039.png,Ren Duval,The Beast Underworld Fist Sovereign,villain,Villain,shojo,Shojo,monster_taming,Monster Taming,crime,Crime,martial,Martial Arts,A poised villain concept that overtly sells Monster Taming x Crime.,"dojo banners, shattered tiles, temple gates, training gear",crime+martial | crime+monster_taming | martial+monster_taming,"A dramatic antagonist or rival with elegance, menace and strong visual identity. Stylish dread creature character blending partner-creature gear, capture tools, talismans, companion-bond energy with detective, gangster, police or heist aesthetics with urban grit. Subtle background hint only: dojo banners, shattered tiles, temple gates, training gear. Color accent idea: teal and copper. Keep pose dynamic, anatomy clean, no extra limbs, and make the hidden genre read only as a subtle environment cue."
495,B05,5,S50,50,R1C5,5,g30_villain_shojo_040,g30_villain_shojo_040.png,Rin Duval,The Titan Abyss Fist Sovereign,villain,Villain,shojo,Shojo,kaiju,Kaiju,cosmic_horror,Cosmic Horror,martial,Martial Arts,A dramatic villain concept that overtly sells Kaiju x Cosmic Horror.,"dojo banners, shattered tiles, temple gates, training gear",cosmic_horror+kaiju | cosmic_horror+martial | kaiju+martial,"A dramatic antagonist or rival with elegance, menace and strong visual identity. Expressive demon character blending defence-force, monster-hunter or scaled-beast spectacle language with occult, forbidden-text, cult or abyssal dread visuals. Subtle background hint only: dojo banners, shattered tiles, temple gates, training gear. Color accent idea: charcoal and magenta. Keep pose dynamic, anatomy clean, no extra limbs, and make the hidden genre read only as a subtle environment cue."
496,B05,5,S50,50,R2C1,6,g30_villain_shojo_041,g30_villain_shojo_041.png,Samira Duval,The Beast Underworld Myth Sovereign,villain,Villain,shojo,Shojo,monster_taming,Monster Taming,crime,Crime,mythology,Mythology,A luminous villain concept that overtly sells Monster Taming x Crime.,"divine statues, laurel, sacred fire, heroic reliefs",crime+monster_taming | crime+mythology | monster_taming+mythology,"A dramatic antagonist or rival with elegance, menace and strong visual identity. Poised djiin-twisted figure character blending partner-creature gear, capture tools, talismans, companion-bond energy with detective, gangster, police or heist aesthetics with urban grit. Subtle background hint only: divine statues, laurel, sacred fire, heroic reliefs. Color accent idea: white and cobalt. Keep pose dynamic, anatomy clean, no extra limbs, and make the hidden genre read only as a subtle environment cue."
497,B05,5,S50,50,R2C2,7,g30_villain_shojo_042,g30_villain_shojo_042.png,Sana Duval,The Titan Abyss Myth Sovereign,villain,Villain,shojo,Shojo,kaiju,Kaiju,cosmic_horror,Cosmic Horror,mythology,Mythology,A elegant villain concept that overtly sells Kaiju x Cosmic Horror.,"divine statues, laurel, sacred fire, heroic reliefs",cosmic_horror+kaiju | cosmic_horror+mythology | kaiju+mythology,"A dramatic antagonist or rival with elegance, menace and strong visual identity. Dramatic monstrous humanoid character blending defence-force, monster-hunter or scaled-beast spectacle language with occult, forbidden-text, cult or abyssal dread visuals. Subtle background hint only: divine statues, laurel, sacred fire, heroic reliefs. Color accent idea: sage and bronze. Keep pose dynamic, anatomy clean, no extra limbs, and make the hidden genre read only as a subtle environment cue."
498,B05,5,S50,50,R2C3,8,g30_villain_shojo_043,g30_villain_shojo_043.png,Sora Duval,The Beast Underworld North Sovereign,villain,Villain,shojo,Shojo,monster_taming,Monster Taming,crime,Crime,nordic,Nordic,A romantic villain concept that overtly sells Monster Taming x Crime.,"snow, carved wood, longship details, aurora, fur banners",crime+monster_taming | crime+nordic | monster_taming+nordic,"A dramatic antagonist or rival with elegance, menace and strong visual identity. Luminous human character blending partner-creature gear, capture tools, talismans, companion-bond energy with detective, gangster, police or heist aesthetics with urban grit. Subtle background hint only: snow, carved wood, longship details, aurora, fur banners. Color accent idea: crimson and black. Keep pose dynamic, anatomy clean, no extra limbs, and make the hidden genre read only as a subtle environment cue."
499,B05,5,S50,50,R2C4,9,g30_villain_shojo_044,g30_villain_shojo_044.png,Tala Duval,The Titan Abyss North Sovereign,villain,Villain,shojo,Shojo,kaiju,Kaiju,cosmic_horror,Cosmic Horror,nordic,Nordic,A haunting villain concept that overtly sells Kaiju x Cosmic Horror.,"snow, carved wood, longship details, aurora, fur banners",cosmic_horror+kaiju | cosmic_horror+nordic | kaiju+nordic,"A dramatic antagonist or rival with elegance, menace and strong visual identity. Elegant dread creature character blending defence-force, monster-hunter or scaled-beast spectacle language with occult, forbidden-text, cult or abyssal dread visuals. Subtle background hint only: snow, carved wood, longship details, aurora, fur banners. Color accent idea: emerald and ivory. Keep pose dynamic, anatomy clean, no extra limbs, and make the hidden genre read only as a subtle environment cue."
500,B05,5,S50,50,R2C5,10,g30_villain_shojo_045,g30_villain_shojo_045.png,Yara Duval,The Beast Underworld Blade Sovereign,villain,Villain,shojo,Shojo,monster_taming,Monster Taming,crime,Crime,samurai,Samurai,A stylish villain concept that overtly sells Monster Taming x Crime.,"paper screens, mon crests, lacquer, falling maple leaves",crime+monster_taming | crime+samurai | monster_taming+samurai,"A dramatic antagonist or rival with elegance, menace and strong visual identity. Romantic demon character blending partner-creature gear, capture tools, talismans, companion-bond energy with detective, gangster, police or heist aesthetics with urban grit. Subtle background hint only: paper screens, mon crests, lacquer, falling maple leaves. Color accent idea: teal and copper. Keep pose dynamic, anatomy clean, no extra limbs, and make the hidden genre read only as a subtle environment cue."
501,B06,6,S51,51,R1C1,1,g30_villain_shojo_046,g30_villain_shojo_046.png,Aiko Farouk,The Titan Abyss Blade Sovereign,villain,Villain,shojo,Shojo,kaiju,Kaiju,cosmic_horror,Cosmic Horror,samurai,Samurai,A expressive villain concept that overtly sells Kaiju x Cosmic Horror.,"paper screens, mon crests, lacquer, falling maple leaves",cosmic_horror+kaiju | cosmic_horror+samurai | kaiju+samurai,"A dramatic antagonist or rival with elegance, menace and strong visual identity. Haunting djiin-twisted figure character blending defence-force, monster-hunter or scaled-beast spectacle language with occult, forbidden-text, cult or abyssal dread visuals. Subtle background hint only: paper screens, mon crests, lacquer, falling maple leaves. Color accent idea: charcoal and magenta. Keep pose dynamic, anatomy clean, no extra limbs, and make the hidden genre read only as a subtle environment cue."
502,B06,6,S51,51,R1C2,2,g30_villain_shojo_047,g30_villain_shojo_047.png,Amara Farouk,The Beast Underworld Shadow Sovereign,villain,Villain,shojo,Shojo,monster_taming,Monster Taming,crime,Crime,shinobi,Shinobi,A poised villain concept that overtly sells Monster Taming x Crime.,"moonlit rooftops, smoke bombs, hidden blades, bamboo",crime+monster_taming | crime+shinobi | monster_taming+shinobi,"A dramatic antagonist or rival with elegance, menace and strong visual identity. Stylish monstrous humanoid character blending partner-creature gear, capture tools, talismans, companion-bond energy with detective, gangster, police or heist aesthetics with urban grit. Subtle background hint only: moonlit rooftops, smoke bombs, hidden blades, bamboo. Color accent idea: white and cobalt. Keep pose dynamic, anatomy clean, no extra limbs, and make the hidden genre read only as a subtle environment cue."
503,B06,6,S51,51,R1C3,3,g30_villain_shojo_048,g30_villain_shojo_048.png,Ansel Farouk,The Titan Abyss Shadow Sovereign,villain,Villain,shojo,Shojo,kaiju,Kaiju,cosmic_horror,Cosmic Horror,shinobi,Shinobi,A dramatic villain concept that overtly sells Kaiju x Cosmic Horror.,"moonlit rooftops, smoke bombs, hidden blades, bamboo",cosmic_horror+kaiju | cosmic_horror+shinobi | kaiju+shinobi,"A dramatic antagonist or rival with elegance, menace and strong visual identity. Expressive human character blending defence-force, monster-hunter or scaled-beast spectacle language with occult, forbidden-text, cult or abyssal dread visuals. Subtle background hint only: moonlit rooftops, smoke bombs, hidden blades, bamboo. Color accent idea: sage and bronze. Keep pose dynamic, anatomy clean, no extra limbs, and make the hidden genre read only as a subtle environment cue."
504,B06,6,S51,51,R1C4,4,g30_villain_shojo_049,g30_villain_shojo_049.png,Arden Farouk,The Beast Underworld Blood Sovereign,villain,Villain,shojo,Shojo,monster_taming,Monster Taming,crime,Crime,vampire,Vampire,A luminous villain concept that overtly sells Monster Taming x Crime.,"crimson moonlight, gothic windows, candelabras, coffin motifs",crime+monster_taming | crime+vampire | monster_taming+vampire,"A dramatic antagonist or rival with elegance, menace and strong visual identity. Poised dread creature character blending partner-creature gear, capture tools, talismans, companion-bond energy with detective, gangster, police or heist aesthetics with urban grit. Subtle background hint only: crimson moonlight, gothic windows, candelabras, coffin motifs. Color accent idea: crimson and black. Keep pose dynamic, anatomy clean, no extra limbs, and make the hidden genre read only as a subtle environment cue."
505,B06,6,S51,51,R1C5,5,g30_villain_shojo_050,g30_villain_shojo_050.png,Ari Farouk,The Titan Abyss Blood Sovereign,villain,Villain,shojo,Shojo,kaiju,Kaiju,cosmic_horror,Cosmic Horror,vampire,Vampire,A elegant villain concept that overtly sells Kaiju x Cosmic Horror.,"crimson moonlight, gothic windows, candelabras, coffin motifs",cosmic_horror+kaiju | cosmic_horror+vampire | kaiju+vampire,"A dramatic antagonist or rival with elegance, menace and strong visual identity. Dramatic demon character blending defence-force, monster-hunter or scaled-beast spectacle language with occult, forbidden-text, cult or abyssal dread visuals. Subtle background hint only: crimson moonlight, gothic windows, candelabras, coffin motifs. Color accent idea: emerald and ivory. Keep pose dynamic, anatomy clean, no extra limbs, and make the hidden genre read only as a subtle environment cue."
506,B06,6,S51,51,R2C1,6,g30_villain_shojo_051,g30_villain_shojo_051.png,Asa Farouk,The Beast Underworld Ruin Sovereign,villain,Villain,shojo,Shojo,monster_taming,Monster Taming,crime,Crime,grimdark,Grimdark,A romantic villain concept that overtly sells Monster Taming x Crime.,"war-torn ruins, infernal haze, chains, blackened armor",crime+grimdark | crime+monster_taming | grimdark+monster_taming,"A dramatic antagonist or rival with elegance, menace and strong visual identity. Luminous djiin-twisted figure character blending partner-creature gear, capture tools, talismans, companion-bond energy with detective, gangster, police or heist aesthetics with urban grit. Subtle background hint only: war-torn ruins, infernal haze, chains, blackened armor. Color accent idea: teal and copper. Keep pose dynamic, anatomy clean, no extra limbs, and make the hidden genre read only as a subtle environment cue."
507,B06,6,S51,51,R2C2,7,g30_villain_shojo_052,g30_villain_shojo_052.png,Asha Farouk,The Titan Abyss Ruin Sovereign,villain,Villain,shojo,Shojo,kaiju,Kaiju,cosmic_horror,Cosmic Horror,grimdark,Grimdark,A haunting villain concept that overtly sells Kaiju x Cosmic Horror.,"war-torn ruins, infernal haze, chains, blackened armor",cosmic_horror+grimdark | cosmic_horror+kaiju | grimdark+kaiju,"A dramatic antagonist or rival with elegance, menace and strong visual identity. Elegant monstrous humanoid character blending defence-force, monster-hunter or scaled-beast spectacle language with occult, forbidden-text, cult or abyssal dread visuals. Subtle background hint only: war-torn ruins, infernal haze, chains, blackened armor. Color accent idea: charcoal and magenta. Keep pose dynamic, anatomy clean, no extra limbs, and make the hidden genre read only as a subtle environment cue."
508,B06,6,S51,51,R2C3,8,g30_villain_shojo_053,g30_villain_shojo_053.png,Cass Farouk,The Gear Portal Beast Sovereign,villain,Villain,shojo,Shojo,mecha,Mecha,isekai,Isekai,monster_taming,Monster Taming,A stylish villain concept that overtly sells Mecha x Isekai.,"creature dens, hatcheries, capture tags, feeding bowls",isekai+monster_taming | mecha+monster_taming,"A dramatic antagonist or rival with elegance, menace and strong visual identity. Romantic human character blending Mecha-driven styling with Isekai-driven styling. Subtle background hint only: creature dens, hatcheries, capture tags, feeding bowls. Color accent idea: white and cobalt. Keep pose dynamic, anatomy clean, no extra limbs, and make the hidden genre read only as a subtle environment cue."
509,B06,6,S51,51,R2C4,9,g30_villain_shojo_054,g30_villain_shojo_054.png,Cassia Farouk,The Hearth Terror Dune Sovereign,villain,Villain,shojo,Shojo,slice,Slice of Life,horror,Horror,arabia,Arabia,A expressive villain concept that overtly sells Slice of Life x Horror.,"dune horizons, palace arches, mosaic tiles, brass lamps, caravan tents",arabia+horror | arabia+slice,"A dramatic antagonist or rival with elegance, menace and strong visual identity. Haunting dread creature character blending Slice of Life-driven styling with Horror-driven styling. Subtle background hint only: dune horizons, palace arches, mosaic tiles, brass lamps, caravan tents. Color accent idea: sage and bronze. Keep pose dynamic, anatomy clean, no extra limbs, and make the hidden genre read only as a subtle environment cue."
510,B06,6,S51,51,R2C5,10,g30_villain_shojo_055,g30_villain_shojo_055.png,Dara Farouk,The Heart Arena Dune Sovereign,villain,Villain,shojo,Shojo,romance,Romance,sports,Sports,arabia,Arabia,A poised villain concept that overtly sells Romance x Sports.,"dune horizons, palace arches, mosaic tiles, brass lamps, caravan tents",arabia+romance | arabia+sports,"A dramatic antagonist or rival with elegance, menace and strong visual identity. Stylish demon character blending Romance-driven styling with Sports-driven styling. Subtle background hint only: dune horizons, palace arches, mosaic tiles, brass lamps, caravan tents. Color accent idea: crimson and black. Keep pose dynamic, anatomy clean, no extra limbs, and make the hidden genre read only as a subtle environment cue."
511,B06,6,S52,52,R1C1,1,g30_villain_shojo_056,g30_villain_shojo_056.png,Eira Farouk,The Neon Realm Dune Sovereign,villain,Villain,shojo,Shojo,cyber,Cyber,fantasy,Fantasy,arabia,Arabia,A dramatic villain concept that overtly sells Cyber x Fantasy.,"dune horizons, palace arches, mosaic tiles, brass lamps, caravan tents",arabia+cyber | arabia+fantasy,"A dramatic antagonist or rival with elegance, menace and strong visual identity. Expressive djiin-twisted figure character blending Cyber-driven styling with Fantasy-driven styling. Subtle background hint only: dune horizons, palace arches, mosaic tiles, brass lamps, caravan tents. Color accent idea: emerald and ivory. Keep pose dynamic, anatomy clean, no extra limbs, and make the hidden genre read only as a subtle environment cue."
512,B06,6,S52,52,R1C2,2,g30_villain_shojo_057,g30_villain_shojo_057.png,Elian Farouk,The Stage Cipher Dune Sovereign,villain,Villain,shojo,Shojo,idol,Idol,mystery,Mystery,arabia,Arabia,A luminous villain concept that overtly sells Idol x Mystery.,"dune horizons, palace arches, mosaic tiles, brass lamps, caravan tents",arabia+idol | arabia+mystery,"A dramatic antagonist or rival with elegance, menace and strong visual identity. Poised monstrous humanoid character blending Idol-driven styling with Mystery-driven styling. Subtle background hint only: dune horizons, palace arches, mosaic tiles, brass lamps, caravan tents. Color accent idea: teal and copper. Keep pose dynamic, anatomy clean, no extra limbs, and make the hidden genre read only as a subtle environment cue."
513,B06,6,S52,52,R1C3,3,g30_villain_shojo_058,g30_villain_shojo_058.png,Emi Farouk,The Mirth Kitchen Dune Sovereign,villain,Villain,shojo,Shojo,comedy,Comedy,cooking,Cooking,arabia,Arabia,A elegant villain concept that overtly sells Comedy x Cooking.,"dune horizons, palace arches, mosaic tiles, brass lamps, caravan tents",arabia+comedy | arabia+cooking,"A dramatic antagonist or rival with elegance, menace and strong visual identity. Dramatic human character blending Comedy-driven styling with Cooking-driven styling. Subtle background hint only: dune horizons, palace arches, mosaic tiles, brass lamps, caravan tents. Color accent idea: charcoal and magenta. Keep pose dynamic, anatomy clean, no extra limbs, and make the hidden genre read only as a subtle environment cue."
514,B06,6,S52,52,R1C4,4,g30_villain_shojo_059,g30_villain_shojo_059.png,Farah Farouk,The Command Spirit Dune Sovereign,villain,Villain,shojo,Shojo,military,Military,supernatural,Supernatural,arabia,Arabia,A romantic villain concept that overtly sells Military x Supernatural.,"dune horizons, palace arches, mosaic tiles, brass lamps, caravan tents",arabia+military | arabia+supernatural,"A dramatic antagonist or rival with elegance, menace and strong visual identity. Luminous dread creature character blending Military-driven styling with Supernatural-driven styling. Subtle background hint only: dune horizons, palace arches, mosaic tiles, brass lamps, caravan tents. Color accent idea: white and cobalt. Keep pose dynamic, anatomy clean, no extra limbs, and make the hidden genre read only as a subtle environment cue."
515,B06,6,S52,52,R1C5,5,g30_villain_shojo_060,g30_villain_shojo_060.png,Hana Farouk,The Void Charm Dune Sovereign,villain,Villain,shojo,Shojo,space,Space,magical,Magical,arabia,Arabia,A haunting villain concept that overtly sells Space x Magical.,"dune horizons, palace arches, mosaic tiles, brass lamps, caravan tents",arabia+magical | arabia+space,"A dramatic antagonist or rival with elegance, menace and strong visual identity. Elegant demon character blending Space-driven styling with Magical-driven styling. Subtle background hint only: dune horizons, palace arches, mosaic tiles, brass lamps, caravan tents. Color accent idea: sage and bronze. Keep pose dynamic, anatomy clean, no extra limbs, and make the hidden genre read only as a subtle environment cue."
516,B06,6,S52,52,R2C1,6,g30_villain_shojo_061,g30_villain_shojo_061.png,Haru Farouk,The Wild Corsair Dune Sovereign,villain,Villain,shojo,Shojo,survival,Survival,pirate,Pirate,arabia,Arabia,A stylish villain concept that overtly sells Survival x Pirate.,"dune horizons, palace arches, mosaic tiles, brass lamps, caravan tents",arabia+pirate | arabia+survival,"A dramatic antagonist or rival with elegance, menace and strong visual identity. Romantic djiin-twisted figure character blending Survival-driven styling with Pirate-driven styling. Subtle background hint only: dune horizons, palace arches, mosaic tiles, brass lamps, caravan tents. Color accent idea: crimson and black. Keep pose dynamic, anatomy clean, no extra limbs, and make the hidden genre read only as a subtle environment cue."
517,B06,6,S52,52,R2C2,7,g30_villain_shojo_062,g30_villain_shojo_062.png,Idris Farouk,The Fist Myth Dune Sovereign,villain,Villain,shojo,Shojo,martial,Martial Arts,mythology,Mythology,arabia,Arabia,A expressive villain concept that overtly sells Martial Arts x Mythology.,"dune horizons, palace arches, mosaic tiles, brass lamps, caravan tents",arabia+martial | arabia+mythology,"A dramatic antagonist or rival with elegance, menace and strong visual identity. Haunting monstrous humanoid character blending Martial Arts-driven styling with Mythology-driven styling. Subtle background hint only: dune horizons, palace arches, mosaic tiles, brass lamps, caravan tents. Color accent idea: emerald and ivory. Keep pose dynamic, anatomy clean, no extra limbs, and make the hidden genre read only as a subtle environment cue."
518,B06,6,S52,52,R2C3,8,g30_villain_shojo_063,g30_villain_shojo_063.png,Imani Farouk,The North Blade Dune Sovereign,villain,Villain,shojo,Shojo,nordic,Nordic,samurai,Samurai,arabia,Arabia,A poised villain concept that overtly sells Nordic x Samurai.,"dune horizons, palace arches, mosaic tiles, brass lamps, caravan tents",arabia+nordic | arabia+samurai,"A dramatic antagonist or rival with elegance, menace and strong visual identity. Stylish human character blending Nordic-driven styling with Samurai-driven styling. Subtle background hint only: dune horizons, palace arches, mosaic tiles, brass lamps, caravan tents. Color accent idea: teal and copper. Keep pose dynamic, anatomy clean, no extra limbs, and make the hidden genre read only as a subtle environment cue."
519,B06,6,S52,52,R2C4,9,g30_villain_shojo_064,g30_villain_shojo_064.png,Jae Farouk,The Shadow Blood Dune Sovereign,villain,Villain,shojo,Shojo,shinobi,Shinobi,vampire,Vampire,arabia,Arabia,A dramatic villain concept that overtly sells Shinobi x Vampire.,"dune horizons, palace arches, mosaic tiles, brass lamps, caravan tents",arabia+shinobi | arabia+vampire,"A dramatic antagonist or rival with elegance, menace and strong visual identity. Expressive dread creature character blending Shinobi-driven styling with Vampire-driven styling. Subtle background hint only: dune horizons, palace arches, mosaic tiles, brass lamps, caravan tents. Color accent idea: charcoal and magenta. Keep pose dynamic, anatomy clean, no extra limbs, and make the hidden genre read only as a subtle environment cue."
520,B06,6,S52,52,R2C5,10,g30_villain_shojo_065,g30_villain_shojo_065.png,Jin Farouk,The Beast Dune Ruin Sovereign,villain,Villain,shojo,Shojo,monster_taming,Monster Taming,arabia,Arabia,grimdark,Grimdark,A luminous villain concept that overtly sells Monster Taming x Arabia.,"war-torn ruins, infernal haze, chains, blackened armor",arabia+grimdark | arabia+monster_taming | grimdark+monster_taming,"A dramatic antagonist or rival with elegance, menace and strong visual identity. Poised demon character blending partner-creature gear, capture tools, talismans, companion-bond energy with desert-sorcery, caravan, palace or djinn-adventure styling. Subtle background hint only: war-torn ruins, infernal haze, chains, blackened armor. Color accent idea: white and cobalt. Keep pose dynamic, anatomy clean, no extra limbs, and make the hidden genre read only as a subtle environment cue."
