id,name,generation,role,anime_type,visible_genre_1,visible_genre_2,hidden_affinity,runtime_portrait_path,source_portrait_path,source_manifest_row,source_manifest_sequence,expected_source_filename,expected_runtime_filename,actual_runtime_filename,sha256,source_sha256,perceptual_hash,width,height,source_file_exists,runtime_file_exists,filename_id_mapping_matches,runtime_references_intended_source,metadata_matches_authoritative,portrait_appears_elsewhere,suspected_visual_duplicate_ids
kai,Kai Moriyama,V2 original,protag,shonen,sports,martial,cooking,cast/v2/lead_shonen_01__a1__kai.webp,game_source/public/cast/v2/lead_shonen_01__a1__kai.webp,visual_sheet_manifest.json LEAD_SHONEN_01:A1,,lead_shonen_01__a1__kai.webp,lead_shonen_01__a1__kai.webp,lead_shonen_01__a1__kai.webp,345fd3bbe19f8c0a02eb59019d920ecd2d1d807596537b6a29a40116dc44a7a2,345fd3bbe19f8c0a02eb59019d920ecd2d1d807596537b6a29a40116dc44a7a2,3441494f9d7cb592,512,512,True,True,True,True,True,False,
rei,Rei Han,V2 original,protag,shonen,mecha,space,military,cast/v2/lead_shonen_01__a2__rei.webp,game_source/public/cast/v2/lead_shonen_01__a2__rei.webp,visual_sheet_manifest.json LEAD_SHONEN_01:A2,,lead_shonen_01__a2__rei.webp,lead_shonen_01__a2__rei.webp,lead_shonen_01__a2__rei.webp,8e3d22c5267de98996cff94a8c6522713aa3b7a42a79959bf0adbc8def7d3fa2,8e3d22c5267de98996cff94a8c6522713aa3b7a42a79959bf0adbc8def7d3fa2,21c999a9a58f1793,512,512,True,True,True,True,True,False,
sora,Sora Vale,V2 original,protag,shonen,isekai,fantasy,military,cast/v2/lead_shonen_01__a3__sora.webp,game_source/public/cast/v2/lead_shonen_01__a3__sora.webp,visual_sheet_manifest.json LEAD_SHONEN_01:A3,,lead_shonen_01__a3__sora.webp,lead_shonen_01__a3__sora.webp,lead_shonen_01__a3__sora.webp,49c0837fd3842fa84e1f204a1d330a2a4cc06b02f7ebb850dfafc1fa9fa7b5bb,49c0837fd3842fa84e1f204a1d330a2a4cc06b02f7ebb850dfafc1fa9fa7b5bb,20e4e21fc735d88d,512,512,True,True,True,True,True,False,g30_protag_shonen_065
kage,Kage Mercer,V2 original,protag,shonen,horror,cyber,mystery,cast/v2/lead_shonen_01__a4__kage.webp,game_source/public/cast/v2/lead_shonen_01__a4__kage.webp,visual_sheet_manifest.json LEAD_SHONEN_01:A4,,lead_shonen_01__a4__kage.webp,lead_shonen_01__a4__kage.webp,lead_shonen_01__a4__kage.webp,857bdfbd56cfc0428c4b336c948595f38af875b988e9623b69d123e6703fa90a,857bdfbd56cfc0428c4b336c948595f38af875b988e9623b69d123e6703fa90a,2197432f6a683c7c,512,512,True,True,True,True,True,False,
kenta,Kenta Okafor,V2 original,protag,shonen,martial,comedy,mythology,cast/v2/lead_shonen_01__b1__kenta.webp,game_source/public/cast/v2/lead_shonen_01__b1__kenta.webp,visual_sheet_manifest.json LEAD_SHONEN_01:B1,,lead_shonen_01__b1__kenta.webp,lead_shonen_01__b1__kenta.webp,lead_shonen_01__b1__kenta.webp,5b28a0d90e2029eed0211e4a103fb59da6d0cb6c456a4d3383ef1d092ff7c810,5b28a0d90e2029eed0211e4a103fb59da6d0cb6c456a4d3383ef1d092ff7c810,2525f88f66d49c16,512,512,True,True,True,True,True,False,
ryu,Ryu Long,V2 original,protag,shonen,fantasy,martial,romance,cast/v2/lead_shonen_01__b2__ryu.webp,game_source/public/cast/v2/lead_shonen_01__b2__ryu.webp,visual_sheet_manifest.json LEAD_SHONEN_01:B2,,lead_shonen_01__b2__ryu.webp,lead_shonen_01__b2__ryu.webp,lead_shonen_01__b2__ryu.webp,d2b56dfb1307ace6aab65821b6cfde6d66982e0257b6a88f6ed777dd27bdfe73,d2b56dfb1307ace6aab65821b6cfde6d66982e0257b6a88f6ed777dd27bdfe73,399677638364c4d8,512,512,True,True,True,True,True,False,
jin,Jin Park,V2 original,protag,shonen,mecha,survival,slice,cast/v2/lead_shonen_01__b3__jin.webp,game_source/public/cast/v2/lead_shonen_01__b3__jin.webp,visual_sheet_manifest.json LEAD_SHONEN_01:B3,,lead_shonen_01__b3__jin.webp,lead_shonen_01__b3__jin.webp,lead_shonen_01__b3__jin.webp,7f2421478f20091c91f553ed6c1e7a26be0d61766c4c963dbfa5a5e7123054c2,7f2421478f20091c91f553ed6c1e7a26be0d61766c4c963dbfa5a5e7123054c2,20d7d6632335159b,512,512,True,True,True,True,True,False,
goro,Goro Nishida,V2 original,protag,shonen,sports,martial,magical,cast/v2/lead_shonen_01__b4__goro.webp,game_source/public/cast/v2/lead_shonen_01__b4__goro.webp,visual_sheet_manifest.json LEAD_SHONEN_01:B4,,lead_shonen_01__b4__goro.webp,lead_shonen_01__b4__goro.webp,lead_shonen_01__b4__goro.webp,0d62917f517f131b6d9c5beb2ccab8df00c3e7d3d583c429e515b9096dda5c86,0d62917f517f131b6d9c5beb2ccab8df00c3e7d3d583c429e515b9096dda5c86,20502bb631df0f8f,512,512,True,True,True,True,True,False,
daichi,Dawit Bekele,V2 original,protag,shonen,survival,military,supernatural,cast/v2/lead_shonen_02__a1__daichi.webp,game_source/public/cast/v2/lead_shonen_02__a1__daichi.webp,visual_sheet_manifest.json LEAD_SHONEN_02:A1,,lead_shonen_02__a1__daichi.webp,lead_shonen_02__a1__daichi.webp,lead_shonen_02__a1__daichi.webp,11865aa5b8a9b5bcec5dad942d599edb585a6ebc35c10fde2f1430b2ea0d6b74,11865aa5b8a9b5bcec5dad942d599edb585a6ebc35c10fde2f1430b2ea0d6b74,2b403fc5ec538d62,512,512,True,True,True,True,True,False,
kaito,Kaito Marlow,V2 original,protag,shonen,pirate,isekai,romance,cast/v2/lead_shonen_02__a2__kaito.webp,game_source/public/cast/v2/lead_shonen_02__a2__kaito.webp,visual_sheet_manifest.json LEAD_SHONEN_02:A2,,lead_shonen_02__a2__kaito.webp,lead_shonen_02__a2__kaito.webp,lead_shonen_02__a2__kaito.webp,c7d9c8e635e7a59fe5f54c0896c66f908f1cdd736a40b7956792c523303a72e3,c7d9c8e635e7a59fe5f54c0896c66f908f1cdd736a40b7956792c523303a72e3,618746e7abf01447,512,512,True,True,True,True,True,False,
akira,Akira Sato,V2 original,protag,shonen,cyber,mystery,nordic,cast/v2/lead_shonen_02__a3__akira.webp,game_source/public/cast/v2/lead_shonen_02__a3__akira.webp,visual_sheet_manifest.json LEAD_SHONEN_02:A3,,lead_shonen_02__a3__akira.webp,lead_shonen_02__a3__akira.webp,lead_shonen_02__a3__akira.webp,3368bbd208df96e0bc8f04686a1714c78fc5a58aa4665632e5eb71404a095562,3368bbd208df96e0bc8f04686a1714c78fc5a58aa4665632e5eb71404a095562,3dc6c80d4ea6d8b2,512,512,True,True,True,True,True,False,
kuro,Kuro Reyes,V2 original,protag,shonen,cyber,military,martial,cast/v2/lead_shonen_02__a4__kuro.webp,game_source/public/cast/v2/lead_shonen_02__a4__kuro.webp,visual_sheet_manifest.json LEAD_SHONEN_02:A4,,lead_shonen_02__a4__kuro.webp,lead_shonen_02__a4__kuro.webp,lead_shonen_02__a4__kuro.webp,7218b750c321c52ba2e1bf104cfcdf7e4d08454650735633d29faa42618717c6,7218b750c321c52ba2e1bf104cfcdf7e4d08454650735633d29faa42618717c6,20b3f6178eae2d48,512,512,True,True,True,True,True,False,
rin,Rin Adebayo,V2 original,protag,shonen,sports,slice,pirate,cast/v2/lead_shonen_02__b1__rin.webp,game_source/public/cast/v2/lead_shonen_02__b1__rin.webp,visual_sheet_manifest.json LEAD_SHONEN_02:B1,,lead_shonen_02__b1__rin.webp,lead_shonen_02__b1__rin.webp,lead_shonen_02__b1__rin.webp,6b3deb5c548f2460c07f2a84ba44eb6ba2b79d76fb9988ee6c4b93705e0c6166,6b3deb5c548f2460c07f2a84ba44eb6ba2b79d76fb9988ee6c4b93705e0c6166,44635fde32830cda,512,512,True,True,True,True,True,False,
niko,Niko Varga,V2 original,protag,shonen,mecha,cyber,magical,cast/v2/lead_shonen_02__b2__niko.webp,game_source/public/cast/v2/lead_shonen_02__b2__niko.webp,visual_sheet_manifest.json LEAD_SHONEN_02:B2,,lead_shonen_02__b2__niko.webp,lead_shonen_02__b2__niko.webp,lead_shonen_02__b2__niko.webp,c633e1d379dbd48c0e6c56126d21c4e4f04179b19371bbb468f7a6579d9d3b88,c633e1d379dbd48c0e6c56126d21c4e4f04179b19371bbb468f7a6579d9d3b88,1bce2a3d244687ad,512,512,True,True,True,True,True,False,
mako,Mako Te Rangi,V2 original,protag,shonen,pirate,fantasy,mystery,cast/v2/lead_shonen_02__b3__mako.webp,game_source/public/cast/v2/lead_shonen_02__b3__mako.webp,visual_sheet_manifest.json LEAD_SHONEN_02:B3,,lead_shonen_02__b3__mako.webp,lead_shonen_02__b3__mako.webp,lead_shonen_02__b3__mako.webp,7b6c174f08a69e573d745245cea5aa210189bac507b4f0e22736ee22d7b03fea,7b6c174f08a69e573d745245cea5aa210189bac507b4f0e22736ee22d7b03fea,3c94b2a32be994a6,512,512,True,True,True,True,True,False,
zuri,Zuri Kamau,V2 original,protag,shonen,mecha,cooking,horror,cast/v2/lead_shonen_02__b4__zuri.webp,game_source/public/cast/v2/lead_shonen_02__b4__zuri.webp,visual_sheet_manifest.json LEAD_SHONEN_02:B4,,lead_shonen_02__b4__zuri.webp,lead_shonen_02__b4__zuri.webp,lead_shonen_02__b4__zuri.webp,732baf9db9686941c4bfbddcce2f81dcd34cf3a0c4eb26bac9c8a5639de74f96,732baf9db9686941c4bfbddcce2f81dcd34cf3a0c4eb26bac9c8a5639de74f96,24ad89dc2de055f8,512,512,True,True,True,True,True,False,
sakura,Sakura Fujimoto,V2 original,protag,shonen,martial,magical,space,cast/v2/lead_shonen_03__a1__sakura.webp,game_source/public/cast/v2/lead_shonen_03__a1__sakura.webp,visual_sheet_manifest.json LEAD_SHONEN_03:A1,,lead_shonen_03__a1__sakura.webp,lead_shonen_03__a1__sakura.webp,lead_shonen_03__a1__sakura.webp,c109a9b8e82afbe615810e96d0ac5613106fb0753791d48c949801d10887a2d4,c109a9b8e82afbe615810e96d0ac5613106fb0753791d48c949801d10887a2d4,3d052507d8f24b4f,512,512,True,True,True,True,True,False,
suzume,Suzume Inari,V2 original,protag,shonen,supernatural,mythology,sports,cast/v2/lead_shonen_03__a2__suzume.webp,game_source/public/cast/v2/lead_shonen_03__a2__suzume.webp,visual_sheet_manifest.json LEAD_SHONEN_03:A2,,lead_shonen_03__a2__suzume.webp,lead_shonen_03__a2__suzume.webp,lead_shonen_03__a2__suzume.webp,60593a285ee6a2784cf1344dbe5a9803eb817b437ea62c5ba1ec79090b37a094,60593a285ee6a2784cf1344dbe5a9803eb817b437ea62c5ba1ec79090b37a094,31d9ec27360391ce,512,512,True,True,True,True,True,False,
yuki,Yuki Lind,V2 original,protag,shonen,nordic,survival,horror,cast/v2/lead_shonen_03__a3__yuki.webp,game_source/public/cast/v2/lead_shonen_03__a3__yuki.webp,visual_sheet_manifest.json LEAD_SHONEN_03:A3,,lead_shonen_03__a3__yuki.webp,lead_shonen_03__a3__yuki.webp,lead_shonen_03__a3__yuki.webp,e3f6fd47a7341737afe3b4eb29405e12456fff2c981accec1716457ccf62777d,e3f6fd47a7341737afe3b4eb29405e12456fff2c981accec1716457ccf62777d,718dd02b6d1b259c,512,512,True,True,True,True,True,False,
riko,Riko Chen,V2 original,protag,shonen,mystery,mecha,idol,cast/v2/lead_shonen_03__a4__riko.webp,game_source/public/cast/v2/lead_shonen_03__a4__riko.webp,visual_sheet_manifest.json LEAD_SHONEN_03:A4,,lead_shonen_03__a4__riko.webp,lead_shonen_03__a4__riko.webp,lead_shonen_03__a4__riko.webp,ce24ce35b428c22712dc73edb7a3b9ac05470e7b281bc414c834d61d13aabc88,ce24ce35b428c22712dc73edb7a3b9ac05470e7b281bc414c834d61d13aabc88,2c8c6d2a70a7fe42,512,512,True,True,True,True,True,False,
momo,Momo Alvarez,V2 original,protag,shonen,idol,comedy,survival,cast/v2/lead_shonen_03__b1__momo.webp,game_source/public/cast/v2/lead_shonen_03__b1__momo.webp,visual_sheet_manifest.json LEAD_SHONEN_03:B1,,lead_shonen_03__b1__momo.webp,lead_shonen_03__b1__momo.webp,lead_shonen_03__b1__momo.webp,c56a702c8041fdf1517b92cd384d523908f632fa00c428dd9a511253c244639f,c56a702c8041fdf1517b92cd384d523908f632fa00c428dd9a511253c244639f,704134ec4e8decb6,512,512,True,True,True,True,True,False,
n_ryoko,Astrid Voss,V2 original,protag,shonen,mecha,space,martial,cast/v2/lead_shonen_03__b2__n_ryoko.webp,game_source/public/cast/v2/lead_shonen_03__b2__n_ryoko.webp,visual_sheet_manifest.json LEAD_SHONEN_03:B2,,lead_shonen_03__b2__n_ryoko.webp,lead_shonen_03__b2__n_ryoko.webp,lead_shonen_03__b2__n_ryoko.webp,22ae88cc7c9a5c8476f84e41f342962038c8adf294155c029072ea4653b76db3,22ae88cc7c9a5c8476f84e41f342962038c8adf294155c029072ea4653b76db3,7596521a3a0a7dc3,512,512,True,True,True,True,True,False,
n_mikoto,Mikoto Arata,V2 original,protag,shonen,magical,isekai,cooking,cast/v2/lead_shonen_03__b3__n_mikoto.webp,game_source/public/cast/v2/lead_shonen_03__b3__n_mikoto.webp,visual_sheet_manifest.json LEAD_SHONEN_03:B3,,lead_shonen_03__b3__n_mikoto.webp,lead_shonen_03__b3__n_mikoto.webp,lead_shonen_03__b3__n_mikoto.webp,ec8d181a2a77638d65f5fd793d8961aba68bd0c57f0e3cdb0ec58f0557101cc3,ec8d181a2a77638d65f5fd793d8961aba68bd0c57f0e3cdb0ec58f0557101cc3,74941ff33184d28e,512,512,True,True,True,True,True,False,
airi,Airi Watanabe,V2 original,protag,shonen,idol,romance,horror,cast/v2/lead_shonen_03__b4__airi.webp,game_source/public/cast/v2/lead_shonen_03__b4__airi.webp,visual_sheet_manifest.json LEAD_SHONEN_03:B4,,lead_shonen_03__b4__airi.webp,lead_shonen_03__b4__airi.webp,lead_shonen_03__b4__airi.webp,fc4ad2b00f0e0d00bb8dfd94c1bdd89a3fca18a6a303ed3d412b376de402c4da,fc4ad2b00f0e0d00bb8dfd94c1bdd89a3fca18a6a303ed3d412b376de402c4da,214f78373b1d84f0,512,512,True,True,True,True,True,False,
hikari,Hikari Amano,V2 original,protag,shojo,magical,romance,military,cast/v2/lead_shojo_01__a1__hikari.webp,game_source/public/cast/v2/lead_shojo_01__a1__hikari.webp,visual_sheet_manifest.json LEAD_SHOJO_01:A1,,lead_shojo_01__a1__hikari.webp,lead_shojo_01__a1__hikari.webp,lead_shojo_01__a1__hikari.webp,a84d8e44a2fcf0cca602f48c6227474a8a943cb8e1f2d4159ca7e653fb5fe826,a84d8e44a2fcf0cca602f48c6227474a8a943cb8e1f2d4159ca7e653fb5fe826,045a3862f515df9c,512,512,True,True,True,True,True,False,
shiro,Shiro Desai,V2 original,protag,shojo,mystery,slice,pirate,cast/v2/lead_shojo_01__a2__shiro.webp,game_source/public/cast/v2/lead_shojo_01__a2__shiro.webp,visual_sheet_manifest.json LEAD_SHOJO_01:A2,,lead_shojo_01__a2__shiro.webp,lead_shojo_01__a2__shiro.webp,lead_shojo_01__a2__shiro.webp,68d2d00534d0245ee390b2dd5ded3565dad25f3d21210f60f0e128a2eb264ec0,68d2d00534d0245ee390b2dd5ded3565dad25f3d21210f60f0e128a2eb264ec0,2a0a2977d3af54a1,512,512,True,True,True,True,True,False,
takumi,Takumi Ito,V2 original,protag,shojo,romance,mecha,mystery,cast/v2/lead_shojo_01__a3__takumi.webp,game_source/public/cast/v2/lead_shojo_01__a3__takumi.webp,visual_sheet_manifest.json LEAD_SHOJO_01:A3,,lead_shojo_01__a3__takumi.webp,lead_shojo_01__a3__takumi.webp,lead_shojo_01__a3__takumi.webp,49f06b4e6a2a9551483fa8cd07bcdf122792d73515bca8f54ce6ea2e1452be45,49f06b4e6a2a9551483fa8cd07bcdf122792d73515bca8f54ce6ea2e1452be45,01319c621e6f3b9e,512,512,True,True,True,True,True,False,
haru,Haru Mensah,V2 original,protag,shojo,sports,romance,horror,cast/v2/lead_shojo_01__a4__haru.webp,game_source/public/cast/v2/lead_shojo_01__a4__haru.webp,visual_sheet_manifest.json LEAD_SHOJO_01:A4,,lead_shojo_01__a4__haru.webp,lead_shojo_01__a4__haru.webp,lead_shojo_01__a4__haru.webp,41456b70f19674e576b98515bad98834df6e58852ffe06d9140b27fae43b7c13,41456b70f19674e576b98515bad98834df6e58852ffe06d9140b27fae43b7c13,209611197dfcae87,512,512,True,True,True,True,True,False,
kota,Kota Soren,V2 original,protag,shojo,nordic,fantasy,mecha,cast/v2/lead_shojo_01__b1__kota.webp,game_source/public/cast/v2/lead_shojo_01__b1__kota.webp,visual_sheet_manifest.json LEAD_SHOJO_01:B1,,lead_shojo_01__b1__kota.webp,lead_shojo_01__b1__kota.webp,lead_shojo_01__b1__kota.webp,4420e0a03403e2f486f86b4c250313fc21fc497a3aaec0e82eaa7e084cb3c52f,4420e0a03403e2f486f86b4c250313fc21fc497a3aaec0e82eaa7e084cb3c52f,70b0959333c9678e,512,512,True,True,True,True,True,False,
renji,Renji Kuroda,V2 original,protag,shojo,mystery,supernatural,nordic,cast/v2/lead_shojo_01__b2__renji.webp,game_source/public/cast/v2/lead_shojo_01__b2__renji.webp,visual_sheet_manifest.json LEAD_SHOJO_01:B2,,lead_shojo_01__b2__renji.webp,lead_shojo_01__b2__renji.webp,lead_shojo_01__b2__renji.webp,ee5cba2e18c3ae662944855441ec8324d65ab609cfd58dfffab8386577d727bc,ee5cba2e18c3ae662944855441ec8324d65ab609cfd58dfffab8386577d727bc,18d19a260f176dd9,512,512,True,True,True,True,True,False,
jun,Jun Seo,V2 original,protag,shojo,isekai,comedy,nordic,cast/v2/lead_shojo_01__b3__jun.webp,game_source/public/cast/v2/lead_shojo_01__b3__jun.webp,visual_sheet_manifest.json LEAD_SHOJO_01:B3,,lead_shojo_01__b3__jun.webp,lead_shojo_01__b3__jun.webp,lead_shojo_01__b3__jun.webp,e1d60a566f4e6e25f1f2445ab96b1f603029ba77ca7d8f962d945852e154eaa8,e1d60a566f4e6e25f1f2445ab96b1f603029ba77ca7d8f962d945852e154eaa8,158506340dea7f1f,512,512,True,True,True,True,True,False,
sota,Sota Rahman,V2 original,protag,shojo,cyber,slice,mythology,cast/v2/lead_shojo_01__b4__sota.webp,game_source/public/cast/v2/lead_shojo_01__b4__sota.webp,visual_sheet_manifest.json LEAD_SHOJO_01:B4,,lead_shojo_01__b4__sota.webp,lead_shojo_01__b4__sota.webp,lead_shojo_01__b4__sota.webp,5086b97ed4134e0037ec10e4cf0911f4809b4ceba984897de0da4415f1e1bfed,5086b97ed4134e0037ec10e4cf0911f4809b4ceba984897de0da4415f1e1bfed,20d9939239d3cdcc,512,512,True,True,True,True,True,False,
itsuki,Itsuki Mori,V2 original,protag,shojo,romance,supernatural,survival,cast/v2/lead_shojo_02__a1__itsuki.webp,game_source/public/cast/v2/lead_shojo_02__a1__itsuki.webp,visual_sheet_manifest.json LEAD_SHOJO_02:A1,,lead_shojo_02__a1__itsuki.webp,lead_shojo_02__a1__itsuki.webp,lead_shojo_02__a1__itsuki.webp,e0057c46bb41938f91498c01f2ed5b93662d3cff7156d614dc83ade30084411f,e0057c46bb41938f91498c01f2ed5b93662d3cff7156d614dc83ade30084411f,34c1e5a64a578e1e,512,512,True,True,True,True,True,False,
leo,Leo Carvalho,V2 original,protag,shojo,sports,military,idol,cast/v2/lead_shojo_02__a2__leo.webp,game_source/public/cast/v2/lead_shojo_02__a2__leo.webp,visual_sheet_manifest.json LEAD_SHOJO_02:A2,,lead_shojo_02__a2__leo.webp,lead_shojo_02__a2__leo.webp,lead_shojo_02__a2__leo.webp,98326dcee85227b75a7bad374a75e36d3c2234b8b4212974331a4c69efe011c2,98326dcee85227b75a7bad374a75e36d3c2234b8b4212974331a4c69efe011c2,70b03f3f2f414649,512,512,True,True,True,True,True,False,
n_saku,Saku Diallo,V2 original,protag,shojo,isekai,martial,idol,cast/v2/lead_shojo_02__a3__n_saku.webp,game_source/public/cast/v2/lead_shojo_02__a3__n_saku.webp,visual_sheet_manifest.json LEAD_SHOJO_02:A3,,lead_shojo_02__a3__n_saku.webp,lead_shojo_02__a3__n_saku.webp,lead_shojo_02__a3__n_saku.webp,eee705a977162346a339383c80be1891d1b7c27eca8e2cad5315c4b6c96d6872,eee705a977162346a339383c80be1891d1b7c27eca8e2cad5315c4b6c96d6872,3fd040b690ed82cf,512,512,True,True,True,True,True,False,
n_chisato,Chisato Kimura,V2 original,protag,shojo,sports,romance,space,cast/v2/lead_shojo_02__a4__n_chisato.webp,game_source/public/cast/v2/lead_shojo_02__a4__n_chisato.webp,visual_sheet_manifest.json LEAD_SHOJO_02:A4,,lead_shojo_02__a4__n_chisato.webp,lead_shojo_02__a4__n_chisato.webp,lead_shojo_02__a4__n_chisato.webp,bb7857fb40d1f70a256a61ad71cb837dc5c69225630559915932219eafa54a69,bb7857fb40d1f70a256a61ad71cb837dc5c69225630559915932219eafa54a69,33e4d37b5b0c4d04,512,512,True,True,True,True,True,False,
yui,Yui Tanaka,V2 original,protag,shojo,slice,cooking,survival,cast/v2/lead_shojo_02__b1__yui.webp,game_source/public/cast/v2/lead_shojo_02__b1__yui.webp,visual_sheet_manifest.json LEAD_SHOJO_02:B1,,lead_shojo_02__b1__yui.webp,lead_shojo_02__b1__yui.webp,lead_shojo_02__b1__yui.webp,dcd662b90bdbc30a66b970296982ce8e31ee8ec8975948e1abe7c4236b1b6187,dcd662b90bdbc30a66b970296982ce8e31ee8ec8975948e1abe7c4236b1b6187,75fa430625ea5685,512,512,True,True,True,True,True,False,
mio,Mio Laurent,V2 original,protag,shojo,idol,romance,pirate,cast/v2/lead_shojo_02__b2__mio.webp,game_source/public/cast/v2/lead_shojo_02__b2__mio.webp,visual_sheet_manifest.json LEAD_SHOJO_02:B2,,lead_shojo_02__b2__mio.webp,lead_shojo_02__b2__mio.webp,lead_shojo_02__b2__mio.webp,179fb66fc525719811ff864e87210d640b169ffa4cb8450101ff00f280b7c9a6,179fb66fc525719811ff864e87210d640b169ffa4cb8450101ff00f280b7c9a6,4e5c27967963488e,512,512,True,True,True,True,True,False,
saki,Saki Nguyen,V2 original,protag,shojo,slice,mystery,mythology,cast/v2/lead_shojo_02__b3__saki.webp,game_source/public/cast/v2/lead_shojo_02__b3__saki.webp,visual_sheet_manifest.json LEAD_SHOJO_02:B3,,lead_shojo_02__b3__saki.webp,lead_shojo_02__b3__saki.webp,lead_shojo_02__b3__saki.webp,8772a90f39c0be40907d8afa0efac350b2138ef5ce72a41e5d9cbfd0732f851b,8772a90f39c0be40907d8afa0efac350b2138ef5ce72a41e5d9cbfd0732f851b,01f932c469cbcc9d,512,512,True,True,True,True,True,False,
nana,Nana Ortiz,V2 original,protag,shojo,cyber,idol,comedy,cast/v2/lead_shojo_02__b4__nana.webp,game_source/public/cast/v2/lead_shojo_02__b4__nana.webp,visual_sheet_manifest.json LEAD_SHOJO_02:B4,,lead_shojo_02__b4__nana.webp,lead_shojo_02__b4__nana.webp,lead_shojo_02__b4__nana.webp,5a4ae4bc072468cd3253f22f269b6a6f563e617522b7c064aa548017b494f2dc,5a4ae4bc072468cd3253f22f269b6a6f563e617522b7c064aa548017b494f2dc,4ce09913de078f3c,512,512,True,True,True,True,True,False,
emi,Emi Kowalska,V2 original,protag,shojo,magical,cooking,military,cast/v2/lead_shojo_03__a1__emi.webp,game_source/public/cast/v2/lead_shojo_03__a1__emi.webp,visual_sheet_manifest.json LEAD_SHOJO_03:A1,,lead_shojo_03__a1__emi.webp,lead_shojo_03__a1__emi.webp,lead_shojo_03__a1__emi.webp,94e2e8d0e5a53728956bba8566d57c01415b6128810f5f5d81db72b46f91fe25,94e2e8d0e5a53728956bba8566d57c01415b6128810f5f5d81db72b46f91fe25,1c8c6c7541b3b36a,512,512,True,True,True,True,True,False,
hana,Hana Al-Salim,V2 original,protag,shojo,mythology,romance,cyber,cast/v2/lead_shojo_03__a2__hana.webp,game_source/public/cast/v2/lead_shojo_03__a2__hana.webp,visual_sheet_manifest.json LEAD_SHOJO_03:A2,,lead_shojo_03__a2__hana.webp,lead_shojo_03__a2__hana.webp,lead_shojo_03__a2__hana.webp,1fef9a9069943ab47a3b667da3fd48f1c67ea82eec2a1a804ecb1bc7f1b188a9,1fef9a9069943ab47a3b667da3fd48f1c67ea82eec2a1a804ecb1bc7f1b188a9,1c7865879b6462e9,512,512,True,True,True,True,True,False,
mira,Mira Solano,V2 original,protag,shojo,space,idol,mythology,cast/v2/lead_shojo_03__a3__mira.webp,game_source/public/cast/v2/lead_shojo_03__a3__mira.webp,visual_sheet_manifest.json LEAD_SHOJO_03:A3,,lead_shojo_03__a3__mira.webp,lead_shojo_03__a3__mira.webp,lead_shojo_03__a3__mira.webp,97e7c5d49dbd810fbfd746a8ff9a1a2fe1e1cd43bed56600967a8f90c44d3b3a,97e7c5d49dbd810fbfd746a8ff9a1a2fe1e1cd43bed56600967a8f90c44d3b3a,73f8c0813947555b,512,512,True,True,True,True,True,False,
shiori,Shiori Abe,V2 original,protag,shojo,horror,fantasy,comedy,cast/v2/lead_shojo_03__a4__shiori.webp,game_source/public/cast/v2/lead_shojo_03__a4__shiori.webp,visual_sheet_manifest.json LEAD_SHOJO_03:A4,,lead_shojo_03__a4__shiori.webp,lead_shojo_03__a4__shiori.webp,lead_shojo_03__a4__shiori.webp,42aa1e2ab2139712a9fed326025686f463d9b707dee069b1512925ebdc424630,42aa1e2ab2139712a9fed326025686f463d9b707dee069b1512925ebdc424630,609eeb52534f9494,512,512,True,True,True,True,True,False,
kaede,Kaede Lund,V2 original,protag,shojo,nordic,slice,martial,cast/v2/lead_shojo_03__b1__kaede.webp,game_source/public/cast/v2/lead_shojo_03__b1__kaede.webp,visual_sheet_manifest.json LEAD_SHOJO_03:B1,,lead_shojo_03__b1__kaede.webp,lead_shojo_03__b1__kaede.webp,lead_shojo_03__b1__kaede.webp,aaff5035fc0600ad2c29bbcbd0f60c49cbe0eed0ee5886355c16dcc8e8e640ac,aaff5035fc0600ad2c29bbcbd0f60c49cbe0eed0ee5886355c16dcc8e8e640ac,23a5ad4e0e8687b9,512,512,True,True,True,True,True,False,
n_aoi,Aoi Narang,V2 original,protag,shojo,isekai,fantasy,mythology,cast/v2/lead_shojo_03__b2__n_aoi.webp,game_source/public/cast/v2/lead_shojo_03__b2__n_aoi.webp,visual_sheet_manifest.json LEAD_SHOJO_03:B2,,lead_shojo_03__b2__n_aoi.webp,lead_shojo_03__b2__n_aoi.webp,lead_shojo_03__b2__n_aoi.webp,6cf223a0e89c5e616088b0d65dfb246baa8f919c95054cb8d4437971ba91741f,6cf223a0e89c5e616088b0d65dfb246baa8f919c95054cb8d4437971ba91741f,26a595edb4bea090,512,512,True,True,True,True,True,False,
n_reiwa,Reiwa Bell,V2 original,protag,shojo,idol,mystery,magical,cast/v2/lead_shojo_03__b3__n_reiwa.webp,game_source/public/cast/v2/lead_shojo_03__b3__n_reiwa.webp,visual_sheet_manifest.json LEAD_SHOJO_03:B3,,lead_shojo_03__b3__n_reiwa.webp,lead_shojo_03__b3__n_reiwa.webp,lead_shojo_03__b3__n_reiwa.webp,8013f16525ba35324c77568d4ebb105f9ea171f278bb6e3da37720d7d8282c2a,8013f16525ba35324c77568d4ebb105f9ea171f278bb6e3da37720d7d8282c2a,19a97187ceb86169,512,512,True,True,True,True,True,False,
ash,Ash Rowan,V2 original,protag,shojo,pirate,survival,martial,cast/v2/lead_shojo_03__b4__ash.webp,game_source/public/cast/v2/lead_shojo_03__b4__ash.webp,visual_sheet_manifest.json LEAD_SHOJO_03:B4,,lead_shojo_03__b4__ash.webp,lead_shojo_03__b4__ash.webp,lead_shojo_03__b4__ash.webp,2ad3d39282201eb06e198c5075291dbc38848b098205b87d3451c0441dd46daa,2ad3d39282201eb06e198c5075291dbc38848b098205b87d3451c0441dd46daa,60e6d5f16393154a,512,512,True,True,True,True,True,False,
s_ren,Ren Kobayashi,V2 original,secondary,shonen,sports,slice,space,cast/v2/sidekick_shonen_01__a1__s_ren.webp,game_source/public/cast/v2/sidekick_shonen_01__a1__s_ren.webp,visual_sheet_manifest.json SIDEKICK_SHONEN_01:A1,,sidekick_shonen_01__a1__s_ren.webp,sidekick_shonen_01__a1__s_ren.webp,sidekick_shonen_01__a1__s_ren.webp,b6a8519df5be9e640932c6702570cbda8f622c551316f65d00299c21d4b0c615,b6a8519df5be9e640932c6702570cbda8f622c551316f65d00299c21d4b0c615,7bed2f1024324fb0,512,512,True,True,True,True,True,False,
s_okada,Masaru Okada,V2 original,secondary,shonen,martial,sports,romance,cast/v2/sidekick_shonen_01__a2__s_okada.webp,game_source/public/cast/v2/sidekick_shonen_01__a2__s_okada.webp,visual_sheet_manifest.json SIDEKICK_SHONEN_01:A2,,sidekick_shonen_01__a2__s_okada.webp,sidekick_shonen_01__a2__s_okada.webp,sidekick_shonen_01__a2__s_okada.webp,d231f230a92448a83338cc8d513f49d238aee60736526429171b1b85915163de,d231f230a92448a83338cc8d513f49d238aee60736526429171b1b85915163de,34cb59766c786891,512,512,True,True,True,True,True,False,
s_ichiro,Ichiro Santos,V2 original,secondary,shonen,martial,comedy,mythology,cast/v2/sidekick_shonen_01__a3__s_ichiro.webp,game_source/public/cast/v2/sidekick_shonen_01__a3__s_ichiro.webp,visual_sheet_manifest.json SIDEKICK_SHONEN_01:A3,,sidekick_shonen_01__a3__s_ichiro.webp,sidekick_shonen_01__a3__s_ichiro.webp,sidekick_shonen_01__a3__s_ichiro.webp,d35bdb7336fd63ffdf3e0f7affc310f3c448e357760148992d851bb5b4a75ab6,d35bdb7336fd63ffdf3e0f7affc310f3c448e357760148992d851bb5b4a75ab6,24b0f3e2278d869b,512,512,True,True,True,True,True,False,
s_takeshi,Takeshi Tan,V2 original,secondary,shonen,military,sports,magical,cast/v2/sidekick_shonen_01__a4__s_takeshi.webp,game_source/public/cast/v2/sidekick_shonen_01__a4__s_takeshi.webp,visual_sheet_manifest.json SIDEKICK_SHONEN_01:A4,,sidekick_shonen_01__a4__s_takeshi.webp,sidekick_shonen_01__a4__s_takeshi.webp,sidekick_shonen_01__a4__s_takeshi.webp,d9e80b02776e78659d53959a7ce71c7924ca7d056e156018f732dcb557b028cc,d9e80b02776e78659d53959a7ce71c7924ca7d056e156018f732dcb557b028cc,3383b5a74a4c49d5,512,512,True,True,True,True,True,False,
s_daiki,Daiki Lim,V2 original,secondary,shonen,cyber,mecha,cooking,cast/v2/sidekick_shonen_01__b1__s_daiki.webp,game_source/public/cast/v2/sidekick_shonen_01__b1__s_daiki.webp,visual_sheet_manifest.json SIDEKICK_SHONEN_01:B1,,sidekick_shonen_01__b1__s_daiki.webp,sidekick_shonen_01__b1__s_daiki.webp,sidekick_shonen_01__b1__s_daiki.webp,1b9b932c74781f69878f2fe4ce6af5bd9fb38bb61220962be4a0641cfdcfbb65,1b9b932c74781f69878f2fe4ce6af5bd9fb38bb61220962be4a0641cfdcfbb65,34b4b42566b74e1a,512,512,True,True,True,True,True,False,
s_gen,Gen Zhao,V2 original,secondary,shonen,mystery,military,idol,cast/v2/sidekick_shonen_01__b2__s_gen.webp,game_source/public/cast/v2/sidekick_shonen_01__b2__s_gen.webp,visual_sheet_manifest.json SIDEKICK_SHONEN_01:B2,,sidekick_shonen_01__b2__s_gen.webp,sidekick_shonen_01__b2__s_gen.webp,sidekick_shonen_01__b2__s_gen.webp,5e9ee09c51a328e7169970aa7bdcf3e5bb27c61b329abb2f239b6f523d577598,5e9ee09c51a328e7169970aa7bdcf3e5bb27c61b329abb2f239b6f523d577598,4cd83ee62351233b,512,512,True,True,True,True,True,False,
s_ken,Ken Mori,V2 original,secondary,shonen,mecha,survival,fantasy,cast/v2/sidekick_shonen_01__b3__s_ken.webp,game_source/public/cast/v2/sidekick_shonen_01__b3__s_ken.webp,visual_sheet_manifest.json SIDEKICK_SHONEN_01:B3,,sidekick_shonen_01__b3__s_ken.webp,sidekick_shonen_01__b3__s_ken.webp,sidekick_shonen_01__b3__s_ken.webp,b0ac41d09db95d38cd4753a72d607f8f9baedb0379429ede9eb4c1d33d3118a5,b0ac41d09db95d38cd4753a72d607f8f9baedb0379429ede9eb4c1d33d3118a5,13940f617876b65a,512,512,True,True,True,True,True,False,
s_riku,Riku Haddad,V2 original,secondary,shonen,sports,martial,survival,cast/v2/sidekick_shonen_01__b4__s_riku.webp,game_source/public/cast/v2/sidekick_shonen_01__b4__s_riku.webp,visual_sheet_manifest.json SIDEKICK_SHONEN_01:B4,,sidekick_shonen_01__b4__s_riku.webp,sidekick_shonen_01__b4__s_riku.webp,sidekick_shonen_01__b4__s_riku.webp,8d0b846b2f0540641c1569585ed0a68f108ca28f53db9d11e110b6e473137348,8d0b846b2f0540641c1569585ed0a68f108ca28f53db9d11e110b6e473137348,7e01ff7801f9e006,512,512,True,True,True,True,True,False,
s_tora,Tora,V2 original,secondary,shonen,fantasy,pirate,supernatural,cast/v2/sidekick_shonen_02__a1__s_tora.webp,game_source/public/cast/v2/sidekick_shonen_02__a1__s_tora.webp,visual_sheet_manifest.json SIDEKICK_SHONEN_02:A1,,sidekick_shonen_02__a1__s_tora.webp,sidekick_shonen_02__a1__s_tora.webp,sidekick_shonen_02__a1__s_tora.webp,5dbc392dbd5aa2565cda1e1e9baa94b0c9c9f03064f431df05856d01f4f6afe8,5dbc392dbd5aa2565cda1e1e9baa94b0c9c9f03064f431df05856d01f4f6afe8,12d0672b55e87c56,512,512,True,True,True,True,True,False,
s_eiji,Eiji Nakamura,V2 original,secondary,shonen,slice,martial,nordic,cast/v2/sidekick_shonen_02__a2__s_eiji.webp,game_source/public/cast/v2/sidekick_shonen_02__a2__s_eiji.webp,visual_sheet_manifest.json SIDEKICK_SHONEN_02:A2,,sidekick_shonen_02__a2__s_eiji.webp,sidekick_shonen_02__a2__s_eiji.webp,sidekick_shonen_02__a2__s_eiji.webp,b174fc2185e3a262e9183f324560b9e26b070c0622f0bab7a9cd0b7328b028d3,b174fc2185e3a262e9183f324560b9e26b070c0622f0bab7a9cd0b7328b028d3,681437e139269f33,512,512,True,True,True,True,True,False,
s_boone,Boone Walker,V2 original,secondary,shonen,mecha,cooking,supernatural,cast/v2/sidekick_shonen_02__a3__s_boone.webp,game_source/public/cast/v2/sidekick_shonen_02__a3__s_boone.webp,visual_sheet_manifest.json SIDEKICK_SHONEN_02:A3,,sidekick_shonen_02__a3__s_boone.webp,sidekick_shonen_02__a3__s_boone.webp,sidekick_shonen_02__a3__s_boone.webp,3517aba2378d0b80874c250850e2f6f0b3f323b0655d47c41043edef206b0e27,3517aba2378d0b80874c250850e2f6f0b3f323b0655d47c41043edef206b0e27,3589968cccda5c1e,512,512,True,True,True,True,True,False,
tsubasa,Tsubasa Vega,V2 original,secondary,shonen,space,isekai,mecha,cast/v2/sidekick_shonen_02__a4__tsubasa.webp,game_source/public/cast/v2/sidekick_shonen_02__a4__tsubasa.webp,visual_sheet_manifest.json SIDEKICK_SHONEN_02:A4,,sidekick_shonen_02__a4__tsubasa.webp,sidekick_shonen_02__a4__tsubasa.webp,sidekick_shonen_02__a4__tsubasa.webp,de474294c577c723a30536e4271da94eee3ce2c5095b7e05367563c2c2c8f073,de474294c577c723a30536e4271da94eee3ce2c5095b7e05367563c2c2c8f073,38b69af0673580cd,512,512,True,True,True,True,True,False,
s_kiki,Kiki Mensah,V2 original,secondary,shonen,comedy,idol,survival,cast/v2/sidekick_shonen_02__b1__s_kiki.webp,game_source/public/cast/v2/sidekick_shonen_02__b1__s_kiki.webp,visual_sheet_manifest.json SIDEKICK_SHONEN_02:B1,,sidekick_shonen_02__b1__s_kiki.webp,sidekick_shonen_02__b1__s_kiki.webp,sidekick_shonen_02__b1__s_kiki.webp,b4227aa77f8e443c8b38e3575834732b36baf48f48bf0914022efc8d88a5e369,b4227aa77f8e443c8b38e3575834732b36baf48f48bf0914022efc8d88a5e369,50d9fcaf0a65c1c4,512,512,True,True,True,True,True,False,
s_akane,Akane Sato,V2 original,secondary,shonen,sports,idol,pirate,cast/v2/sidekick_shonen_02__b2__s_akane.webp,game_source/public/cast/v2/sidekick_shonen_02__b2__s_akane.webp,visual_sheet_manifest.json SIDEKICK_SHONEN_02:B2,,sidekick_shonen_02__b2__s_akane.webp,sidekick_shonen_02__b2__s_akane.webp,sidekick_shonen_02__b2__s_akane.webp,7c803404f83f9a30e595af6a9903f194c7b161e41d6e9236997bb96264d7e372,7c803404f83f9a30e595af6a9903f194c7b161e41d6e9236997bb96264d7e372,29428ee3628fbd4c,512,512,True,True,True,True,True,False,
s_chiaki,Chiaki Moon,V2 original,secondary,shonen,horror,supernatural,mystery,cast/v2/sidekick_shonen_02__b3__s_chiaki.webp,game_source/public/cast/v2/sidekick_shonen_02__b3__s_chiaki.webp,visual_sheet_manifest.json SIDEKICK_SHONEN_02:B3,,sidekick_shonen_02__b3__s_chiaki.webp,sidekick_shonen_02__b3__s_chiaki.webp,sidekick_shonen_02__b3__s_chiaki.webp,37b8ca36474964d673d174a12903d9b6afb8402c80cacb1701ef4fd455c2dd13,37b8ca36474964d673d174a12903d9b6afb8402c80cacb1701ef4fd455c2dd13,15c7463731383ed2,512,512,True,True,True,True,True,False,
s_momoko,Momoko Takeda,V2 original,secondary,shonen,slice,sports,military,cast/v2/sidekick_shonen_02__b4__s_momoko.webp,game_source/public/cast/v2/sidekick_shonen_02__b4__s_momoko.webp,visual_sheet_manifest.json SIDEKICK_SHONEN_02:B4,,sidekick_shonen_02__b4__s_momoko.webp,sidekick_shonen_02__b4__s_momoko.webp,sidekick_shonen_02__b4__s_momoko.webp,124af9aa7b9adf389b60510bbbf84d63aa508363d3f652989b18e1b34ce33eb4,124af9aa7b9adf389b60510bbbf84d63aa508363d3f652989b18e1b34ce33eb4,17fd295207c254cb,512,512,True,True,True,True,True,False,
s_yuna,Yuna Bautista,V2 original,secondary,shonen,idol,sports,mythology,cast/v2/sidekick_shonen_03__a1__s_yuna.webp,game_source/public/cast/v2/sidekick_shonen_03__a1__s_yuna.webp,visual_sheet_manifest.json SIDEKICK_SHONEN_03:A1,,sidekick_shonen_03__a1__s_yuna.webp,sidekick_shonen_03__a1__s_yuna.webp,sidekick_shonen_03__a1__s_yuna.webp,a396e36d8ad560619bf5b302ee12d9b23857b938b97b892a2361c3797fb979ae,a396e36d8ad560619bf5b302ee12d9b23857b938b97b892a2361c3797fb979ae,606b26160317cbdf,512,512,True,True,True,True,True,False,
s_kanna,Kanna Sethi,V2 original,secondary,shonen,military,romance,cyber,cast/v2/sidekick_shonen_03__a2__s_kanna.webp,game_source/public/cast/v2/sidekick_shonen_03__a2__s_kanna.webp,visual_sheet_manifest.json SIDEKICK_SHONEN_03:A2,,sidekick_shonen_03__a2__s_kanna.webp,sidekick_shonen_03__a2__s_kanna.webp,sidekick_shonen_03__a2__s_kanna.webp,9c29114f14408ce74235ba29dd541820b963b18106caa50e7bcbd1cc7c8e1274,9c29114f14408ce74235ba29dd541820b963b18106caa50e7bcbd1cc7c8e1274,3fbe1841675a4943,512,512,True,True,True,True,True,False,
s_maki,Maki Sorensen,V2 original,secondary,shonen,survival,nordic,magical,cast/v2/sidekick_shonen_03__a3__s_maki.webp,game_source/public/cast/v2/sidekick_shonen_03__a3__s_maki.webp,visual_sheet_manifest.json SIDEKICK_SHONEN_03:A3,,sidekick_shonen_03__a3__s_maki.webp,sidekick_shonen_03__a3__s_maki.webp,sidekick_shonen_03__a3__s_maki.webp,c3dce4a096708d47b42a1b2660ddcc167ec4de3947121757740cfdcef2d8c61f,c3dce4a096708d47b42a1b2660ddcc167ec4de3947121757740cfdcef2d8c61f,25e5eea662cc5a18,512,512,True,True,True,True,True,False,
s_bolt,Bola 'Bolt' Adeyemi,V2 original,secondary,shonen,sports,comedy,horror,cast/v2/sidekick_shonen_03__a4__s_bolt.webp,game_source/public/cast/v2/sidekick_shonen_03__a4__s_bolt.webp,visual_sheet_manifest.json SIDEKICK_SHONEN_03:A4,,sidekick_shonen_03__a4__s_bolt.webp,sidekick_shonen_03__a4__s_bolt.webp,sidekick_shonen_03__a4__s_bolt.webp,7becd2c4ace32b8a99fa86d11419d155e0472cf37b2532d560876b3ffebd8318,7becd2c4ace32b8a99fa86d11419d155e0472cf37b2532d560876b3ffebd8318,2a21ab164baa53de,512,512,True,True,True,True,True,False,
s_ironmaid,Vera 'Valkyrie' Nygaard,V2 original,secondary,shonen,military,nordic,mecha,cast/v2/sidekick_shonen_03__b1__s_ironmaid.webp,game_source/public/cast/v2/sidekick_shonen_03__b1__s_ironmaid.webp,visual_sheet_manifest.json SIDEKICK_SHONEN_03:B1,,sidekick_shonen_03__b1__s_ironmaid.webp,sidekick_shonen_03__b1__s_ironmaid.webp,sidekick_shonen_03__b1__s_ironmaid.webp,c3cb3f9b0037809ad86b79f1f16012fb1166b4c070e42d69a8ee40a2eb616e60,c3cb3f9b0037809ad86b79f1f16012fb1166b4c070e42d69a8ee40a2eb616e60,21edc74a49cda45c,512,512,True,True,True,True,True,False,
s_amber,Amber Qadir,V2 original,secondary,shonen,isekai,pirate,mystery,cast/v2/sidekick_shonen_03__b2__s_amber.webp,game_source/public/cast/v2/sidekick_shonen_03__b2__s_amber.webp,visual_sheet_manifest.json SIDEKICK_SHONEN_03:B2,,sidekick_shonen_03__b2__s_amber.webp,sidekick_shonen_03__b2__s_amber.webp,sidekick_shonen_03__b2__s_amber.webp,8ca97f123ab0c785b7f6397a897e9792603b1830eb0a9114749eca138f4767f3,8ca97f123ab0c785b7f6397a897e9792603b1830eb0a9114749eca138f4767f3,2dcbcc5ea9912174,512,512,True,True,True,True,True,False,
s_peko,Peko Yoshida,V2 original,secondary,shonen,magical,comedy,mecha,cast/v2/sidekick_shonen_03__b3__s_peko.webp,game_source/public/cast/v2/sidekick_shonen_03__b3__s_peko.webp,visual_sheet_manifest.json SIDEKICK_SHONEN_03:B3,,sidekick_shonen_03__b3__s_peko.webp,sidekick_shonen_03__b3__s_peko.webp,sidekick_shonen_03__b3__s_peko.webp,bda1bc9309bf37368e22a84a768e11063f99708650341deb4148412eda2381c2,bda1bc9309bf37368e22a84a768e11063f99708650341deb4148412eda2381c2,11e7697332de6c01,512,512,True,True,True,True,True,False,
s_amina,Amina El-Khatib,V2 original,secondary,shonen,survival,mythology,military,cast/v2/sidekick_shonen_03__b4__s_amina.webp,game_source/public/cast/v2/sidekick_shonen_03__b4__s_amina.webp,visual_sheet_manifest.json SIDEKICK_SHONEN_03:B4,,sidekick_shonen_03__b4__s_amina.webp,sidekick_shonen_03__b4__s_amina.webp,sidekick_shonen_03__b4__s_amina.webp,ffe23bf132fe87fa65e472f9bf10b3da4e520d5137d1af9aa9c073f8f9f8cb79,ffe23bf132fe87fa65e472f9bf10b3da4e520d5137d1af9aa9c073f8f9f8cb79,2ab20f4c70e32ec7,512,512,True,True,True,True,True,False,
s_lulu,Lucien 'Lulu' Duval,V2 original,secondary,shojo,idol,slice,military,cast/v2/sidekick_shojo_01__a1__s_lulu.webp,game_source/public/cast/v2/sidekick_shojo_01__a1__s_lulu.webp,visual_sheet_manifest.json SIDEKICK_SHOJO_01:A1,,sidekick_shojo_01__a1__s_lulu.webp,sidekick_shojo_01__a1__s_lulu.webp,sidekick_shojo_01__a1__s_lulu.webp,7f0a6584ee70f32b74656ac4db31fe0ba821ea68a14c7e1e8d34eff1b38e594c,7f0a6584ee70f32b74656ac4db31fe0ba821ea68a14c7e1e8d34eff1b38e594c,2f483d36368b54a6,512,512,True,True,True,True,True,False,
s_shin,Pip,V2 original,secondary,shojo,space,mystery,romance,cast/v2/sidekick_shojo_01__a2__s_shin.webp,game_source/public/cast/v2/sidekick_shojo_01__a2__s_shin.webp,visual_sheet_manifest.json SIDEKICK_SHOJO_01:A2,,sidekick_shojo_01__a2__s_shin.webp,sidekick_shojo_01__a2__s_shin.webp,sidekick_shojo_01__a2__s_shin.webp,8175bf348c077e5915231a93d5bcc6482bc70eb7b27882ee959e5085259ce4f0,8175bf348c077e5915231a93d5bcc6482bc70eb7b27882ee959e5085259ce4f0,0dcf4c0ce6a60cbe,512,512,True,True,True,True,True,False,
s_sosuke,Sosuke-9,V2 original,secondary,shojo,mecha,slice,horror,cast/v2/sidekick_shojo_01__a3__s_sosuke.webp,game_source/public/cast/v2/sidekick_shojo_01__a3__s_sosuke.webp,visual_sheet_manifest.json SIDEKICK_SHOJO_01:A3,,sidekick_shojo_01__a3__s_sosuke.webp,sidekick_shojo_01__a3__s_sosuke.webp,sidekick_shojo_01__a3__s_sosuke.webp,c57873d6b0989ec1e14a8364e406114b9931cfedd643e4e93fb1befe71033e09,c57873d6b0989ec1e14a8364e406114b9931cfedd643e4e93fb1befe71033e09,7fec960c0a77001f,512,512,True,True,True,True,True,False,
s_alfred,Alfred Bellamy,V2 original,secondary,shojo,romance,mystery,martial,cast/v2/sidekick_shojo_01__a4__s_alfred.webp,game_source/public/cast/v2/sidekick_shojo_01__a4__s_alfred.webp,visual_sheet_manifest.json SIDEKICK_SHOJO_01:A4,,sidekick_shojo_01__a4__s_alfred.webp,sidekick_shojo_01__a4__s_alfred.webp,sidekick_shojo_01__a4__s_alfred.webp,5785bb1cde492ebb50bc24199abcf2b45e1b17fc9858b472bfd01932315aad43,5785bb1cde492ebb50bc24199abcf2b45e1b17fc9858b472bfd01932315aad43,4c47238c5a3537ce,512,512,True,True,True,True,True,False,
s_tobi,Tobi Akinwale,V2 original,secondary,shojo,mystery,cyber,magical,cast/v2/sidekick_shojo_01__b1__s_tobi.webp,game_source/public/cast/v2/sidekick_shojo_01__b1__s_tobi.webp,visual_sheet_manifest.json SIDEKICK_SHOJO_01:B1,,sidekick_shojo_01__b1__s_tobi.webp,sidekick_shojo_01__b1__s_tobi.webp,sidekick_shojo_01__b1__s_tobi.webp,cd20a15b1cda1939c644e7eb29cdd29c1c863a81bc3203efa2515b20e88e6809,cd20a15b1cda1939c644e7eb29cdd29c1c863a81bc3203efa2515b20e88e6809,179793839899cec8,512,512,True,True,True,True,True,False,
taro,Taro Fujita,V2 original,secondary,shojo,cooking,fantasy,space,cast/v2/sidekick_shojo_01__b2__taro.webp,game_source/public/cast/v2/sidekick_shojo_01__b2__taro.webp,visual_sheet_manifest.json SIDEKICK_SHOJO_01:B2,,sidekick_shojo_01__b2__taro.webp,sidekick_shojo_01__b2__taro.webp,sidekick_shojo_01__b2__taro.webp,45b7eb6cb308a11d0542b1116da2e1794aa264f21691120f3e9f49546a15cf6c,45b7eb6cb308a11d0542b1116da2e1794aa264f21691120f3e9f49546a15cf6c,65d31120129e7efc,512,512,True,True,True,True,True,False,
s_soleil,Soleil Armand,V2 original,secondary,shojo,isekai,sports,fantasy,cast/v2/sidekick_shojo_01__b3__s_soleil.webp,game_source/public/cast/v2/sidekick_shojo_01__b3__s_soleil.webp,visual_sheet_manifest.json SIDEKICK_SHOJO_01:B3,,sidekick_shojo_01__b3__s_soleil.webp,sidekick_shojo_01__b3__s_soleil.webp,sidekick_shojo_01__b3__s_soleil.webp,d7284712d6a4977f2beb50a0cd648799ad80473494cb56848662d2a01916e771,d7284712d6a4977f2beb50a0cd648799ad80473494cb56848662d2a01916e771,186d28368aef6347,512,512,True,True,True,True,True,False,
s_ice,Isaak 'Ice' Novak,V2 original,secondary,shojo,romance,idol,survival,cast/v2/sidekick_shojo_01__b4__s_ice.webp,game_source/public/cast/v2/sidekick_shojo_01__b4__s_ice.webp,visual_sheet_manifest.json SIDEKICK_SHOJO_01:B4,,sidekick_shojo_01__b4__s_ice.webp,sidekick_shojo_01__b4__s_ice.webp,sidekick_shojo_01__b4__s_ice.webp,a6590eb54947149347598e10e2399dbd6e88f51760c1f9be666ebbaab455632a,a6590eb54947149347598e10e2399dbd6e88f51760c1f9be666ebbaab455632a,2c8495ba217f6c0f,512,512,True,True,True,True,True,False,
s_ryo,Ryo Flores,V2 original,secondary,shojo,pirate,idol,supernatural,cast/v2/sidekick_shojo_02__a1__s_ryo.webp,game_source/public/cast/v2/sidekick_shojo_02__a1__s_ryo.webp,visual_sheet_manifest.json SIDEKICK_SHOJO_02:A1,,sidekick_shojo_02__a1__s_ryo.webp,sidekick_shojo_02__a1__s_ryo.webp,sidekick_shojo_02__a1__s_ryo.webp,0878a01bf5a741fe5550f1e36a7aeb345cb4449cdbf9f83d932f56aeccea2de7,0878a01bf5a741fe5550f1e36a7aeb345cb4449cdbf9f83d932f56aeccea2de7,75f467601a921ec6,512,512,True,True,True,True,True,False,
s_kazuki,Kazuki Tran,V2 original,secondary,shojo,romance,martial,comedy,cast/v2/sidekick_shojo_02__a2__s_kazuki.webp,game_source/public/cast/v2/sidekick_shojo_02__a2__s_kazuki.webp,visual_sheet_manifest.json SIDEKICK_SHOJO_02:A2,,sidekick_shojo_02__a2__s_kazuki.webp,sidekick_shojo_02__a2__s_kazuki.webp,sidekick_shojo_02__a2__s_kazuki.webp,7ac3ca4f13bc9c0bd40a89abaa0cfb47a95aea79083478360008b9eb749a8bd3,7ac3ca4f13bc9c0bd40a89abaa0cfb47a95aea79083478360008b9eb749a8bd3,201cf56348d1c7ed,512,512,True,True,True,True,True,False,
s_pranav,Pranav Rao,V2 original,secondary,shojo,mythology,cooking,mecha,cast/v2/sidekick_shojo_02__a3__s_pranav.webp,game_source/public/cast/v2/sidekick_shojo_02__a3__s_pranav.webp,visual_sheet_manifest.json SIDEKICK_SHOJO_02:A3,,sidekick_shojo_02__a3__s_pranav.webp,sidekick_shojo_02__a3__s_pranav.webp,sidekick_shojo_02__a3__s_pranav.webp,9e017d4522b4ca2f1a2f8d6b1df037e80605ca7b82a1a7844be5df64cfade5bc,9e017d4522b4ca2f1a2f8d6b1df037e80605ca7b82a1a7844be5df64cfade5bc,65e5e42f2e349a81,512,512,True,True,True,True,True,False,
fumi,Fumi Arai,V2 original,secondary,shojo,slice,nordic,fantasy,cast/v2/sidekick_shojo_02__a4__fumi.webp,game_source/public/cast/v2/sidekick_shojo_02__a4__fumi.webp,visual_sheet_manifest.json SIDEKICK_SHOJO_02:A4,,sidekick_shojo_02__a4__fumi.webp,sidekick_shojo_02__a4__fumi.webp,sidekick_shojo_02__a4__fumi.webp,ac0e288e124322ceab1cc36ec9fcb792dedea39580001c3dbbe7677004f76cd4,ac0e288e124322ceab1cc36ec9fcb792dedea39580001c3dbbe7677004f76cd4,02f07a62cf744dc9,512,512,True,True,True,True,True,False,
s_mika,Mika Okoye,V2 original,secondary,shojo,romance,slice,military,cast/v2/sidekick_shojo_02__b1__s_mika.webp,game_source/public/cast/v2/sidekick_shojo_02__b1__s_mika.webp,visual_sheet_manifest.json SIDEKICK_SHOJO_02:B1,,sidekick_shojo_02__b1__s_mika.webp,sidekick_shojo_02__b1__s_mika.webp,sidekick_shojo_02__b1__s_mika.webp,e83f04e02e74e121a022563d8749217911b93d9d5d1e54a67642c3723d4669e6,e83f04e02e74e121a022563d8749217911b93d9d5d1e54a67642c3723d4669e6,3596d471913b92c3,512,512,True,True,True,True,True,False,
s_anna,Anna Petrov,V2 original,secondary,shojo,mythology,mystery,sports,cast/v2/sidekick_shojo_02__b2__s_anna.webp,game_source/public/cast/v2/sidekick_shojo_02__b2__s_anna.webp,visual_sheet_manifest.json SIDEKICK_SHOJO_02:B2,,sidekick_shojo_02__b2__s_anna.webp,sidekick_shojo_02__b2__s_anna.webp,sidekick_shojo_02__b2__s_anna.webp,1d7bf436e50687089531ac4d5db6e1c2891afb4591885b75cd8e89fc0c891ade,1d7bf436e50687089531ac4d5db6e1c2891afb4591885b75cd8e89fc0c891ade,199e9a583c30b5da,512,512,True,True,True,True,True,False,
s_nozomi,Nozomi Hayashi,V2 original,secondary,shojo,romance,slice,isekai,cast/v2/sidekick_shojo_02__b3__s_nozomi.webp,game_source/public/cast/v2/sidekick_shojo_02__b3__s_nozomi.webp,visual_sheet_manifest.json SIDEKICK_SHOJO_02:B3,,sidekick_shojo_02__b3__s_nozomi.webp,sidekick_shojo_02__b3__s_nozomi.webp,sidekick_shojo_02__b3__s_nozomi.webp,1b42f4d2b675f00320278c04d3aea6d0086ef3a2e86fb6627dcbeaf522e06898,1b42f4d2b675f00320278c04d3aea6d0086ef3a2e86fb6627dcbeaf522e06898,4e14286b17b95e56,512,512,True,True,True,True,True,False,
s_sakurako,Sakurako Minami,V2 original,secondary,shojo,idol,horror,romance,cast/v2/sidekick_shojo_02__b4__s_sakurako.webp,game_source/public/cast/v2/sidekick_shojo_02__b4__s_sakurako.webp,visual_sheet_manifest.json SIDEKICK_SHOJO_02:B4,,sidekick_shojo_02__b4__s_sakurako.webp,sidekick_shojo_02__b4__s_sakurako.webp,sidekick_shojo_02__b4__s_sakurako.webp,41ef39db73ef518063b4d3906cccc8bcd1081bd2f1206fe33f6ec2bf7d7d4b0c,41ef39db73ef518063b4d3906cccc8bcd1081bd2f1206fe33f6ec2bf7d7d4b0c,468f3b6e6c49c470,512,512,True,True,True,True,True,False,
s_mimi,Mimi Pham,V2 original,secondary,shojo,magical,idol,cyber,cast/v2/sidekick_shojo_03__a1__s_mimi.webp,game_source/public/cast/v2/sidekick_shojo_03__a1__s_mimi.webp,visual_sheet_manifest.json SIDEKICK_SHOJO_03:A1,,sidekick_shojo_03__a1__s_mimi.webp,sidekick_shojo_03__a1__s_mimi.webp,sidekick_shojo_03__a1__s_mimi.webp,0934fe75b74281b31f6552b1dcef332d22aabfc79cd41f390104294132e67b2b,0934fe75b74281b31f6552b1dcef332d22aabfc79cd41f390104294132e67b2b,678f7868209c9e9a,512,512,True,True,True,True,True,False,
s_aoi,Aoi Bennett,V2 original,secondary,shojo,survival,slice,pirate,cast/v2/sidekick_shojo_03__a2__s_aoi.webp,game_source/public/cast/v2/sidekick_shojo_03__a2__s_aoi.webp,visual_sheet_manifest.json SIDEKICK_SHOJO_03:A2,,sidekick_shojo_03__a2__s_aoi.webp,sidekick_shojo_03__a2__s_aoi.webp,sidekick_shojo_03__a2__s_aoi.webp,f8c6b15619a2c313fcc292adfa124c98948289baf02a9ce1f3856055e65224e4,f8c6b15619a2c313fcc292adfa124c98948289baf02a9ce1f3856055e65224e4,1b2d248db37103b7,512,512,True,True,True,True,True,False,
s_megu,Megumi Mori,V2 original,secondary,shojo,slice,mystery,mecha,cast/v2/sidekick_shojo_03__a3__s_megu.webp,game_source/public/cast/v2/sidekick_shojo_03__a3__s_megu.webp,visual_sheet_manifest.json SIDEKICK_SHOJO_03:A3,,sidekick_shojo_03__a3__s_megu.webp,sidekick_shojo_03__a3__s_megu.webp,sidekick_shojo_03__a3__s_megu.webp,6db9b2bb6a05d7e2661ac09003d0dc4c021f2e5a2939ceac70655510a165a81b,6db9b2bb6a05d7e2661ac09003d0dc4c021f2e5a2939ceac70655510a165a81b,34e0630274f2dcfc,512,512,True,True,True,True,True,False,
s_hina,Hina Ali,V2 original,secondary,shojo,fantasy,romance,survival,cast/v2/sidekick_shojo_03__a4__s_hina.webp,game_source/public/cast/v2/sidekick_shojo_03__a4__s_hina.webp,visual_sheet_manifest.json SIDEKICK_SHOJO_03:A4,,sidekick_shojo_03__a4__s_hina.webp,sidekick_shojo_03__a4__s_hina.webp,sidekick_shojo_03__a4__s_hina.webp,8bc8f60cb261c517951dbd038dba32fdcb0c314d5f9756012cc5ffd759c5d68c,8bc8f60cb261c517951dbd038dba32fdcb0c314d5f9756012cc5ffd759c5d68c,3562826a5463579f,512,512,True,True,True,True,True,False,
s_nanami,Nanami Cho,V2 original,secondary,shojo,mystery,comedy,space,cast/v2/sidekick_shojo_03__b1__s_nanami.webp,game_source/public/cast/v2/sidekick_shojo_03__b1__s_nanami.webp,visual_sheet_manifest.json SIDEKICK_SHOJO_03:B1,,sidekick_shojo_03__b1__s_nanami.webp,sidekick_shojo_03__b1__s_nanami.webp,sidekick_shojo_03__b1__s_nanami.webp,69313afbf9384194e3cf7e7b90f8e0cde7f2f136309556bede063f1bc1bc66b2,69313afbf9384194e3cf7e7b90f8e0cde7f2f136309556bede063f1bc1bc66b2,35a46b69c192479e,512,512,True,True,True,True,True,False,
s_reina,Reina Solberg,V2 original,secondary,shojo,nordic,military,cooking,cast/v2/sidekick_shojo_03__b2__s_reina.webp,game_source/public/cast/v2/sidekick_shojo_03__b2__s_reina.webp,visual_sheet_manifest.json SIDEKICK_SHOJO_03:B2,,sidekick_shojo_03__b2__s_reina.webp,sidekick_shojo_03__b2__s_reina.webp,sidekick_shojo_03__b2__s_reina.webp,45cbd433b6b397ce1f58d3cebabda170301f681d40520da404299168ce8ddad6,45cbd433b6b397ce1f58d3cebabda170301f681d40520da404299168ce8ddad6,34db87062f16e507,512,512,True,True,True,True,True,False,
yuzuki,Yuzuki Amari,V2 original,secondary,shojo,supernatural,isekai,sports,cast/v2/sidekick_shojo_03__b3__yuzuki.webp,game_source/public/cast/v2/sidekick_shojo_03__b3__yuzuki.webp,visual_sheet_manifest.json SIDEKICK_SHOJO_03:B3,,sidekick_shojo_03__b3__yuzuki.webp,sidekick_shojo_03__b3__yuzuki.webp,sidekick_shojo_03__b3__yuzuki.webp,955881ff9b98f723ce3916cc076ed9ee86b4ea58fdbe130024d58eb76baac09c,955881ff9b98f723ce3916cc076ed9ee86b4ea58fdbe130024d58eb76baac09c,1c6d310d3732699b,512,512,True,True,True,True,True,False,
s_linh,Linh Trần,V2 original,secondary,shojo,pirate,military,magical,cast/v2/sidekick_shojo_03__b4__s_linh.webp,game_source/public/cast/v2/sidekick_shojo_03__b4__s_linh.webp,visual_sheet_manifest.json SIDEKICK_SHOJO_03:B4,,sidekick_shojo_03__b4__s_linh.webp,sidekick_shojo_03__b4__s_linh.webp,sidekick_shojo_03__b4__s_linh.webp,129bec3888593085bc44ebe3e5253d5163adeab10d71593c8ae530c3d0477bff,129bec3888593085bc44ebe3e5253d5163adeab10d71593c8ae530c3d0477bff,21a686a34b375c6d,512,512,True,True,True,True,True,False,
p_koro,Koro,V2 original,pet,shonen,space,mecha,cooking,cast/v2/mascot_shonen_01__a1__p_koro.webp,game_source/public/cast/v2/mascot_shonen_01__a1__p_koro.webp,visual_sheet_manifest.json MASCOT_SHONEN_01:A1,,mascot_shonen_01__a1__p_koro.webp,mascot_shonen_01__a1__p_koro.webp,mascot_shonen_01__a1__p_koro.webp,18e0905bfcf4c3a95c99619d7c3f4df29d3c032224797581cffdbbf42a432283,18e0905bfcf4c3a95c99619d7c3f4df29d3c032224797581cffdbbf42a432283,2456211d5378775b,512,512,True,True,True,True,True,False,
p_baku,Baku,V2 original,pet,shonen,horror,fantasy,nordic,cast/v2/mascot_shonen_01__a2__p_baku.webp,game_source/public/cast/v2/mascot_shonen_01__a2__p_baku.webp,visual_sheet_manifest.json MASCOT_SHONEN_01:A2,,mascot_shonen_01__a2__p_baku.webp,mascot_shonen_01__a2__p_baku.webp,mascot_shonen_01__a2__p_baku.webp,e7cd4be22bf874bb42d21ac30f87cd388e9855bbb97d68297da245a728c0431d,e7cd4be22bf874bb42d21ac30f87cd388e9855bbb97d68297da245a728c0431d,29882e3f5363ed30,512,512,True,True,True,True,True,False,
p_gon,Gon,V2 original,pet,shonen,survival,romance,fantasy,cast/v2/mascot_shonen_01__a3__p_gon.webp,game_source/public/cast/v2/mascot_shonen_01__a3__p_gon.webp,visual_sheet_manifest.json MASCOT_SHONEN_01:A3,,mascot_shonen_01__a3__p_gon.webp,mascot_shonen_01__a3__p_gon.webp,mascot_shonen_01__a3__p_gon.webp,ca8520809fca8adcb1a62bdb68d2637f260bb3803f38fb8999485d9732ec2082,ca8520809fca8adcb1a62bdb68d2637f260bb3803f38fb8999485d9732ec2082,358da4f8d98394c9,512,512,True,True,True,True,True,False,
p_pochi,Pochi,V2 original,pet,shonen,mecha,cyber,magical,cast/v2/mascot_shonen_01__a4__p_pochi.webp,game_source/public/cast/v2/mascot_shonen_01__a4__p_pochi.webp,visual_sheet_manifest.json MASCOT_SHONEN_01:A4,,mascot_shonen_01__a4__p_pochi.webp,mascot_shonen_01__a4__p_pochi.webp,mascot_shonen_01__a4__p_pochi.webp,6cfd03560b8c2928111ad86b84143c3d14999d3c9d426e8e6763532eb53be764,6cfd03560b8c2928111ad86b84143c3d14999d3c9d426e8e6763532eb53be764,3d2f2f791102ec86,512,512,True,True,True,True,True,False,
p_toro,Toro,V2 original,pet,shonen,supernatural,comedy,military,cast/v2/mascot_shonen_01__b1__p_toro.webp,game_source/public/cast/v2/mascot_shonen_01__b1__p_toro.webp,visual_sheet_manifest.json MASCOT_SHONEN_01:B1,,mascot_shonen_01__b1__p_toro.webp,mascot_shonen_01__b1__p_toro.webp,mascot_shonen_01__b1__p_toro.webp,5e4f88a947d3790e52df184d2929bcb0f5eb96b6de084f6bbb114d01a4c20020,5e4f88a947d3790e52df184d2929bcb0f5eb96b6de084f6bbb114d01a4c20020,34c1123607bd6f9a,512,512,True,True,True,True,True,False,
p_mugi,Mugi,V2 original,pet,shonen,survival,nordic,sports,cast/v2/mascot_shonen_01__b2__p_mugi.webp,game_source/public/cast/v2/mascot_shonen_01__b2__p_mugi.webp,visual_sheet_manifest.json MASCOT_SHONEN_01:B2,,mascot_shonen_01__b2__p_mugi.webp,mascot_shonen_01__b2__p_mugi.webp,mascot_shonen_01__b2__p_mugi.webp,b8662b3aec58d89a9d829825264456b5f5f49ef45486facd8541843c0b32da54,b8662b3aec58d89a9d829825264456b5f5f49ef45486facd8541843c0b32da54,35da4b6914a68fc2,512,512,True,True,True,True,True,False,
p_hachi,Hachi,V2 original,pet,shonen,sports,military,romance,cast/v2/mascot_shonen_01__b3__p_hachi.webp,game_source/public/cast/v2/mascot_shonen_01__b3__p_hachi.webp,visual_sheet_manifest.json MASCOT_SHONEN_01:B3,,mascot_shonen_01__b3__p_hachi.webp,mascot_shonen_01__b3__p_hachi.webp,mascot_shonen_01__b3__p_hachi.webp,8f0aeba535c3fc988781f12e8897f5fc4d97a531afd3361884d9092baa6d65d7,8f0aeba535c3fc988781f12e8897f5fc4d97a531afd3361884d9092baa6d65d7,1463c9bb3cb41e1a,512,512,True,True,True,True,True,False,
p_kiki2,Kiki Ember,V2 original,pet,shonen,fantasy,magical,cooking,cast/v2/mascot_shonen_01__b4__p_kiki2.webp,game_source/public/cast/v2/mascot_shonen_01__b4__p_kiki2.webp,visual_sheet_manifest.json MASCOT_SHONEN_01:B4,,mascot_shonen_01__b4__p_kiki2.webp,mascot_shonen_01__b4__p_kiki2.webp,mascot_shonen_01__b4__p_kiki2.webp,2a8b7fee2aef88ac07c3a94b43ee37489392a84d96a93cf5ce6e01b9729ba85b,2a8b7fee2aef88ac07c3a94b43ee37489392a84d96a93cf5ce6e01b9729ba85b,32d1163a4dce78c9,512,512,True,True,True,True,True,False,
p_chacha,Chacha,V2 original,pet,shonen,pirate,comedy,martial,cast/v2/mascot_shonen_02__a1__p_chacha.webp,game_source/public/cast/v2/mascot_shonen_02__a1__p_chacha.webp,visual_sheet_manifest.json MASCOT_SHONEN_02:A1,,mascot_shonen_02__a1__p_chacha.webp,mascot_shonen_02__a1__p_chacha.webp,mascot_shonen_02__a1__p_chacha.webp,6adcfd0c724387fc40bb1e5a3bea642735833fae48e955210983053f6cc6863f,6adcfd0c724387fc40bb1e5a3bea642735833fae48e955210983053f6cc6863f,25146a6b1b6a53cd,512,512,True,True,True,True,True,False,
p_drakko,Drakko,V2 original,pet,shonen,fantasy,martial,isekai,cast/v2/mascot_shonen_02__a2__p_drakko.webp,game_source/public/cast/v2/mascot_shonen_02__a2__p_drakko.webp,visual_sheet_manifest.json MASCOT_SHONEN_02:A2,,mascot_shonen_02__a2__p_drakko.webp,mascot_shonen_02__a2__p_drakko.webp,mascot_shonen_02__a2__p_drakko.webp,9e5643979532df3e9ab52ffeaa2fbe943808063a6068473c69963225cca688e3,9e5643979532df3e9ab52ffeaa2fbe943808063a6068473c69963225cca688e3,1786367694b92aa3,512,512,True,True,True,True,True,False,
p_loader,Loader,V2 original,pet,shonen,military,survival,slice,cast/v2/mascot_shonen_02__a3__p_loader.webp,game_source/public/cast/v2/mascot_shonen_02__a3__p_loader.webp,visual_sheet_manifest.json MASCOT_SHONEN_02:A3,,mascot_shonen_02__a3__p_loader.webp,mascot_shonen_02__a3__p_loader.webp,mascot_shonen_02__a3__p_loader.webp,06f9ad93567666f4ee0baec70a27b51c4e145da9f4d3aa6cf90e54545f9c623c,06f9ad93567666f4ee0baec70a27b51c4e145da9f4d3aa6cf90e54545f9c623c,61169cfb330913e3,512,512,True,True,True,True,True,False,
s_haruto,Nyanko,V2 original,pet,shonen,pirate,mystery,mythology,cast/v2/mascot_shonen_02__a4__s_haruto.webp,game_source/public/cast/v2/mascot_shonen_02__a4__s_haruto.webp,visual_sheet_manifest.json MASCOT_SHONEN_02:A4,,mascot_shonen_02__a4__s_haruto.webp,mascot_shonen_02__a4__s_haruto.webp,mascot_shonen_02__a4__s_haruto.webp,2f99f82386d58ce4bb2051dc17dc465f98072c4741a7d8a1db93cc48b9bcb909,2f99f82386d58ce4bb2051dc17dc465f98072c4741a7d8a1db93cc48b9bcb909,1580a2fa6a9b1f4d,512,512,True,True,True,True,True,False,
p_umi,Umi,V2 original,pet,shonen,slice,survival,space,cast/v2/mascot_shonen_02__b1__p_umi.webp,game_source/public/cast/v2/mascot_shonen_02__b1__p_umi.webp,visual_sheet_manifest.json MASCOT_SHONEN_02:B1,,mascot_shonen_02__b1__p_umi.webp,mascot_shonen_02__b1__p_umi.webp,mascot_shonen_02__b1__p_umi.webp,81328104f113190c8225856097c1b79b8b743713e978c590f55725ed04ea84fc,81328104f113190c8225856097c1b79b8b743713e978c590f55725ed04ea84fc,149d9fbd91c3106c,512,512,True,True,True,True,True,False,
p_kuro,Kuro Shade,V2 original,pet,shonen,cyber,supernatural,sports,cast/v2/mascot_shonen_02__b2__p_kuro.webp,game_source/public/cast/v2/mascot_shonen_02__b2__p_kuro.webp,visual_sheet_manifest.json MASCOT_SHONEN_02:B2,,mascot_shonen_02__b2__p_kuro.webp,mascot_shonen_02__b2__p_kuro.webp,mascot_shonen_02__b2__p_kuro.webp,27553fc89400b5936a96b42f1932880cb72ecc21c440298f691672498647727b,27553fc89400b5936a96b42f1932880cb72ecc21c440298f691672498647727b,39861e7d0c0b2fa9,512,512,True,True,True,True,True,False,
p_ruri,Ruri,V2 original,pet,shonen,idol,magical,military,cast/v2/mascot_shonen_02__b3__p_ruri.webp,game_source/public/cast/v2/mascot_shonen_02__b3__p_ruri.webp,visual_sheet_manifest.json MASCOT_SHONEN_02:B3,,mascot_shonen_02__b3__p_ruri.webp,mascot_shonen_02__b3__p_ruri.webp,mascot_shonen_02__b3__p_ruri.webp,b69ba6ad42d534bb6db4d7cf7fa7c77915b652a098bf0558fe2a140b6a42d57b,b69ba6ad42d534bb6db4d7cf7fa7c77915b652a098bf0558fe2a140b6a42d57b,4740bc35cbda349a,512,512,True,True,True,True,True,False,
p_piko,Piko,V2 original,pet,shonen,cyber,isekai,romance,cast/v2/mascot_shonen_02__b4__p_piko.webp,game_source/public/cast/v2/mascot_shonen_02__b4__p_piko.webp,visual_sheet_manifest.json MASCOT_SHONEN_02:B4,,mascot_shonen_02__b4__p_piko.webp,mascot_shonen_02__b4__p_piko.webp,mascot_shonen_02__b4__p_piko.webp,0eb5e12bd6cea22e49012c9e80dd6cf05612e57b7446c9fdb3df371a18d0fb4d,0eb5e12bd6cea22e49012c9e80dd6cf05612e57b7446c9fdb3df371a18d0fb4d,41c12db67a7839c3,512,512,True,True,True,True,True,False,
p_fuu,Fuu,V2 original,pet,shonen,mythology,pirate,cooking,cast/v2/mascot_shonen_03__a1__p_fuu.webp,game_source/public/cast/v2/mascot_shonen_03__a1__p_fuu.webp,visual_sheet_manifest.json MASCOT_SHONEN_03:A1,,mascot_shonen_03__a1__p_fuu.webp,mascot_shonen_03__a1__p_fuu.webp,mascot_shonen_03__a1__p_fuu.webp,30c38e1565bc1a195642a97ae9db1a6e1f9fa393cd1a28cf480db8ad36dd88e9,30c38e1565bc1a195642a97ae9db1a6e1f9fa393cd1a28cf480db8ad36dd88e9,048f5ba286159fc7,512,512,True,True,True,True,True,False,
p_kona,Kona,V2 original,pet,shonen,survival,horror,idol,cast/v2/mascot_shonen_03__a2__p_kona.webp,game_source/public/cast/v2/mascot_shonen_03__a2__p_kona.webp,visual_sheet_manifest.json MASCOT_SHONEN_03:A2,,mascot_shonen_03__a2__p_kona.webp,mascot_shonen_03__a2__p_kona.webp,mascot_shonen_03__a2__p_kona.webp,92c7c468d8777def47998c623b8802cf2aede52756f1daccb80f67c7730a48a5,92c7c468d8777def47998c623b8802cf2aede52756f1daccb80f67c7730a48a5,06923b079883fd6d,512,512,True,True,True,True,True,False,
p_teto,Teto,V2 original,pet,shonen,sports,slice,mecha,cast/v2/mascot_shonen_03__a3__p_teto.webp,game_source/public/cast/v2/mascot_shonen_03__a3__p_teto.webp,visual_sheet_manifest.json MASCOT_SHONEN_03:A3,,mascot_shonen_03__a3__p_teto.webp,mascot_shonen_03__a3__p_teto.webp,mascot_shonen_03__a3__p_teto.webp,f8ef170ec30703b10663e8d1e6509c7b01b62f4747c6634c954a2902e68fc504,f8ef170ec30703b10663e8d1e6509c7b01b62f4747c6634c954a2902e68fc504,5ad685af44a1a563,512,512,True,True,True,True,True,False,
p_pomu,Pomu,V2 original,pet,shonen,nordic,cooking,cyber,cast/v2/mascot_shonen_03__a4__p_pomu.webp,game_source/public/cast/v2/mascot_shonen_03__a4__p_pomu.webp,visual_sheet_manifest.json MASCOT_SHONEN_03:A4,,mascot_shonen_03__a4__p_pomu.webp,mascot_shonen_03__a4__p_pomu.webp,mascot_shonen_03__a4__p_pomu.webp,a801633b5c6db2fe78d1b6c3e5d3c81cd81d27bd87397394c402d95c192e399f,a801633b5c6db2fe78d1b6c3e5d3c81cd81d27bd87397394c402d95c192e399f,3d89942f05b46b56,512,512,True,True,True,True,True,False,
p_cogsworth,Cogsworth,V2 original,pet,shonen,mecha,mystery,pirate,cast/v2/mascot_shonen_03__b1__p_cogsworth.webp,game_source/public/cast/v2/mascot_shonen_03__b1__p_cogsworth.webp,visual_sheet_manifest.json MASCOT_SHONEN_03:B1,,mascot_shonen_03__b1__p_cogsworth.webp,mascot_shonen_03__b1__p_cogsworth.webp,mascot_shonen_03__b1__p_cogsworth.webp,1da2f634ece30a7e7fc8508fff42c688224b365cb5288d557de64ac9edd4f12a,1da2f634ece30a7e7fc8508fff42c688224b365cb5288d557de64ac9edd4f12a,398b425560fc1df1,512,512,True,True,True,True,True,False,
p_nibi,Nibi,V2 original,pet,shonen,horror,supernatural,magical,cast/v2/mascot_shonen_03__b2__p_nibi.webp,game_source/public/cast/v2/mascot_shonen_03__b2__p_nibi.webp,visual_sheet_manifest.json MASCOT_SHONEN_03:B2,,mascot_shonen_03__b2__p_nibi.webp,mascot_shonen_03__b2__p_nibi.webp,mascot_shonen_03__b2__p_nibi.webp,041b34709c5cd2c7a02ba60cd5fe73497b0ec3fe8c2e850772b1cca984f2165a,041b34709c5cd2c7a02ba60cd5fe73497b0ec3fe8c2e850772b1cca984f2165a,3404852f95af4bc7,512,512,True,True,True,True,True,False,
p_nitro,Nitro,V2 original,pet,shonen,sports,comedy,mythology,cast/v2/mascot_shonen_03__b3__p_nitro.webp,game_source/public/cast/v2/mascot_shonen_03__b3__p_nitro.webp,visual_sheet_manifest.json MASCOT_SHONEN_03:B3,,mascot_shonen_03__b3__p_nitro.webp,mascot_shonen_03__b3__p_nitro.webp,mascot_shonen_03__b3__p_nitro.webp,ed51292a06ee7640afcfee0beffdc70f69309b737a95926e74eb691d9f5cff26,ed51292a06ee7640afcfee0beffdc70f69309b737a95926e74eb691d9f5cff26,03bd5f5284c0e1b7,512,512,True,True,True,True,True,False,
p_silt,Silt,V2 original,pet,shonen,survival,pirate,magical,cast/v2/mascot_shonen_03__b4__p_silt.webp,game_source/public/cast/v2/mascot_shonen_03__b4__p_silt.webp,visual_sheet_manifest.json MASCOT_SHONEN_03:B4,,mascot_shonen_03__b4__p_silt.webp,mascot_shonen_03__b4__p_silt.webp,mascot_shonen_03__b4__p_silt.webp,449ab0b3e82bd8f6def01c46838af08d4f7b9c1c496356dcf3122cd74c321190,449ab0b3e82bd8f6def01c46838af08d4f7b9c1c496356dcf3122cd74c321190,34874e4b5d9239ac,512,512,True,True,True,True,True,False,
p_mochi,Mochi,V2 original,pet,shojo,slice,horror,romance,cast/v2/mascot_shojo_01__a1__p_mochi.webp,game_source/public/cast/v2/mascot_shojo_01__a1__p_mochi.webp,visual_sheet_manifest.json MASCOT_SHOJO_01:A1,,mascot_shojo_01__a1__p_mochi.webp,mascot_shojo_01__a1__p_mochi.webp,mascot_shojo_01__a1__p_mochi.webp,51a8bc1623da8aaf9a4af41bf5d506a617b03c90b6c29d192d4da45a968b8de4,51a8bc1623da8aaf9a4af41bf5d506a617b03c90b6c29d192d4da45a968b8de4,41e62b7cb158865b,512,512,True,True,True,True,True,False,
p_tama,Tama,V2 original,pet,shojo,fantasy,magical,mecha,cast/v2/mascot_shojo_01__a2__p_tama.webp,game_source/public/cast/v2/mascot_shojo_01__a2__p_tama.webp,visual_sheet_manifest.json MASCOT_SHOJO_01:A2,,mascot_shojo_01__a2__p_tama.webp,mascot_shojo_01__a2__p_tama.webp,mascot_shojo_01__a2__p_tama.webp,d1a157c7873133d4e605e0187f2f9949f68b28baeb5e0c8783700b1f089b2576,d1a157c7873133d4e605e0187f2f9949f68b28baeb5e0c8783700b1f089b2576,057d318d85241fcf,512,512,True,True,True,True,True,False,
p_chibi,Chibi,V2 original,pet,shojo,comedy,slice,military,cast/v2/mascot_shojo_01__a3__p_chibi.webp,game_source/public/cast/v2/mascot_shojo_01__a3__p_chibi.webp,visual_sheet_manifest.json MASCOT_SHOJO_01:A3,,mascot_shojo_01__a3__p_chibi.webp,mascot_shojo_01__a3__p_chibi.webp,mascot_shojo_01__a3__p_chibi.webp,1679cca0ebb6f88bebceb5264cd56f2be0ebefcdefd93b2f45c47f2ca9b71dd0,1679cca0ebb6f88bebceb5264cd56f2be0ebefcdefd93b2f45c47f2ca9b71dd0,1c0cf486abd892db,512,512,True,True,True,True,True,False,
p_maru,Maru,V2 original,pet,shojo,mystery,sports,fantasy,cast/v2/mascot_shojo_01__a4__p_maru.webp,game_source/public/cast/v2/mascot_shojo_01__a4__p_maru.webp,visual_sheet_manifest.json MASCOT_SHOJO_01:A4,,mascot_shojo_01__a4__p_maru.webp,mascot_shojo_01__a4__p_maru.webp,mascot_shojo_01__a4__p_maru.webp,faab9456e6bd3a75eaa993fbf6f4e5c4c2ec873e031025b824663c3626c2a9b3,faab9456e6bd3a75eaa993fbf6f4e5c4c2ec873e031025b824663c3626c2a9b3,527c692e72274db0,512,512,True,True,True,True,True,False,
p_sora,Sora Nimbus,V2 original,pet,shojo,magical,slice,pirate,cast/v2/mascot_shojo_01__b1__p_sora.webp,game_source/public/cast/v2/mascot_shojo_01__b1__p_sora.webp,visual_sheet_manifest.json MASCOT_SHOJO_01:B1,,mascot_shojo_01__b1__p_sora.webp,mascot_shojo_01__b1__p_sora.webp,mascot_shojo_01__b1__p_sora.webp,e3769f3a1022afbb19b56e53cc0821072e0a17cd77f263343417232beefc0c47,e3769f3a1022afbb19b56e53cc0821072e0a17cd77f263343417232beefc0c47,00e92e0cae6a7b73,512,512,True,True,True,True,True,False,
p_nemu,Nemu,V2 original,pet,shojo,romance,slice,survival,cast/v2/mascot_shojo_01__b2__p_nemu.webp,game_source/public/cast/v2/mascot_shojo_01__b2__p_nemu.webp,visual_sheet_manifest.json MASCOT_SHOJO_01:B2,,mascot_shojo_01__b2__p_nemu.webp,mascot_shojo_01__b2__p_nemu.webp,mascot_shojo_01__b2__p_nemu.webp,e82cc3fcc6426a503b20862971a15b1d94eeb8f0631e35b649a20f5fc5e0ce9e,e82cc3fcc6426a503b20862971a15b1d94eeb8f0631e35b649a20f5fc5e0ce9e,275a0765f4662c4d,512,512,True,True,True,True,True,False,
p_mocha,Mocha,V2 original,pet,shojo,cooking,mystery,cyber,cast/v2/mascot_shojo_01__b3__p_mocha.webp,game_source/public/cast/v2/mascot_shojo_01__b3__p_mocha.webp,visual_sheet_manifest.json MASCOT_SHOJO_01:B3,,mascot_shojo_01__b3__p_mocha.webp,mascot_shojo_01__b3__p_mocha.webp,mascot_shojo_01__b3__p_mocha.webp,69680c74b779f27036235feb4b0617b49d78f207fedeefba0c482329ec682cea,69680c74b779f27036235feb4b0617b49d78f207fedeefba0c482329ec682cea,1e8c49719565b47a,512,512,True,True,True,True,True,False,
p_goma,Goma,V2 original,pet,shojo,romance,cooking,sports,cast/v2/mascot_shojo_01__b4__p_goma.webp,game_source/public/cast/v2/mascot_shojo_01__b4__p_goma.webp,visual_sheet_manifest.json MASCOT_SHOJO_01:B4,,mascot_shojo_01__b4__p_goma.webp,mascot_shojo_01__b4__p_goma.webp,mascot_shojo_01__b4__p_goma.webp,b00c82599cb985a4e8956a66df0760ed6b562f6e9495f5c8dffa2d3dca0a1cf1,b00c82599cb985a4e8956a66df0760ed6b562f6e9495f5c8dffa2d3dca0a1cf1,301a93d65dda1633,512,512,True,True,True,True,True,False,
p_puri,Puri,V2 original,pet,shojo,isekai,cooking,nordic,cast/v2/mascot_shojo_02__a1__p_puri.webp,game_source/public/cast/v2/mascot_shojo_02__a1__p_puri.webp,visual_sheet_manifest.json MASCOT_SHOJO_02:A1,,mascot_shojo_02__a1__p_puri.webp,mascot_shojo_02__a1__p_puri.webp,mascot_shojo_02__a1__p_puri.webp,1833d9aa2e4eadb75f0859cda28929b676aebb50c41f5782f58b8034a2741c2b,1833d9aa2e4eadb75f0859cda28929b676aebb50c41f5782f58b8034a2741c2b,1b1a6a0f6761559c,512,512,True,True,True,True,True,False,
p_ponta,Ponta,V2 original,pet,shojo,mecha,cooking,comedy,cast/v2/mascot_shojo_02__a2__p_ponta.webp,game_source/public/cast/v2/mascot_shojo_02__a2__p_ponta.webp,visual_sheet_manifest.json MASCOT_SHOJO_02:A2,,mascot_shojo_02__a2__p_ponta.webp,mascot_shojo_02__a2__p_ponta.webp,mascot_shojo_02__a2__p_ponta.webp,134d89bce55ec61ef0b6b8c76b038ca7205deb6af606ef8531248812a2ef90d6,134d89bce55ec61ef0b6b8c76b038ca7205deb6af606ef8531248812a2ef90d6,0197343d6d6c5e52,512,512,True,True,True,True,True,False,
s_koko,Koko,V2 original,pet,shojo,supernatural,idol,mystery,cast/v2/mascot_shojo_02__a3__s_koko.webp,game_source/public/cast/v2/mascot_shojo_02__a3__s_koko.webp,visual_sheet_manifest.json MASCOT_SHOJO_02:A3,,mascot_shojo_02__a3__s_koko.webp,mascot_shojo_02__a3__s_koko.webp,mascot_shojo_02__a3__s_koko.webp,50b3e51b5657908a9d9a35d36c248f78c2c193f8f77bfd0e3873d11695b440bd,50b3e51b5657908a9d9a35d36c248f78c2c193f8f77bfd0e3873d11695b440bd,704289ddd8d99696,512,512,True,True,True,True,True,False,
p_brine,Brine,V2 original,pet,shojo,pirate,space,cyber,cast/v2/mascot_shojo_02__a4__p_brine.webp,game_source/public/cast/v2/mascot_shojo_02__a4__p_brine.webp,visual_sheet_manifest.json MASCOT_SHOJO_02:A4,,mascot_shojo_02__a4__p_brine.webp,mascot_shojo_02__a4__p_brine.webp,mascot_shojo_02__a4__p_brine.webp,85cd8d2c52856d2908cf133c5e707181f68ba5c9a1089e025dbe4120ead2d542,85cd8d2c52856d2908cf133c5e707181f68ba5c9a1089e025dbe4120ead2d542,07af6784765a11d8,512,512,True,True,True,True,True,False,
p_pudding,Pudding,V2 original,pet,shojo,cooking,military,slice,cast/v2/mascot_shojo_02__b1__p_pudding.webp,game_source/public/cast/v2/mascot_shojo_02__b1__p_pudding.webp,visual_sheet_manifest.json MASCOT_SHOJO_02:B1,,mascot_shojo_02__b1__p_pudding.webp,mascot_shojo_02__b1__p_pudding.webp,mascot_shojo_02__b1__p_pudding.webp,6adcb24b58cc8c8f121fd90630e01c9b8aae0da26bf0773e76b14492fac62309,6adcb24b58cc8c8f121fd90630e01c9b8aae0da26bf0773e76b14492fac62309,0d437eb6608a61f5,512,512,True,True,True,True,True,False,
p_peko,Peko Sprig,V2 original,pet,shojo,isekai,survival,magical,cast/v2/mascot_shojo_02__b2__p_peko.webp,game_source/public/cast/v2/mascot_shojo_02__b2__p_peko.webp,visual_sheet_manifest.json MASCOT_SHOJO_02:B2,,mascot_shojo_02__b2__p_peko.webp,mascot_shojo_02__b2__p_peko.webp,mascot_shojo_02__b2__p_peko.webp,1a50948e050512d06b93ff8077c1a7531999913488ab1f82fb666009d87f1ad8,1a50948e050512d06b93ff8077c1a7531999913488ab1f82fb666009d87f1ad8,494d3367b260738e,512,512,True,True,True,True,True,False,
p_momo2,Momo Peach,V2 original,pet,shojo,romance,fantasy,mystery,cast/v2/mascot_shojo_02__b3__p_momo2.webp,game_source/public/cast/v2/mascot_shojo_02__b3__p_momo2.webp,visual_sheet_manifest.json MASCOT_SHOJO_02:B3,,mascot_shojo_02__b3__p_momo2.webp,mascot_shojo_02__b3__p_momo2.webp,mascot_shojo_02__b3__p_momo2.webp,70ee219659e969675013011757a286c20c1ba3107b382f820967be6f0a72b4dd,70ee219659e969675013011757a286c20c1ba3107b382f820967be6f0a72b4dd,1d9867c335913317,512,512,True,True,True,True,True,False,
p_nya,Nya,V2 original,pet,shojo,magical,supernatural,space,cast/v2/mascot_shojo_02__b4__p_nya.webp,game_source/public/cast/v2/mascot_shojo_02__b4__p_nya.webp,visual_sheet_manifest.json MASCOT_SHOJO_02:B4,,mascot_shojo_02__b4__p_nya.webp,mascot_shojo_02__b4__p_nya.webp,mascot_shojo_02__b4__p_nya.webp,2c5c115fda02e2e85d45e47ad3dfe3736df44e5f4210d527fcb801152db0e169,2c5c115fda02e2e85d45e47ad3dfe3736df44e5f4210d527fcb801152db0e169,184f2505eeea0757,512,512,True,True,True,True,True,False,
p_rin2,Rin Pearl,V2 original,pet,shojo,mythology,cyber,magical,cast/v2/mascot_shojo_03__a1__p_rin2.webp,game_source/public/cast/v2/mascot_shojo_03__a1__p_rin2.webp,visual_sheet_manifest.json MASCOT_SHOJO_03:A1,,mascot_shojo_03__a1__p_rin2.webp,mascot_shojo_03__a1__p_rin2.webp,mascot_shojo_03__a1__p_rin2.webp,dc32c3e939d521af1f864d8e1c71ec8d43637542acc5e53c8d4d83980f45b00b,dc32c3e939d521af1f864d8e1c71ec8d43637542acc5e53c8d4d83980f45b00b,54dc6f4a632470e3,512,512,True,True,True,True,True,False,
p_yuzu,Yuzu,V2 original,pet,shojo,slice,cooking,pirate,cast/v2/mascot_shojo_03__a2__p_yuzu.webp,game_source/public/cast/v2/mascot_shojo_03__a2__p_yuzu.webp,visual_sheet_manifest.json MASCOT_SHOJO_03:A2,,mascot_shojo_03__a2__p_yuzu.webp,mascot_shojo_03__a2__p_yuzu.webp,mascot_shojo_03__a2__p_yuzu.webp,1223d89f0cad8e93629075b8f8fbaa9db4b1315e1db50f1822cd5ec25e66aebb,1223d89f0cad8e93629075b8f8fbaa9db4b1315e1db50f1822cd5ec25e66aebb,583624b03b1bd2d7,512,512,True,True,True,True,True,False,
p_sakumi,Sakumi,V2 original,pet,shojo,romance,martial,supernatural,cast/v2/mascot_shojo_03__a3__p_sakumi.webp,game_source/public/cast/v2/mascot_shojo_03__a3__p_sakumi.webp,visual_sheet_manifest.json MASCOT_SHOJO_03:A3,,mascot_shojo_03__a3__p_sakumi.webp,mascot_shojo_03__a3__p_sakumi.webp,mascot_shojo_03__a3__p_sakumi.webp,0257fc7ada730df51f9c47b268b17e8037ce3d82d6df091d7cb3ad09b03d0ec7,0257fc7ada730df51f9c47b268b17e8037ce3d82d6df091d7cb3ad09b03d0ec7,6b893d44c4a9b578,512,512,True,True,True,True,True,False,
p_bloop,Bloop,V2 original,pet,shojo,fantasy,magical,space,cast/v2/mascot_shojo_03__a4__p_bloop.webp,game_source/public/cast/v2/mascot_shojo_03__a4__p_bloop.webp,visual_sheet_manifest.json MASCOT_SHOJO_03:A4,,mascot_shojo_03__a4__p_bloop.webp,mascot_shojo_03__a4__p_bloop.webp,mascot_shojo_03__a4__p_bloop.webp,f681b54c95e4c134648b7c766d3746428be47ff8934df29228f0ee86cb034dd0,f681b54c95e4c134648b7c766d3746428be47ff8934df29228f0ee86cb034dd0,1a36216b37e5b225,512,512,True,True,True,True,True,False,
p_lumen,Lumen,V2 original,pet,shojo,nordic,mythology,martial,cast/v2/mascot_shojo_03__b1__p_lumen.webp,game_source/public/cast/v2/mascot_shojo_03__b1__p_lumen.webp,visual_sheet_manifest.json MASCOT_SHOJO_03:B1,,mascot_shojo_03__b1__p_lumen.webp,mascot_shojo_03__b1__p_lumen.webp,mascot_shojo_03__b1__p_lumen.webp,20e08e31be95b5d7bb9a1f0c94278003ff00ff9e61f8a858e45d098b2a1ec2b5,20e08e31be95b5d7bb9a1f0c94278003ff00ff9e61f8a858e45d098b2a1ec2b5,03ab1bd4765448f9,512,512,True,True,True,True,True,False,
p_fuwa,Fuwa,V2 original,pet,shojo,nordic,comedy,space,cast/v2/mascot_shojo_03__b2__p_fuwa.webp,game_source/public/cast/v2/mascot_shojo_03__b2__p_fuwa.webp,visual_sheet_manifest.json MASCOT_SHOJO_03:B2,,mascot_shojo_03__b2__p_fuwa.webp,mascot_shojo_03__b2__p_fuwa.webp,mascot_shojo_03__b2__p_fuwa.webp,a65831a9b55b3322634cd45d4039e583bb05cc1eb60f44c6478586acb97cae35,a65831a9b55b3322634cd45d4039e583bb05cc1eb60f44c6478586acb97cae35,11a53d6e347416b3,512,512,True,True,True,True,True,False,
p_stellar,Stellar,V2 original,pet,shojo,space,magical,horror,cast/v2/mascot_shojo_03__b3__p_stellar.webp,game_source/public/cast/v2/mascot_shojo_03__b3__p_stellar.webp,visual_sheet_manifest.json MASCOT_SHOJO_03:B3,,mascot_shojo_03__b3__p_stellar.webp,mascot_shojo_03__b3__p_stellar.webp,mascot_shojo_03__b3__p_stellar.webp,3e54a76b911675ecfc67269577cb83edfb57b7b7f3c5c91c7b7786ef6785f291,3e54a76b911675ecfc67269577cb83edfb57b7b7f3c5c91c7b7786ef6785f291,442a4b47a731fc56,512,512,True,True,True,True,True,False,
s_chika,Chika,V2 original,pet,shojo,cooking,fantasy,idol,cast/v2/mascot_shojo_03__b4__s_chika.webp,game_source/public/cast/v2/mascot_shojo_03__b4__s_chika.webp,visual_sheet_manifest.json MASCOT_SHOJO_03:B4,,mascot_shojo_03__b4__s_chika.webp,mascot_shojo_03__b4__s_chika.webp,mascot_shojo_03__b4__s_chika.webp,ae1ac9eefea171c338faf0cb28973d29e916ceb5ba0819dbebd4f608c4f54224,ae1ac9eefea171c338faf0cb28973d29e916ceb5ba0819dbebd4f608c4f54224,0496a48c979b5ea7,512,512,True,True,True,True,True,False,
v_kurogane,Daigo Kurogane,V2 original,villain,shonen,mecha,slice,military,cast/v2/villain_shonen_01__a1__v_kurogane.webp,game_source/public/cast/v2/villain_shonen_01__a1__v_kurogane.webp,visual_sheet_manifest.json VILLAIN_SHONEN_01:A1,,villain_shonen_01__a1__v_kurogane.webp,villain_shonen_01__a1__v_kurogane.webp,villain_shonen_01__a1__v_kurogane.webp,0fbdd54f85a369507cce302df19a008102e7e7747847b43c37c84042709e0ee9,0fbdd54f85a369507cce302df19a008102e7e7747847b43c37c84042709e0ee9,7bde0e1f220511f2,512,512,True,True,True,True,True,False,
v_volt,General Mateo Volt,V2 original,villain,shonen,mecha,romance,space,cast/v2/villain_shonen_01__a2__v_volt.webp,game_source/public/cast/v2/villain_shonen_01__a2__v_volt.webp,visual_sheet_manifest.json VILLAIN_SHONEN_01:A2,,villain_shonen_01__a2__v_volt.webp,villain_shonen_01__a2__v_volt.webp,villain_shonen_01__a2__v_volt.webp,9b75bbaf9051035049b5ab4f07e5e17e4e2adbcba1ee249c6839bfac603ec93f,9b75bbaf9051035049b5ab4f07e5e17e4e2adbcba1ee249c6839bfac603ec93f,2b8b4755767490b8,512,512,True,True,True,True,True,False,
v_carnage,Darius 'Carnage' Cole,V2 original,villain,shonen,sports,idol,martial,cast/v2/villain_shonen_01__a3__v_carnage.webp,game_source/public/cast/v2/villain_shonen_01__a3__v_carnage.webp,visual_sheet_manifest.json VILLAIN_SHONEN_01:A3,,villain_shonen_01__a3__v_carnage.webp,villain_shonen_01__a3__v_carnage.webp,villain_shonen_01__a3__v_carnage.webp,c0b181b4abb85f0f75b3113a5ce0157a46b0f3c2035eb23a45ab41ef3023eac7,c0b181b4abb85f0f75b3113a5ce0157a46b0f3c2035eb23a45ab41ef3023eac7,73d14397da69b402,512,512,True,True,True,True,True,False,
v_ash,Commander Ash Malik,V2 original,villain,shonen,military,horror,comedy,cast/v2/villain_shonen_01__a4__v_ash.webp,game_source/public/cast/v2/villain_shonen_01__a4__v_ash.webp,visual_sheet_manifest.json VILLAIN_SHONEN_01:A4,,villain_shonen_01__a4__v_ash.webp,villain_shonen_01__a4__v_ash.webp,villain_shonen_01__a4__v_ash.webp,105489de241ba5508b8f9148a186fabb6dae80ef753c1301c930b316e1ef585b,105489de241ba5508b8f9148a186fabb6dae80ef753c1301c930b316e1ef585b,74e84b17074b52b5,512,512,True,True,True,True,True,False,
v_scuttle,Captain Scuttlebutt,V2 original,villain,shonen,pirate,comedy,nordic,cast/v2/villain_shonen_01__b1__v_scuttle.webp,game_source/public/cast/v2/villain_shonen_01__b1__v_scuttle.webp,visual_sheet_manifest.json VILLAIN_SHONEN_01:B1,,villain_shonen_01__b1__v_scuttle.webp,villain_shonen_01__b1__v_scuttle.webp,villain_shonen_01__b1__v_scuttle.webp,cdceede1921ed474c49f8b36d587f7738f22972a887be57411211cef12a8a6ce,cdceede1921ed474c49f8b36d587f7738f22972a887be57411211cef12a8a6ce,2da5d6dd849814b5,512,512,True,True,True,True,True,False,
v_gravemark,Jarl Eirik Gravemark,V2 original,villain,shonen,nordic,military,cooking,cast/v2/villain_shonen_01__b2__v_gravemark.webp,game_source/public/cast/v2/villain_shonen_01__b2__v_gravemark.webp,visual_sheet_manifest.json VILLAIN_SHONEN_01:B2,,villain_shonen_01__b2__v_gravemark.webp,villain_shonen_01__b2__v_gravemark.webp,villain_shonen_01__b2__v_gravemark.webp,6fa5f4ddb014109bc2442bdfbe990ee81f63245fa2aabac01b5f5202e2adafe5,6fa5f4ddb014109bc2442bdfbe990ee81f63245fa2aabac01b5f5202e2adafe5,0ece4e87f1707131,512,512,True,True,True,True,True,False,
v_onikage,Ren Onikage,V2 original,villain,shonen,martial,supernatural,mystery,cast/v2/villain_shonen_01__b3__v_onikage.webp,game_source/public/cast/v2/villain_shonen_01__b3__v_onikage.webp,visual_sheet_manifest.json VILLAIN_SHONEN_01:B3,,villain_shonen_01__b3__v_onikage.webp,villain_shonen_01__b3__v_onikage.webp,villain_shonen_01__b3__v_onikage.webp,da461fcfb7177dc086068a1a29a23c5339b77eaf617926f33a81e933ba286442,da461fcfb7177dc086068a1a29a23c5339b77eaf617926f33a81e933ba286442,5846bbd363d0354a,512,512,True,True,True,True,True,False,
v_baron,Baron Ossian Vale,V2 original,villain,shonen,mythology,pirate,sports,cast/v2/villain_shonen_01__b4__v_baron.webp,game_source/public/cast/v2/villain_shonen_01__b4__v_baron.webp,visual_sheet_manifest.json VILLAIN_SHONEN_01:B4,,villain_shonen_01__b4__v_baron.webp,villain_shonen_01__b4__v_baron.webp,villain_shonen_01__b4__v_baron.webp,3af4679e003576b847d377b46f45b7a38e8391923c3f765f1ded31679d803d6a,3af4679e003576b847d377b46f45b7a38e8391923c3f765f1ded31679d803d6a,23afc5d344475760,512,512,True,True,True,True,True,False,
v_magus,Orun Vey,V2 original,villain,shonen,magical,isekai,cooking,cast/v2/villain_shonen_02__a1__v_magus.webp,game_source/public/cast/v2/villain_shonen_02__a1__v_magus.webp,visual_sheet_manifest.json VILLAIN_SHONEN_02:A1,,villain_shonen_02__a1__v_magus.webp,villain_shonen_02__a1__v_magus.webp,villain_shonen_02__a1__v_magus.webp,3b5169cc0ac0dd266b1dbdf6694b7a9527966e53f006ab6ab9353c9e323ebec3,3b5169cc0ac0dd266b1dbdf6694b7a9527966e53f006ab6ab9353c9e323ebec3,6f194945762cec64,512,512,True,True,True,True,True,False,
v_blackout,Marek 'Blackout' Sanz,V2 original,villain,shonen,cyber,survival,mythology,cast/v2/villain_shonen_02__a2__v_blackout.webp,game_source/public/cast/v2/villain_shonen_02__a2__v_blackout.webp,visual_sheet_manifest.json VILLAIN_SHONEN_02:A2,,villain_shonen_02__a2__v_blackout.webp,villain_shonen_02__a2__v_blackout.webp,villain_shonen_02__a2__v_blackout.webp,14244851af3ec1d6b5a47aebbd262b0a910dd161ab93ba27c8714c71c1097bc6,14244851af3ec1d6b5a47aebbd262b0a910dd161ab93ba27c8714c71c1097bc6,2595c46637205fd9,512,512,True,True,True,True,True,False,g30_villain_shonen_059
sen,Sen Arakawa,V2 original,villain,shonen,military,martial,romance,cast/v2/villain_shonen_02__a3__sen.webp,game_source/public/cast/v2/villain_shonen_02__a3__sen.webp,visual_sheet_manifest.json VILLAIN_SHONEN_02:A3,,villain_shonen_02__a3__sen.webp,villain_shonen_02__a3__sen.webp,villain_shonen_02__a3__sen.webp,7737b9927d43c401230ded234ce7cde0ee13dbe9d02eeec22bdac35d07ca54a6,7737b9927d43c401230ded234ce7cde0ee13dbe9d02eeec22bdac35d07ca54a6,7690b8e01978d4cf,512,512,True,True,True,True,True,False,
v_grandfinale,Gabriel 'Grand Finale' Moreau,V2 original,villain,shonen,cooking,comedy,mecha,cast/v2/villain_shonen_02__a4__v_grandfinale.webp,game_source/public/cast/v2/villain_shonen_02__a4__v_grandfinale.webp,visual_sheet_manifest.json VILLAIN_SHONEN_02:A4,,villain_shonen_02__a4__v_grandfinale.webp,villain_shonen_02__a4__v_grandfinale.webp,villain_shonen_02__a4__v_grandfinale.webp,384f4ef5e80f72e66a5f4e6a4777271360b14f08e168ae8f52ff0e5258f5c3de,384f4ef5e80f72e66a5f4e6a4777271360b14f08e168ae8f52ff0e5258f5c3de,051e688c17f21e7d,512,512,True,True,True,True,True,False,
v_tempest,Tessa Tempest,V2 original,villain,shonen,pirate,sports,supernatural,cast/v2/villain_shonen_02__b1__v_tempest.webp,game_source/public/cast/v2/villain_shonen_02__b1__v_tempest.webp,visual_sheet_manifest.json VILLAIN_SHONEN_02:B1,,villain_shonen_02__b1__v_tempest.webp,villain_shonen_02__b1__v_tempest.webp,villain_shonen_02__b1__v_tempest.webp,8efbe3b042de78dd4943f4280c80b8d09922027a2467173e4e4b3d9e0c7745e4,8efbe3b042de78dd4943f4280c80b8d09922027a2467173e4e4b3d9e0c7745e4,3da1c4f6447298b3,512,512,True,True,True,True,True,False,cv3_lead_028
v_reaper,Rhea 'Reaper' Quinn,V2 original,villain,shonen,martial,sports,horror,cast/v2/villain_shonen_02__b2__v_reaper.webp,game_source/public/cast/v2/villain_shonen_02__b2__v_reaper.webp,visual_sheet_manifest.json VILLAIN_SHONEN_02:B2,,villain_shonen_02__b2__v_reaper.webp,villain_shonen_02__b2__v_reaper.webp,villain_shonen_02__b2__v_reaper.webp,19587e586e5e48bcfd8c24baef25c4d1547fc56dc7167c342b3f85ee316428c6,19587e586e5e48bcfd8c24baef25c4d1547fc56dc7167c342b3f85ee316428c6,3804d23f375a7985,512,512,True,True,True,True,True,False,
v_zero,Zero Venn,V2 original,villain,shonen,cyber,space,romance,cast/v2/villain_shonen_02__b3__v_zero.webp,game_source/public/cast/v2/villain_shonen_02__b3__v_zero.webp,visual_sheet_manifest.json VILLAIN_SHONEN_02:B3,,villain_shonen_02__b3__v_zero.webp,villain_shonen_02__b3__v_zero.webp,villain_shonen_02__b3__v_zero.webp,d8e75be5319ed73112ad81880bd96c8cce0629331e5d01683ced5fdd9a74434c,d8e75be5319ed73112ad81880bd96c8cce0629331e5d01683ced5fdd9a74434c,39d1cbd064e86365,512,512,True,True,True,True,True,False,
v_glitch,Director Glitch,V2 original,villain,shonen,cyber,mecha,slice,cast/v2/villain_shonen_02__b4__v_glitch.webp,game_source/public/cast/v2/villain_shonen_02__b4__v_glitch.webp,visual_sheet_manifest.json VILLAIN_SHONEN_02:B4,,villain_shonen_02__b4__v_glitch.webp,villain_shonen_02__b4__v_glitch.webp,villain_shonen_02__b4__v_glitch.webp,3072c4740554ef20cea88bc5a93ad97269236039e8c10b58cfbf37477abb211d,3072c4740554ef20cea88bc5a93ad97269236039e8c10b58cfbf37477abb211d,56c0cf1ab433b2cc,512,512,True,True,True,True,True,False,
v_paradox,Professor Samira Paradox,V2 original,villain,shonen,space,mystery,cooking,cast/v2/villain_shonen_03__a1__v_paradox.webp,game_source/public/cast/v2/villain_shonen_03__a1__v_paradox.webp,visual_sheet_manifest.json VILLAIN_SHONEN_03:A1,,villain_shonen_03__a1__v_paradox.webp,villain_shonen_03__a1__v_paradox.webp,villain_shonen_03__a1__v_paradox.webp,d52f56c44fecec5a33bb20dfc60de1a889556e58b5f8d23c88b9800541127916,d52f56c44fecec5a33bb20dfc60de1a889556e58b5f8d23c88b9800541127916,0159732c2e87566f,512,512,True,True,True,True,True,False,
v_warden,Warden Nandi Dube,V2 original,villain,shonen,survival,military,magical,cast/v2/villain_shonen_03__a2__v_warden.webp,game_source/public/cast/v2/villain_shonen_03__a2__v_warden.webp,visual_sheet_manifest.json VILLAIN_SHONEN_03:A2,,villain_shonen_03__a2__v_warden.webp,villain_shonen_03__a2__v_warden.webp,villain_shonen_03__a2__v_warden.webp,6f07b15bcf301072e35f74a1b6a647c96f9303c6d6d99ff0984414c470611bea,6f07b15bcf301072e35f74a1b6a647c96f9303c6d6d99ff0984414c470611bea,34a7f0e501ba1ed2,512,512,True,True,True,True,True,False,
v_titanus,Titanus Rex,V2 original,villain,shonen,horror,survival,isekai,cast/v2/villain_shonen_03__a3__v_titanus.webp,game_source/public/cast/v2/villain_shonen_03__a3__v_titanus.webp,visual_sheet_manifest.json VILLAIN_SHONEN_03:A3,,villain_shonen_03__a3__v_titanus.webp,villain_shonen_03__a3__v_titanus.webp,villain_shonen_03__a3__v_titanus.webp,f9d125133720ca0e593c06a731eff8842648a642229a040d9b22af4b19a4f720,f9d125133720ca0e593c06a731eff8842648a642229a040d9b22af4b19a4f720,15a5d6c2629b4b4e,512,512,True,True,True,True,True,False,
v_bioform,Bioform IX,V2 original,villain,shonen,mecha,sports,idol,cast/v2/villain_shonen_03__a4__v_bioform.webp,game_source/public/cast/v2/villain_shonen_03__a4__v_bioform.webp,visual_sheet_manifest.json VILLAIN_SHONEN_03:A4,,villain_shonen_03__a4__v_bioform.webp,villain_shonen_03__a4__v_bioform.webp,villain_shonen_03__a4__v_bioform.webp,27c8cf4171cfa06661f7d4b140e7406b758db92195ce705db104f8823fbe7e4b,27c8cf4171cfa06661f7d4b140e7406b758db92195ce705db104f8823fbe7e4b,35a30c385b741bdc,512,512,True,True,True,True,True,False,
v_inquisitor,Dr Imani Sefu,V2 original,villain,shonen,mystery,martial,pirate,cast/v2/villain_shonen_03__b1__v_inquisitor.webp,game_source/public/cast/v2/villain_shonen_03__b1__v_inquisitor.webp,visual_sheet_manifest.json VILLAIN_SHONEN_03:B1,,villain_shonen_03__b1__v_inquisitor.webp,villain_shonen_03__b1__v_inquisitor.webp,villain_shonen_03__b1__v_inquisitor.webp,e20845479c999ce8149ed53546657f5e4e8a077a88bb4a9ce485f1bd2f372152,e20845479c999ce8149ed53546657f5e4e8a077a88bb4a9ce485f1bd2f372152,25a65ab66c993439,512,512,True,True,True,True,True,False,
v_collector,Celeste Armand,V2 original,villain,shonen,mythology,cyber,fantasy,cast/v2/villain_shonen_03__b2__v_collector.webp,game_source/public/cast/v2/villain_shonen_03__b2__v_collector.webp,visual_sheet_manifest.json VILLAIN_SHONEN_03:B2,,villain_shonen_03__b2__v_collector.webp,villain_shonen_03__b2__v_collector.webp,villain_shonen_03__b2__v_collector.webp,52dd55ec5d692df297b94b20b6bfcb9a8776fcdd90060213a543405af462ec8b,52dd55ec5d692df297b94b20b6bfcb9a8776fcdd90060213a543405af462ec8b,32d092a4436f6f1b,512,512,True,True,True,True,True,False,
v_nightshade,Nadia Nightshade,V2 original,villain,shonen,survival,mystery,romance,cast/v2/villain_shonen_03__b3__v_nightshade.webp,game_source/public/cast/v2/villain_shonen_03__b3__v_nightshade.webp,visual_sheet_manifest.json VILLAIN_SHONEN_03:B3,,villain_shonen_03__b3__v_nightshade.webp,villain_shonen_03__b3__v_nightshade.webp,villain_shonen_03__b3__v_nightshade.webp,fb3e20ac9f74309885dd0f474a85b6d845f93c8b9488d9c0ebd7c35773d22f9d,fb3e20ac9f74309885dd0f474a85b6d845f93c8b9488d9c0ebd7c35773d22f9d,609396b202cf1fd5,512,512,True,True,True,True,True,False,
v_amethyst,Amethyst Rook,V2 original,villain,shonen,fantasy,magical,nordic,cast/v2/villain_shonen_03__b4__v_amethyst.webp,game_source/public/cast/v2/villain_shonen_03__b4__v_amethyst.webp,visual_sheet_manifest.json VILLAIN_SHONEN_03:B4,,villain_shonen_03__b4__v_amethyst.webp,villain_shonen_03__b4__v_amethyst.webp,villain_shonen_03__b4__v_amethyst.webp,ae9f1fe1d2619d959c909199c8b3a4c238039543c3b1a5048795b48df1f7a292,ae9f1fe1d2619d959c909199c8b3a4c238039543c3b1a5048795b48df1f7a292,71c01b173fd83439,512,512,True,True,True,True,True,False,
v_hollow,The Hollow King,V2 original,villain,shojo,horror,supernatural,romance,cast/v2/villain_shojo_01__a1__v_hollow.webp,game_source/public/cast/v2/villain_shojo_01__a1__v_hollow.webp,visual_sheet_manifest.json VILLAIN_SHOJO_01:A1,,villain_shojo_01__a1__v_hollow.webp,villain_shojo_01__a1__v_hollow.webp,villain_shojo_01__a1__v_hollow.webp,8d5f95732d3d7122e0c388c541f358cbf10dec130555aea76a06c58df035c955,8d5f95732d3d7122e0c388c541f358cbf10dec130555aea76a06c58df035c955,32cfa519ac39a92a,512,512,True,True,True,True,True,False,
v_mirage,Dr Farid Mirage,V2 original,villain,shojo,cyber,mystery,magical,cast/v2/villain_shojo_01__a2__v_mirage.webp,game_source/public/cast/v2/villain_shojo_01__a2__v_mirage.webp,visual_sheet_manifest.json VILLAIN_SHOJO_01:A2,,villain_shojo_01__a2__v_mirage.webp,villain_shojo_01__a2__v_mirage.webp,villain_shojo_01__a2__v_mirage.webp,1a5f11bf8973cbaa77b6794b992a34c70fe8e2536194c5de782e266f395dca56,1a5f11bf8973cbaa77b6794b992a34c70fe8e2536194c5de782e266f395dca56,1cbf49256464b95a,512,512,True,True,True,True,True,False,
v_puppeteer,Adrian Vale,V2 original,villain,shojo,idol,slice,military,cast/v2/villain_shojo_01__a3__v_puppeteer.webp,game_source/public/cast/v2/villain_shojo_01__a3__v_puppeteer.webp,visual_sheet_manifest.json VILLAIN_SHOJO_01:A3,,villain_shojo_01__a3__v_puppeteer.webp,villain_shojo_01__a3__v_puppeteer.webp,villain_shojo_01__a3__v_puppeteer.webp,d501ede88ec0e2f84a62ce81a6670f491afbd034baba4176b3ae61d061422eee,d501ede88ec0e2f84a62ce81a6670f491afbd034baba4176b3ae61d061422eee,38b3324f2b331cc3,512,512,True,True,True,True,True,False,
v_fang,Count Lucan Varga,V2 original,villain,shojo,horror,romance,cooking,cast/v2/villain_shojo_01__a4__v_fang.webp,game_source/public/cast/v2/villain_shojo_01__a4__v_fang.webp,visual_sheet_manifest.json VILLAIN_SHOJO_01:A4,,villain_shojo_01__a4__v_fang.webp,villain_shojo_01__a4__v_fang.webp,villain_shojo_01__a4__v_fang.webp,f1972306b35df7c55429c3b141db220c720c9dd55b7edf2cc4c1354cf994adb0,f1972306b35df7c55429c3b141db220c720c9dd55b7edf2cc4c1354cf994adb0,30d20f7c2a373d31,512,512,True,True,True,True,True,False,
v_lich,Basil Lich,V2 original,villain,shojo,comedy,horror,isekai,cast/v2/villain_shojo_01__b1__v_lich.webp,game_source/public/cast/v2/villain_shojo_01__b1__v_lich.webp,visual_sheet_manifest.json VILLAIN_SHOJO_01:B1,,villain_shojo_01__b1__v_lich.webp,villain_shojo_01__b1__v_lich.webp,villain_shojo_01__b1__v_lich.webp,8dfd6ffd1662931e88c6dad0dca1fde5ddc752292f2a0e9cca071abb736eb711,8dfd6ffd1662931e88c6dad0dca1fde5ddc752292f2a0e9cca071abb736eb711,45c0c96c8dad3673,512,512,True,True,True,True,True,False,
v_kairos,Leon Kairos,V2 original,villain,shojo,cyber,romance,nordic,cast/v2/villain_shojo_01__b2__v_kairos.webp,game_source/public/cast/v2/villain_shojo_01__b2__v_kairos.webp,visual_sheet_manifest.json VILLAIN_SHOJO_01:B2,,villain_shojo_01__b2__v_kairos.webp,villain_shojo_01__b2__v_kairos.webp,villain_shojo_01__b2__v_kairos.webp,7606d9528f537c3d12f1a2410c48fb65be16fff95b25bfdc6d79eae2db3563a9,7606d9528f537c3d12f1a2410c48fb65be16fff95b25bfdc6d79eae2db3563a9,30ec0d7e68117755,512,512,True,True,True,True,True,False,
v_plague,Dr Emil Green,V2 original,villain,shojo,horror,mystery,idol,cast/v2/villain_shojo_01__b3__v_plague.webp,game_source/public/cast/v2/villain_shojo_01__b3__v_plague.webp,visual_sheet_manifest.json VILLAIN_SHOJO_01:B3,,villain_shojo_01__b3__v_plague.webp,villain_shojo_01__b3__v_plague.webp,villain_shojo_01__b3__v_plague.webp,a11b101b01a2f65e7e2da623e2b023a9807083d93b06840975f724f8cb55e666,a11b101b01a2f65e7e2da623e2b023a9807083d93b06840975f724f8cb55e666,3b9ad24d35344b61,512,512,True,True,True,True,True,False,
v_harlequin,Harlequin Bell,V2 original,villain,shojo,comedy,idol,survival,cast/v2/villain_shojo_01__b4__v_harlequin.webp,game_source/public/cast/v2/villain_shojo_01__b4__v_harlequin.webp,visual_sheet_manifest.json VILLAIN_SHOJO_01:B4,,villain_shojo_01__b4__v_harlequin.webp,villain_shojo_01__b4__v_harlequin.webp,villain_shojo_01__b4__v_harlequin.webp,ec6762e52eca0f5a0fc03f4d73bd16dbef2c30b855daba1733be50317db1f0ab,ec6762e52eca0f5a0fc03f4d73bd16dbef2c30b855daba1733be50317db1f0ab,00e1b3996f9e9cd0,512,512,True,True,True,True,True,False,
v_overlord,Osric Vale,V2 original,villain,shojo,isekai,fantasy,mecha,cast/v2/villain_shojo_02__a1__v_overlord.webp,game_source/public/cast/v2/villain_shojo_02__a1__v_overlord.webp,visual_sheet_manifest.json VILLAIN_SHOJO_02:A1,,villain_shojo_02__a1__v_overlord.webp,villain_shojo_02__a1__v_overlord.webp,villain_shojo_02__a1__v_overlord.webp,4f0c243c1682f493e43d083f4486728afde7974715a62e912b3faf12ccd8b6ff,4f0c243c1682f493e43d083f4486728afde7974715a62e912b3faf12ccd8b6ff,31838b5636914edd,512,512,True,True,True,True,True,False,
v_falsetto,Seo Min-jae 'Falsetto',V2 original,villain,shojo,idol,martial,romance,cast/v2/villain_shojo_02__a2__v_falsetto.webp,game_source/public/cast/v2/villain_shojo_02__a2__v_falsetto.webp,visual_sheet_manifest.json VILLAIN_SHOJO_02:A2,,villain_shojo_02__a2__v_falsetto.webp,villain_shojo_02__a2__v_falsetto.webp,villain_shojo_02__a2__v_falsetto.webp,668999d4ef4f3c51ff53f9c4ba690c131f4b448dc917a7042c41221cd6ff5486,668999d4ef4f3c51ff53f9c4ba690c131f4b448dc917a7042c41221cd6ff5486,05892d7c21d69adb,512,512,True,True,True,True,True,False,
v_lovelace,Julian Lovelace,V2 original,villain,shojo,romance,comedy,space,cast/v2/villain_shojo_02__a3__v_lovelace.webp,game_source/public/cast/v2/villain_shojo_02__a3__v_lovelace.webp,visual_sheet_manifest.json VILLAIN_SHOJO_02:A3,,villain_shojo_02__a3__v_lovelace.webp,villain_shojo_02__a3__v_lovelace.webp,villain_shojo_02__a3__v_lovelace.webp,1287272b87a914e632366341dab83b82e4aaf27d4f3d90650eec05d0a76bfeb8,1287272b87a914e632366341dab83b82e4aaf27d4f3d90650eec05d0a76bfeb8,31968e660fc3e81e,512,512,True,True,True,True,True,False,
v_einar,Einar Dahl,V2 original,villain,shojo,nordic,cooking,idol,cast/v2/villain_shojo_02__a4__v_einar.webp,game_source/public/cast/v2/villain_shojo_02__a4__v_einar.webp,visual_sheet_manifest.json VILLAIN_SHOJO_02:A4,,villain_shojo_02__a4__v_einar.webp,villain_shojo_02__a4__v_einar.webp,villain_shojo_02__a4__v_einar.webp,032f97e268cb9c6fc35124113a5ac5d87f6217c2f3460788b94a0219256fc209,032f97e268cb9c6fc35124113a5ac5d87f6217c2f3460788b94a0219256fc209,30891f3c437944fe,512,512,True,True,True,True,True,False,
v_nocturne,Nora Nocturne,V2 original,villain,shojo,mystery,slice,supernatural,cast/v2/villain_shojo_02__b1__v_nocturne.webp,game_source/public/cast/v2/villain_shojo_02__b1__v_nocturne.webp,visual_sheet_manifest.json VILLAIN_SHOJO_02:B1,,villain_shojo_02__b1__v_nocturne.webp,villain_shojo_02__b1__v_nocturne.webp,villain_shojo_02__b1__v_nocturne.webp,59a816a51f32a6fe7c18e35db418d0dc8f07a690fb0a62477f46db86fbedc022,59a816a51f32a6fe7c18e35db418d0dc8f07a690fb0a62477f46db86fbedc022,681b8558a94d66ee,512,512,True,True,True,True,True,False,
v_venom,Valerie Venn,V2 original,villain,shojo,romance,slice,survival,cast/v2/villain_shojo_02__b2__v_venom.webp,game_source/public/cast/v2/villain_shojo_02__b2__v_venom.webp,visual_sheet_manifest.json VILLAIN_SHOJO_02:B2,,villain_shojo_02__b2__v_venom.webp,villain_shojo_02__b2__v_venom.webp,villain_shojo_02__b2__v_venom.webp,9691929fc1337fefbc9abce7b5056ad99fcb9d5277cfbdc8cf939351976cd433,9691929fc1337fefbc9abce7b5056ad99fcb9d5277cfbdc8cf939351976cd433,7e1ec51219f92c86,512,512,True,True,True,True,True,False,
v_obsidian,Odette Blackwell,V2 original,villain,shojo,idol,mecha,romance,cast/v2/villain_shojo_02__b3__v_obsidian.webp,game_source/public/cast/v2/villain_shojo_02__b3__v_obsidian.webp,visual_sheet_manifest.json VILLAIN_SHOJO_02:B3,,villain_shojo_02__b3__v_obsidian.webp,villain_shojo_02__b3__v_obsidian.webp,villain_shojo_02__b3__v_obsidian.webp,e7ded60d23a7fb430cb7af1171151d2b34cb754f31627d8fafe03d554f8ebe4d,e7ded60d23a7fb430cb7af1171151d2b34cb754f31627d8fafe03d554f8ebe4d,70dca133b3f364c0,512,512,True,True,True,True,True,False,
v_sinister,Sister Celia Senn,V2 original,villain,shojo,slice,mystery,mythology,cast/v2/villain_shojo_02__b4__v_sinister.webp,game_source/public/cast/v2/villain_shojo_02__b4__v_sinister.webp,visual_sheet_manifest.json VILLAIN_SHOJO_02:B4,,villain_shojo_02__b4__v_sinister.webp,villain_shojo_02__b4__v_sinister.webp,villain_shojo_02__b4__v_sinister.webp,0f587c098b47ad724e3bc882408f2112302eb95aff57073f94ce2d47f3884cf5,0f587c098b47ad724e3bc882408f2112302eb95aff57073f94ce2d47f3884cf5,35cbdab4247853a1,512,512,True,True,True,True,True,False,
v_hex,Hester Hex,V2 original,villain,shojo,magical,fantasy,sports,cast/v2/villain_shojo_03__a1__v_hex.webp,game_source/public/cast/v2/villain_shojo_03__a1__v_hex.webp,visual_sheet_manifest.json VILLAIN_SHOJO_03:A1,,villain_shojo_03__a1__v_hex.webp,villain_shojo_03__a1__v_hex.webp,villain_shojo_03__a1__v_hex.webp,bde4b5a29746e8951205776158024ec6453d61a403175713943effd7b96e6c97,bde4b5a29746e8951205776158024ec6453d61a403175713943effd7b96e6c97,7cc02bb57321cc4e,512,512,True,True,True,True,True,False,
v_silence,The Silence,V2 original,villain,shojo,horror,pirate,cooking,cast/v2/villain_shojo_03__a2__v_silence.webp,game_source/public/cast/v2/villain_shojo_03__a2__v_silence.webp,visual_sheet_manifest.json VILLAIN_SHOJO_03:A2,,villain_shojo_03__a2__v_silence.webp,villain_shojo_03__a2__v_silence.webp,villain_shojo_03__a2__v_silence.webp,7d1a9b10ce1ce01567add84cc4aca6331fa7142b75d2c1befc7c09402edf59ea,7d1a9b10ce1ce01567add84cc4aca6331fa7142b75d2c1befc7c09402edf59ea,50831b2dab61697d,512,512,True,True,True,True,True,False,
v_frostbite,Freya Frost,V2 original,villain,shojo,sports,romance,cyber,cast/v2/villain_shojo_03__a3__v_frostbite.webp,game_source/public/cast/v2/villain_shojo_03__a3__v_frostbite.webp,visual_sheet_manifest.json VILLAIN_SHOJO_03:A3,,villain_shojo_03__a3__v_frostbite.webp,villain_shojo_03__a3__v_frostbite.webp,villain_shojo_03__a3__v_frostbite.webp,d3f0648570acff43624f645ce38b22ac1ad3d2e06bcbe38ebc884af472be13d3,d3f0648570acff43624f645ce38b22ac1ad3d2e06bcbe38ebc884af472be13d3,37c8a1a38c4ff0d8,512,512,True,True,True,True,True,False,
v_dread,Dorothea Reed,V2 original,villain,shojo,slice,military,pirate,cast/v2/villain_shojo_03__a4__v_dread.webp,game_source/public/cast/v2/villain_shojo_03__a4__v_dread.webp,visual_sheet_manifest.json VILLAIN_SHOJO_03:A4,,villain_shojo_03__a4__v_dread.webp,villain_shojo_03__a4__v_dread.webp,villain_shojo_03__a4__v_dread.webp,638bcc92e31e9a1fb7817aac9e2ceba51df4d6297a259f9d135738d56d8539f1,638bcc92e31e9a1fb7817aac9e2ceba51df4d6297a259f9d135738d56d8539f1,39d95f2d62330561,512,512,True,True,True,True,True,False,
v_moth,Mother Moth,V2 original,villain,shojo,horror,mythology,cooking,cast/v2/villain_shojo_03__b1__v_moth.webp,game_source/public/cast/v2/villain_shojo_03__b1__v_moth.webp,visual_sheet_manifest.json VILLAIN_SHOJO_03:B1,,villain_shojo_03__b1__v_moth.webp,villain_shojo_03__b1__v_moth.webp,villain_shojo_03__b1__v_moth.webp,d3a1489d737a84b437bff75375ac1c594e1ea6967e67d41b2297c7afb4caa2bf,d3a1489d737a84b437bff75375ac1c594e1ea6967e67d41b2297c7afb4caa2bf,1743c37bb2289b34,512,512,True,True,True,True,True,False,
v_hollowchild,The Pale Empress,V2 original,villain,shojo,space,fantasy,comedy,cast/v2/villain_shojo_03__b2__v_hollowchild.webp,game_source/public/cast/v2/villain_shojo_03__b2__v_hollowchild.webp,visual_sheet_manifest.json VILLAIN_SHOJO_03:B2,,villain_shojo_03__b2__v_hollowchild.webp,villain_shojo_03__b2__v_hollowchild.webp,villain_shojo_03__b2__v_hollowchild.webp,22fbfca936ae365f254918e4ea8564207183484566605ae9b3d6f532ef175813,22fbfca936ae365f254918e4ea8564207183484566605ae9b3d6f532ef175813,14d0166c3b2bed63,512,512,True,True,True,True,True,False,
v_rosethorn,Rosalie Thorn,V2 original,villain,shojo,romance,survival,idol,cast/v2/villain_shojo_03__b3__v_rosethorn.webp,game_source/public/cast/v2/villain_shojo_03__b3__v_rosethorn.webp,visual_sheet_manifest.json VILLAIN_SHOJO_03:B3,,villain_shojo_03__b3__v_rosethorn.webp,villain_shojo_03__b3__v_rosethorn.webp,villain_shojo_03__b3__v_rosethorn.webp,a77b64b9fdbc7755456b06031e0d02d17ae59b66c7fbd757cafa35c2e1b95d00,a77b64b9fdbc7755456b06031e0d02d17ae59b66c7fbd757cafa35c2e1b95d00,196e3680679b3716,512,512,True,True,True,True,True,False,
aya,Aya Hanamori,V2 original,villain,shojo,romance,mystery,martial,cast/v2/villain_shojo_03__b4__aya.webp,game_source/public/cast/v2/villain_shojo_03__b4__aya.webp,visual_sheet_manifest.json VILLAIN_SHOJO_03:B4,,villain_shojo_03__b4__aya.webp,villain_shojo_03__b4__aya.webp,villain_shojo_03__b4__aya.webp,75aa48266df0d3294fbe3dd7fed822ce1fe70e4e2007d2c0dd46f3e5c1c6c6ab,75aa48266df0d3294fbe3dd7fed822ce1fe70e4e2007d2c0dd46f3e5c1c6c6ab,6498ba283dec7ac2,512,512,True,True,True,True,True,False,
cv3_lead_001,Hajime Suda,V3 pair closure,protag,shonen,comedy,cooking,pirate,cast/v3/cv3_lead_001.webp,game_source/public/cast/v3/cv3_lead_001.webp,CAST_V3_ART_MANIFEST.csv row 2 / cast_v3_sheet_01:1,,cv3_lead_001.webp,cv3_lead_001.webp,cv3_lead_001.webp,5e8669d744fa2ea49820fc6073540a0842d22e36d762d6171a18fb171b0bf3fa,5e8669d744fa2ea49820fc6073540a0842d22e36d762d6171a18fb171b0bf3fa,27e485138a16ddbc,512,512,True,True,True,True,True,False,
cv3_lead_002,Nao Suda,V3 pair closure,protag,shonen,cooking,space,comedy,cast/v3/cv3_lead_002.webp,game_source/public/cast/v3/cv3_lead_002.webp,CAST_V3_ART_MANIFEST.csv row 3 / cast_v3_sheet_01:2,,cv3_lead_002.webp,cv3_lead_002.webp,cv3_lead_002.webp,de8100a2f8506ab92994f1762ba20e36b4649527dfdd09c6c3078e13c5e4c710,de8100a2f8506ab92994f1762ba20e36b4649527dfdd09c6c3078e13c5e4c710,33c01cb50bde6c5c,512,512,True,True,True,True,True,False,
cv3_lead_003,Isamu Kishi,V3 pair closure,protag,shonen,shinobi,comedy,magical,cast/v3/cv3_lead_003.webp,game_source/public/cast/v3/cv3_lead_003.webp,CAST_V3_ART_MANIFEST.csv row 4 / cast_v3_sheet_01:3,,cv3_lead_003.webp,cv3_lead_003.webp,cv3_lead_003.webp,d69284adbd95106b74740e5cb4e0c0e1e8dfbc3a386cc5bc3a955e8fba5400fe,d69284adbd95106b74740e5cb4e0c0e1e8dfbc3a386cc5bc3a955e8fba5400fe,25caeb89c8d194bc,512,512,True,True,True,True,True,False,
cv3_lead_004,Chiyo Kishi,V3 pair closure,protag,shonen,mecha,comedy,sports,cast/v3/cv3_lead_004.webp,game_source/public/cast/v3/cv3_lead_004.webp,CAST_V3_ART_MANIFEST.csv row 5 / cast_v3_sheet_01:4,,cv3_lead_004.webp,cv3_lead_004.webp,cv3_lead_004.webp,c693c0eaa635a100e47d53d74704e046e1cd17a58214b76b239ed89823c3ec1a,c693c0eaa635a100e47d53d74704e046e1cd17a58214b76b239ed89823c3ec1a,27a5c756ca58c9d0,512,512,True,True,True,True,True,False,
cv3_lead_005,Renzo Naruse,V3 pair closure,protag,shonen,military,mystery,comedy,cast/v3/cv3_lead_005.webp,game_source/public/cast/v3/cv3_lead_005.webp,CAST_V3_ART_MANIFEST.csv row 6 / cast_v3_sheet_01:5,,cv3_lead_005.webp,cv3_lead_005.webp,cv3_lead_005.webp,b029c7802940ab4fcdca51208bccc79034ca984f0c43766c25c341156e600fd0,b029c7802940ab4fcdca51208bccc79034ca984f0c43766c25c341156e600fd0,196c5e335a390d93,512,512,True,True,True,True,True,False,
cv3_lead_006,Ayame Naruse,V3 pair closure,protag,shonen,slice,comedy,romance,cast/v3/cv3_lead_006.webp,game_source/public/cast/v3/cv3_lead_006.webp,CAST_V3_ART_MANIFEST.csv row 7 / cast_v3_sheet_01:6,,cv3_lead_006.webp,cv3_lead_006.webp,cv3_lead_006.webp,54cb49d5f85438e281bf32b9d78429bf54a791cd1c2b521fd735d60d61ab7611,54cb49d5f85438e281bf32b9d78429bf54a791cd1c2b521fd735d60d61ab7611,34b493c3d35ac24d,512,512,True,True,True,True,True,False,
cv3_lead_007,Toma Teshima,V3 pair closure,protag,shonen,samurai,comedy,supernatural,cast/v3/cv3_lead_007.webp,game_source/public/cast/v3/cv3_lead_007.webp,CAST_V3_ART_MANIFEST.csv row 8 / cast_v3_sheet_01:7,,cv3_lead_007.webp,cv3_lead_007.webp,cv3_lead_007.webp,c57060fb6ebd2c075c231dd76e5d83ea23a3e8c28487aec63461d8af28b01c54,c57060fb6ebd2c075c231dd76e5d83ea23a3e8c28487aec63461d8af28b01c54,2aca2f262f146bc5,512,512,True,True,True,True,True,False,
cv3_lead_008,Eri Teshima,V3 pair closure,protag,shonen,cyber,supernatural,cooking,cast/v3/cv3_lead_008.webp,game_source/public/cast/v3/cv3_lead_008.webp,CAST_V3_ART_MANIFEST.csv row 9 / cast_v3_sheet_01:8,,cv3_lead_008.webp,cv3_lead_008.webp,cv3_lead_008.webp,f9c9b4f2baa7c50b920a3e8f107041badc3f47a9be9d16b905ed46858a0afdf1,f9c9b4f2baa7c50b920a3e8f107041badc3f47a9be9d16b905ed46858a0afdf1,21c12fb2a5ab499d,512,512,True,True,True,True,True,False,
cv3_lead_009,Naoki Hoshino,V3 pair closure,protag,shonen,idol,cooking,fantasy,cast/v3/cv3_lead_009.webp,game_source/public/cast/v3/cv3_lead_009.webp,CAST_V3_ART_MANIFEST.csv row 10 / cast_v3_sheet_02:1,,cv3_lead_009.webp,cv3_lead_009.webp,cv3_lead_009.webp,4a512daa400fee58c48a5a32e18f2743fc67ef9595dda9e6d9789c974fdc1961,4a512daa400fee58c48a5a32e18f2743fc67ef9595dda9e6d9789c974fdc1961,34c76f64121f9cc2,512,512,True,True,True,True,True,False,
cv3_lead_010,Fumika Hoshino,V3 pair closure,protag,shonen,shinobi,cooking,mystery,cast/v3/cv3_lead_010.webp,game_source/public/cast/v3/cv3_lead_010.webp,CAST_V3_ART_MANIFEST.csv row 11 / cast_v3_sheet_02:2,,cv3_lead_010.webp,cv3_lead_010.webp,cv3_lead_010.webp,47dbe340512d915ea091d1eb2f219a36a5ce9225ce57ce7909fcff3a9fef19e3,47dbe340512d915ea091d1eb2f219a36a5ce9225ce57ce7909fcff3a9fef19e3,629a99d3d1431cbc,512,512,True,True,True,True,True,False,
cv3_lead_011,Akio Arata,V3 pair closure,protag,shonen,samurai,cooking,mythology,cast/v3/cv3_lead_011.webp,game_source/public/cast/v3/cv3_lead_011.webp,CAST_V3_ART_MANIFEST.csv row 12 / cast_v3_sheet_02:3,,cv3_lead_011.webp,cv3_lead_011.webp,cv3_lead_011.webp,ee69ba4b5e9f6a4474830524db666b96f9d8f3fc8b16c0d19ebe414240ab9e72,ee69ba4b5e9f6a4474830524db666b96f9d8f3fc8b16c0d19ebe414240ab9e72,79875cd097d39250,512,512,True,True,True,True,True,False,
cv3_lead_012,Hotaru Arata,V3 pair closure,protag,shonen,romance,cooking,nordic,cast/v3/cv3_lead_012.webp,game_source/public/cast/v3/cv3_lead_012.webp,CAST_V3_ART_MANIFEST.csv row 13 / cast_v3_sheet_02:4,,cv3_lead_012.webp,cv3_lead_012.webp,cv3_lead_012.webp,88e27e5e6bbbc54b6db21aaaeeeacfa2b4898a87e0f494694b27ff385d6968ab,88e27e5e6bbbc54b6db21aaaeeeacfa2b4898a87e0f494694b27ff385d6968ab,36f0604357cec86d,512,512,True,True,True,True,True,False,
cv3_lead_013,Keisuke Mizuno,V3 pair closure,protag,shonen,cyber,fantasy,sports,cast/v3/cv3_lead_013.webp,game_source/public/cast/v3/cv3_lead_013.webp,CAST_V3_ART_MANIFEST.csv row 14 / cast_v3_sheet_02:5,,cv3_lead_013.webp,cv3_lead_013.webp,cv3_lead_013.webp,7a330815a290e926d44862b395cab0dad61c8d09e489d36db0fd02de57c1fe6d,7a330815a290e926d44862b395cab0dad61c8d09e489d36db0fd02de57c1fe6d,29f5ca2d062f1e8a,512,512,True,True,True,True,True,False,
cv3_lead_014,Izumi Mizuno,V3 pair closure,protag,shonen,isekai,survival,cyber,cast/v3/cv3_lead_014.webp,game_source/public/cast/v3/cv3_lead_014.webp,CAST_V3_ART_MANIFEST.csv row 15 / cast_v3_sheet_02:6,,cv3_lead_014.webp,cv3_lead_014.webp,cv3_lead_014.webp,e12222541cd7569a07adec2f9fdf7bbcf9170893ca1683e256cd7fdfca7f28e7,e12222541cd7569a07adec2f9fdf7bbcf9170893ca1683e256cd7fdfca7f28e7,26e5e8d0c6964fa4,512,512,True,True,True,True,True,False,
cv3_lead_015,Makoto Sakuma,V3 pair closure,protag,shonen,samurai,cyber,pirate,cast/v3/cv3_lead_015.webp,game_source/public/cast/v3/cv3_lead_015.webp,CAST_V3_ART_MANIFEST.csv row 16 / cast_v3_sheet_02:7,,cv3_lead_015.webp,cv3_lead_015.webp,cv3_lead_015.webp,e38abf30a15d48d6decd3e2d54d240f4568a581281e64e679df5ff8f94b6fbab,e38abf30a15d48d6decd3e2d54d240f4568a581281e64e679df5ff8f94b6fbab,3dc2c6a69c1a5a99,512,512,True,True,True,True,True,False,
cv3_lead_016,Junko Sakuma,V3 pair closure,protag,shonen,shinobi,cyber,space,cast/v3/cv3_lead_016.webp,game_source/public/cast/v3/cv3_lead_016.webp,CAST_V3_ART_MANIFEST.csv row 17 / cast_v3_sheet_02:8,,cv3_lead_016.webp,cv3_lead_016.webp,cv3_lead_016.webp,002243976393f740e3f09a4f16207f6e5ccd11be26ce5e7c4f739657b0f45b07,002243976393f740e3f09a4f16207f6e5ccd11be26ce5e7c4f739657b0f45b07,32920f7c282f4fc3,512,512,True,True,True,True,True,False,
cv3_lead_017,Ritsu Ueda,V3 pair closure,protag,shonen,idol,supernatural,fantasy,cast/v3/cv3_lead_017.webp,game_source/public/cast/v3/cv3_lead_017.webp,CAST_V3_ART_MANIFEST.csv row 18 / cast_v3_sheet_03:1,,cv3_lead_017.webp,cv3_lead_017.webp,cv3_lead_017.webp,c11c4a083792e37c3d975e5d1201814c20cd51d504ac7868eb113b602d8a72a7,c11c4a083792e37c3d975e5d1201814c20cd51d504ac7868eb113b602d8a72a7,24c567e7500fda98,512,512,True,True,True,True,True,False,
cv3_lead_018,Koharu Ueda,V3 pair closure,protag,shonen,slice,fantasy,magical,cast/v3/cv3_lead_018.webp,game_source/public/cast/v3/cv3_lead_018.webp,CAST_V3_ART_MANIFEST.csv row 19 / cast_v3_sheet_03:2,,cv3_lead_018.webp,cv3_lead_018.webp,cv3_lead_018.webp,fea34d8ec1c35085ecf8d8d5b2d31607423b641be5fc2c9552ee0dd28a0063b7,fea34d8ec1c35085ecf8d8d5b2d31607423b641be5fc2c9552ee0dd28a0063b7,2581e287863edec3,512,512,True,True,True,True,True,False,
cv3_lead_019,Shun Fujise,V3 pair closure,protag,shonen,samurai,fantasy,space,cast/v3/cv3_lead_019.webp,game_source/public/cast/v3/cv3_lead_019.webp,CAST_V3_ART_MANIFEST.csv row 20 / cast_v3_sheet_03:3,,cv3_lead_019.webp,cv3_lead_019.webp,cv3_lead_019.webp,9f275ebeaf0598694c5694ebe0788b9aa24ddef868770302e3513787417d278e,9f275ebeaf0598694c5694ebe0788b9aa24ddef868770302e3513787417d278e,2cb02f29572f5187,512,512,True,True,True,True,True,False,
cv3_lead_020,Mai Fujise,V3 pair closure,protag,shonen,shinobi,fantasy,survival,cast/v3/cv3_lead_020.webp,game_source/public/cast/v3/cv3_lead_020.webp,CAST_V3_ART_MANIFEST.csv row 21 / cast_v3_sheet_03:4,,cv3_lead_020.webp,cv3_lead_020.webp,cv3_lead_020.webp,a5fbdc20116751c10254ad5e6dfc88ddd8208438a290d5a8623a9213bfccd338,a5fbdc20116751c10254ad5e6dfc88ddd8208438a290d5a8623a9213bfccd338,28c2c9c9b9d4d2b3,512,512,True,True,True,True,True,False,
cv3_lead_021,Taichi Natori,V3 pair closure,protag,shonen,shinobi,horror,isekai,cast/v3/cv3_lead_021.webp,game_source/public/cast/v3/cv3_lead_021.webp,CAST_V3_ART_MANIFEST.csv row 22 / cast_v3_sheet_03:5,,cv3_lead_021.webp,cv3_lead_021.webp,cv3_lead_021.webp,f1f7ad07368519607c7a60cfed1cec0486b06e6e1f70995ec9c134098e58c01c,f1f7ad07368519607c7a60cfed1cec0486b06e6e1f70995ec9c134098e58c01c,25c7ca5363a69c0d,512,512,True,True,True,True,True,False,
cv3_lead_022,Natsuki Natori,V3 pair closure,protag,shonen,samurai,horror,magical,cast/v3/cv3_lead_022.webp,game_source/public/cast/v3/cv3_lead_022.webp,CAST_V3_ART_MANIFEST.csv row 23 / cast_v3_sheet_03:6,,cv3_lead_022.webp,cv3_lead_022.webp,cv3_lead_022.webp,d33b32f4f193f19d390f2bb29c70a656a457c9050fa8c66f0b13c20b4610ec7e,d33b32f4f193f19d390f2bb29c70a656a457c9050fa8c66f0b13c20b4610ec7e,65c11fbc0644ceb3,512,512,True,True,True,True,True,False,
cv3_lead_023,Yuto Asano,V3 pair closure,protag,shonen,magical,supernatural,horror,cast/v3/cv3_lead_023.webp,game_source/public/cast/v3/cv3_lead_023.webp,CAST_V3_ART_MANIFEST.csv row 24 / cast_v3_sheet_03:7,,cv3_lead_023.webp,cv3_lead_023.webp,cv3_lead_023.webp,d6d22c283958c0a5b28eeceae956c812eeffb8ffdfe61e94786e998d65169cad,d6d22c283958c0a5b28eeceae956c812eeffb8ffdfe61e94786e998d65169cad,21f44aa4e41eb8db,512,512,True,True,True,True,True,False,cv3_sidekick_015
cv3_lead_024,Rena Asano,V3 pair closure,protag,shonen,military,horror,martial,cast/v3/cv3_lead_024.webp,game_source/public/cast/v3/cv3_lead_024.webp,CAST_V3_ART_MANIFEST.csv row 25 / cast_v3_sheet_03:8,,cv3_lead_024.webp,cv3_lead_024.webp,cv3_lead_024.webp,1965410f1756a1337ea87b1972f15f7b97a302ae985dac540eb80aaa3bdbee1d,1965410f1756a1337ea87b1972f15f7b97a302ae985dac540eb80aaa3bdbee1d,21e8ea795616274b,512,512,True,True,True,True,True,False,
cv3_lead_025,Kazuma Komori,V3 pair closure,protag,shonen,horror,mythology,pirate,cast/v3/cv3_lead_025.webp,game_source/public/cast/v3/cv3_lead_025.webp,CAST_V3_ART_MANIFEST.csv row 26 / cast_v3_sheet_04:1,,cv3_lead_025.webp,cv3_lead_025.webp,cv3_lead_025.webp,10e2af38670cccf291527abbc50644202874dfb812d12f5a9cf8a85be11bf451,10e2af38670cccf291527abbc50644202874dfb812d12f5a9cf8a85be11bf451,390ead03dabd9ac0,512,512,True,True,True,True,True,False,
cv3_lead_026,Sayuri Komori,V3 pair closure,protag,shonen,slice,space,horror,cast/v3/cv3_lead_026.webp,game_source/public/cast/v3/cv3_lead_026.webp,CAST_V3_ART_MANIFEST.csv row 27 / cast_v3_sheet_04:2,,cv3_lead_026.webp,cv3_lead_026.webp,cv3_lead_026.webp,a48edfa1732c2ea3147b17ee74283e38f4c2d762d4de26434074f9b41c2ffbe1,a48edfa1732c2ea3147b17ee74283e38f4c2d762d4de26434074f9b41c2ffbe1,35f0254b136fc85c,512,512,True,True,True,True,True,False,
cv3_lead_027,Masato Takase,V3 pair closure,protag,shojo,samurai,idol,nordic,cast/v3/cv3_lead_027.webp,game_source/public/cast/v3/cv3_lead_027.webp,CAST_V3_ART_MANIFEST.csv row 28 / cast_v3_sheet_04:3,,cv3_lead_027.webp,cv3_lead_027.webp,cv3_lead_027.webp,ec5637b2a04a24a5a89d7c21cb09bcd2b50cfa56dd1857b07d4e5190fd666d13,ec5637b2a04a24a5a89d7c21cb09bcd2b50cfa56dd1857b07d4e5190fd666d13,2ccc7a4c5ee95443,512,512,True,True,True,True,True,False,
cv3_lead_028,Tomoe Takase,V3 pair closure,protag,shojo,shinobi,idol,slice,cast/v3/cv3_lead_028.webp,game_source/public/cast/v3/cv3_lead_028.webp,CAST_V3_ART_MANIFEST.csv row 29 / cast_v3_sheet_04:4,,cv3_lead_028.webp,cv3_lead_028.webp,cv3_lead_028.webp,0645a95da0a5421489e4961e58affd9b1f63966444abedbd290e992a64c072ef,0645a95da0a5421489e4961e58affd9b1f63966444abedbd290e992a64c072ef,25a5e5e64652da91,512,512,True,True,True,True,True,False,v_tempest
cv3_lead_029,Noboru Sugita,V3 pair closure,protag,shojo,mecha,samurai,isekai,cast/v3/cv3_lead_029.webp,game_source/public/cast/v3/cv3_lead_029.webp,CAST_V3_ART_MANIFEST.csv row 30 / cast_v3_sheet_04:5,,cv3_lead_029.webp,cv3_lead_029.webp,cv3_lead_029.webp,bba3e9756bc7a48f3944e695a7d8f2afb23f6b79509939851af9ea9c2ffe7386,bba3e9756bc7a48f3944e695a7d8f2afb23f6b79509939851af9ea9c2ffe7386,2dac5879634145de,512,512,True,True,True,True,True,False,
cv3_lead_030,Wakana Sugita,V3 pair closure,protag,shojo,sports,isekai,mystery,cast/v3/cv3_lead_030.webp,game_source/public/cast/v3/cv3_lead_030.webp,CAST_V3_ART_MANIFEST.csv row 31 / cast_v3_sheet_04:6,,cv3_lead_030.webp,cv3_lead_030.webp,cv3_lead_030.webp,700f8fafb8d3c68a56d17d6acb27b954d027ffa3da79361546f503cbe0c2bc94,700f8fafb8d3c68a56d17d6acb27b954d027ffa3da79361546f503cbe0c2bc94,37f4d0e3a1c101cf,512,512,True,True,True,True,True,False,
cv3_lead_031,Osamu Matsuba,V3 pair closure,protag,shojo,isekai,slice,supernatural,cast/v3/cv3_lead_031.webp,game_source/public/cast/v3/cv3_lead_031.webp,CAST_V3_ART_MANIFEST.csv row 32 / cast_v3_sheet_04:7,,cv3_lead_031.webp,cv3_lead_031.webp,cv3_lead_031.webp,6c2638a2e616a37df2d2a5fc5c34875159fff4b69f9d354523039a7b4a072a05,6c2638a2e616a37df2d2a5fc5c34875159fff4b69f9d354523039a7b4a072a05,3cc0a70f3c59969a,512,512,True,True,True,True,True,False,
cv3_lead_032,Yae Matsuba,V3 pair closure,protag,shojo,space,supernatural,isekai,cast/v3/cv3_lead_032.webp,game_source/public/cast/v3/cv3_lead_032.webp,CAST_V3_ART_MANIFEST.csv row 33 / cast_v3_sheet_04:8,,cv3_lead_032.webp,cv3_lead_032.webp,cv3_lead_032.webp,967d60fe2f9837874d01c204788c6be1811b27340d86ba04f3b4617f7a331122,967d60fe2f9837874d01c204788c6be1811b27340d86ba04f3b4617f7a331122,70ee4e108f7e341c,512,512,True,True,True,True,True,False,
cv3_lead_033,Haruki Mizuhara,V3 pair closure,protag,shojo,survival,magical,mythology,cast/v3/cv3_lead_033.webp,game_source/public/cast/v3/cv3_lead_033.webp,CAST_V3_ART_MANIFEST.csv row 34 / cast_v3_sheet_05:1,,cv3_lead_033.webp,cv3_lead_033.webp,cv3_lead_033.webp,19770a5ab333d20bbd3a515aa68952d26282f6dd680a634621ce11724fcc8227,19770a5ab333d20bbd3a515aa68952d26282f6dd680a634621ce11724fcc8227,21ec8a2ce4b78c9b,512,512,True,True,True,True,True,False,
cv3_lead_034,Abena Mensah,V3 pair closure,protag,shojo,magical,nordic,pirate,cast/v3/cv3_lead_034.webp,game_source/public/cast/v3/cv3_lead_034.webp,CAST_V3_ART_MANIFEST.csv row 35 / cast_v3_sheet_05:2,,cv3_lead_034.webp,cv3_lead_034.webp,cv3_lead_034.webp,eeefb4b0371e8305e92afb6ff08485b892ddcdf79604bea37a769b6c2ea4bf4e,eeefb4b0371e8305e92afb6ff08485b892ddcdf79604bea37a769b6c2ea4bf4e,3ec1838b6f944b92,512,512,True,True,True,True,True,False,
cv3_lead_035,Cian Byrne,V3 pair closure,protag,shojo,samurai,martial,mystery,cast/v3/cv3_lead_035.webp,game_source/public/cast/v3/cv3_lead_035.webp,CAST_V3_ART_MANIFEST.csv row 36 / cast_v3_sheet_05:3,,cv3_lead_035.webp,cv3_lead_035.webp,cv3_lead_035.webp,70a96b90164ad65124d6743a88b666f93f6936707e2559e2889a3bd47aed377a,70a96b90164ad65124d6743a88b666f93f6936707e2559e2889a3bd47aed377a,23da2d24787cc3c3,512,512,True,True,True,True,True,False,
cv3_lead_036,Leela Rao,V3 pair closure,protag,shojo,shinobi,martial,supernatural,cast/v3/cv3_lead_036.webp,game_source/public/cast/v3/cv3_lead_036.webp,CAST_V3_ART_MANIFEST.csv row 37 / cast_v3_sheet_05:4,,cv3_lead_036.webp,cv3_lead_036.webp,cv3_lead_036.webp,b2339383c02fe14f27c095cba968257171a60513f1d17db33efacd2e7eb98fdd,b2339383c02fe14f27c095cba968257171a60513f1d17db33efacd2e7eb98fdd,2dc1c44da4e999b5,512,512,True,True,True,True,True,False,
cv3_lead_037,Minjun Seo,V3 pair closure,protag,shojo,mecha,shinobi,mythology,cast/v3/cv3_lead_037.webp,game_source/public/cast/v3/cv3_lead_037.webp,CAST_V3_ART_MANIFEST.csv row 38 / cast_v3_sheet_05:5,,cv3_lead_037.webp,cv3_lead_037.webp,cv3_lead_037.webp,958f84a54383d86377e96aafc95eec02db945a2c458761a7bb253cee4011b27a,958f84a54383d86377e96aafc95eec02db945a2c458761a7bb253cee4011b27a,20b41f6373238eae,512,512,True,True,True,True,True,False,
cv3_lead_038,Adaeze Okoye,V3 pair closure,protag,shojo,mecha,pirate,supernatural,cast/v3/cv3_lead_038.webp,game_source/public/cast/v3/cv3_lead_038.webp,CAST_V3_ART_MANIFEST.csv row 39 / cast_v3_sheet_05:6,,cv3_lead_038.webp,cv3_lead_038.webp,cv3_lead_038.webp,88535832bf3b615e4af6c530a34823dfb72fb28f75df6e3efaf6cb48c36281e9,88535832bf3b615e4af6c530a34823dfb72fb28f75df6e3efaf6cb48c36281e9,34764a638be61c9c,512,512,True,True,True,True,True,False,
cv3_lead_039,Elias Lind,V3 pair closure,protag,shojo,nordic,military,mythology,cast/v3/cv3_lead_039.webp,game_source/public/cast/v3/cv3_lead_039.webp,CAST_V3_ART_MANIFEST.csv row 40 / cast_v3_sheet_05:7,,cv3_lead_039.webp,cv3_lead_039.webp,cv3_lead_039.webp,ae6e4c6b8753a795f2c9e569b94219795c80a3f5b3976f3e941b3240e9ce63f7,ae6e4c6b8753a795f2c9e569b94219795c80a3f5b3976f3e941b3240e9ce63f7,2dd1c2cf5c787031,512,512,True,True,True,True,True,False,
cv3_lead_040,Lucia Vega,V3 pair closure,protag,shojo,shinobi,military,pirate,cast/v3/cv3_lead_040.webp,game_source/public/cast/v3/cv3_lead_040.webp,CAST_V3_ART_MANIFEST.csv row 41 / cast_v3_sheet_05:8,,cv3_lead_040.webp,cv3_lead_040.webp,cv3_lead_040.webp,f08b9d2c9ae6db4dc5ec3b74f57088daf2271b8761fbe449f797c0b3ff90dfa6,f08b9d2c9ae6db4dc5ec3b74f57088daf2271b8761fbe449f797c0b3ff90dfa6,30b007f3a6a77a07,512,512,True,True,True,True,True,False,
cv3_lead_041,Jian Zhou,V3 pair closure,protag,shojo,samurai,military,slice,cast/v3/cv3_lead_041.webp,game_source/public/cast/v3/cv3_lead_041.webp,CAST_V3_ART_MANIFEST.csv row 42 / cast_v3_sheet_06:1,,cv3_lead_041.webp,cv3_lead_041.webp,cv3_lead_041.webp,6b3ac93f054f1d8c4fa5b62cb2e3d7285037f5585b90bef1af743480b4bd2eab,6b3ac93f054f1d8c4fa5b62cb2e3d7285037f5585b90bef1af743480b4bd2eab,3fcf25263c509899,512,512,True,True,True,True,True,False,
cv3_lead_042,Simone Campbell,V3 pair closure,protag,shojo,survival,mystery,space,cast/v3/cv3_lead_042.webp,game_source/public/cast/v3/cv3_lead_042.webp,CAST_V3_ART_MANIFEST.csv row 43 / cast_v3_sheet_06:2,,cv3_lead_042.webp,cv3_lead_042.webp,cv3_lead_042.webp,8aa8675fa2f190e0c20588755e9db6ba154d6a6faf2ea8220b414aa4a31428fd,8aa8675fa2f190e0c20588755e9db6ba154d6a6faf2ea8220b414aa4a31428fd,61c063e1c6ce5abc,512,512,True,True,True,True,True,False,
cv3_lead_043,Nadim Haddad,V3 pair closure,protag,shojo,nordic,pirate,space,cast/v3/cv3_lead_043.webp,game_source/public/cast/v3/cv3_lead_043.webp,CAST_V3_ART_MANIFEST.csv row 44 / cast_v3_sheet_06:3,,cv3_lead_043.webp,cv3_lead_043.webp,cv3_lead_043.webp,62a5325e572fccd1bf309ed64858c4d22d73700dc9e2dd064d2e979995ebcdc1,62a5325e572fccd1bf309ed64858c4d22d73700dc9e2dd064d2e979995ebcdc1,31e4e1c6ceae9c18,512,512,True,True,True,True,True,False,
cv3_lead_044,Zofia Nowak,V3 pair closure,protag,shojo,shinobi,nordic,sports,cast/v3/cv3_lead_044.webp,game_source/public/cast/v3/cv3_lead_044.webp,CAST_V3_ART_MANIFEST.csv row 45 / cast_v3_sheet_06:4,,cv3_lead_044.webp,cv3_lead_044.webp,cv3_lead_044.webp,e2074b46f1bddda0910ff6340f150744bc135d9be103450ae2d3a10e0446f932,e2074b46f1bddda0910ff6340f150744bc135d9be103450ae2d3a10e0446f932,3596866dc86ad233,512,512,True,True,True,True,True,False,
cv3_lead_045,Aamir Malik,V3 pair closure,protag,shojo,samurai,shinobi,romance,cast/v3/cv3_lead_045.webp,game_source/public/cast/v3/cv3_lead_045.webp,CAST_V3_ART_MANIFEST.csv row 46 / cast_v3_sheet_06:5,,cv3_lead_045.webp,cv3_lead_045.webp,cv3_lead_045.webp,0d4f3fde06f11d9c7dcffc3270eb49d7bd6e51ef6b1b79c8ae164eb6ab954729,0d4f3fde06f11d9c7dcffc3270eb49d7bd6e51ef6b1b79c8ae164eb6ab954729,3bb52b24d9528b07,512,512,True,True,True,True,True,False,
cv3_lead_046,Amihan Reyes,V3 pair closure,protag,shojo,samurai,sports,survival,cast/v3/cv3_lead_046.webp,game_source/public/cast/v3/cv3_lead_046.webp,CAST_V3_ART_MANIFEST.csv row 47 / cast_v3_sheet_06:6,,cv3_lead_046.webp,cv3_lead_046.webp,cv3_lead_046.webp,4d8eca602446e1bdbf7c8fee34bec0dbc0413825e52802a8a5fe27776495cc24,4d8eca602446e1bdbf7c8fee34bec0dbc0413825e52802a8a5fe27776495cc24,2fa7338e065ad81a,512,512,True,True,True,True,True,False,
cv3_lead_047,Kamau Mwangi,V3 pair closure,protag,shojo,samurai,shinobi,martial,cast/v3/cv3_lead_047.webp,game_source/public/cast/v3/cv3_lead_047.webp,CAST_V3_ART_MANIFEST.csv row 48 / cast_v3_sheet_06:7,,cv3_lead_047.webp,cv3_lead_047.webp,cv3_lead_047.webp,cebf94c9129cb877368543b8fed09d32739a95a7fb5f35eebbf762e8632bad4f,cebf94c9129cb877368543b8fed09d32739a95a7fb5f35eebbf762e8632bad4f,36c382ad16505b9f,512,512,True,True,True,True,True,False,
cv3_lead_048,Aminata Diop,V3 pair closure,protag,shojo,mecha,samurai,shinobi,cast/v3/cv3_lead_048.webp,game_source/public/cast/v3/cv3_lead_048.webp,CAST_V3_ART_MANIFEST.csv row 49 / cast_v3_sheet_06:8,,cv3_lead_048.webp,cv3_lead_048.webp,cv3_lead_048.webp,a727c0527c3296ad8597f57ae9b15224c9223abed986e9058792df73eb1eb8f1,a727c0527c3296ad8597f57ae9b15224c9223abed986e9058792df73eb1eb8f1,6fea0121a40ffe38,512,512,True,True,True,True,True,False,
cv3_lead_049,Kwame Owusu,V3 pair closure,protag,shojo,samurai,romance,slice,cast/v3/cv3_lead_049.webp,game_source/public/cast/v3/cv3_lead_049.webp,CAST_V3_ART_MANIFEST.csv row 50 / cast_v3_sheet_07:1,,cv3_lead_049.webp,cv3_lead_049.webp,cv3_lead_049.webp,8170b4ccb89744bb807dc5928ed4a9431d724bcccfe39ebec9bf13f4d37e3346,8170b4ccb89744bb807dc5928ed4a9431d724bcccfe39ebec9bf13f4d37e3346,2dc44f1f1a7b3054,512,512,True,True,True,True,True,False,
cv3_lead_050,Orla Doyle,V3 pair closure,protag,shojo,shinobi,cooking,slice,cast/v3/cv3_lead_050.webp,game_source/public/cast/v3/cv3_lead_050.webp,CAST_V3_ART_MANIFEST.csv row 51 / cast_v3_sheet_07:2,,cv3_lead_050.webp,cv3_lead_050.webp,cv3_lead_050.webp,a48890a22c35863a9d2138cefaf1cc1df0c44ace60ddef466101b020ff41b140,a48890a22c35863a9d2138cefaf1cc1df0c44ace60ddef466101b020ff41b140,35c986a428f45b9d,512,512,True,True,True,True,True,False,
cv3_lead_051,Arjun Iyer,V3 pair closure,protag,shojo,samurai,nordic,survival,cast/v3/cv3_lead_051.webp,game_source/public/cast/v3/cv3_lead_051.webp,CAST_V3_ART_MANIFEST.csv row 52 / cast_v3_sheet_07:3,,cv3_lead_051.webp,cv3_lead_051.webp,cv3_lead_051.webp,ff5e3985d2ee00ad95702de85aa2812779afe8cb3f7538c7323a856ea82c166f,ff5e3985d2ee00ad95702de85aa2812779afe8cb3f7538c7323a856ea82c166f,2daa684d1c3da1e3,512,512,True,True,True,True,True,False,
cv3_lead_052,Sumin Han,V3 pair closure,protag,shojo,shinobi,idol,sports,cast/v3/cv3_lead_052.webp,game_source/public/cast/v3/cv3_lead_052.webp,CAST_V3_ART_MANIFEST.csv row 53 / cast_v3_sheet_07:4,,cv3_lead_052.webp,cv3_lead_052.webp,cv3_lead_052.webp,e329bcf33bea168bb034bd022802eff6f723a85202928b9702e4318bb9431f4b,e329bcf33bea168bb034bd022802eff6f723a85202928b9702e4318bb9431f4b,2da5a626762ea998,512,512,True,True,True,True,True,False,
cv3_sidekick_001,Emeka Obi,V3 pair closure,secondary,shonen,comedy,cooking,slice,cast/v3/cv3_sidekick_001.webp,game_source/public/cast/v3/cv3_sidekick_001.webp,CAST_V3_ART_MANIFEST.csv row 54 / cast_v3_sheet_07:5,,cv3_sidekick_001.webp,cv3_sidekick_001.webp,cv3_sidekick_001.webp,feb2e06ce0f3c2757a0a56ad21846ee76ac742d920afe1ba73c943f4bc7ba5d4,feb2e06ce0f3c2757a0a56ad21846ee76ac742d920afe1ba73c943f4bc7ba5d4,28b72295e6877a46,512,512,True,True,True,True,True,False,
cv3_sidekick_002,Linnea Berg,V3 pair closure,secondary,shonen,cyber,isekai,comedy,cast/v3/cv3_sidekick_002.webp,game_source/public/cast/v3/cv3_sidekick_002.webp,CAST_V3_ART_MANIFEST.csv row 55 / cast_v3_sheet_07:6,,cv3_sidekick_002.webp,cv3_sidekick_002.webp,cv3_sidekick_002.webp,bef2eb29655c9b564812c1629a05d7e0e4dad81425863c853496f2b73cfeaee4,bef2eb29655c9b564812c1629a05d7e0e4dad81425863c853496f2b73cfeaee4,35da52423c1db2bc,512,512,True,True,True,True,True,False,
cv3_sidekick_003,Mateo Torres,V3 pair closure,secondary,shonen,military,comedy,fantasy,cast/v3/cv3_sidekick_003.webp,game_source/public/cast/v3/cv3_sidekick_003.webp,CAST_V3_ART_MANIFEST.csv row 56 / cast_v3_sheet_07:7,,cv3_sidekick_003.webp,cv3_sidekick_003.webp,cv3_sidekick_003.webp,1964eafae0f580a6db472fe0d72a05803031b67959777125ac984aa46db363a2,1964eafae0f580a6db472fe0d72a05803031b67959777125ac984aa46db363a2,2cca42fe64379c25,512,512,True,True,True,True,True,False,
cv3_sidekick_004,Lian Lin,V3 pair closure,secondary,shonen,comedy,nordic,romance,cast/v3/cv3_sidekick_004.webp,game_source/public/cast/v3/cv3_sidekick_004.webp,CAST_V3_ART_MANIFEST.csv row 57 / cast_v3_sheet_07:8,,cv3_sidekick_004.webp,cv3_sidekick_004.webp,cv3_sidekick_004.webp,c4021e97c45b1d06e4b99f52b33c6b3fffb769982876426fc0f1d9a77a266b85,c4021e97c45b1d06e4b99f52b33c6b3fffb769982876426fc0f1d9a77a266b85,68f2b2ca26830edd,512,512,True,True,True,True,True,False,
cv3_sidekick_005,Andre Morgan,V3 pair closure,secondary,shonen,shinobi,comedy,pirate,cast/v3/cv3_sidekick_005.webp,game_source/public/cast/v3/cv3_sidekick_005.webp,CAST_V3_ART_MANIFEST.csv row 58 / cast_v3_sheet_08:1,,cv3_sidekick_005.webp,cv3_sidekick_005.webp,cv3_sidekick_005.webp,e3c73713cfaa521409f198b3eb6f20295cbd0d2f456126057a33a45727fe014b,e3c73713cfaa521409f198b3eb6f20295cbd0d2f456126057a33a45727fe014b,27a5e4a5e4d6d08a,512,512,True,True,True,True,True,False,
cv3_sidekick_006,Rania Nasser,V3 pair closure,secondary,shonen,samurai,comedy,supernatural,cast/v3/cv3_sidekick_006.webp,game_source/public/cast/v3/cv3_sidekick_006.webp,CAST_V3_ART_MANIFEST.csv row 59 / cast_v3_sheet_08:2,,cv3_sidekick_006.webp,cv3_sidekick_006.webp,cv3_sidekick_006.webp,553111e41bfa389357fcd946d1ade256ae1e850b26cd78f9a462a36137f3cde7,553111e41bfa389357fcd946d1ade256ae1e850b26cd78f9a462a36137f3cde7,3db070a2a3a72d8b,512,512,True,True,True,True,True,False,
cv3_sidekick_007,Lukasz Kowalski,V3 pair closure,secondary,shonen,cooking,horror,isekai,cast/v3/cv3_sidekick_007.webp,game_source/public/cast/v3/cv3_sidekick_007.webp,CAST_V3_ART_MANIFEST.csv row 60 / cast_v3_sheet_08:3,,cv3_sidekick_007.webp,cv3_sidekick_007.webp,cv3_sidekick_007.webp,d0bb6a6e2cc6c6832469646e86e4de35236ae3c62183c82c63b28db684b2683e,d0bb6a6e2cc6c6832469646e86e4de35236ae3c62183c82c63b28db684b2683e,295b5ac6633e6530,512,512,True,True,True,True,True,False,
cv3_sidekick_008,Sana Khan,V3 pair closure,secondary,shonen,shinobi,cooking,idol,cast/v3/cv3_sidekick_008.webp,game_source/public/cast/v3/cv3_sidekick_008.webp,CAST_V3_ART_MANIFEST.csv row 61 / cast_v3_sheet_08:4,,cv3_sidekick_008.webp,cv3_sidekick_008.webp,cv3_sidekick_008.webp,e81223057e02bf5ecfee9dc3451e8c939c86e58ccf6d33830a7aa62f72899218,e81223057e02bf5ecfee9dc3451e8c939c86e58ccf6d33830a7aa62f72899218,34a14d2677d6ca85,512,512,True,True,True,True,True,False,
cv3_sidekick_009,Paolo Santos,V3 pair closure,secondary,shonen,romance,cooking,magical,cast/v3/cv3_sidekick_009.webp,game_source/public/cast/v3/cv3_sidekick_009.webp,CAST_V3_ART_MANIFEST.csv row 62 / cast_v3_sheet_08:5,,cv3_sidekick_009.webp,cv3_sidekick_009.webp,cv3_sidekick_009.webp,d62eda4d6256b7a02a3094178ecf26100f3dd49d4d02bcb17daa64a51d06dee1,d62eda4d6256b7a02a3094178ecf26100f3dd49d4d02bcb17daa64a51d06dee1,25cc8e4d5831d3b3,512,512,True,True,True,True,True,False,
cv3_sidekick_010,Wanjiku Njoroge,V3 pair closure,secondary,shonen,cooking,martial,pirate,cast/v3/cv3_sidekick_010.webp,game_source/public/cast/v3/cv3_sidekick_010.webp,CAST_V3_ART_MANIFEST.csv row 63 / cast_v3_sheet_08:6,,cv3_sidekick_010.webp,cv3_sidekick_010.webp,cv3_sidekick_010.webp,e173dca6b62f4dd6a0fc6d77d8287b82137f3db614ef99c6b7fa4b3bf7655d5e,e173dca6b62f4dd6a0fc6d77d8287b82137f3db614ef99c6b7fa4b3bf7655d5e,21e251786d5c76a9,512,512,True,True,True,True,True,False,
cv3_sidekick_011,Malik Sarr,V3 pair closure,secondary,shonen,mystery,survival,cooking,cast/v3/cv3_sidekick_011.webp,game_source/public/cast/v3/cv3_sidekick_011.webp,CAST_V3_ART_MANIFEST.csv row 64 / cast_v3_sheet_08:7,,cv3_sidekick_011.webp,cv3_sidekick_011.webp,cv3_sidekick_011.webp,601b7fa601f5fba0deb9b57e59c50629204b720d0b5ae8a2d470224ddc90a6e4,601b7fa601f5fba0deb9b57e59c50629204b720d0b5ae8a2d470224ddc90a6e4,35b42e9e268a994d,512,512,True,True,True,True,True,False,
cv3_sidekick_012,Misaki Fujimori,V3 pair closure,secondary,shonen,samurai,cooking,sports,cast/v3/cv3_sidekick_012.webp,game_source/public/cast/v3/cv3_sidekick_012.webp,CAST_V3_ART_MANIFEST.csv row 65 / cast_v3_sheet_08:8,,cv3_sidekick_012.webp,cv3_sidekick_012.webp,cv3_sidekick_012.webp,a198c80dfbdcde919a38b12bbd290ef0973af8f7317fcbfb25d0161c7dd9dc44,a198c80dfbdcde919a38b12bbd290ef0973af8f7317fcbfb25d0161c7dd9dc44,24c64abecc8c999d,512,512,True,True,True,True,True,False,
cv3_sidekick_013,Cian E. Byrne,V3 pair closure,secondary,shonen,cyber,fantasy,idol,cast/v3/cv3_sidekick_013.webp,game_source/public/cast/v3/cv3_sidekick_013.webp,CAST_V3_ART_MANIFEST.csv row 66 / cast_v3_sheet_09:1,,cv3_sidekick_013.webp,cv3_sidekick_013.webp,cv3_sidekick_013.webp,71a896d3a8e0ed7f745b7c9ca0844f26c5cc53e37cc823a9433cecf8b2260374,71a896d3a8e0ed7f745b7c9ca0844f26c5cc53e37cc823a9433cecf8b2260374,348ba4a60e989fbc,512,512,True,True,True,True,True,False,
cv3_sidekick_014,Leela E. Rao,V3 pair closure,secondary,shonen,horror,mythology,cyber,cast/v3/cv3_sidekick_014.webp,game_source/public/cast/v3/cv3_sidekick_014.webp,CAST_V3_ART_MANIFEST.csv row 67 / cast_v3_sheet_09:2,,cv3_sidekick_014.webp,cv3_sidekick_014.webp,cv3_sidekick_014.webp,19f4b82a575f6b884af0b2af87f6df82f239a2aff99d544fb3c7ea20ded45bc5,19f4b82a575f6b884af0b2af87f6df82f239a2aff99d544fb3c7ea20ded45bc5,207003ae9f0f66fc,512,512,True,True,True,True,True,False,
cv3_sidekick_015,Minjun E. Seo,V3 pair closure,secondary,shonen,shinobi,cyber,martial,cast/v3/cv3_sidekick_015.webp,game_source/public/cast/v3/cv3_sidekick_015.webp,CAST_V3_ART_MANIFEST.csv row 68 / cast_v3_sheet_09:3,,cv3_sidekick_015.webp,cv3_sidekick_015.webp,cv3_sidekick_015.webp,554b5dcf38e738c7e72bcdb7ea5d82322d7d07c192d1f9dc4dafadb54f7c5016,554b5dcf38e738c7e72bcdb7ea5d82322d7d07c192d1f9dc4dafadb54f7c5016,31e6eca4661e9899,512,512,True,True,True,True,True,False,cv3_lead_023
cv3_sidekick_016,Adaeze E. Okoye,V3 pair closure,secondary,shonen,cyber,nordic,sports,cast/v3/cv3_sidekick_016.webp,game_source/public/cast/v3/cv3_sidekick_016.webp,CAST_V3_ART_MANIFEST.csv row 69 / cast_v3_sheet_09:4,,cv3_sidekick_016.webp,cv3_sidekick_016.webp,cv3_sidekick_016.webp,97b23c8a94f3f85010ad5269c0a0abdf268587b83158c0bc7a722c4f905e7972,97b23c8a94f3f85010ad5269c0a0abdf268587b83158c0bc7a722c4f905e7972,21a587aea6d7868a,512,512,True,True,True,True,True,False,
cv3_sidekick_017,Elias E. Lind,V3 pair closure,secondary,shonen,pirate,space,cyber,cast/v3/cv3_sidekick_017.webp,game_source/public/cast/v3/cv3_sidekick_017.webp,CAST_V3_ART_MANIFEST.csv row 70 / cast_v3_sheet_09:5,,cv3_sidekick_017.webp,cv3_sidekick_017.webp,cv3_sidekick_017.webp,33d5bdb46718989fce1afd4db929eac79ed3c808ef8587382d60ea1f4127a112,33d5bdb46718989fce1afd4db929eac79ed3c808ef8587382d60ea1f4127a112,36bf5ecd311c5030,512,512,True,True,True,True,True,False,
cv3_sidekick_018,Lucia E. Vega,V3 pair closure,secondary,shonen,samurai,cyber,slice,cast/v3/cv3_sidekick_018.webp,game_source/public/cast/v3/cv3_sidekick_018.webp,CAST_V3_ART_MANIFEST.csv row 71 / cast_v3_sheet_09:6,,cv3_sidekick_018.webp,cv3_sidekick_018.webp,cv3_sidekick_018.webp,13feb88951d926e484dd68fde1b93272d57255fc4d735fac0812149570c79b55,13feb88951d926e484dd68fde1b93272d57255fc4d735fac0812149570c79b55,3b9a6a6d6e705a20,512,512,True,True,True,True,True,False,
cv3_sidekick_019,Jian E. Zhou,V3 pair closure,secondary,shonen,cyber,supernatural,survival,cast/v3/cv3_sidekick_019.webp,game_source/public/cast/v3/cv3_sidekick_019.webp,CAST_V3_ART_MANIFEST.csv row 72 / cast_v3_sheet_09:7,,cv3_sidekick_019.webp,cv3_sidekick_019.webp,cv3_sidekick_019.webp,653e7bec9208589fb442aa8141b35a8b5bbecd4b75109bd141805d9cdfc3290f,653e7bec9208589fb442aa8141b35a8b5bbecd4b75109bd141805d9cdfc3290f,35d3c2056d247ce9,512,512,True,True,True,True,True,False,
cv3_sidekick_020,Simone E. Campbell,V3 pair closure,secondary,shonen,horror,magical,fantasy,cast/v3/cv3_sidekick_020.webp,game_source/public/cast/v3/cv3_sidekick_020.webp,CAST_V3_ART_MANIFEST.csv row 73 / cast_v3_sheet_09:8,,cv3_sidekick_020.webp,cv3_sidekick_020.webp,cv3_sidekick_020.webp,21502a35fd1f32c12949b10a75f2494f8d643001de3496b15fbde4d227df67dc,21502a35fd1f32c12949b10a75f2494f8d643001de3496b15fbde4d227df67dc,7034d0648b0797fe,512,512,True,True,True,True,True,False,
cv3_sidekick_021,Nadim E. Haddad,V3 pair closure,secondary,shonen,samurai,fantasy,martial,cast/v3/cv3_sidekick_021.webp,game_source/public/cast/v3/cv3_sidekick_021.webp,CAST_V3_ART_MANIFEST.csv row 74 / cast_v3_sheet_10:1,,cv3_sidekick_021.webp,cv3_sidekick_021.webp,cv3_sidekick_021.webp,06878db1ba3fae63dafb72d82089fd03a3973b0da52a367ed74720c2f904714e,06878db1ba3fae63dafb72d82089fd03a3973b0da52a367ed74720c2f904714e,21b52946c68e9b1f,512,512,True,True,True,True,True,False,
cv3_sidekick_022,Zofia E. Nowak,V3 pair closure,secondary,shonen,shinobi,fantasy,mystery,cast/v3/cv3_sidekick_022.webp,game_source/public/cast/v3/cv3_sidekick_022.webp,CAST_V3_ART_MANIFEST.csv row 75 / cast_v3_sheet_10:2,,cv3_sidekick_022.webp,cv3_sidekick_022.webp,cv3_sidekick_022.webp,e63c6db4f4aa36de2d67480e4364045b5a017bad236ad87ce2339023222e48df,e63c6db4f4aa36de2d67480e4364045b5a017bad236ad87ce2339023222e48df,1c91d1a4a7ef5838,512,512,True,True,True,True,True,False,
cv3_sidekick_023,Aamir E. Malik,V3 pair closure,secondary,shonen,mythology,space,fantasy,cast/v3/cv3_sidekick_023.webp,game_source/public/cast/v3/cv3_sidekick_023.webp,CAST_V3_ART_MANIFEST.csv row 76 / cast_v3_sheet_10:3,,cv3_sidekick_023.webp,cv3_sidekick_023.webp,cv3_sidekick_023.webp,ea79182917f9185322f9d47e84b3a5150dd4db3b0343a58baab3e394c0f8bd8c,ea79182917f9185322f9d47e84b3a5150dd4db3b0343a58baab3e394c0f8bd8c,26634a1f7e512a8d,512,512,True,True,True,True,True,False,
cv3_sidekick_024,Amihan E. Reyes,V3 pair closure,secondary,shonen,space,horror,martial,cast/v3/cv3_sidekick_024.webp,game_source/public/cast/v3/cv3_sidekick_024.webp,CAST_V3_ART_MANIFEST.csv row 77 / cast_v3_sheet_10:4,,cv3_sidekick_024.webp,cv3_sidekick_024.webp,cv3_sidekick_024.webp,9a8db33fb2db37b461f9c117ad27950674cdc4a51a3d9e3024f37931b09d2042,9a8db33fb2db37b461f9c117ad27950674cdc4a51a3d9e3024f37931b09d2042,5b70673b4e2c1613,512,512,True,True,True,True,True,False,
cv3_sidekick_025,Kamau E. Mwangi,V3 pair closure,secondary,shonen,shinobi,horror,military,cast/v3/cv3_sidekick_025.webp,game_source/public/cast/v3/cv3_sidekick_025.webp,CAST_V3_ART_MANIFEST.csv row 78 / cast_v3_sheet_10:5,,cv3_sidekick_025.webp,cv3_sidekick_025.webp,cv3_sidekick_025.webp,6e8f71f83433f30c8523651795b5988cf141cd4c3d317213299d7ac1a681add9,6e8f71f83433f30c8523651795b5988cf141cd4c3d317213299d7ac1a681add9,274562a6af04c7a7,512,512,True,True,True,True,True,False,
cv3_sidekick_026,Aminata E. Diop,V3 pair closure,secondary,shonen,nordic,pirate,horror,cast/v3/cv3_sidekick_026.webp,game_source/public/cast/v3/cv3_sidekick_026.webp,CAST_V3_ART_MANIFEST.csv row 79 / cast_v3_sheet_10:6,,cv3_sidekick_026.webp,cv3_sidekick_026.webp,cv3_sidekick_026.webp,d4a6bcfa683c89b88205ed3c5064daeb4feacb8fa1f168f9eeb940fd34844c0a,d4a6bcfa683c89b88205ed3c5064daeb4feacb8fa1f168f9eeb940fd34844c0a,34beb2a227662a4e,512,512,True,True,True,True,True,False,
cv3_sidekick_027,Haruki E. Mizuhara,V3 pair closure,secondary,shojo,samurai,horror,survival,cast/v3/cv3_sidekick_027.webp,game_source/public/cast/v3/cv3_sidekick_027.webp,CAST_V3_ART_MANIFEST.csv row 80 / cast_v3_sheet_10:7,,cv3_sidekick_027.webp,cv3_sidekick_027.webp,cv3_sidekick_027.webp,e79e7059075044de23248ba437da12c8b1dc5ab3eec65d0f4291cceca74a37ef,e79e7059075044de23248ba437da12c8b1dc5ab3eec65d0f4291cceca74a37ef,1d9636c58d31bd30,512,512,True,True,True,True,True,False,
cv3_sidekick_028,Abena E. Mensah,V3 pair closure,secondary,shojo,idol,isekai,martial,cast/v3/cv3_sidekick_028.webp,game_source/public/cast/v3/cv3_sidekick_028.webp,CAST_V3_ART_MANIFEST.csv row 81 / cast_v3_sheet_10:8,,cv3_sidekick_028.webp,cv3_sidekick_028.webp,cv3_sidekick_028.webp,b10120693dee301c716070f19d468555f7e33333a7ba73203ffa70f3d4252647,b10120693dee301c716070f19d468555f7e33333a7ba73203ffa70f3d4252647,3df0d7524a34568a,512,512,True,True,True,True,True,False,
cv3_sidekick_029,Arjun F. Iyer,V3 pair closure,secondary,shojo,mecha,samurai,idol,cast/v3/cv3_sidekick_029.webp,game_source/public/cast/v3/cv3_sidekick_029.webp,CAST_V3_ART_MANIFEST.csv row 82 / cast_v3_sheet_11:1,,cv3_sidekick_029.webp,cv3_sidekick_029.webp,cv3_sidekick_029.webp,8d0d71eaee3f1e7d8012afb7652e10b29ad35d706950879a260eecb9d80de40b,8d0d71eaee3f1e7d8012afb7652e10b29ad35d706950879a260eecb9d80de40b,36b61e71f9185849,512,512,True,True,True,True,True,False,
cv3_sidekick_030,Sumin F. Han,V3 pair closure,secondary,shojo,space,idol,nordic,cast/v3/cv3_sidekick_030.webp,game_source/public/cast/v3/cv3_sidekick_030.webp,CAST_V3_ART_MANIFEST.csv row 83 / cast_v3_sheet_11:2,,cv3_sidekick_030.webp,cv3_sidekick_030.webp,cv3_sidekick_030.webp,6616913deb75ef12083a7d17d62f4edd01f46ebf35f7434ab29f51a48af7e134,6616913deb75ef12083a7d17d62f4edd01f46ebf35f7434ab29f51a48af7e134,2123525cb53ed9c3,512,512,True,True,True,True,True,False,
cv3_sidekick_031,Emeka F. Obi,V3 pair closure,secondary,shojo,shinobi,isekai,magical,cast/v3/cv3_sidekick_031.webp,game_source/public/cast/v3/cv3_sidekick_031.webp,CAST_V3_ART_MANIFEST.csv row 84 / cast_v3_sheet_11:3,,cv3_sidekick_031.webp,cv3_sidekick_031.webp,cv3_sidekick_031.webp,be000611283abb919fdd1347219bb1e395c7ea010a78377beb3c8ad07214d876,be000611283abb919fdd1347219bb1e395c7ea010a78377beb3c8ad07214d876,37a692a6794a4e49,512,512,True,True,True,True,True,False,
cv3_sidekick_032,Linnea F. Berg,V3 pair closure,secondary,shojo,samurai,isekai,military,cast/v3/cv3_sidekick_032.webp,game_source/public/cast/v3/cv3_sidekick_032.webp,CAST_V3_ART_MANIFEST.csv row 85 / cast_v3_sheet_11:4,,cv3_sidekick_032.webp,cv3_sidekick_032.webp,cv3_sidekick_032.webp,8ba851e69e43acf5103d08e79b57efd83bb334f4e0f3c25848a130e7e89fb951,8ba851e69e43acf5103d08e79b57efd83bb334f4e0f3c25848a130e7e89fb951,2f9f8aa4323849ad,512,512,True,True,True,True,True,False,
cv3_sidekick_033,Mateo F. Torres,V3 pair closure,secondary,shojo,survival,isekai,mythology,cast/v3/cv3_sidekick_033.webp,game_source/public/cast/v3/cv3_sidekick_033.webp,CAST_V3_ART_MANIFEST.csv row 86 / cast_v3_sheet_11:5,,cv3_sidekick_033.webp,cv3_sidekick_033.webp,cv3_sidekick_033.webp,f7b197b15c9172ea52305ff82ddec92e6b4b0d3c234a395a1beb23b4d614a29c,f7b197b15c9172ea52305ff82ddec92e6b4b0d3c234a395a1beb23b4d614a29c,25a666c3e5c4b8d2,512,512,True,True,True,True,True,False,
cv3_sidekick_034,Lian F. Lin,V3 pair closure,secondary,shojo,isekai,nordic,supernatural,cast/v3/cv3_sidekick_034.webp,game_source/public/cast/v3/cv3_sidekick_034.webp,CAST_V3_ART_MANIFEST.csv row 87 / cast_v3_sheet_11:6,,cv3_sidekick_034.webp,cv3_sidekick_034.webp,cv3_sidekick_034.webp,ff046ac1a5960a674af647c2c1a15acca8753d7c9ca06b09553499fafb202f11,ff046ac1a5960a674af647c2c1a15acca8753d7c9ca06b09553499fafb202f11,7bd5e67222669288,512,512,True,True,True,True,True,False,
cv3_sidekick_035,Andre F. Morgan,V3 pair closure,secondary,shojo,martial,supernatural,magical,cast/v3/cv3_sidekick_035.webp,game_source/public/cast/v3/cv3_sidekick_035.webp,CAST_V3_ART_MANIFEST.csv row 88 / cast_v3_sheet_11:7,,cv3_sidekick_035.webp,cv3_sidekick_035.webp,cv3_sidekick_035.webp,5ca0d0742fdbf3fbeb695e23b593337c531e2489a78d8ea709ca47abad9addf5,5ca0d0742fdbf3fbeb695e23b593337c531e2489a78d8ea709ca47abad9addf5,27d0308f4b365ec3,512,512,True,True,True,True,True,False,
cv3_sidekick_036,Rania F. Nasser,V3 pair closure,secondary,shojo,slice,magical,mythology,cast/v3/cv3_sidekick_036.webp,game_source/public/cast/v3/cv3_sidekick_036.webp,CAST_V3_ART_MANIFEST.csv row 89 / cast_v3_sheet_11:8,,cv3_sidekick_036.webp,cv3_sidekick_036.webp,cv3_sidekick_036.webp,f943ce44a34f1d93246bd9eb2c292095daf7bab6bd4b0402497d34900912c003,f943ce44a34f1d93246bd9eb2c292095daf7bab6bd4b0402497d34900912c003,26a07307057f96cd,512,512,True,True,True,True,True,False,
cv3_sidekick_037,Lukasz F. Kowalski,V3 pair closure,secondary,shojo,samurai,magical,space,cast/v3/cv3_sidekick_037.webp,game_source/public/cast/v3/cv3_sidekick_037.webp,CAST_V3_ART_MANIFEST.csv row 90 / cast_v3_sheet_12:1,,cv3_sidekick_037.webp,cv3_sidekick_037.webp,cv3_sidekick_037.webp,0c7ee29bd6a97301aa6be855cef51b729d16034d3b0cbad958e84205b40623b9,0c7ee29bd6a97301aa6be855cef51b729d16034d3b0cbad958e84205b40623b9,3cca2a9d225c696d,512,512,True,True,True,True,True,False,
cv3_sidekick_038,Sana F. Khan,V3 pair closure,secondary,shojo,mecha,martial,military,cast/v3/cv3_sidekick_038.webp,game_source/public/cast/v3/cv3_sidekick_038.webp,CAST_V3_ART_MANIFEST.csv row 91 / cast_v3_sheet_12:2,,cv3_sidekick_038.webp,cv3_sidekick_038.webp,cv3_sidekick_038.webp,7cebcf4680c8790f23916682d8cd45c1f4cac7433c7af21e2d0bbbe4e7e7bd5c,7cebcf4680c8790f23916682d8cd45c1f4cac7433c7af21e2d0bbbe4e7e7bd5c,20e15717c24e4f3d,512,512,True,True,True,True,True,False,
cv3_sidekick_039,Paolo F. Santos,V3 pair closure,secondary,shojo,mecha,pirate,romance,cast/v3/cv3_sidekick_039.webp,game_source/public/cast/v3/cv3_sidekick_039.webp,CAST_V3_ART_MANIFEST.csv row 92 / cast_v3_sheet_12:3,,cv3_sidekick_039.webp,cv3_sidekick_039.webp,cv3_sidekick_039.webp,fbbaa76efa4bdc98e903b4d94468a525c38898ef3124c6cead0d0c66002688b2,fbbaa76efa4bdc98e903b4d94468a525c38898ef3124c6cead0d0c66002688b2,25a7ac46b83e1c5c,512,512,True,True,True,True,True,False,
cv3_sidekick_040,Wanjiku F. Njoroge,V3 pair closure,secondary,shojo,mecha,shinobi,sports,cast/v3/cv3_sidekick_040.webp,game_source/public/cast/v3/cv3_sidekick_040.webp,CAST_V3_ART_MANIFEST.csv row 93 / cast_v3_sheet_12:4,,cv3_sidekick_040.webp,cv3_sidekick_040.webp,cv3_sidekick_040.webp,8f4cfa1157b18e6edf28ef839b355f6a81936a2fece2ad62f03b91ca085bb556,8f4cfa1157b18e6edf28ef839b355f6a81936a2fece2ad62f03b91ca085bb556,30b3c0b29fabcd50,512,512,True,True,True,True,True,False,
cv3_sidekick_041,Malik F. Sarr,V3 pair closure,secondary,shojo,space,supernatural,military,cast/v3/cv3_sidekick_041.webp,game_source/public/cast/v3/cv3_sidekick_041.webp,CAST_V3_ART_MANIFEST.csv row 94 / cast_v3_sheet_12:5,,cv3_sidekick_041.webp,cv3_sidekick_041.webp,cv3_sidekick_041.webp,2b48706b69521ee941fca5c9143ed15ed168f7f103f58975f90f12227c4fad74,2b48706b69521ee941fca5c9143ed15ed168f7f103f58975f90f12227c4fad74,3d60626e555b9694,512,512,True,True,True,True,True,False,
cv3_sidekick_042,Misaki F. Fujimori,V3 pair closure,secondary,shojo,samurai,mystery,nordic,cast/v3/cv3_sidekick_042.webp,game_source/public/cast/v3/cv3_sidekick_042.webp,CAST_V3_ART_MANIFEST.csv row 95 / cast_v3_sheet_12:6,,cv3_sidekick_042.webp,cv3_sidekick_042.webp,cv3_sidekick_042.webp,eac9d5a04d26f6be4c4b94e29f5b83abaa8c2a7db98ddc6cdd4bfe6013eddd72,eac9d5a04d26f6be4c4b94e29f5b83abaa8c2a7db98ddc6cdd4bfe6013eddd72,35d0286277a7da4c,512,512,True,True,True,True,True,False,
cv3_sidekick_043,Kwame F. Owusu,V3 pair closure,secondary,shojo,shinobi,mythology,nordic,cast/v3/cv3_sidekick_043.webp,game_source/public/cast/v3/cv3_sidekick_043.webp,CAST_V3_ART_MANIFEST.csv row 96 / cast_v3_sheet_12:7,,cv3_sidekick_043.webp,cv3_sidekick_043.webp,cv3_sidekick_043.webp,a6c9db40d51fa34b9d9b3815676205cf3c682b69e9308f0530e05b288559c1ad,a6c9db40d51fa34b9d9b3815676205cf3c682b69e9308f0530e05b288559c1ad,65e5840ddbd25259,512,512,True,True,True,True,True,False,
cv3_sidekick_044,Orla F. Doyle,V3 pair closure,secondary,shojo,samurai,mythology,pirate,cast/v3/cv3_sidekick_044.webp,game_source/public/cast/v3/cv3_sidekick_044.webp,CAST_V3_ART_MANIFEST.csv row 97 / cast_v3_sheet_12:8,,cv3_sidekick_044.webp,cv3_sidekick_044.webp,cv3_sidekick_044.webp,db4f15afd65819fa52121ccf390ef3b1f126b4ff022e8bc9e682a5cb94e62ebc,db4f15afd65819fa52121ccf390ef3b1f126b4ff022e8bc9e682a5cb94e62ebc,61b7946696b898c5,512,512,True,True,True,True,True,False,
cv3_sidekick_045,Minjun G. Seo,V3 pair closure,secondary,shojo,supernatural,mythology,romance,cast/v3/cv3_sidekick_045.webp,game_source/public/cast/v3/cv3_sidekick_045.webp,CAST_V3_ART_MANIFEST.csv row 98 / cast_v3_sheet_13:1,,cv3_sidekick_045.webp,cv3_sidekick_045.webp,cv3_sidekick_045.webp,7bf8b6ce7fd5cc7b4325a77f802ab3662abb71d1de04d6c8eaed1737572fc6bf,7bf8b6ce7fd5cc7b4325a77f802ab3662abb71d1de04d6c8eaed1737572fc6bf,269a3ae3099ece49,512,512,True,True,True,True,True,False,
cv3_sidekick_046,Adaeze G. Okoye,V3 pair closure,secondary,shojo,samurai,shinobi,romance,cast/v3/cv3_sidekick_046.webp,game_source/public/cast/v3/cv3_sidekick_046.webp,CAST_V3_ART_MANIFEST.csv row 99 / cast_v3_sheet_13:2,,cv3_sidekick_046.webp,cv3_sidekick_046.webp,cv3_sidekick_046.webp,f77a0e208af17a1ba0f213af6248b6b635eb09c1db1b1006f7a55fdf279fbc60,f77a0e208af17a1ba0f213af6248b6b635eb09c1db1b1006f7a55fdf279fbc60,25b128279796d751,512,512,True,True,True,True,True,False,
cv3_sidekick_047,Elias G. Lind,V3 pair closure,secondary,shojo,shinobi,slice,supernatural,cast/v3/cv3_sidekick_047.webp,game_source/public/cast/v3/cv3_sidekick_047.webp,CAST_V3_ART_MANIFEST.csv row 100 / cast_v3_sheet_13:3,,cv3_sidekick_047.webp,cv3_sidekick_047.webp,cv3_sidekick_047.webp,d4f2240684e061d9c5d21322e659b11d7b6dc69bb6ef071bf03712da9f9bafb8,d4f2240684e061d9c5d21322e659b11d7b6dc69bb6ef071bf03712da9f9bafb8,33d698c7696c9238,512,512,True,True,True,True,True,False,
cv3_sidekick_048,Lucia G. Vega,V3 pair closure,secondary,shojo,shinobi,space,survival,cast/v3/cv3_sidekick_048.webp,game_source/public/cast/v3/cv3_sidekick_048.webp,CAST_V3_ART_MANIFEST.csv row 101 / cast_v3_sheet_13:4,,cv3_sidekick_048.webp,cv3_sidekick_048.webp,cv3_sidekick_048.webp,231336a1b3034b5069677f0432d97060e3ca6af78319039ffcbba02823622da2,231336a1b3034b5069677f0432d97060e3ca6af78319039ffcbba02823622da2,3f982d637268415e,512,512,True,True,True,True,True,False,
cv3_sidekick_049,Jian G. Zhou,V3 pair closure,secondary,shojo,samurai,shinobi,martial,cast/v3/cv3_sidekick_049.webp,game_source/public/cast/v3/cv3_sidekick_049.webp,CAST_V3_ART_MANIFEST.csv row 102 / cast_v3_sheet_13:5,,cv3_sidekick_049.webp,cv3_sidekick_049.webp,cv3_sidekick_049.webp,5920f00bf4c24f375d8ba66fe7cb59bd90a9681e63403a8894d88322b2474250,5920f00bf4c24f375d8ba66fe7cb59bd90a9681e63403a8894d88322b2474250,2d812d7838fc534e,512,512,True,True,True,True,True,False,
cv3_sidekick_050,Simone G. Campbell,V3 pair closure,secondary,shojo,mecha,samurai,shinobi,cast/v3/cv3_sidekick_050.webp,game_source/public/cast/v3/cv3_sidekick_050.webp,CAST_V3_ART_MANIFEST.csv row 103 / cast_v3_sheet_13:6,,cv3_sidekick_050.webp,cv3_sidekick_050.webp,cv3_sidekick_050.webp,f478007eda1e7465499626f16953d8ff59eb25c0c658908ea187551af04bba29,f478007eda1e7465499626f16953d8ff59eb25c0c658908ea187551af04bba29,24ba5ea1037fc85a,512,512,True,True,True,True,True,False,
cv3_sidekick_051,Nadim G. Haddad,V3 pair closure,secondary,shojo,samurai,romance,slice,cast/v3/cv3_sidekick_051.webp,game_source/public/cast/v3/cv3_sidekick_051.webp,CAST_V3_ART_MANIFEST.csv row 104 / cast_v3_sheet_13:7,,cv3_sidekick_051.webp,cv3_sidekick_051.webp,cv3_sidekick_051.webp,5d3faf8ab160a0508b37d2cac4f0b460efc7ee7dd94e4947c7b87bf3a6c54dd0,5d3faf8ab160a0508b37d2cac4f0b460efc7ee7dd94e4947c7b87bf3a6c54dd0,23966b414e1f5e1a,512,512,True,True,True,True,True,False,
cv3_sidekick_052,Zofia G. Nowak,V3 pair closure,secondary,shojo,shinobi,cooking,survival,cast/v3/cv3_sidekick_052.webp,game_source/public/cast/v3/cv3_sidekick_052.webp,CAST_V3_ART_MANIFEST.csv row 105 / cast_v3_sheet_13:8,,cv3_sidekick_052.webp,cv3_sidekick_052.webp,cv3_sidekick_052.webp,4f3b11998837705708d65ab1781108c51760b4470d1d1f185372b5891c05e646,4f3b11998837705708d65ab1781108c51760b4470d1d1f185372b5891c05e646,30d91c42e07e1fd3,512,512,True,True,True,True,True,False,
cv3_mascot_001,Bramble,V3 pair closure,pet,shonen,comedy,cyber,idol,cast/v3/cv3_mascot_001.webp,game_source/public/cast/v3/cv3_mascot_001.webp,CAST_V3_ART_MANIFEST.csv row 106 / cast_v3_sheet_14:1,,cv3_mascot_001.webp,cv3_mascot_001.webp,cv3_mascot_001.webp,fad0d55bac8f9ae2c9ddc701f19a1d3604f3577a89254d58d3d2d42c8afdd3c5,fad0d55bac8f9ae2c9ddc701f19a1d3604f3577a89254d58d3d2d42c8afdd3c5,3bcd02619c6eb60e,512,512,True,True,True,True,True,False,
cv3_mascot_002,Pipkin,V3 pair closure,pet,shonen,shinobi,comedy,fantasy,cast/v3/cv3_mascot_002.webp,game_source/public/cast/v3/cv3_mascot_002.webp,CAST_V3_ART_MANIFEST.csv row 107 / cast_v3_sheet_14:2,,cv3_mascot_002.webp,cv3_mascot_002.webp,cv3_mascot_002.webp,2204071524dec5e311ca60b3138c8f5e46567dd26d4487e343c959c48098350d,2204071524dec5e311ca60b3138c8f5e46567dd26d4487e343c959c48098350d,188d2f66f1c24759,512,512,True,True,True,True,True,False,
cv3_mascot_003,Saffy,V3 pair closure,pet,shonen,isekai,comedy,horror,cast/v3/cv3_mascot_003.webp,game_source/public/cast/v3/cv3_mascot_003.webp,CAST_V3_ART_MANIFEST.csv row 108 / cast_v3_sheet_14:3,,cv3_mascot_003.webp,cv3_mascot_003.webp,cv3_mascot_003.webp,9caa97e5da5b536ec00a13cb9e0840ef68b114067ffa848fe9694e5b142dc018,9caa97e5da5b536ec00a13cb9e0840ef68b114067ffa848fe9694e5b142dc018,1259b26c37ccd896,512,512,True,True,True,True,True,False,
cv3_mascot_004,Tumble,V3 pair closure,pet,shonen,samurai,comedy,isekai,cast/v3/cv3_mascot_004.webp,game_source/public/cast/v3/cv3_mascot_004.webp,CAST_V3_ART_MANIFEST.csv row 109 / cast_v3_sheet_14:4,,cv3_mascot_004.webp,cv3_mascot_004.webp,cv3_mascot_004.webp,ed5596b85d0496e5cc09ba2000549c88b2698bd921ff39ca02a7c709089d89da,ed5596b85d0496e5cc09ba2000549c88b2698bd921ff39ca02a7c709089d89da,2751636af1e6129c,512,512,True,True,True,True,True,False,
cv3_mascot_005,Fennel,V3 pair closure,pet,shonen,magical,romance,comedy,cast/v3/cv3_mascot_005.webp,game_source/public/cast/v3/cv3_mascot_005.webp,CAST_V3_ART_MANIFEST.csv row 110 / cast_v3_sheet_14:5,,cv3_mascot_005.webp,cv3_mascot_005.webp,cv3_mascot_005.webp,fff524051c328bd1d3d1c70ed697d720ed2f51ecfde221946c9ff9e85747826e,fff524051c328bd1d3d1c70ed697d720ed2f51ecfde221946c9ff9e85747826e,01f2334d2e8e5f19,512,512,True,True,True,True,True,False,
cv3_mascot_006,Quibble,V3 pair closure,pet,shonen,survival,comedy,mystery,cast/v3/cv3_mascot_006.webp,game_source/public/cast/v3/cv3_mascot_006.webp,CAST_V3_ART_MANIFEST.csv row 111 / cast_v3_sheet_14:6,,cv3_mascot_006.webp,cv3_mascot_006.webp,cv3_mascot_006.webp,a23836adc5d59c44aa6a23b8818d7606ba89aeefed21309d83f0f4cb8fa78d8f,a23836adc5d59c44aa6a23b8818d7606ba89aeefed21309d83f0f4cb8fa78d8f,03a02f5b6335d2f4,512,512,True,True,True,True,True,False,
cv3_mascot_007,Clove,V3 pair closure,pet,shonen,cooking,horror,martial,cast/v3/cv3_mascot_007.webp,game_source/public/cast/v3/cv3_mascot_007.webp,CAST_V3_ART_MANIFEST.csv row 112 / cast_v3_sheet_14:7,,cv3_mascot_007.webp,cv3_mascot_007.webp,cv3_mascot_007.webp,6ec0254a1d9b60cd344ccd903ec7d220e6fd9c225507d63456c0be25441fdf7c,6ec0254a1d9b60cd344ccd903ec7d220e6fd9c225507d63456c0be25441fdf7c,50582f6731eed630,512,512,True,True,True,True,True,False,
cv3_mascot_008,Miso,V3 pair closure,pet,shonen,samurai,shinobi,cooking,cast/v3/cv3_mascot_008.webp,game_source/public/cast/v3/cv3_mascot_008.webp,CAST_V3_ART_MANIFEST.csv row 113 / cast_v3_sheet_14:8,,cv3_mascot_008.webp,cv3_mascot_008.webp,cv3_mascot_008.webp,6c77c3c3124d1fbb0cf40d655722a666c062607e0117c66375f01902a8353dc9,6c77c3c3124d1fbb0cf40d655722a666c062607e0117c66375f01902a8353dc9,5669497e12c66347,512,512,True,True,True,True,True,False,
cv3_mascot_009,Pebble,V3 pair closure,pet,shonen,survival,cooking,supernatural,cast/v3/cv3_mascot_009.webp,game_source/public/cast/v3/cv3_mascot_009.webp,CAST_V3_ART_MANIFEST.csv row 114 / cast_v3_sheet_15:1,,cv3_mascot_009.webp,cv3_mascot_009.webp,cv3_mascot_009.webp,f26717862ed3287bc1052cf2481b2e0dfd8373ee86b7e89748aab3660850b6ef,f26717862ed3287bc1052cf2481b2e0dfd8373ee86b7e89748aab3660850b6ef,5af245e38d697029,512,512,True,True,True,True,True,False,
cv3_mascot_010,Patch,V3 pair closure,pet,shonen,cyber,fantasy,military,cast/v3/cv3_mascot_010.webp,game_source/public/cast/v3/cv3_mascot_010.webp,CAST_V3_ART_MANIFEST.csv row 115 / cast_v3_sheet_15:2,,cv3_mascot_010.webp,cv3_mascot_010.webp,cv3_mascot_010.webp,7818ab07a06c165a7f8680a84443adaaee387cc1ae3081d7084e8af01a4e2260,7818ab07a06c165a7f8680a84443adaaee387cc1ae3081d7084e8af01a4e2260,059131ea3b8f3197,512,512,True,True,True,True,True,False,
cv3_mascot_011,Rook,V3 pair closure,pet,shonen,samurai,cyber,horror,cast/v3/cv3_mascot_011.webp,game_source/public/cast/v3/cv3_mascot_011.webp,CAST_V3_ART_MANIFEST.csv row 116 / cast_v3_sheet_15:3,,cv3_mascot_011.webp,cv3_mascot_011.webp,cv3_mascot_011.webp,4c2f4710e1b9de5c4cb019692857fcb28478be75ff6423600bb06e37dfef1858,4c2f4710e1b9de5c4cb019692857fcb28478be75ff6423600bb06e37dfef1858,371c302f8fca39a1,512,512,True,True,True,True,True,False,
cv3_mascot_012,Ticker,V3 pair closure,pet,shonen,survival,cyber,martial,cast/v3/cv3_mascot_012.webp,game_source/public/cast/v3/cv3_mascot_012.webp,CAST_V3_ART_MANIFEST.csv row 117 / cast_v3_sheet_15:4,,cv3_mascot_012.webp,cv3_mascot_012.webp,cv3_mascot_012.webp,78aac883064ba86e0cc2c31f4908198ff91a457030368e9f15ea0f84b4112ba7,78aac883064ba86e0cc2c31f4908198ff91a457030368e9f15ea0f84b4112ba7,1962266d99e19f46,512,512,True,True,True,True,True,False,
cv3_mascot_013,Mallow,V3 pair closure,pet,shonen,shinobi,cyber,slice,cast/v3/cv3_mascot_013.webp,game_source/public/cast/v3/cv3_mascot_013.webp,CAST_V3_ART_MANIFEST.csv row 118 / cast_v3_sheet_15:5,,cv3_mascot_013.webp,cv3_mascot_013.webp,cv3_mascot_013.webp,6795363888ac4669ff0e26f433cae02835f79354ca28c394f6fb4f8e0dc83af1,6795363888ac4669ff0e26f433cae02835f79354ca28c394f6fb4f8e0dc83af1,0ecb282f1c3934f3,512,512,True,True,True,True,True,False,
cv3_mascot_014,Sprig,V3 pair closure,pet,shonen,mythology,slice,fantasy,cast/v3/cv3_mascot_014.webp,game_source/public/cast/v3/cv3_mascot_014.webp,CAST_V3_ART_MANIFEST.csv row 119 / cast_v3_sheet_15:6,,cv3_mascot_014.webp,cv3_mascot_014.webp,cv3_mascot_014.webp,7100b3be2856985f611dcae29aab11d3817013ee427383114ed59370e9869dfc,7100b3be2856985f611dcae29aab11d3817013ee427383114ed59370e9869dfc,21ed4b99721bc178,512,512,True,True,True,True,True,False,
cv3_mascot_015,Flotsam,V3 pair closure,pet,shonen,supernatural,fantasy,pirate,cast/v3/cv3_mascot_015.webp,game_source/public/cast/v3/cv3_mascot_015.webp,CAST_V3_ART_MANIFEST.csv row 120 / cast_v3_sheet_15:7,,cv3_mascot_015.webp,cv3_mascot_015.webp,cv3_mascot_015.webp,10eda266350738c3a6619db29f79e9008f244c9db58c5bf81693193d75bc8850,10eda266350738c3a6619db29f79e9008f244c9db58c5bf81693193d75bc8850,0c90352db1d3df38,512,512,True,True,True,True,True,False,
cv3_mascot_016,Kuzu,V3 pair closure,pet,shonen,samurai,fantasy,supernatural,cast/v3/cv3_mascot_016.webp,game_source/public/cast/v3/cv3_mascot_016.webp,CAST_V3_ART_MANIFEST.csv row 121 / cast_v3_sheet_15:8,,cv3_mascot_016.webp,cv3_mascot_016.webp,cv3_mascot_016.webp,95c946d7b5dfa0f1f078ca137b38e0b9f29b3a0875848cedda3007d5aecfd2ab,95c946d7b5dfa0f1f078ca137b38e0b9f29b3a0875848cedda3007d5aecfd2ab,308fb4a287ca8ef1,512,512,True,True,True,True,True,False,
cv3_mascot_017,Cinder,V3 pair closure,pet,shonen,mecha,horror,mythology,cast/v3/cv3_mascot_017.webp,game_source/public/cast/v3/cv3_mascot_017.webp,CAST_V3_ART_MANIFEST.csv row 122 / cast_v3_sheet_16:1,,cv3_mascot_017.webp,cv3_mascot_017.webp,cv3_mascot_017.webp,712113eb6a78f77ff182596eb7f2b756e08bceadc2aa6d36a3bf58bce5598ead,712113eb6a78f77ff182596eb7f2b756e08bceadc2aa6d36a3bf58bce5598ead,07545cac3713791d,512,512,True,True,True,True,True,False,
cv3_mascot_018,Brisk,V3 pair closure,pet,shonen,pirate,horror,military,cast/v3/cv3_mascot_018.webp,game_source/public/cast/v3/cv3_mascot_018.webp,CAST_V3_ART_MANIFEST.csv row 123 / cast_v3_sheet_16:2,,cv3_mascot_018.webp,cv3_mascot_018.webp,cv3_mascot_018.webp,a1c9f9b70f343dc8d25c442dfc1071fa31d4b5d6daa9fc299008994343722b2c,a1c9f9b70f343dc8d25c442dfc1071fa31d4b5d6daa9fc299008994343722b2c,42f3b3c63288ec4d,512,512,True,True,True,True,True,False,
cv3_mascot_019,Whisker,V3 pair closure,pet,shonen,shinobi,horror,mystery,cast/v3/cv3_mascot_019.webp,game_source/public/cast/v3/cv3_mascot_019.webp,CAST_V3_ART_MANIFEST.csv row 124 / cast_v3_sheet_16:3,,cv3_mascot_019.webp,cv3_mascot_019.webp,cv3_mascot_019.webp,5a9cfa896e3e1ad7bfcbfa5e12e3858240370af3948caad610a583a07b4fbb23,5a9cfa896e3e1ad7bfcbfa5e12e3858240370af3948caad610a583a07b4fbb23,18f36f4a32898637,512,512,True,True,True,True,True,False,
cv3_mascot_020,Skipper,V3 pair closure,pet,shonen,pirate,sports,horror,cast/v3/cv3_mascot_020.webp,game_source/public/cast/v3/cv3_mascot_020.webp,CAST_V3_ART_MANIFEST.csv row 125 / cast_v3_sheet_16:4,,cv3_mascot_020.webp,cv3_mascot_020.webp,cv3_mascot_020.webp,a37bdc0a018ffc4cade73f430a1152af0336eb7ba68520f8b3ddf8cd1dc46755,a37bdc0a018ffc4cade73f430a1152af0336eb7ba68520f8b3ddf8cd1dc46755,35a38edf3840784d,512,512,True,True,True,True,True,False,
cv3_mascot_021,Trill,V3 pair closure,pet,shonen,pirate,idol,isekai,cast/v3/cv3_mascot_021.webp,game_source/public/cast/v3/cv3_mascot_021.webp,CAST_V3_ART_MANIFEST.csv row 126 / cast_v3_sheet_16:5,,cv3_mascot_021.webp,cv3_mascot_021.webp,cv3_mascot_021.webp,b762e7f657615d21a0b05bcb30fe01db17ae90242674422e284d383bf22b1864,b762e7f657615d21a0b05bcb30fe01db17ae90242674422e284d383bf22b1864,19d9256d7264ae1a,512,512,True,True,True,True,True,False,
cv3_mascot_022,Tempo,V3 pair closure,pet,shonen,mecha,idol,martial,cast/v3/cv3_mascot_022.webp,game_source/public/cast/v3/cv3_mascot_022.webp,CAST_V3_ART_MANIFEST.csv row 127 / cast_v3_sheet_16:6,,cv3_mascot_022.webp,cv3_mascot_022.webp,cv3_mascot_022.webp,49cc558c3bb171f9fc87bb3d5172dd0c16c72a2c0fcfbca53d1c9e2f71185668,49cc558c3bb171f9fc87bb3d5172dd0c16c72a2c0fcfbca53d1c9e2f71185668,0d4836ae7a91a47e,512,512,True,True,True,True,True,False,
cv3_mascot_023,Finch,V3 pair closure,pet,shonen,mythology,slice,idol,cast/v3/cv3_mascot_023.webp,game_source/public/cast/v3/cv3_mascot_023.webp,CAST_V3_ART_MANIFEST.csv row 128 / cast_v3_sheet_16:7,,cv3_mascot_023.webp,cv3_mascot_023.webp,cv3_mascot_023.webp,a89ec956669754ec86ef839ed73a03e74e9a4cb2b93fed63aefa2b8191f4d839,a89ec956669754ec86ef839ed73a03e74e9a4cb2b93fed63aefa2b8191f4d839,23cbab4e1b786644,512,512,True,True,True,True,True,False,
cv3_mascot_024,Lilt,V3 pair closure,pet,shonen,romance,idol,nordic,cast/v3/cv3_mascot_024.webp,game_source/public/cast/v3/cv3_mascot_024.webp,CAST_V3_ART_MANIFEST.csv row 129 / cast_v3_sheet_16:8,,cv3_mascot_024.webp,cv3_mascot_024.webp,cv3_mascot_024.webp,366291e0c528e7b900338217de0c322772458ade7fbb9ed3b2add0c95bc46d6b,366291e0c528e7b900338217de0c322772458ade7fbb9ed3b2add0c95bc46d6b,1162395b65a323be,512,512,True,True,True,True,True,False,
cv3_mascot_025,Dapple,V3 pair closure,pet,shonen,samurai,idol,sports,cast/v3/cv3_mascot_025.webp,game_source/public/cast/v3/cv3_mascot_025.webp,CAST_V3_ART_MANIFEST.csv row 130 / cast_v3_sheet_17:1,,cv3_mascot_025.webp,cv3_mascot_025.webp,cv3_mascot_025.webp,b47a5565eaed62eb3ebd0dec85cee61a8f8159bbb861c23a0dc35c7a191d2630,b47a5565eaed62eb3ebd0dec85cee61a8f8159bbb861c23a0dc35c7a191d2630,44791b5e3e66304d,512,512,True,True,True,True,True,False,
cv3_mascot_026,Comet,V3 pair closure,pet,shonen,shinobi,idol,space,cast/v3/cv3_mascot_026.webp,game_source/public/cast/v3/cv3_mascot_026.webp,CAST_V3_ART_MANIFEST.csv row 131 / cast_v3_sheet_17:2,,cv3_mascot_026.webp,cv3_mascot_026.webp,cv3_mascot_026.webp,6e8ea8827f7611fdacc4b76d35e425de2bb56a3e60e32133efe4a467f3d469ee,6e8ea8827f7611fdacc4b76d35e425de2bb56a3e60e32133efe4a467f3d469ee,154b289c33965ef1,512,512,True,True,True,True,True,False,
cv3_mascot_027,Glimmer,V3 pair closure,pet,shojo,mecha,isekai,supernatural,cast/v3/cv3_mascot_027.webp,game_source/public/cast/v3/cv3_mascot_027.webp,CAST_V3_ART_MANIFEST.csv row 132 / cast_v3_sheet_17:3,,cv3_mascot_027.webp,cv3_mascot_027.webp,cv3_mascot_027.webp,e7e15c17f3bff3a79f447cc2f179bc8c98655b2a7e3d7c9adfa52ac551bafc82,e7e15c17f3bff3a79f447cc2f179bc8c98655b2a7e3d7c9adfa52ac551bafc82,14a7274b49497769,512,512,True,True,True,True,True,False,
cv3_mascot_028,Acorn,V3 pair closure,pet,shojo,isekai,military,mythology,cast/v3/cv3_mascot_028.webp,game_source/public/cast/v3/cv3_mascot_028.webp,CAST_V3_ART_MANIFEST.csv row 133 / cast_v3_sheet_17:4,,cv3_mascot_028.webp,cv3_mascot_028.webp,cv3_mascot_028.webp,1565d74524a1434659ce3a66211bbfafe1efed87538d09240a487c14aac9f4f5,1565d74524a1434659ce3a66211bbfafe1efed87538d09240a487c14aac9f4f5,17f6446e9a41a99c,512,512,True,True,True,True,True,False,
cv3_mascot_029,Button,V3 pair closure,pet,shojo,mystery,slice,isekai,cast/v3/cv3_mascot_029.webp,game_source/public/cast/v3/cv3_mascot_029.webp,CAST_V3_ART_MANIFEST.csv row 134 / cast_v3_sheet_17:5,,cv3_mascot_029.webp,cv3_mascot_029.webp,cv3_mascot_029.webp,d31a2be5659383fdb543bd99e887a2caf5ac50ca7d7db1fe181915a99c378589,d31a2be5659383fdb543bd99e887a2caf5ac50ca7d7db1fe181915a99c378589,25953121e78e6c9d,512,512,True,True,True,True,True,False,
cv3_mascot_030,Flicker,V3 pair closure,pet,shojo,shinobi,isekai,sports,cast/v3/cv3_mascot_030.webp,game_source/public/cast/v3/cv3_mascot_030.webp,CAST_V3_ART_MANIFEST.csv row 135 / cast_v3_sheet_17:6,,cv3_mascot_030.webp,cv3_mascot_030.webp,cv3_mascot_030.webp,571ac79624cc6af1bd8a30aef13343cd489acdef27dbd5711f8eb1698eb46d22,571ac79624cc6af1bd8a30aef13343cd489acdef27dbd5711f8eb1698eb46d22,11c16e4eb67946d2,512,512,True,True,True,True,True,False,
cv3_mascot_031,Quasar,V3 pair closure,pet,shojo,isekai,space,sports,cast/v3/cv3_mascot_031.webp,game_source/public/cast/v3/cv3_mascot_031.webp,CAST_V3_ART_MANIFEST.csv row 136 / cast_v3_sheet_17:7,,cv3_mascot_031.webp,cv3_mascot_031.webp,cv3_mascot_031.webp,897e81c4dbd5d7537e612592f146c157aea72811c1d6a599ba4507228a77926a,897e81c4dbd5d7537e612592f146c157aea72811c1d6a599ba4507228a77926a,0db1330f3366cc69,512,512,True,True,True,True,True,False,
cv3_mascot_032,Ribbon,V3 pair closure,pet,shojo,martial,sports,magical,cast/v3/cv3_mascot_032.webp,game_source/public/cast/v3/cv3_mascot_032.webp,CAST_V3_ART_MANIFEST.csv row 137 / cast_v3_sheet_17:8,,cv3_mascot_032.webp,cv3_mascot_032.webp,cv3_mascot_032.webp,99f53538b8ffc866c9c900314d7295bc8d32be03085b81f541ac930e9db8e82e,99f53538b8ffc866c9c900314d7295bc8d32be03085b81f541ac930e9db8e82e,785a58571b8c279c,512,512,True,True,True,True,True,False,
cv3_mascot_033,Wisp,V3 pair closure,pet,shojo,samurai,magical,mystery,cast/v3/cv3_mascot_033.webp,game_source/public/cast/v3/cv3_mascot_033.webp,CAST_V3_ART_MANIFEST.csv row 138 / cast_v3_sheet_18:1,,cv3_mascot_033.webp,cv3_mascot_033.webp,cv3_mascot_033.webp,6575cc8e9a9ea15382bd33c060193c1548d0ad24075f5e7878dcf996985b62b9,6575cc8e9a9ea15382bd33c060193c1548d0ad24075f5e7878dcf996985b62b9,5e5f67219200e2b7,512,512,True,True,True,True,True,False,
cv3_mascot_034,Juniper,V3 pair closure,pet,shojo,shinobi,magical,nordic,cast/v3/cv3_mascot_034.webp,game_source/public/cast/v3/cv3_mascot_034.webp,CAST_V3_ART_MANIFEST.csv row 139 / cast_v3_sheet_18:2,,cv3_mascot_034.webp,cv3_mascot_034.webp,cv3_mascot_034.webp,b898664e27d98b0c188d3ca7315c1dd7bd87d85e0d21a0db30ee5a9c0d858285,b898664e27d98b0c188d3ca7315c1dd7bd87d85e0d21a0db30ee5a9c0d858285,35f52e4a41234fd1,512,512,True,True,True,True,True,False,
cv3_mascot_035,Flint,V3 pair closure,pet,shojo,shinobi,martial,military,cast/v3/cv3_mascot_035.webp,game_source/public/cast/v3/cv3_mascot_035.webp,CAST_V3_ART_MANIFEST.csv row 140 / cast_v3_sheet_18:3,,cv3_mascot_035.webp,cv3_mascot_035.webp,cv3_mascot_035.webp,77b6d16b62670235929c69c8196a0646ea781ef5b76f3284e248035ed70fc2c4,77b6d16b62670235929c69c8196a0646ea781ef5b76f3284e248035ed70fc2c4,36696f5358316463,512,512,True,True,True,True,True,False,
cv3_mascot_036,Orbit,V3 pair closure,pet,shojo,space,martial,mystery,cast/v3/cv3_mascot_036.webp,game_source/public/cast/v3/cv3_mascot_036.webp,CAST_V3_ART_MANIFEST.csv row 141 / cast_v3_sheet_18:4,,cv3_mascot_036.webp,cv3_mascot_036.webp,cv3_mascot_036.webp,1a2d6d045daab8018c6523a7f22aeadf409017d4c2dc3b05e41ba0ca04805ab9,1a2d6d045daab8018c6523a7f22aeadf409017d4c2dc3b05e41ba0ca04805ab9,02ac2f7a32656c6b,512,512,True,True,True,True,True,False,
cv3_mascot_037,Reed,V3 pair closure,pet,shojo,samurai,martial,slice,cast/v3/cv3_mascot_037.webp,game_source/public/cast/v3/cv3_mascot_037.webp,CAST_V3_ART_MANIFEST.csv row 142 / cast_v3_sheet_18:5,,cv3_mascot_037.webp,cv3_mascot_037.webp,cv3_mascot_037.webp,6ee7a4ca7f15f27c0ed90c86bdef2408525a0d86e934dba0861ac479095b0926,6ee7a4ca7f15f27c0ed90c86bdef2408525a0d86e934dba0861ac479095b0926,06787969369646b3,512,512,True,True,True,True,True,False,
cv3_mascot_038,Rivet,V3 pair closure,pet,shojo,mecha,military,nordic,cast/v3/cv3_mascot_038.webp,game_source/public/cast/v3/cv3_mascot_038.webp,CAST_V3_ART_MANIFEST.csv row 143 / cast_v3_sheet_18:6,,cv3_mascot_038.webp,cv3_mascot_038.webp,cv3_mascot_038.webp,429f134b17e34e868c2e9c0b29fff6dcdf36a9b64a0017518d3c0ce0cf5b8433,429f134b17e34e868c2e9c0b29fff6dcdf36a9b64a0017518d3c0ce0cf5b8433,1259616626d1c7f9,512,512,True,True,True,True,True,False,
cv3_mascot_039,Peony,V3 pair closure,pet,shojo,mecha,samurai,romance,cast/v3/cv3_mascot_039.webp,game_source/public/cast/v3/cv3_mascot_039.webp,CAST_V3_ART_MANIFEST.csv row 144 / cast_v3_sheet_18:7,,cv3_mascot_039.webp,cv3_mascot_039.webp,cv3_mascot_039.webp,2e2325f6baeb3fee0c0282ad555813dd1aeecb8f91b3132feccf6e6ed81de7c5,2e2325f6baeb3fee0c0282ad555813dd1aeecb8f91b3132feccf6e6ed81de7c5,20f2386f2d52639d,512,512,True,True,True,True,True,False,
cv3_mascot_040,Gauge,V3 pair closure,pet,shojo,mecha,shinobi,survival,cast/v3/cv3_mascot_040.webp,game_source/public/cast/v3/cv3_mascot_040.webp,CAST_V3_ART_MANIFEST.csv row 145 / cast_v3_sheet_18:8,,cv3_mascot_040.webp,cv3_mascot_040.webp,cv3_mascot_040.webp,1c4a5711ad3f7dceb761d8b05de1d9a76be2b5de9d18138ab36139ad317c2700,1c4a5711ad3f7dceb761d8b05de1d9a76be2b5de9d18138ab36139ad317c2700,155e26eb6ca41157,512,512,True,True,True,True,True,False,
cv3_mascot_041,Cairn,V3 pair closure,pet,shojo,mystery,nordic,military,cast/v3/cv3_mascot_041.webp,game_source/public/cast/v3/cv3_mascot_041.webp,CAST_V3_ART_MANIFEST.csv row 146 / cast_v3_sheet_19:1,,cv3_mascot_041.webp,cv3_mascot_041.webp,cv3_mascot_041.webp,251d7998324579a00820ebe35a19f9064bad56985afa7a0282acee1869a037d7,251d7998324579a00820ebe35a19f9064bad56985afa7a0282acee1869a037d7,30f07b4f12496d2e,512,512,True,True,True,True,True,False,g30_villain_shojo_039
cv3_mascot_042,Fable,V3 pair closure,pet,shojo,samurai,military,space,cast/v3/cv3_mascot_042.webp,game_source/public/cast/v3/cv3_mascot_042.webp,CAST_V3_ART_MANIFEST.csv row 147 / cast_v3_sheet_19:2,,cv3_mascot_042.webp,cv3_mascot_042.webp,cv3_mascot_042.webp,61e41e6d5e388059e2e8821cd5981b1556c78824b4cb88b810e15751dd8f3b0f,61e41e6d5e388059e2e8821cd5981b1556c78824b4cb88b810e15751dd8f3b0f,0c16b9b883c93cf5,512,512,True,True,True,True,True,False,
cv3_mascot_043,Aureole,V3 pair closure,pet,shojo,mythology,romance,space,cast/v3/cv3_mascot_043.webp,game_source/public/cast/v3/cv3_mascot_043.webp,CAST_V3_ART_MANIFEST.csv row 148 / cast_v3_sheet_19:3,,cv3_mascot_043.webp,cv3_mascot_043.webp,cv3_mascot_043.webp,433bedc55525cf2e25b1c678a21fe97d8dbe086cf9e8662fb10e62d9ffbfec53,433bedc55525cf2e25b1c678a21fe97d8dbe086cf9e8662fb10e62d9ffbfec53,24ac1e9e21d0d3bb,512,512,True,True,True,True,True,False,
cv3_mascot_044,Thistle,V3 pair closure,pet,shojo,samurai,mythology,survival,cast/v3/cv3_mascot_044.webp,game_source/public/cast/v3/cv3_mascot_044.webp,CAST_V3_ART_MANIFEST.csv row 149 / cast_v3_sheet_19:4,,cv3_mascot_044.webp,cv3_mascot_044.webp,cv3_mascot_044.webp,23b21dfe4df02789208ffb19cb47f8575a14b7df9e4fc47c727d9dca0fe8474e,23b21dfe4df02789208ffb19cb47f8575a14b7df9e4fc47c727d9dca0fe8474e,32a3c03d9ee9256a,512,512,True,True,True,True,True,False,
cv3_mascot_045,Shimmer,V3 pair closure,pet,shojo,shinobi,mythology,supernatural,cast/v3/cv3_mascot_045.webp,game_source/public/cast/v3/cv3_mascot_045.webp,CAST_V3_ART_MANIFEST.csv row 150 / cast_v3_sheet_19:5,,cv3_mascot_045.webp,cv3_mascot_045.webp,cv3_mascot_045.webp,beeec99b6c5b214b11a73604a56554bdfe6f9b9152e4bd54ce0d0f6f1c465fb7,beeec99b6c5b214b11a73604a56554bdfe6f9b9152e4bd54ce0d0f6f1c465fb7,1eefa4878a96059a,512,512,True,True,True,True,True,False,
cv3_mascot_046,Skerry,V3 pair closure,pet,shojo,samurai,nordic,pirate,cast/v3/cv3_mascot_046.webp,game_source/public/cast/v3/cv3_mascot_046.webp,CAST_V3_ART_MANIFEST.csv row 151 / cast_v3_sheet_19:6,,cv3_mascot_046.webp,cv3_mascot_046.webp,cv3_mascot_046.webp,c0bfc26bca627d28bc23f01b4a79be9434eaaa93b17fe1ee9930ff371a8e28b8,c0bfc26bca627d28bc23f01b4a79be9434eaaa93b17fe1ee9930ff371a8e28b8,7ec662ec0bc54e60,512,512,True,True,True,True,True,False,
cv3_mascot_047,Hearth,V3 pair closure,pet,shojo,slice,supernatural,nordic,cast/v3/cv3_mascot_047.webp,game_source/public/cast/v3/cv3_mascot_047.webp,CAST_V3_ART_MANIFEST.csv row 152 / cast_v3_sheet_19:7,,cv3_mascot_047.webp,cv3_mascot_047.webp,cv3_mascot_047.webp,9298a27b50d298708ff2629ec172505f14c6696b5443cde50bbf7f71eb39f5a3,9298a27b50d298708ff2629ec172505f14c6696b5443cde50bbf7f71eb39f5a3,03d103e73d28e337,512,512,True,True,True,True,True,False,
cv3_mascot_048,Coral,V3 pair closure,pet,shojo,shinobi,pirate,romance,cast/v3/cv3_mascot_048.webp,game_source/public/cast/v3/cv3_mascot_048.webp,CAST_V3_ART_MANIFEST.csv row 153 / cast_v3_sheet_19:8,,cv3_mascot_048.webp,cv3_mascot_048.webp,cv3_mascot_048.webp,a492ba4617e4d3de00d6ce0ce1cc11f2bd47889c03dc4d998144ddad6b7d0a2f,a492ba4617e4d3de00d6ce0ce1cc11f2bd47889c03dc4d998144ddad6b7d0a2f,11c21b38b7ad9267,512,512,True,True,True,True,True,False,
cv3_mascot_049,Nettle,V3 pair closure,pet,shojo,samurai,shinobi,martial,cast/v3/cv3_mascot_049.webp,game_source/public/cast/v3/cv3_mascot_049.webp,CAST_V3_ART_MANIFEST.csv row 154 / cast_v3_sheet_20:1,,cv3_mascot_049.webp,cv3_mascot_049.webp,cv3_mascot_049.webp,e28e12b3d17d173aff992851b0367cefe5a3ae69e85f6c30f66dcf9ef931ace1,e28e12b3d17d173aff992851b0367cefe5a3ae69e85f6c30f66dcf9ef931ace1,5d4dc264bc8525da,512,512,True,True,True,True,True,False,
cv3_mascot_050,Sable,V3 pair closure,pet,shojo,mecha,samurai,shinobi,cast/v3/cv3_mascot_050.webp,game_source/public/cast/v3/cv3_mascot_050.webp,CAST_V3_ART_MANIFEST.csv row 155 / cast_v3_sheet_20:2,,cv3_mascot_050.webp,cv3_mascot_050.webp,cv3_mascot_050.webp,2f3dc940dae02899e1731c9acd2ce7a53ca8c9da32bcf167f1e08e5fc741c49d,2f3dc940dae02899e1731c9acd2ce7a53ca8c9da32bcf167f1e08e5fc741c49d,0e9e32e43daa20e7,512,512,True,True,True,True,True,False,
cv3_mascot_051,Puddle,V3 pair closure,pet,shojo,samurai,romance,slice,cast/v3/cv3_mascot_051.webp,game_source/public/cast/v3/cv3_mascot_051.webp,CAST_V3_ART_MANIFEST.csv row 156 / cast_v3_sheet_20:3,,cv3_mascot_051.webp,cv3_mascot_051.webp,cv3_mascot_051.webp,0d5ef50812ea7e3e0ac62e1309f45d73bd7ad024928c4e9564dd9a8e97166a12,0d5ef50812ea7e3e0ac62e1309f45d73bd7ad024928c4e9564dd9a8e97166a12,326ba36c5dc14732,512,512,True,True,True,True,True,False,
cv3_mascot_052,Solstice,V3 pair closure,pet,shojo,shinobi,cooking,survival,cast/v3/cv3_mascot_052.webp,game_source/public/cast/v3/cv3_mascot_052.webp,CAST_V3_ART_MANIFEST.csv row 157 / cast_v3_sheet_20:4,,cv3_mascot_052.webp,cv3_mascot_052.webp,cv3_mascot_052.webp,980b9cfc6d10de84adbbb47d1821241be551e8ee4ea174a6d25f2a37fed84078,980b9cfc6d10de84adbbb47d1821241be551e8ee4ea174a6d25f2a37fed84078,134946b1cd60b6bb,512,512,True,True,True,True,True,False,
cv3_villain_001,Arjun J. Iyer,V3 pair closure,villain,shonen,samurai,comedy,cyber,cast/v3/cv3_villain_001.webp,game_source/public/cast/v3/cv3_villain_001.webp,CAST_V3_ART_MANIFEST.csv row 158 / cast_v3_sheet_20:5,,cv3_villain_001.webp,cv3_villain_001.webp,cv3_villain_001.webp,395585e40ff4362548cdb6804c128ebe201ce6d78fde06244f2606891cadfd7b,395585e40ff4362548cdb6804c128ebe201ce6d78fde06244f2606891cadfd7b,37d66846b694b492,512,512,True,True,True,True,True,False,
cv3_villain_002,Sumin J. Han,V3 pair closure,villain,shonen,magical,slice,comedy,cast/v3/cv3_villain_002.webp,game_source/public/cast/v3/cv3_villain_002.webp,CAST_V3_ART_MANIFEST.csv row 159 / cast_v3_sheet_20:6,,cv3_villain_002.webp,cv3_villain_002.webp,cv3_villain_002.webp,6c2227fd168a6a91b81736eb286c8342ac31f57d05c1c549bbc85c92982814a5,6c2227fd168a6a91b81736eb286c8342ac31f57d05c1c549bbc85c92982814a5,619c56e33781a6a3,512,512,True,True,True,True,True,False,
cv3_villain_003,Emeka J. Obi,V3 pair closure,villain,shonen,shinobi,comedy,martial,cast/v3/cv3_villain_003.webp,game_source/public/cast/v3/cv3_villain_003.webp,CAST_V3_ART_MANIFEST.csv row 160 / cast_v3_sheet_20:7,,cv3_villain_003.webp,cv3_villain_003.webp,cv3_villain_003.webp,985fcb56272a6435f513f5d722b23ac3dcdde2551dbdcd534f0de55173967a21,985fcb56272a6435f513f5d722b23ac3dcdde2551dbdcd534f0de55173967a21,1bd9adda3a806cc4,512,512,True,True,True,True,True,False,
cv3_villain_004,Linnea J. Berg,V3 pair closure,villain,shonen,comedy,mystery,sports,cast/v3/cv3_villain_004.webp,game_source/public/cast/v3/cv3_villain_004.webp,CAST_V3_ART_MANIFEST.csv row 161 / cast_v3_sheet_20:8,,cv3_villain_004.webp,cv3_villain_004.webp,cv3_villain_004.webp,82db7f1b29953897a20ac466ecc41db18305cd0de63633b0e3f5252e0074cebe,82db7f1b29953897a20ac466ecc41db18305cd0de63633b0e3f5252e0074cebe,66808a6fb97ea606,512,512,True,True,True,True,True,False,
cv3_villain_005,Jian K. Zhou,V3 pair closure,villain,shonen,mythology,supernatural,comedy,cast/v3/cv3_villain_005.webp,game_source/public/cast/v3/cv3_villain_005.webp,CAST_V3_ART_MANIFEST.csv row 162 / cast_v3_sheet_21:1,,cv3_villain_005.webp,cv3_villain_005.webp,cv3_villain_005.webp,6a48cd9292f9e7e7145c834d63e604c51ce63d5e06021e7eab1c192328a811c7,6a48cd9292f9e7e7145c834d63e604c51ce63d5e06021e7eab1c192328a811c7,23e52986add55899,512,512,True,True,True,True,True,False,
cv3_villain_006,Simone K. Campbell,V3 pair closure,villain,shonen,supernatural,cooking,cyber,cast/v3/cv3_villain_006.webp,game_source/public/cast/v3/cv3_villain_006.webp,CAST_V3_ART_MANIFEST.csv row 163 / cast_v3_sheet_21:2,,cv3_villain_006.webp,cv3_villain_006.webp,cv3_villain_006.webp,c131f2c891437e2c3bfa8ab5dc6c7103aa429dac4d8f0e0c39cff0cec2d052d3,c131f2c891437e2c3bfa8ab5dc6c7103aa429dac4d8f0e0c39cff0cec2d052d3,39721946b5cc42dd,512,512,True,True,True,True,True,False,
cv3_villain_007,Nadim K. Haddad,V3 pair closure,villain,shonen,cooking,fantasy,martial,cast/v3/cv3_villain_007.webp,game_source/public/cast/v3/cv3_villain_007.webp,CAST_V3_ART_MANIFEST.csv row 164 / cast_v3_sheet_21:3,,cv3_villain_007.webp,cv3_villain_007.webp,cv3_villain_007.webp,6db925e9f0c14568bd2743ec2a615aff4bbfba04a0499af7c6c7d9608fcf632d,6db925e9f0c14568bd2743ec2a615aff4bbfba04a0499af7c6c7d9608fcf632d,34e2a5e07cbc709c,512,512,True,True,True,True,True,False,
cv3_villain_008,Zofia K. Nowak,V3 pair closure,villain,shonen,fantasy,supernatural,cooking,cast/v3/cv3_villain_008.webp,game_source/public/cast/v3/cv3_villain_008.webp,CAST_V3_ART_MANIFEST.csv row 165 / cast_v3_sheet_21:4,,cv3_villain_008.webp,cv3_villain_008.webp,cv3_villain_008.webp,4b1d1ca60d419ef47bff706122ea00192061e50d7239f2d79df8dd236a6da6b6,4b1d1ca60d419ef47bff706122ea00192061e50d7239f2d79df8dd236a6da6b6,51c1cefc65e89815,512,512,True,True,True,True,True,False,
cv3_villain_009,Aamir K. Malik,V3 pair closure,villain,shonen,sports,cooking,mystery,cast/v3/cv3_villain_009.webp,game_source/public/cast/v3/cv3_villain_009.webp,CAST_V3_ART_MANIFEST.csv row 166 / cast_v3_sheet_21:5,,cv3_villain_009.webp,cv3_villain_009.webp,cv3_villain_009.webp,2cdb080be89c72b3ca344e9f7305968be99e1eaca2361e1f0edaaccdce37405c,2cdb080be89c72b3ca344e9f7305968be99e1eaca2361e1f0edaaccdce37405c,76e6e6ccb638001e,512,512,True,True,True,True,True,False,
cv3_villain_010,Amihan K. Reyes,V3 pair closure,villain,shonen,samurai,cooking,slice,cast/v3/cv3_villain_010.webp,game_source/public/cast/v3/cv3_villain_010.webp,CAST_V3_ART_MANIFEST.csv row 167 / cast_v3_sheet_21:6,,cv3_villain_010.webp,cv3_villain_010.webp,cv3_villain_010.webp,d007e0f712a5cb3fe33b8a6de75c2672984b37d03b16bb93be4bf6932d1ceb66,d007e0f712a5cb3fe33b8a6de75c2672984b37d03b16bb93be4bf6932d1ceb66,27c22ae6348a5b5e,512,512,True,True,True,True,True,False,
cv3_villain_011,Kamau K. Mwangi,V3 pair closure,villain,shonen,shinobi,cooking,survival,cast/v3/cv3_villain_011.webp,game_source/public/cast/v3/cv3_villain_011.webp,CAST_V3_ART_MANIFEST.csv row 168 / cast_v3_sheet_21:7,,cv3_villain_011.webp,cv3_villain_011.webp,cv3_villain_011.webp,a6c22ddf2d5415724f15a543f0f2d895b6894bcdcaf12665f247d6c15f1ef55a,a6c22ddf2d5415724f15a543f0f2d895b6894bcdcaf12665f247d6c15f1ef55a,2debc2ad1c50b195,512,512,True,True,True,True,True,False,
cv3_villain_012,Aminata K. Diop,V3 pair closure,villain,shonen,shinobi,cyber,horror,cast/v3/cv3_villain_012.webp,game_source/public/cast/v3/cv3_villain_012.webp,CAST_V3_ART_MANIFEST.csv row 169 / cast_v3_sheet_21:8,,cv3_villain_012.webp,cv3_villain_012.webp,cv3_villain_012.webp,8d9e9cebd7eb88cb38c7de5f5d5f6001a59b3b0e6f25dc342b5c17576d259c88,8d9e9cebd7eb88cb38c7de5f5d5f6001a59b3b0e6f25dc342b5c17576d259c88,2dee63855f0548b8,512,512,True,True,True,True,True,False,
cv3_villain_013,Haruki K. Mizuhara,V3 pair closure,villain,shonen,cyber,idol,pirate,cast/v3/cv3_villain_013.webp,game_source/public/cast/v3/cv3_villain_013.webp,CAST_V3_ART_MANIFEST.csv row 170 / cast_v3_sheet_22:1,,cv3_villain_013.webp,cv3_villain_013.webp,cv3_villain_013.webp,0c096fbb1b6b7e90a46149d07b323c9b6d07e4292b3e224c5d971cf3591dd2c7,0c096fbb1b6b7e90a46149d07b323c9b6d07e4292b3e224c5d971cf3591dd2c7,3fc3674e549990a1,512,512,True,True,True,True,True,False,
cv3_villain_014,Abena K. Mensah,V3 pair closure,villain,shonen,isekai,military,cyber,cast/v3/cv3_villain_014.webp,game_source/public/cast/v3/cv3_villain_014.webp,CAST_V3_ART_MANIFEST.csv row 171 / cast_v3_sheet_22:2,,cv3_villain_014.webp,cv3_villain_014.webp,cv3_villain_014.webp,fc21dc698307eb0535e5a65a4e44547d59a0dd4d4f95af5338f42ea42ca19826,fc21dc698307eb0535e5a65a4e44547d59a0dd4d4f95af5338f42ea42ca19826,36bec889d399a486,512,512,True,True,True,True,True,False,
cv3_villain_015,Cian K. Byrne,V3 pair closure,villain,shonen,space,cyber,martial,cast/v3/cv3_villain_015.webp,game_source/public/cast/v3/cv3_villain_015.webp,CAST_V3_ART_MANIFEST.csv row 172 / cast_v3_sheet_22:3,,cv3_villain_015.webp,cv3_villain_015.webp,cv3_villain_015.webp,2d507eda8d99eb21516da6ba15058cef5da21c7bfb233353cea5d97e93a2e90b,2d507eda8d99eb21516da6ba15058cef5da21c7bfb233353cea5d97e93a2e90b,03d86865351e1e6f,512,512,True,True,True,True,True,False,
cv3_villain_016,Leela K. Rao,V3 pair closure,villain,shonen,fantasy,horror,slice,cast/v3/cv3_villain_016.webp,game_source/public/cast/v3/cv3_villain_016.webp,CAST_V3_ART_MANIFEST.csv row 173 / cast_v3_sheet_22:4,,cv3_villain_016.webp,cv3_villain_016.webp,cv3_villain_016.webp,8d33adbe685f87342443d1ad10a2b099fcdba5cfe735b5f2073eae6daedde5a7,8d33adbe685f87342443d1ad10a2b099fcdba5cfe735b5f2073eae6daedde5a7,78e4e2f3e3c4c184,512,512,True,True,True,True,True,False,
cv3_villain_017,Minjun K. Seo,V3 pair closure,villain,shonen,shinobi,fantasy,idol,cast/v3/cv3_villain_017.webp,game_source/public/cast/v3/cv3_villain_017.webp,CAST_V3_ART_MANIFEST.csv row 174 / cast_v3_sheet_22:5,,cv3_villain_017.webp,cv3_villain_017.webp,cv3_villain_017.webp,0695cc60a29259215e47c8d669dfaf926665157ae195dcdd4a46067b1d8b0f6b,0695cc60a29259215e47c8d669dfaf926665157ae195dcdd4a46067b1d8b0f6b,64f8f8b1b381858e,512,512,True,True,True,True,True,False,
cv3_villain_018,Adaeze K. Okoye,V3 pair closure,villain,shonen,mystery,fantasy,military,cast/v3/cv3_villain_018.webp,game_source/public/cast/v3/cv3_villain_018.webp,CAST_V3_ART_MANIFEST.csv row 175 / cast_v3_sheet_22:6,,cv3_villain_018.webp,cv3_villain_018.webp,cv3_villain_018.webp,fbe65d3435055621a6817bdd51e557863ce09dbd0608a25905e037d221334004,fbe65d3435055621a6817bdd51e557863ce09dbd0608a25905e037d221334004,053167c23acc3e9e,512,512,True,True,True,True,True,False,
cv3_villain_019,Elias K. Lind,V3 pair closure,villain,shonen,fantasy,pirate,survival,cast/v3/cv3_villain_019.webp,game_source/public/cast/v3/cv3_villain_019.webp,CAST_V3_ART_MANIFEST.csv row 176 / cast_v3_sheet_22:7,,cv3_villain_019.webp,cv3_villain_019.webp,cv3_villain_019.webp,1479b1fbbf99c232d76e46e89e928d3de365e3669ae3b16db6e14a39e6b737f4,1479b1fbbf99c232d76e46e89e928d3de365e3669ae3b16db6e14a39e6b737f4,23b7c7c90da43e14,512,512,True,True,True,True,True,False,
cv3_villain_020,Lucia K. Vega,V3 pair closure,villain,shonen,samurai,fantasy,romance,cast/v3/cv3_villain_020.webp,game_source/public/cast/v3/cv3_villain_020.webp,CAST_V3_ART_MANIFEST.csv row 177 / cast_v3_sheet_22:8,,cv3_villain_020.webp,cv3_villain_020.webp,cv3_villain_020.webp,77267daf75fe045af521cd829185b7df6e7283e3ffa679a0a0e836f2771df135,77267daf75fe045af521cd829185b7df6e7283e3ffa679a0a0e836f2771df135,24a42dbf6a185c6b,512,512,True,True,True,True,True,False,
cv3_villain_021,Andre L. Morgan,V3 pair closure,villain,shonen,mecha,horror,magical,cast/v3/cv3_villain_021.webp,game_source/public/cast/v3/cv3_villain_021.webp,CAST_V3_ART_MANIFEST.csv row 178 / cast_v3_sheet_23:1,,cv3_villain_021.webp,cv3_villain_021.webp,cv3_villain_021.webp,5545d2301304dfd0e82168c8ed81be29effa6b42c1c72cea1647921b472b75ea,5545d2301304dfd0e82168c8ed81be29effa6b42c1c72cea1647921b472b75ea,21aa2ae1b34f4b5a,512,512,True,True,True,True,True,False,
cv3_villain_022,Rania L. Nasser,V3 pair closure,villain,shonen,horror,nordic,space,cast/v3/cv3_villain_022.webp,game_source/public/cast/v3/cv3_villain_022.webp,CAST_V3_ART_MANIFEST.csv row 179 / cast_v3_sheet_23:2,,cv3_villain_022.webp,cv3_villain_022.webp,cv3_villain_022.webp,f566fd4a5c766e2f4efa1fbe1c6e7beefcedbfb6f9446e158b6c3faff06463fe,f566fd4a5c766e2f4efa1fbe1c6e7beefcedbfb6f9446e158b6c3faff06463fe,27bc8e0d3d8798a2,512,512,True,True,True,True,True,False,
cv3_villain_023,Lukasz L. Kowalski,V3 pair closure,villain,shonen,samurai,horror,survival,cast/v3/cv3_villain_023.webp,game_source/public/cast/v3/cv3_villain_023.webp,CAST_V3_ART_MANIFEST.csv row 180 / cast_v3_sheet_23:3,,cv3_villain_023.webp,cv3_villain_023.webp,cv3_villain_023.webp,e81f303e2e5ac3f51bf773d1d53c3495828b1fbd5b53d00d9c4654d2c61b2c3f,e81f303e2e5ac3f51bf773d1d53c3495828b1fbd5b53d00d9c4654d2c61b2c3f,41d37265276e4a4b,512,512,True,True,True,True,True,False,
cv3_villain_024,Sana L. Khan,V3 pair closure,villain,shonen,supernatural,idol,isekai,cast/v3/cv3_villain_024.webp,game_source/public/cast/v3/cv3_villain_024.webp,CAST_V3_ART_MANIFEST.csv row 181 / cast_v3_sheet_23:4,,cv3_villain_024.webp,cv3_villain_024.webp,cv3_villain_024.webp,273fbb0843b8cca0dfd60d21f34cce34647d526f4042c0e27c18f9ee5a25b009,273fbb0843b8cca0dfd60d21f34cce34647d526f4042c0e27c18f9ee5a25b009,3db4e999724d5a04,512,512,True,True,True,True,True,False,
cv3_villain_025,Paolo L. Santos,V3 pair closure,villain,shonen,idol,magical,mythology,cast/v3/cv3_villain_025.webp,game_source/public/cast/v3/cv3_villain_025.webp,CAST_V3_ART_MANIFEST.csv row 182 / cast_v3_sheet_23:5,,cv3_villain_025.webp,cv3_villain_025.webp,cv3_villain_025.webp,72fbc0376b6131042c4edcf948f0d92c54ee6b64191dd752feb232e510d17491,72fbc0376b6131042c4edcf948f0d92c54ee6b64191dd752feb232e510d17491,37eb6d7612160ce0,512,512,True,True,True,True,True,False,
cv3_villain_026,Wanjiku L. Njoroge,V3 pair closure,villain,shonen,samurai,idol,space,cast/v3/cv3_villain_026.webp,game_source/public/cast/v3/cv3_villain_026.webp,CAST_V3_ART_MANIFEST.csv row 183 / cast_v3_sheet_23:6,,cv3_villain_026.webp,cv3_villain_026.webp,cv3_villain_026.webp,88bc54c9b9ff94d4da236e7afd47c29f7670b575180122d859494297a7f3926c,88bc54c9b9ff94d4da236e7afd47c29f7670b575180122d859494297a7f3926c,29b12b2ebac356a4,512,512,True,True,True,True,True,False,
cv3_villain_027,Malik L. Sarr,V3 pair closure,villain,shojo,slice,isekai,martial,cast/v3/cv3_villain_027.webp,game_source/public/cast/v3/cv3_villain_027.webp,CAST_V3_ART_MANIFEST.csv row 184 / cast_v3_sheet_23:7,,cv3_villain_027.webp,cv3_villain_027.webp,cv3_villain_027.webp,59804fde779836e958be1f2f33bf2802f514cb5a89b2f7c12c71d1984600ccbd,59804fde779836e958be1f2f33bf2802f514cb5a89b2f7c12c71d1984600ccbd,31b0e2028fdeb6a9,512,512,True,True,True,True,True,False,
cv3_villain_028,Misaki L. Fujimori,V3 pair closure,villain,shojo,isekai,mystery,nordic,cast/v3/cv3_villain_028.webp,game_source/public/cast/v3/cv3_villain_028.webp,CAST_V3_ART_MANIFEST.csv row 185 / cast_v3_sheet_23:8,,cv3_villain_028.webp,cv3_villain_028.webp,cv3_villain_028.webp,f0edc29cc87bbf92f51a5132b6d0da0fa1ef45afd01ebee41eed85be715736cf,f0edc29cc87bbf92f51a5132b6d0da0fa1ef45afd01ebee41eed85be715736cf,2bc7c62f6c991a18,512,512,True,True,True,True,True,False,
cv3_villain_029,Kwame L. Owusu,V3 pair closure,villain,shojo,mythology,romance,isekai,cast/v3/cv3_villain_029.webp,game_source/public/cast/v3/cv3_villain_029.webp,CAST_V3_ART_MANIFEST.csv row 186 / cast_v3_sheet_24:1,,cv3_villain_029.webp,cv3_villain_029.webp,cv3_villain_029.webp,a75b3cdbbf5651396453d537413d487f49c69facb6a568855681affa8075ea89,a75b3cdbbf5651396453d537413d487f49c69facb6a568855681affa8075ea89,26b7acc4e2d8589a,512,512,True,True,True,True,True,False,
cv3_villain_030,Orla L. Doyle,V3 pair closure,villain,shojo,samurai,isekai,mythology,cast/v3/cv3_villain_030.webp,game_source/public/cast/v3/cv3_villain_030.webp,CAST_V3_ART_MANIFEST.csv row 187 / cast_v3_sheet_24:2,,cv3_villain_030.webp,cv3_villain_030.webp,cv3_villain_030.webp,690f11fd43925a83b271c7485e1ebe5648bf3d8f245dcf33583fce55188a2100,690f11fd43925a83b271c7485e1ebe5648bf3d8f245dcf33583fce55188a2100,2c8d2e24330df8dd,512,512,True,True,True,True,True,False,
cv3_villain_031,Arjun L. Iyer,V3 pair closure,villain,shojo,isekai,pirate,space,cast/v3/cv3_villain_031.webp,game_source/public/cast/v3/cv3_villain_031.webp,CAST_V3_ART_MANIFEST.csv row 188 / cast_v3_sheet_24:3,,cv3_villain_031.webp,cv3_villain_031.webp,cv3_villain_031.webp,40b246de1d38fad1787410895757a22939b553601c681183f039a2b03d6d6913,40b246de1d38fad1787410895757a22939b553601c681183f039a2b03d6d6913,21a4e1a78e8a1ede,512,512,True,True,True,True,True,False,
cv3_villain_032,Sumin L. Han,V3 pair closure,villain,shojo,shinobi,isekai,sports,cast/v3/cv3_villain_032.webp,game_source/public/cast/v3/cv3_villain_032.webp,CAST_V3_ART_MANIFEST.csv row 189 / cast_v3_sheet_24:4,,cv3_villain_032.webp,cv3_villain_032.webp,cv3_villain_032.webp,7dc88e36dd7a155c494144836579e0f953291a532bdee75a223612936b074506,7dc88e36dd7a155c494144836579e0f953291a532bdee75a223612936b074506,1d98f0b3b2cc8595,512,512,True,True,True,True,True,False,
cv3_villain_033,Emeka L. Obi,V3 pair closure,villain,shojo,samurai,magical,martial,cast/v3/cv3_villain_033.webp,game_source/public/cast/v3/cv3_villain_033.webp,CAST_V3_ART_MANIFEST.csv row 190 / cast_v3_sheet_24:5,,cv3_villain_033.webp,cv3_villain_033.webp,cv3_villain_033.webp,80a3b123accee7ff1b4aec098c047e6879ad0569ce493756f43fad2595ff26fd,80a3b123accee7ff1b4aec098c047e6879ad0569ce493756f43fad2595ff26fd,23e7023d7df0828b,512,512,True,True,True,True,True,False,
cv3_villain_034,Linnea L. Berg,V3 pair closure,villain,shojo,magical,pirate,romance,cast/v3/cv3_villain_034.webp,game_source/public/cast/v3/cv3_villain_034.webp,CAST_V3_ART_MANIFEST.csv row 191 / cast_v3_sheet_24:6,,cv3_villain_034.webp,cv3_villain_034.webp,cv3_villain_034.webp,a5f75bbcfbd2d1e7a5a0b81df77ada87f69183a5842be1ef76bd0281b3103dfe,a5f75bbcfbd2d1e7a5a0b81df77ada87f69183a5842be1ef76bd0281b3103dfe,499c59c33932ccf8,512,512,True,True,True,True,True,False,
cv3_villain_035,Mateo L. Torres,V3 pair closure,villain,shojo,shinobi,magical,pirate,cast/v3/cv3_villain_035.webp,game_source/public/cast/v3/cv3_villain_035.webp,CAST_V3_ART_MANIFEST.csv row 192 / cast_v3_sheet_24:7,,cv3_villain_035.webp,cv3_villain_035.webp,cv3_villain_035.webp,01962529c43267490141cd43eb668ffef381fba5b2c2daa081be4975c329a491,01962529c43267490141cd43eb668ffef381fba5b2c2daa081be4975c329a491,37e3c266872e205d,512,512,True,True,True,True,True,False,
cv3_villain_036,Lian L. Lin,V3 pair closure,villain,shojo,supernatural,magical,space,cast/v3/cv3_villain_036.webp,game_source/public/cast/v3/cv3_villain_036.webp,CAST_V3_ART_MANIFEST.csv row 193 / cast_v3_sheet_24:8,,cv3_villain_036.webp,cv3_villain_036.webp,cv3_villain_036.webp,a043ec2ccfdedaa8eb9bd6789d2cbcf8714e98d15690f70b333846d84f891523,a043ec2ccfdedaa8eb9bd6789d2cbcf8714e98d15690f70b333846d84f891523,1b60e6a7224c9d9b,512,512,True,True,True,True,True,False,
cv3_villain_037,Nadim M. Haddad,V3 pair closure,villain,shojo,mecha,martial,mythology,cast/v3/cv3_villain_037.webp,game_source/public/cast/v3/cv3_villain_037.webp,CAST_V3_ART_MANIFEST.csv row 194 / cast_v3_sheet_25:1,,cv3_villain_037.webp,cv3_villain_037.webp,cv3_villain_037.webp,63094cbb71371a2e7edcb59d1ff213a3632562cb1942e3cd06555f4499bcbeb7,63094cbb71371a2e7edcb59d1ff213a3632562cb1942e3cd06555f4499bcbeb7,2cc04373a29edc5b,512,512,True,True,True,True,True,False,
cv3_villain_038,Zofia M. Nowak,V3 pair closure,villain,shojo,nordic,survival,martial,cast/v3/cv3_villain_038.webp,game_source/public/cast/v3/cv3_villain_038.webp,CAST_V3_ART_MANIFEST.csv row 195 / cast_v3_sheet_25:2,,cv3_villain_038.webp,cv3_villain_038.webp,cv3_villain_038.webp,2e4ff79f74228c717606564d4b81408d9eb59801ced3d3f58f376d81d4569bdd,2e4ff79f74228c717606564d4b81408d9eb59801ced3d3f58f376d81d4569bdd,34d3c1e6b30d948d,512,512,True,True,True,True,True,False,
cv3_villain_039,Aamir M. Malik,V3 pair closure,villain,shojo,mecha,mystery,nordic,cast/v3/cv3_villain_039.webp,game_source/public/cast/v3/cv3_villain_039.webp,CAST_V3_ART_MANIFEST.csv row 196 / cast_v3_sheet_25:3,,cv3_villain_039.webp,cv3_villain_039.webp,cv3_villain_039.webp,477789d4b501d0d64d2c92129ba7dc25ca6c6933a5dbd14648fa967f9bdff88a,477789d4b501d0d64d2c92129ba7dc25ca6c6933a5dbd14648fa967f9bdff88a,1dc363d64285ecb8,512,512,True,True,True,True,True,False,
cv3_villain_040,Amihan M. Reyes,V3 pair closure,villain,shojo,mecha,samurai,pirate,cast/v3/cv3_villain_040.webp,game_source/public/cast/v3/cv3_villain_040.webp,CAST_V3_ART_MANIFEST.csv row 197 / cast_v3_sheet_25:4,,cv3_villain_040.webp,cv3_villain_040.webp,cv3_villain_040.webp,68a268baeeb4cf1364cb462d7df212be0b58c41de7a68cfff851834b26537e9d,68a268baeeb4cf1364cb462d7df212be0b58c41de7a68cfff851834b26537e9d,30d31392b78d89d9,512,512,True,True,True,True,True,False,
cv3_villain_041,Kamau M. Mwangi,V3 pair closure,villain,shojo,mecha,shinobi,romance,cast/v3/cv3_villain_041.webp,game_source/public/cast/v3/cv3_villain_041.webp,CAST_V3_ART_MANIFEST.csv row 198 / cast_v3_sheet_25:5,,cv3_villain_041.webp,cv3_villain_041.webp,cv3_villain_041.webp,ff2dc15aa4410e17eb7004740d7402a489d3db89b8517104e5822f2bfd6a2423,ff2dc15aa4410e17eb7004740d7402a489d3db89b8517104e5822f2bfd6a2423,24f1e4a473aaf258,512,512,True,True,True,True,True,False,
cv3_villain_042,Aminata M. Diop,V3 pair closure,villain,shojo,mecha,supernatural,survival,cast/v3/cv3_villain_042.webp,game_source/public/cast/v3/cv3_villain_042.webp,CAST_V3_ART_MANIFEST.csv row 199 / cast_v3_sheet_25:6,,cv3_villain_042.webp,cv3_villain_042.webp,cv3_villain_042.webp,7ea9de721eb1a9ddb8d7ba851bed0c9240efbc16469f4a892b0c0d5d44825beb,7ea9de721eb1a9ddb8d7ba851bed0c9240efbc16469f4a892b0c0d5d44825beb,35fa42a046aed8cd,512,512,True,True,True,True,True,False,
cv3_villain_043,Haruki M. Mizuhara,V3 pair closure,villain,shojo,military,mythology,space,cast/v3/cv3_villain_043.webp,game_source/public/cast/v3/cv3_villain_043.webp,CAST_V3_ART_MANIFEST.csv row 200 / cast_v3_sheet_25:7,,cv3_villain_043.webp,cv3_villain_043.webp,cv3_villain_043.webp,6de906d89ad2c4464e01cb18c1664bf0b8a439dcb4918763f0d1cdc7764c16da,6de906d89ad2c4464e01cb18c1664bf0b8a439dcb4918763f0d1cdc7764c16da,7149bf66072e2d42,512,512,True,True,True,True,True,False,
cv3_villain_044,Abena M. Mensah,V3 pair closure,villain,shojo,samurai,military,sports,cast/v3/cv3_villain_044.webp,game_source/public/cast/v3/cv3_villain_044.webp,CAST_V3_ART_MANIFEST.csv row 201 / cast_v3_sheet_25:8,,cv3_villain_044.webp,cv3_villain_044.webp,cv3_villain_044.webp,83c0e0802b37e276c20f2cd26b1c00fda5d403afa91c9ed69ca168447e7fcda4,83c0e0802b37e276c20f2cd26b1c00fda5d403afa91c9ed69ca168447e7fcda4,26e60c3cd60fda52,512,512,True,True,True,True,True,False,
cv3_villain_045,Cian M. Byrne,V3 pair closure,villain,shojo,shinobi,military,supernatural,cast/v3/cv3_villain_045.webp,game_source/public/cast/v3/cv3_villain_045.webp,CAST_V3_ART_MANIFEST.csv row 202 / cast_v3_sheet_26:1,,cv3_villain_045.webp,cv3_villain_045.webp,cv3_villain_045.webp,8bc44d5e2b484a81be3c9e103928ade5a75bcdcf0d1778b24a2f09078cedd1f8,8bc44d5e2b484a81be3c9e103928ade5a75bcdcf0d1778b24a2f09078cedd1f8,3183ede6e48a9998,512,512,True,True,True,True,True,False,
cv3_villain_046,Leela M. Rao,V3 pair closure,villain,shojo,samurai,shinobi,mystery,cast/v3/cv3_villain_046.webp,game_source/public/cast/v3/cv3_villain_046.webp,CAST_V3_ART_MANIFEST.csv row 203 / cast_v3_sheet_26:2,,cv3_villain_046.webp,cv3_villain_046.webp,cv3_villain_046.webp,4145d9ab51148f6f2719a78b89674a27826c2097513057de88c1de33152c08ec,4145d9ab51148f6f2719a78b89674a27826c2097513057de88c1de33152c08ec,25ea24a68c8dde93,512,512,True,True,True,True,True,False,
cv3_villain_047,Minjun M. Seo,V3 pair closure,villain,shojo,shinobi,mythology,nordic,cast/v3/cv3_villain_047.webp,game_source/public/cast/v3/cv3_villain_047.webp,CAST_V3_ART_MANIFEST.csv row 204 / cast_v3_sheet_26:3,,cv3_villain_047.webp,cv3_villain_047.webp,cv3_villain_047.webp,a784467c0cf753b1ce227234951dce8b0105a704e41f2ddc0b431184f8e46c69,a784467c0cf753b1ce227234951dce8b0105a704e41f2ddc0b431184f8e46c69,1ba6ccdd649192f0,512,512,True,True,True,True,True,False,
cv3_villain_048,Adaeze M. Okoye,V3 pair closure,villain,shojo,samurai,nordic,supernatural,cast/v3/cv3_villain_048.webp,game_source/public/cast/v3/cv3_villain_048.webp,CAST_V3_ART_MANIFEST.csv row 205 / cast_v3_sheet_26:4,,cv3_villain_048.webp,cv3_villain_048.webp,cv3_villain_048.webp,bbdd5465cef14364f602e26dd83b81a19052f3f3925a148fcc3ef9a25397b532,bbdd5465cef14364f602e26dd83b81a19052f3f3925a148fcc3ef9a25397b532,30b0aa9f0783ddf0,512,512,True,True,True,True,True,False,
cv3_villain_049,Elias M. Lind,V3 pair closure,villain,shojo,nordic,slice,sports,cast/v3/cv3_villain_049.webp,game_source/public/cast/v3/cv3_villain_049.webp,CAST_V3_ART_MANIFEST.csv row 206 / cast_v3_sheet_26:5,,cv3_villain_049.webp,cv3_villain_049.webp,cv3_villain_049.webp,9fbfd965f48fd6d1d5b88b4f5f485ebdad5ca9668a2fb88090a05203ffb91f09,9fbfd965f48fd6d1d5b88b4f5f485ebdad5ca9668a2fb88090a05203ffb91f09,74859ff103a2ad89,512,512,True,True,True,True,True,False,
cv3_villain_050,Lucia M. Vega,V3 pair closure,villain,shojo,shinobi,slice,space,cast/v3/cv3_villain_050.webp,game_source/public/cast/v3/cv3_villain_050.webp,CAST_V3_ART_MANIFEST.csv row 207 / cast_v3_sheet_26:6,,cv3_villain_050.webp,cv3_villain_050.webp,cv3_villain_050.webp,2bf312169f6332b71b69d987929fe0301dcff8418b86c762abbbacb29140bbea,2bf312169f6332b71b69d987929fe0301dcff8418b86c762abbbacb29140bbea,25b086a6a60f9fd8,512,512,True,True,True,True,True,False,
cv3_villain_051,Jian M. Zhou,V3 pair closure,villain,shojo,survival,space,sports,cast/v3/cv3_villain_051.webp,game_source/public/cast/v3/cv3_villain_051.webp,CAST_V3_ART_MANIFEST.csv row 208 / cast_v3_sheet_26:7,,cv3_villain_051.webp,cv3_villain_051.webp,cv3_villain_051.webp,d48f81e252e1da2b87df154124039800f9337021c5bf3439f9a936d94015117d,d48f81e252e1da2b87df154124039800f9337021c5bf3439f9a936d94015117d,04be767051a935d3,512,512,True,True,True,True,True,False,
cv3_villain_052,Simone M. Campbell,V3 pair closure,villain,shojo,samurai,shinobi,martial,cast/v3/cv3_villain_052.webp,game_source/public/cast/v3/cv3_villain_052.webp,CAST_V3_ART_MANIFEST.csv row 209 / cast_v3_sheet_26:8,,cv3_villain_052.webp,cv3_villain_052.webp,cv3_villain_052.webp,c875cdfaac5bb86a7ae2ae62799b5f0910ea166e9eb5db276eb3e2dbdf4815bc,c875cdfaac5bb86a7ae2ae62799b5f0910ea166e9eb5db276eb3e2dbdf4815bc,65e326b4c8a5d515,512,512,True,True,True,True,True,False,
cv3_lead_053,Ayo Nakamura,V3 pair closure,protag,shonen,mecha,sports,shinobi,cast/v3/cv3_lead_053.webp,game_source/public/cast/v3/cv3_lead_053.webp,CAST_V3_ART_MANIFEST.csv row 210 / cast_v3_sheet_27:1,,cv3_lead_053.webp,cv3_lead_053.webp,cv3_lead_053.webp,b22d4ca35c4af96731b16d01db43a949a2430d9efd5d29cfbb91bc5d2aa4a220,b22d4ca35c4af96731b16d01db43a949a2430d9efd5d29cfbb91bc5d2aa4a220,741ca4797af019a3,512,512,True,True,True,True,True,False,
cv3_lead_054,Marisol Chen,V3 pair closure,protag,shonen,isekai,slice,sports,cast/v3/cv3_lead_054.webp,game_source/public/cast/v3/cv3_lead_054.webp,CAST_V3_ART_MANIFEST.csv row 211 / cast_v3_sheet_27:2,,cv3_lead_054.webp,cv3_lead_054.webp,cv3_lead_054.webp,cb4b9253f098c4b4fe829fde6de712b0cec669a902973c5cb9c678671721f181,cb4b9253f098c4b4fe829fde6de712b0cec669a902973c5cb9c678671721f181,179d30c42c9b4ae7,512,512,True,True,True,True,True,False,
cv3_lead_055,Daniel Okoye,V3 pair closure,protag,shonen,slice,mystery,supernatural,cast/v3/cv3_lead_055.webp,game_source/public/cast/v3/cv3_lead_055.webp,CAST_V3_ART_MANIFEST.csv row 212 / cast_v3_sheet_27:3,,cv3_lead_055.webp,cv3_lead_055.webp,cv3_lead_055.webp,be6cc04507bb60d6c2fc4342ab8435e575e1c576153e6eb765852dc2fb7ded3a,be6cc04507bb60d6c2fc4342ab8435e575e1c576153e6eb765852dc2fb7ded3a,35b5f504d426d98a,512,512,True,True,True,True,True,False,
cv3_lead_056,Priya Nair,V3 pair closure,protag,shonen,romance,mythology,shinobi,cast/v3/cv3_lead_056.webp,game_source/public/cast/v3/cv3_lead_056.webp,CAST_V3_ART_MANIFEST.csv row 213 / cast_v3_sheet_27:4,,cv3_lead_056.webp,cv3_lead_056.webp,cv3_lead_056.webp,c557e10b919e7eda88f7b2f9feef3ebd987a8d41a6d45777391f3e17012cf038,c557e10b919e7eda88f7b2f9feef3ebd987a8d41a6d45777391f3e17012cf038,343407f793584cc7,512,512,True,True,True,True,True,False,
cv3_lead_057,Elena Park,V3 pair closure,protag,shojo,mecha,space,cyber,cast/v3/cv3_lead_057.webp,game_source/public/cast/v3/cv3_lead_057.webp,CAST_V3_ART_MANIFEST.csv row 214 / cast_v3_sheet_27:5,,cv3_lead_057.webp,cv3_lead_057.webp,cv3_lead_057.webp,9206b2309523d11c860fb27d378959f1e82ee1303fff7c55878b4887e6e5c062,9206b2309523d11c860fb27d378959f1e82ee1303fff7c55878b4887e6e5c062,0ee051efa78f4c50,512,512,True,True,True,True,True,False,
cv3_lead_058,Malik Adeyemi,V3 pair closure,protag,shojo,isekai,supernatural,cyber,cast/v3/cv3_lead_058.webp,game_source/public/cast/v3/cv3_lead_058.webp,CAST_V3_ART_MANIFEST.csv row 215 / cast_v3_sheet_27:6,,cv3_lead_058.webp,cv3_lead_058.webp,cv3_lead_058.webp,ff27f225c4229b8ace066245bf78df7d20f446dfaa4169a630adc2ce9587bc94,ff27f225c4229b8ace066245bf78df7d20f446dfaa4169a630adc2ce9587bc94,3dd89c4d4aa66546,512,512,True,True,True,True,True,False,
cv3_lead_059,Tomás Akiyama,V3 pair closure,protag,shojo,sports,comedy,pirate,cast/v3/cv3_lead_059.webp,game_source/public/cast/v3/cv3_lead_059.webp,CAST_V3_ART_MANIFEST.csv row 216 / cast_v3_sheet_27:7,,cv3_lead_059.webp,cv3_lead_059.webp,cv3_lead_059.webp,25cbb8a203b7fab19229fc6d2cfe18e5cee83d3cd0aedc9e82af67fef9f6890c,25cbb8a203b7fab19229fc6d2cfe18e5cee83d3cd0aedc9e82af67fef9f6890c,2f75904ae6986ca6,512,512,True,True,True,True,True,False,
cv3_lead_060,Léa Mensah,V3 pair closure,protag,shojo,fantasy,comedy,supernatural,cast/v3/cv3_lead_060.webp,game_source/public/cast/v3/cv3_lead_060.webp,CAST_V3_ART_MANIFEST.csv row 217 / cast_v3_sheet_27:8,,cv3_lead_060.webp,cv3_lead_060.webp,cv3_lead_060.webp,bf0141c4a5211bd918a90ec514b4a30db15a3be980f65d070b15030251f03628,bf0141c4a5211bd918a90ec514b4a30db15a3be980f65d070b15030251f03628,314970c7e47acae1,512,512,True,True,True,True,True,False,
cv3_sidekick_053,Eirik Sato,V3 pair closure,secondary,shonen,mecha,nordic,samurai,cast/v3/cv3_sidekick_053.webp,game_source/public/cast/v3/cv3_sidekick_053.webp,CAST_V3_ART_MANIFEST.csv row 218 / cast_v3_sheet_28:1,,cv3_sidekick_053.webp,cv3_sidekick_053.webp,cv3_sidekick_053.webp,77a2980ec6cd5f85e591ff869e9e1e673138544715e7765757d716dfe2530fcc,77a2980ec6cd5f85e591ff869e9e1e673138544715e7765757d716dfe2530fcc,2395a6963c98d9ca,512,512,True,True,True,True,True,False,
cv3_sidekick_054,Zainab Rahman,V3 pair closure,secondary,shonen,isekai,mythology,nordic,cast/v3/cv3_sidekick_054.webp,game_source/public/cast/v3/cv3_sidekick_054.webp,CAST_V3_ART_MANIFEST.csv row 219 / cast_v3_sheet_28:2,,cv3_sidekick_054.webp,cv3_sidekick_054.webp,cv3_sidekick_054.webp,fbe975d9e1fec2479a6b0d3ffbbde53f7a14ad4babd69a72c8fabf4dadb0e19a,fbe975d9e1fec2479a6b0d3ffbbde53f7a14ad4babd69a72c8fabf4dadb0e19a,34d0daeacb968784,512,512,True,True,True,True,True,False,
cv3_sidekick_055,Camila Mori,V3 pair closure,secondary,shonen,mystery,magical,samurai,cast/v3/cv3_sidekick_055.webp,game_source/public/cast/v3/cv3_sidekick_055.webp,CAST_V3_ART_MANIFEST.csv row 220 / cast_v3_sheet_28:3,,cv3_sidekick_055.webp,cv3_sidekick_055.webp,cv3_sidekick_055.webp,60b55b9100d444c6d9aace946adc84cfbb5246405a1ccf0fb1122263bbd344b8,60b55b9100d444c6d9aace946adc84cfbb5246405a1ccf0fb1122263bbd344b8,79ec0e334c16c9f0,512,512,True,True,True,True,True,False,
cv3_sidekick_056,Mikkel Okafor,V3 pair closure,secondary,shonen,supernatural,nordic,shinobi,cast/v3/cv3_sidekick_056.webp,game_source/public/cast/v3/cv3_sidekick_056.webp,CAST_V3_ART_MANIFEST.csv row 221 / cast_v3_sheet_28:4,,cv3_sidekick_056.webp,cv3_sidekick_056.webp,cv3_sidekick_056.webp,24ef33654cbec0d46d2e04d81a4c1bd12e1462f32092898dbce24e691b52d892,24ef33654cbec0d46d2e04d81a4c1bd12e1462f32092898dbce24e691b52d892,24b7522d6b9669c8,512,512,True,True,True,True,True,False,
cv3_sidekick_057,Nia Seo,V3 pair closure,secondary,shojo,horror,cyber,shinobi,cast/v3/cv3_sidekick_057.webp,game_source/public/cast/v3/cv3_sidekick_057.webp,CAST_V3_ART_MANIFEST.csv row 222 / cast_v3_sheet_28:5,,cv3_sidekick_057.webp,cv3_sidekick_057.webp,cv3_sidekick_057.webp,5b3382f82f444093ccedec7f0795ea0331bd2248c6978ee510c8a9ae22dba3a4,5b3382f82f444093ccedec7f0795ea0331bd2248c6978ee510c8a9ae22dba3a4,1d9e76b1b184c685,512,512,True,True,True,True,True,False,
cv3_sidekick_058,Amara Singh,V3 pair closure,secondary,shojo,cyber,fantasy,martial,cast/v3/cv3_sidekick_058.webp,game_source/public/cast/v3/cv3_sidekick_058.webp,CAST_V3_ART_MANIFEST.csv row 223 / cast_v3_sheet_28:6,,cv3_sidekick_058.webp,cv3_sidekick_058.webp,cv3_sidekick_058.webp,2a19ecf130c5f41178e43d945704b20de9c9a1609fa1be3be9c03b247bad439b,2a19ecf130c5f41178e43d945704b20de9c9a1609fa1be3be9c03b247bad439b,3438c361cf66d6c4,512,512,True,True,True,True,True,False,
cv3_sidekick_059,Kenji Alvarez,V3 pair closure,secondary,shojo,cyber,cooking,samurai,cast/v3/cv3_sidekick_059.webp,game_source/public/cast/v3/cv3_sidekick_059.webp,CAST_V3_ART_MANIFEST.csv row 224 / cast_v3_sheet_28:7,,cv3_sidekick_059.webp,cv3_sidekick_059.webp,cv3_sidekick_059.webp,d0766fcf54010de8e92a768ee236772aa64e661ce3df8ff0b459e42f7b4ae122,d0766fcf54010de8e92a768ee236772aa64e661ce3df8ff0b459e42f7b4ae122,36a6b828292fe6e8,512,512,True,True,True,True,True,False,
cv3_sidekick_060,Noah Adeyemi,V3 pair closure,secondary,shojo,cooking,supernatural,martial,cast/v3/cv3_sidekick_060.webp,game_source/public/cast/v3/cv3_sidekick_060.webp,CAST_V3_ART_MANIFEST.csv row 225 / cast_v3_sheet_28:8,,cv3_sidekick_060.webp,cv3_sidekick_060.webp,cv3_sidekick_060.webp,66e671114e6f08a888f3da7b8a9dd81336d79a4fb37844b664fbefb355b012ce,66e671114e6f08a888f3da7b8a9dd81336d79a4fb37844b664fbefb355b012ce,3163563220d69b77,512,512,True,True,True,True,True,False,
cv3_mascot_053,Luma,V3 pair closure,pet,shonen,space,supernatural,romance,cast/v3/cv3_mascot_053.webp,game_source/public/cast/v3/cv3_mascot_053.webp,CAST_V3_ART_MANIFEST.csv row 226 / cast_v3_sheet_29:1,,cv3_mascot_053.webp,cv3_mascot_053.webp,cv3_mascot_053.webp,496500a62b4c82707ead3ca9aeb071f475fac20f0eb755f8bf0998256e637d19,496500a62b4c82707ead3ca9aeb071f475fac20f0eb755f8bf0998256e637d19,41327a3f9acd0b86,512,512,True,True,True,True,True,False,
cv3_mascot_054,Tundra,V3 pair closure,pet,shonen,isekai,nordic,shinobi,cast/v3/cv3_mascot_054.webp,game_source/public/cast/v3/cv3_mascot_054.webp,CAST_V3_ART_MANIFEST.csv row 227 / cast_v3_sheet_29:2,,cv3_mascot_054.webp,cv3_mascot_054.webp,cv3_mascot_054.webp,952fba64e02d161863c35cde6609ec6a6089e96c73ca86caba4f07f85c8d2571,952fba64e02d161863c35cde6609ec6a6089e96c73ca86caba4f07f85c8d2571,0a3837783c4e09fd,512,512,True,True,True,True,True,False,
cv3_mascot_055,Koru,V3 pair closure,pet,shonen,mythology,supernatural,nordic,cast/v3/cv3_mascot_055.webp,game_source/public/cast/v3/cv3_mascot_055.webp,CAST_V3_ART_MANIFEST.csv row 228 / cast_v3_sheet_29:3,,cv3_mascot_055.webp,cv3_mascot_055.webp,cv3_mascot_055.webp,f530f09587b48486eb3833d99b9563e5b563c09f761d3346a08b3af5cfdfc45b,f530f09587b48486eb3833d99b9563e5b563c09f761d3346a08b3af5cfdfc45b,0ed388cb5c7f2170,512,512,True,True,True,True,True,False,
cv3_mascot_056,Boltle,V3 pair closure,pet,shonen,mecha,samurai,shinobi,cast/v3/cv3_mascot_056.webp,game_source/public/cast/v3/cv3_mascot_056.webp,CAST_V3_ART_MANIFEST.csv row 229 / cast_v3_sheet_29:4,,cv3_mascot_056.webp,cv3_mascot_056.webp,cv3_mascot_056.webp,f5747d865f666da58d1a0dad21c638fec7f841a31f534390433565628dc5d74d,f5747d865f666da58d1a0dad21c638fec7f841a31f534390433565628dc5d74d,2a0a8e7e9a415977,512,512,True,True,True,True,True,False,
cv3_mascot_057,Rook,V3 pair closure,pet,shojo,horror,martial,nordic,cast/v3/cv3_mascot_057.webp,game_source/public/cast/v3/cv3_mascot_057.webp,CAST_V3_ART_MANIFEST.csv row 230 / cast_v3_sheet_29:5,,cv3_mascot_057.webp,cv3_mascot_057.webp,cv3_mascot_057.webp,87de7dfe0523e6edd9653691c404ffb1b3d60dff3a179f9a42e29e099ad176c2,87de7dfe0523e6edd9653691c404ffb1b3d60dff3a179f9a42e29e099ad176c2,07472d7bc6905ca3,512,512,True,True,True,True,True,False,
cv3_mascot_058,Pippa,V3 pair closure,pet,shojo,comedy,magical,mythology,cast/v3/cv3_mascot_058.webp,game_source/public/cast/v3/cv3_mascot_058.webp,CAST_V3_ART_MANIFEST.csv row 231 / cast_v3_sheet_29:6,,cv3_mascot_058.webp,cv3_mascot_058.webp,cv3_mascot_058.webp,48b6ec22eea50ec0590e142684cebeb1507c5e02c1ff7012ea3b58d34104544f,48b6ec22eea50ec0590e142684cebeb1507c5e02c1ff7012ea3b58d34104544f,0fae7a4519683b62,512,512,True,True,True,True,True,False,
cv3_mascot_059,Mikan,V3 pair closure,pet,shojo,comedy,samurai,shinobi,cast/v3/cv3_mascot_059.webp,game_source/public/cast/v3/cv3_mascot_059.webp,CAST_V3_ART_MANIFEST.csv row 232 / cast_v3_sheet_29:7,,cv3_mascot_059.webp,cv3_mascot_059.webp,cv3_mascot_059.webp,f3c16a2f7227ea298db55b46d36c80860b2c6a4b683442ca4b438ceaa8c6a039,f3c16a2f7227ea298db55b46d36c80860b2c6a4b683442ca4b438ceaa8c6a039,3ddd8e6091e017aa,512,512,True,True,True,True,True,False,
cv3_mascot_060,Vela,V3 pair closure,pet,shojo,cyber,fantasy,shinobi,cast/v3/cv3_mascot_060.webp,game_source/public/cast/v3/cv3_mascot_060.webp,CAST_V3_ART_MANIFEST.csv row 233 / cast_v3_sheet_29:8,,cv3_mascot_060.webp,cv3_mascot_060.webp,cv3_mascot_060.webp,e33f62740309c234db60f9aeb991c07dc045b9944707e5d2a005e2da22796e36,e33f62740309c234db60f9aeb991c07dc045b9944707e5d2a005e2da22796e36,7440061f7825ffc9,512,512,True,True,True,True,True,False,
cv3_villain_053,Brigadier Astrid Cole,V3 pair closure,villain,shonen,military,nordic,samurai,cast/v3/cv3_villain_053.webp,game_source/public/cast/v3/cv3_villain_053.webp,CAST_V3_ART_MANIFEST.csv row 234 / cast_v3_sheet_30:1,,cv3_villain_053.webp,cv3_villain_053.webp,cv3_villain_053.webp,f9d3ae492e179f5b00965a57dd8af17380db6061aebd189c20f083ba3ea92d50,f9d3ae492e179f5b00965a57dd8af17380db6061aebd189c20f083ba3ea92d50,2b9e88556975c915,512,512,True,True,True,True,True,False,
cv3_villain_054,Mara Vélez,V3 pair closure,villain,shonen,romance,sports,shinobi,cast/v3/cv3_villain_054.webp,game_source/public/cast/v3/cv3_villain_054.webp,CAST_V3_ART_MANIFEST.csv row 235 / cast_v3_sheet_30:2,,cv3_villain_054.webp,cv3_villain_054.webp,cv3_villain_054.webp,90d2c30ac0a11ef70556dd0b23e9cb8a9a2b364c3a6f88bb812845554a56e962,90d2c30ac0a11ef70556dd0b23e9cb8a9a2b364c3a6f88bb812845554a56e962,3014e7f062fa586d,512,512,True,True,True,True,True,False,
cv3_villain_055,Silas Green,V3 pair closure,villain,shonen,slice,supernatural,isekai,cast/v3/cv3_villain_055.webp,game_source/public/cast/v3/cv3_villain_055.webp,CAST_V3_ART_MANIFEST.csv row 236 / cast_v3_sheet_30:3,,cv3_villain_055.webp,cv3_villain_055.webp,cv3_villain_055.webp,c4b8aa44e9ab5f5b8292d13127abf962bbaf6d94ac0e095a45387fd85f153c11,c4b8aa44e9ab5f5b8292d13127abf962bbaf6d94ac0e095a45387fd85f153c11,5ad27301cc1be3c3,512,512,True,True,True,True,True,False,
cv3_villain_056,Daichi Mensah,V3 pair closure,villain,shonen,mecha,samurai,shinobi,cast/v3/cv3_villain_056.webp,game_source/public/cast/v3/cv3_villain_056.webp,CAST_V3_ART_MANIFEST.csv row 237 / cast_v3_sheet_30:4,,cv3_villain_056.webp,cv3_villain_056.webp,cv3_villain_056.webp,a145a63b9426206b298860a4bad800111d4510a6e9878b65e227bf5413b561d1,a145a63b9426206b298860a4bad800111d4510a6e9878b65e227bf5413b561d1,3fb494d1f0b0a49c,512,512,True,True,True,True,True,False,
cv3_villain_057,Colonel Ingrid Bekele,V3 pair closure,villain,shojo,horror,military,nordic,cast/v3/cv3_villain_057.webp,game_source/public/cast/v3/cv3_villain_057.webp,CAST_V3_ART_MANIFEST.csv row 238 / cast_v3_sheet_30:5,,cv3_villain_057.webp,cv3_villain_057.webp,cv3_villain_057.webp,4b8ac20c60907769028fe30385007e341f3303e564ffa8e3197dcc520f617ce5,4b8ac20c60907769028fe30385007e341f3303e564ffa8e3197dcc520f617ce5,36df4f2530510b96,512,512,True,True,True,True,True,False,
cv3_villain_058,Rafael Okoye,V3 pair closure,villain,shojo,cyber,military,survival,cast/v3/cv3_villain_058.webp,game_source/public/cast/v3/cv3_villain_058.webp,CAST_V3_ART_MANIFEST.csv row 239 / cast_v3_sheet_30:6,,cv3_villain_058.webp,cv3_villain_058.webp,cv3_villain_058.webp,6a6bf23c86d8cf3abca628ed65f4a66c02d99043662c945a5b1b499b60cd3e8a,6a6bf23c86d8cf3abca628ed65f4a66c02d99043662c945a5b1b499b60cd3e8a,2557b6ca027a25f1,512,512,True,True,True,True,True,False,
cv3_villain_059,Nadiya Sokolova,V3 pair closure,villain,shojo,fantasy,pirate,military,cast/v3/cv3_villain_059.webp,game_source/public/cast/v3/cv3_villain_059.webp,CAST_V3_ART_MANIFEST.csv row 240 / cast_v3_sheet_30:7,,cv3_villain_059.webp,cv3_villain_059.webp,cv3_villain_059.webp,bfde4a8cfb5550c5cdac3eedc8312c18bb5b32ead7d8e93fe2ccff8bfed6dd2b,bfde4a8cfb5550c5cdac3eedc8312c18bb5b32ead7d8e93fe2ccff8bfed6dd2b,24b21b2b4fe60c1f,512,512,True,True,True,True,True,False,
cv3_villain_060,Masato Reed,V3 pair closure,villain,shojo,fantasy,samurai,shinobi,cast/v3/cv3_villain_060.webp,game_source/public/cast/v3/cv3_villain_060.webp,CAST_V3_ART_MANIFEST.csv row 241 / cast_v3_sheet_30:8,,cv3_villain_060.webp,cv3_villain_060.webp,cv3_villain_060.webp,c88c873fb651564c3a3cf22a1f457005c88e8748c9a535b2f8ade371c1e54f6b,c88c873fb651564c3a3cf22a1f457005c88e8748c9a535b2f8ade371c1e54f6b,32b3929abca4ad86,512,512,True,True,True,True,True,False,vg_lead_shonen_martial
v4_lead_shonen_001,Matteo Valente,V4,protag,shonen,mecha,isekai,samurai,cast/v4/v4_lead_shonen_001.webp,game_source/art_src/cast_v4_upload_staging/batch_01_001-080/001__v4_lead_shonen_001.png,CAST_V4_FINAL_ART_MAP.csv batch_01_001-080/001__v4_lead_shonen_001.png,,001__v4_lead_shonen_001.png,v4_lead_shonen_001.webp,v4_lead_shonen_001.webp,59067af30623aa356b211ed17065f9acb08b5a0a067e2e153c83f9403f301522,d95d9ca630b8fa849959254d376192ca3a72ffabd4cf8ed4db87bb6a47a61225,34e1526b4b569aa9,512,512,True,True,True,True,True,False,
v4_lead_shonen_002,Nadira Permana,V4,protag,shonen,mecha,romance,supernatural,cast/v4/v4_lead_shonen_002.webp,game_source/art_src/cast_v4_upload_staging/batch_01_001-080/002__v4_lead_shonen_002.png,CAST_V4_FINAL_ART_MAP.csv batch_01_001-080/002__v4_lead_shonen_002.png,,002__v4_lead_shonen_002.png,v4_lead_shonen_002.webp,v4_lead_shonen_002.webp,3470112dcf2b210c7b5f7000ec5c86cb44e882881f135cd56831812a5349f4f8,ed1da2b5448048653ebbbe447159faafecea2fd2f92805782966573771977812,2fac454f2b0c65b2,512,512,True,True,True,True,True,False,
v4_lead_shonen_003,Yash Mehta,V4,protag,shonen,mecha,fantasy,mythology,cast/v4/v4_lead_shonen_003.webp,game_source/art_src/cast_v4_upload_staging/batch_01_001-080/003__v4_lead_shonen_003.png,CAST_V4_FINAL_ART_MAP.csv batch_01_001-080/003__v4_lead_shonen_003.png,,003__v4_lead_shonen_003.png,v4_lead_shonen_003.webp,v4_lead_shonen_003.webp,f5950c8ac341fb73a593aac8ef527cdcee2cf9caffa11688eb9073d14458776c,8ec2795c01412758a6411c05dae1e56d79682cefccefdbb7886a2249189e2a6f,2686962331f47c9d,512,512,True,True,True,True,True,False,
v4_lead_shonen_004,Asha Bekele,V4,protag,shonen,mecha,pirate,nordic,cast/v4/v4_lead_shonen_004.webp,game_source/art_src/cast_v4_upload_staging/batch_01_001-080/004__v4_lead_shonen_004.png,CAST_V4_FINAL_ART_MAP.csv batch_01_001-080/004__v4_lead_shonen_004.png,,004__v4_lead_shonen_004.png,v4_lead_shonen_004.webp,v4_lead_shonen_004.webp,5ba431bbd2eeb3394b308d290a5dd993a27f21affe233cb9252897029b08af0e,d5eab01ac465d9be7c1768efeddc3065bc25dbf148908bd22c1ac3c7cff82d11,70f491454f063ff0,512,512,True,True,True,True,True,False,
v4_lead_shonen_005,Nhi Pham,V4,protag,shonen,isekai,idol,mythology,cast/v4/v4_lead_shonen_005.webp,game_source/art_src/cast_v4_upload_staging/batch_01_001-080/005__v4_lead_shonen_005.png,CAST_V4_FINAL_ART_MAP.csv batch_01_001-080/005__v4_lead_shonen_005.png,,005__v4_lead_shonen_005.png,v4_lead_shonen_005.webp,v4_lead_shonen_005.webp,66c2058ac69702c9d700b2017bfe14191e06748b0d5d8285045eff0a0d68928e,063232769f01c55705ba6ff1209861dd2144f0f219b4ed7dcd60b7aa27ef3ea8,21a9256334d7a5d6,512,512,True,True,True,True,True,False,
v4_lead_shonen_006,Nima Farhadi,V4,protag,shonen,isekai,mystery,martial,cast/v4/v4_lead_shonen_006.webp,game_source/art_src/cast_v4_upload_staging/batch_01_001-080/006__v4_lead_shonen_006.png,CAST_V4_FINAL_ART_MAP.csv batch_01_001-080/006__v4_lead_shonen_006.png,,006__v4_lead_shonen_006.png,v4_lead_shonen_006.webp,v4_lead_shonen_006.webp,8a53b1bb0395061369aa6296c269196c2231f00f912f463c9f9e30f1786c177d,c03327cd8c83b27e05fa382db0d62df269a4302bc401931fd697930dc3596bef,09738d6358675c3a,512,512,True,True,True,True,True,False,
v4_lead_shonen_007,Naoki Okuno,V4,protag,shonen,isekai,comedy,nordic,cast/v4/v4_lead_shonen_007.webp,game_source/art_src/cast_v4_upload_staging/batch_01_001-080/007__v4_lead_shonen_007.png,CAST_V4_FINAL_ART_MAP.csv batch_01_001-080/007__v4_lead_shonen_007.png,,007__v4_lead_shonen_007.png,v4_lead_shonen_007.webp,v4_lead_shonen_007.webp,2eb8ad8c889d4bf683372ab007ba08262080d2d866fd6b71b4aab52a876fdacf,9c13d5506727e2cfe994458752a33354b913dc1da4de38ee81e264f5189706ae,3eb16962b4161e96,512,512,True,True,True,True,True,False,
v4_lead_shonen_008,Amani Mwangi,V4,protag,shonen,isekai,supernatural,space,cast/v4/v4_lead_shonen_008.webp,game_source/art_src/cast_v4_upload_staging/batch_01_001-080/008__v4_lead_shonen_008.png,CAST_V4_FINAL_ART_MAP.csv batch_01_001-080/008__v4_lead_shonen_008.png,,008__v4_lead_shonen_008.png,v4_lead_shonen_008.webp,v4_lead_shonen_008.webp,75661a74751eb618ca4338fec0b5da40e0570c9a5f3b3c5e38024a6e2c972f78,d5bef1865a6befc3e9164441dca150be6f1a78df989e43a743b46295bf69546f,2bb853212447bfb8,512,512,True,True,True,True,True,False,
v4_lead_shonen_009,Jiho Seo,V4,protag,shonen,slice,cyber,mythology,cast/v4/v4_lead_shonen_009.webp,game_source/art_src/cast_v4_upload_staging/batch_01_001-080/009__v4_lead_shonen_009.png,CAST_V4_FINAL_ART_MAP.csv batch_01_001-080/009__v4_lead_shonen_009.png,,009__v4_lead_shonen_009.png,v4_lead_shonen_009.webp,v4_lead_shonen_009.webp,9f09209d5a2f55d3970b4d8417416a865e90ac617aae05ebd3933712e5704902,70f5c31803a7bd56539a13affb645eb98495c57b8be4c9114d88224b43992f17,3aec4b526549b28d,512,512,True,True,True,True,True,False,
v4_lead_shonen_010,Elif Arslan,V4,protag,shonen,slice,idol,martial,cast/v4/v4_lead_shonen_010.webp,game_source/art_src/cast_v4_upload_staging/batch_01_001-080/010__v4_lead_shonen_010.png,CAST_V4_FINAL_ART_MAP.csv batch_01_001-080/010__v4_lead_shonen_010.png,,010__v4_lead_shonen_010.png,v4_lead_shonen_010.webp,v4_lead_shonen_010.webp,e7b63ef7be8d659fc4c3a5a96c1737c94f831b250339f379d3c433832d3d6630,486af7ef6d6d86a254e6e260cda7c87dbc5bc71297f2ee7977e38d656e208060,0c951774a6358fd1,512,512,True,True,True,True,True,False,
v4_lead_shonen_011,Katerina Drakos,V4,protag,shonen,slice,cooking,military,cast/v4/v4_lead_shonen_011.webp,game_source/art_src/cast_v4_upload_staging/batch_01_001-080/011__v4_lead_shonen_011.png,CAST_V4_FINAL_ART_MAP.csv batch_01_001-080/011__v4_lead_shonen_011.png,,011__v4_lead_shonen_011.png,v4_lead_shonen_011.webp,v4_lead_shonen_011.webp,3c3c30b0b8cd17eae8b750601be925c608fb724040ad10dfe7d9144763f44149,869a029341b428333b259efaf7792631be08ce3a5c4ec52a1be386b677490ff0,12674c366e99683e,512,512,True,True,True,True,True,False,
v4_lead_shonen_012,Prae Thamrong,V4,protag,shonen,slice,nordic,shinobi,cast/v4/v4_lead_shonen_012.webp,game_source/art_src/cast_v4_upload_staging/batch_01_001-080/012__v4_lead_shonen_012.png,CAST_V4_FINAL_ART_MAP.csv batch_01_001-080/012__v4_lead_shonen_012.png,,012__v4_lead_shonen_012.png,v4_lead_shonen_012.webp,v4_lead_shonen_012.webp,2021ad288df3947a7c167d4cc56cab387c6cf4fbf8adb0ae474529e5b6452973,e9777ed121170c548988bf046d0e63e30c62b9c76dbecc4fe296fe1bac0e032d,6ec97c604e5d3581,512,512,True,True,True,True,True,False,
v4_lead_shonen_013,Saran Kittisak,V4,protag,shonen,horror,fantasy,comedy,cast/v4/v4_lead_shonen_013.webp,game_source/art_src/cast_v4_upload_staging/batch_01_001-080/013__v4_lead_shonen_013.png,CAST_V4_FINAL_ART_MAP.csv batch_01_001-080/013__v4_lead_shonen_013.png,,013__v4_lead_shonen_013.png,v4_lead_shonen_013.webp,v4_lead_shonen_013.webp,f6212ce3b0c40e4776b5b82316738f83524f7a86e6397815427dc73074b111e2,609580bd7a5b7f5270e8f3fa55435f81a08eb8efcecd2adca4dad2f3a3982b9b,2d84ad2d227f0c76,512,512,True,True,True,True,True,False,
v4_lead_shonen_014,Busisiwe Dlamini,V4,protag,shonen,romance,sports,military,cast/v4/v4_lead_shonen_014.webp,game_source/art_src/cast_v4_upload_staging/batch_01_001-080/014__v4_lead_shonen_014.png,CAST_V4_FINAL_ART_MAP.csv batch_01_001-080/014__v4_lead_shonen_014.png,,014__v4_lead_shonen_014.png,v4_lead_shonen_014.webp,v4_lead_shonen_014.webp,7a0455f0693198882015ee6aed825e722b8baecc435bca30ad62350f12a7f8d7,d52a6cb47e22dbad2167f1498db8549d74ced5e0109f76ba7ce4aa327b664574,27e4a86b5e449754,512,512,True,True,True,True,True,False,
v4_lead_shonen_015,Bao Huynh,V4,protag,shonen,romance,mystery,space,cast/v4/v4_lead_shonen_015.webp,game_source/art_src/cast_v4_upload_staging/batch_01_001-080/015__v4_lead_shonen_015.png,CAST_V4_FINAL_ART_MAP.csv batch_01_001-080/015__v4_lead_shonen_015.png,,015__v4_lead_shonen_015.png,v4_lead_shonen_015.webp,v4_lead_shonen_015.webp,214499e52d9a3a834235fb28e1cf16b7bfe53da4f7e39e32ccee109e2fc82809,5fdb573266c28bd5e9c76eb19ef424a6d724f2ae6e956714315cedd32859e436,0d76c96608769db4,512,512,True,True,True,True,True,False,
v4_lead_shonen_016,Marina Moura,V4,protag,shonen,romance,magical,survival,cast/v4/v4_lead_shonen_016.webp,game_source/art_src/cast_v4_upload_staging/batch_01_001-080/016__v4_lead_shonen_016.png,CAST_V4_FINAL_ART_MAP.csv batch_01_001-080/016__v4_lead_shonen_016.png,,016__v4_lead_shonen_016.png,v4_lead_shonen_016.webp,v4_lead_shonen_016.webp,ce59a36367c8ccf197172653dee8673ad1812fe9ae850eec66df92197b19d4dc,affd3b5fbec1cb6bdcc055948b9809fc25575ceeef20862ed97731ad3322e6be,79682d8763523d4a,512,512,True,True,True,True,True,False,
v4_lead_shonen_017,Mikuri Sakurai,V4,protag,shonen,sports,idol,samurai,cast/v4/v4_lead_shonen_017.webp,game_source/art_src/cast_v4_upload_staging/batch_01_001-080/017__v4_lead_shonen_017.png,CAST_V4_FINAL_ART_MAP.csv batch_01_001-080/017__v4_lead_shonen_017.png,,017__v4_lead_shonen_017.png,v4_lead_shonen_017.webp,v4_lead_shonen_017.webp,ed782a3ac9ce9ca0ffb9dd0a5082d62803824ff07643f565c020159659a98cde,a30343812e3ec4829395cd7c9c4931cd7f59de681416a7b5b424b2cc11a4e30a,75dfe484d614341c,512,512,True,True,True,True,True,False,
v4_lead_shonen_018,Lian Mercado,V4,protag,shonen,sports,space,nordic,cast/v4/v4_lead_shonen_018.webp,game_source/art_src/cast_v4_upload_staging/batch_01_001-080/018__v4_lead_shonen_018.png,CAST_V4_FINAL_ART_MAP.csv batch_01_001-080/018__v4_lead_shonen_018.png,,018__v4_lead_shonen_018.png,v4_lead_shonen_018.webp,v4_lead_shonen_018.webp,0fa7e6507780b218f60bf32ceb3a84e3fda98a38b02da737a5101aa0feba4538,353c10dda13e14935089bc7fba6e8ea046e1ae86d48e507bc11d2bca2fc150ce,18b3702eb3955a4b,512,512,True,True,True,True,True,False,
v4_lead_shonen_019,Hemi Kingi,V4,protag,shonen,idol,military,shinobi,cast/v4/v4_lead_shonen_019.webp,game_source/art_src/cast_v4_upload_staging/batch_01_001-080/019__v4_lead_shonen_019.png,CAST_V4_FINAL_ART_MAP.csv batch_01_001-080/019__v4_lead_shonen_019.png,,019__v4_lead_shonen_019.png,v4_lead_shonen_019.webp,v4_lead_shonen_019.webp,4e7e71f466f66e0cddbed47a17dad35f59a2ba866e5c47d0dc8abba68175387b,dd852c4043a3863a22f1b6d2ea1759c2e47768c715e69362c654bbfcd2378ea9,3e9abaf0b1b12192,512,512,True,True,True,True,True,False,
v4_lead_shonen_020,Lina Hamdan,V4,protag,shonen,idol,space,pirate,cast/v4/v4_lead_shonen_020.webp,game_source/art_src/cast_v4_upload_staging/batch_01_001-080/020__v4_lead_shonen_020.png,CAST_V4_FINAL_ART_MAP.csv batch_01_001-080/020__v4_lead_shonen_020.png,,020__v4_lead_shonen_020.png,v4_lead_shonen_020.webp,v4_lead_shonen_020.webp,24e90c56e2e95004f83406b482eecfaaf027aa815582393cb35ccca035ef4a77,38aec442b156da0990afda238cb34974d6915dfa13d232dccf0777f11e20ac24,35c14b5216b5adaa,512,512,True,True,True,True,True,False,
v4_lead_shonen_021,Nikau Mikaere,V4,protag,shonen,idol,magical,nordic,cast/v4/v4_lead_shonen_021.webp,game_source/art_src/cast_v4_upload_staging/batch_01_001-080/021__v4_lead_shonen_021.png,CAST_V4_FINAL_ART_MAP.csv batch_01_001-080/021__v4_lead_shonen_021.png,,021__v4_lead_shonen_021.png,v4_lead_shonen_021.webp,v4_lead_shonen_021.webp,10eafb155368587c7bdc8506f47a6b399fd161e3c6ac3f490b680e21fc94c304,bee5e39e5cad3f07ad63bf0dbe9d7d16e74f54982db9bc66e8c476360e8761c4,639c6434b42cbc8f,512,512,True,True,True,True,True,False,
v4_lead_shonen_022,Truc Nguyen,V4,protag,shonen,mystery,magical,mythology,cast/v4/v4_lead_shonen_022.webp,game_source/art_src/cast_v4_upload_staging/batch_01_001-080/022__v4_lead_shonen_022.png,CAST_V4_FINAL_ART_MAP.csv batch_01_001-080/022__v4_lead_shonen_022.png,,022__v4_lead_shonen_022.png,v4_lead_shonen_022.webp,v4_lead_shonen_022.webp,04ea763b88ad70daf3de32a54a56fc71271723467f6b37a4965ce2d060344c00,5413c5227d0e6a24e5caacb0063f2da69973f6266ab5e389f5d12c43bd4bb3fa,316916e238bdc71a,512,512,True,True,True,True,True,False,
v4_lead_shonen_023,Koharu Okuno,V4,protag,shonen,mystery,survival,samurai,cast/v4/v4_lead_shonen_023.webp,game_source/art_src/cast_v4_upload_staging/batch_01_001-080/023__v4_lead_shonen_023.png,CAST_V4_FINAL_ART_MAP.csv batch_01_001-080/023__v4_lead_shonen_023.png,,023__v4_lead_shonen_023.png,v4_lead_shonen_023.webp,v4_lead_shonen_023.webp,8ca2ef4341d2255862ec9570fa6111959b0e78ca1be7615b64a07d129da02d26,b6d0c8420becf5cdf547f999a97beada43ed30e05edbd1f67848d03c14b8e3d4,25c4eda4ae962e58,512,512,True,True,True,True,True,False,
v4_lead_shonen_024,Blair Kerr,V4,protag,shonen,military,magical,pirate,cast/v4/v4_lead_shonen_024.webp,game_source/art_src/cast_v4_upload_staging/batch_01_001-080/024__v4_lead_shonen_024.png,CAST_V4_FINAL_ART_MAP.csv batch_01_001-080/024__v4_lead_shonen_024.png,,024__v4_lead_shonen_024.png,v4_lead_shonen_024.webp,v4_lead_shonen_024.webp,8006309753337041de766b0d77b39f7b14b7fc330813fe0df18ba6c9dc8fc61f,7d707a183dbf95bd5e2125d0be05ee48c56d2ee31dda46b406cf727814067e99,24f0697436631fca,512,512,True,True,True,True,True,False,
v4_lead_shonen_025,Ewan Stewart,V4,protag,shonen,military,mythology,nordic,cast/v4/v4_lead_shonen_025.webp,game_source/art_src/cast_v4_upload_staging/batch_01_001-080/025__v4_lead_shonen_025.png,CAST_V4_FINAL_ART_MAP.csv batch_01_001-080/025__v4_lead_shonen_025.png,,025__v4_lead_shonen_025.png,v4_lead_shonen_025.webp,v4_lead_shonen_025.webp,985b139da0b573a3f9b8e8e72c098d062a455c3231411cc8afd72affd86042af,0010b5d832b35075f3fdbb2949fd49e1a4ae47f805db2754fc4dec9be4509880,3482a2f2b3978ccb,512,512,True,True,True,True,True,False,
v4_lead_shonen_026,Roxana Rahimi,V4,protag,shonen,supernatural,pirate,shinobi,cast/v4/v4_lead_shonen_026.webp,game_source/art_src/cast_v4_upload_staging/batch_01_001-080/026__v4_lead_shonen_026.png,CAST_V4_FINAL_ART_MAP.csv batch_01_001-080/026__v4_lead_shonen_026.png,,026__v4_lead_shonen_026.png,v4_lead_shonen_026.webp,v4_lead_shonen_026.webp,66f4c9cf68909e0cd00fea3cef6a4b754bcdf5b727954ea7f10c566b0ba3db5a,29ea6999b7f010f6c675c22ff262a4689bb096112f8293534a0dcea5dad8deb2,309727e0321ff895,512,512,True,True,True,True,True,False,
v4_lead_shonen_027,Thabo Mokoena,V4,protag,shonen,supernatural,martial,nordic,cast/v4/v4_lead_shonen_027.webp,game_source/art_src/cast_v4_upload_staging/batch_01_001-080/027__v4_lead_shonen_027.png,CAST_V4_FINAL_ART_MAP.csv batch_01_001-080/027__v4_lead_shonen_027.png,,027__v4_lead_shonen_027.png,v4_lead_shonen_027.webp,v4_lead_shonen_027.webp,116e2febc0f14e8cc521264f5136afb6af465abd10e63d21c1b5782aa4eb2111,adf26675b32ff6ff56c5bfedf4691e6312d671453a14229b1dc5f6b35d02ab31,2a2e6c5332c6634f,512,512,True,True,True,True,True,False,
v4_lead_shonen_028,Marama Tawhiri,V4,protag,shonen,space,survival,mythology,cast/v4/v4_lead_shonen_028.webp,game_source/art_src/cast_v4_upload_staging/batch_01_001-080/028__v4_lead_shonen_028.png,CAST_V4_FINAL_ART_MAP.csv batch_01_001-080/028__v4_lead_shonen_028.png,,028__v4_lead_shonen_028.png,v4_lead_shonen_028.webp,v4_lead_shonen_028.webp,a713a0d41119c90ae88109a5402ff24a494f80c63f49c2855704663c3d8468d9,faab2c94380c48310a882abdef12fe97123b6d2c04bb2b140a07ced24a37f418,29a015b5d5563f16,512,512,True,True,True,True,True,False,
v4_lead_shonen_029,Celeste Lefevre,V4,protag,shonen,survival,pirate,martial,cast/v4/v4_lead_shonen_029.webp,game_source/art_src/cast_v4_upload_staging/batch_01_001-080/029__v4_lead_shonen_029.png,CAST_V4_FINAL_ART_MAP.csv batch_01_001-080/029__v4_lead_shonen_029.png,,029__v4_lead_shonen_029.png,v4_lead_shonen_029.webp,v4_lead_shonen_029.webp,49f0d2c1e3b1c416712c9503fb1973b0266d6c6abf624331b8b7e17b6e230c1a,6435c8a30397f337509f2ae30500687944ae7f4cabcc1c3db59d07b25b8f78af,21f3ebe325446c34,512,512,True,True,True,True,True,False,
v4_lead_shonen_030,Blair Boyd,V4,protag,shonen,martial,samurai,shinobi,cast/v4/v4_lead_shonen_030.webp,game_source/art_src/cast_v4_upload_staging/batch_01_001-080/030__v4_lead_shonen_030.png,CAST_V4_FINAL_ART_MAP.csv batch_01_001-080/030__v4_lead_shonen_030.png,,030__v4_lead_shonen_030.png,v4_lead_shonen_030.webp,v4_lead_shonen_030.webp,2e6e47b517a34c81a9d016b5ea3560a5654f3bbd4f1386e7853631b368b4b73c,4dc55079e68572462c3ff679f4b7271c70d49788f792429a23959b8170523416,7084d2a175bca78e,512,512,True,True,True,True,True,False,
v4_lead_shonen_031,Leif Nygaard,V4,protag,shonen,romance,cyber,samurai,cast/v4/v4_lead_shonen_031.webp,game_source/art_src/cast_v4_upload_staging/batch_01_001-080/031__v4_lead_shonen_031.png,CAST_V4_FINAL_ART_MAP.csv batch_01_001-080/031__v4_lead_shonen_031.png,,031__v4_lead_shonen_031.png,v4_lead_shonen_031.webp,v4_lead_shonen_031.webp,ea8674795d02c3276100ddcb932f4fa05d2fa2e0068abfeed9d54052d3488de4,991e99a44b5ac43d65f084bca80b9688eaccfbb434f2bdcc5ebc8b9f27889825,3d71694e2e64a4c6,512,512,True,True,True,True,True,False,
v4_lead_shonen_032,Truc Le,V4,protag,shonen,horror,sports,mystery,cast/v4/v4_lead_shonen_032.webp,game_source/art_src/cast_v4_upload_staging/batch_01_001-080/032__v4_lead_shonen_032.png,CAST_V4_FINAL_ART_MAP.csv batch_01_001-080/032__v4_lead_shonen_032.png,,032__v4_lead_shonen_032.png,v4_lead_shonen_032.webp,v4_lead_shonen_032.webp,9bea8e97d98936e6c2b635f542f14f8c9a5795eb1e5f3edb3c11281c6fb96be7,48366c4aa2e5cd384fd4ace1593cbec94e55572d5a858084d735f19b154c78da,370586a794c634d7,512,512,True,True,True,True,True,False,
v4_lead_shonen_033,Soren Vale,V4,protag,shonen,cyber,idol,comedy,cast/v4/v4_lead_shonen_033.webp,game_source/art_src/cast_v4_upload_staging/batch_01_001-080/033__v4_lead_shonen_033.png,CAST_V4_FINAL_ART_MAP.csv batch_01_001-080/033__v4_lead_shonen_033.png,,033__v4_lead_shonen_033.png,v4_lead_shonen_033.webp,v4_lead_shonen_033.webp,cb892d4e35f3ea77bcbc783857606bb434fa25a759393d309bb6ccab731e3a3d,3235178adb5c49ff1ad9ceb72c34f04fb97c9f43ac3f03635056e6f89798ce6f,3d4050b6e72f518d,512,512,True,True,True,True,True,False,
v4_lead_shonen_034,Ira Patel,V4,protag,shonen,sports,survival,cooking,cast/v4/v4_lead_shonen_034.webp,game_source/art_src/cast_v4_upload_staging/batch_01_001-080/034__v4_lead_shonen_034.png,CAST_V4_FINAL_ART_MAP.csv batch_01_001-080/034__v4_lead_shonen_034.png,,034__v4_lead_shonen_034.png,v4_lead_shonen_034.webp,v4_lead_shonen_034.webp,9798bcab3891dbd2f72fcf73ab09a683fb31fed34e5e4d0014f87b9d013d0b18,bdec7c811f6006b0273d3f11b5bcfbe9c7d00dd4fbe903dca8640dccf070d38e,6e9eb1072af84c4a,512,512,True,True,True,True,True,False,
v4_lead_shonen_035,Ruoxi Chen,V4,protag,shonen,fantasy,nordic,samurai,cast/v4/v4_lead_shonen_035.webp,game_source/art_src/cast_v4_upload_staging/batch_01_001-080/035__v4_lead_shonen_035.png,CAST_V4_FINAL_ART_MAP.csv batch_01_001-080/035__v4_lead_shonen_035.png,,035__v4_lead_shonen_035.png,v4_lead_shonen_035.webp,v4_lead_shonen_035.webp,f7d9670d053a6afe8b016e8b3cfc5a1b4ba01a6c018a880eeac1e7f7dc16dab6,0c4c14f120367d3727954d830d4f81f90c4898c4e0d5621d1854e2c11190d56c,3290236b2dc9cf96,512,512,True,True,True,True,True,False,
v4_lead_shonen_036,Andrea Serra,V4,protag,shonen,slice,military,samurai,cast/v4/v4_lead_shonen_036.webp,game_source/art_src/cast_v4_upload_staging/batch_01_001-080/036__v4_lead_shonen_036.png,CAST_V4_FINAL_ART_MAP.csv batch_01_001-080/036__v4_lead_shonen_036.png,,036__v4_lead_shonen_036.png,v4_lead_shonen_036.webp,v4_lead_shonen_036.webp,f6a65e2da2d64ce928f11bdee989e9ae0cca49a3ba9fb3ebb388ba251b0a9a89,bc8074110585e237ac4751dfbefdf9a9a915314f7a3f63df171d60b489566dea,29d55e2aa65698b8,512,512,True,True,True,True,True,False,
v4_lead_shojo_001,Ruoxi Tan,V4,protag,shojo,mecha,slice,horror,cast/v4/v4_lead_shojo_001.webp,game_source/art_src/cast_v4_upload_staging/batch_01_001-080/037__v4_lead_shojo_001.png,CAST_V4_FINAL_ART_MAP.csv batch_01_001-080/037__v4_lead_shojo_001.png,,037__v4_lead_shojo_001.png,v4_lead_shojo_001.webp,v4_lead_shojo_001.webp,e0aac607b94e319526cadd9eb22498c465586cdf721739f2d0ed540ec9168cea,089cbd7482b18f2e291ccc26576e716bf68e8aab6cbd8da1c7b31788fda230b0,39e9ee920d244a7c,512,512,True,True,True,True,True,False,
v4_lead_shojo_002,Rendra Santoso,V4,protag,shojo,mecha,sports,magical,cast/v4/v4_lead_shojo_002.webp,game_source/art_src/cast_v4_upload_staging/batch_01_001-080/038__v4_lead_shojo_002.png,CAST_V4_FINAL_ART_MAP.csv batch_01_001-080/038__v4_lead_shojo_002.png,,038__v4_lead_shojo_002.png,v4_lead_shojo_002.webp,v4_lead_shojo_002.webp,d30181313c6b77fed1965bda6afaba72f4e5f812555e48b2ce71ed21eb90c54e,4daa5f7a03ffe88de374deb7059a4424937c82e83cb64a9b679e3ce1e9d0fb2a,5a9a0b0ef6f14545,512,512,True,True,True,True,True,False,
v4_lead_shojo_003,Seoyeon Kim,V4,protag,shojo,mecha,idol,cooking,cast/v4/v4_lead_shojo_003.webp,game_source/art_src/cast_v4_upload_staging/batch_01_001-080/039__v4_lead_shojo_003.png,CAST_V4_FINAL_ART_MAP.csv batch_01_001-080/039__v4_lead_shojo_003.png,,039__v4_lead_shojo_003.png,v4_lead_shojo_003.webp,v4_lead_shojo_003.webp,65b90e069857598d3c73a08b92f78ff98657f5a05781c9107113b2e65b3a22aa,2832b0174adc3c32fe0199aa62d41f8835fd7f09971afed439d22d90749fd9be,36a40627efd1b1a4,512,512,True,True,True,True,True,False,
v4_lead_shojo_004,Asha Tadesse,V4,protag,shojo,mecha,comedy,survival,cast/v4/v4_lead_shojo_004.webp,game_source/art_src/cast_v4_upload_staging/batch_04_241-304/304__donor8_r2p5.png,CAST_V4_FINAL_ART_MAP.csv batch_04_241-304/304__donor8_r2p5.png,,304__donor8_r2p5.png,v4_lead_shojo_004.webp,v4_lead_shojo_004.webp,ba1bcd2efe091637d2afb15519d33ae3287f3b7f88020ce7b3b751580e3d4ba1,303ded8fe067385e1251863904238b827d0da2a60b86e5c5ca0f9439361a1b82,19a626297849cbdb,512,512,True,True,True,True,True,False,
v4_lead_shojo_005,Jalen Francis,V4,protag,shojo,mecha,military,martial,cast/v4/v4_lead_shojo_005.webp,game_source/art_src/cast_v4_upload_staging/batch_01_001-080/040__v4_lead_shojo_005.png,CAST_V4_FINAL_ART_MAP.csv batch_01_001-080/040__v4_lead_shojo_005.png,,040__v4_lead_shojo_005.png,v4_lead_shojo_005.webp,v4_lead_shojo_005.webp,b816d5a85914c1744dc1942fb64feff37ee9b1ff30b793da59a614d3427ef5aa,8754f363a57875b2057ed55b1c445cdf7926b776f340ed4ab31310ae25ee0e4e,2a8d55535a6aa9ac,512,512,True,True,True,True,True,False,
v4_lead_shojo_006,Dion Rallis,V4,protag,shojo,isekai,horror,military,cast/v4/v4_lead_shojo_006.webp,game_source/art_src/cast_v4_upload_staging/batch_01_001-080/041__v4_lead_shojo_006.png,CAST_V4_FINAL_ART_MAP.csv batch_01_001-080/041__v4_lead_shojo_006.png,,041__v4_lead_shojo_006.png,v4_lead_shojo_006.webp,v4_lead_shojo_006.webp,89b7abc843a91409279f215f8f592d9b78a06cafdcf5490e685a9fb544620907,6b1e701fc1e2ac88e90bce8bcfd2a19ebe6968e5a22ecff234c286fb6a865233,12e80167e7970f9c,512,512,True,True,True,True,True,False,
v4_lead_shojo_007,Morag Munro,V4,protag,shojo,isekai,romance,cooking,cast/v4/v4_lead_shojo_007.webp,game_source/art_src/cast_v4_upload_staging/batch_01_001-080/042__v4_lead_shojo_007.png,CAST_V4_FINAL_ART_MAP.csv batch_01_001-080/042__v4_lead_shojo_007.png,,042__v4_lead_shojo_007.png,v4_lead_shojo_007.webp,v4_lead_shojo_007.webp,8ea0300e52848ed5c103cb04d42254fdaa2e9cc1f7433e3bed0e208b8d9b157c,d1044a1e86778edf3b1665252fd241f28a084ece7d2e800321beff27df33f15d,636904c7c2e719c7,512,512,True,True,True,True,True,False,
v4_lead_shojo_008,Tuna Kaya,V4,protag,shojo,isekai,magical,shinobi,cast/v4/v4_lead_shojo_008.webp,game_source/art_src/cast_v4_upload_staging/batch_01_001-080/043__v4_lead_shojo_008.png,CAST_V4_FINAL_ART_MAP.csv batch_01_001-080/043__v4_lead_shojo_008.png,,043__v4_lead_shojo_008.png,v4_lead_shojo_008.webp,v4_lead_shojo_008.webp,44fd2a93f86916bf555947a37664c3c703c0915b4fd31e3f2c5db8928c910309,704b02b6cc4b9f901b4b474810156512ce368cac1e6932606bc557d0ba3c48c6,7d70e03d97487a81,512,512,True,True,True,True,True,False,
v4_lead_shojo_009,Althea Pappas,V4,protag,shojo,slice,sports,fantasy,cast/v4/v4_lead_shojo_009.webp,game_source/art_src/cast_v4_upload_staging/batch_01_001-080/044__v4_lead_shojo_009.png,CAST_V4_FINAL_ART_MAP.csv batch_01_001-080/044__v4_lead_shojo_009.png,,044__v4_lead_shojo_009.png,v4_lead_shojo_009.webp,v4_lead_shojo_009.webp,f6ed4c816453ca94812c876336f28322103cf9180d3905a1636566c57e205f40,0ab1501a0facd7fb9711ea3d8c6fb0a5f9c83ffa3a858bd8901df1b642baa4ea,32643bbfc1408caf,512,512,True,True,True,True,True,False,
v4_lead_shojo_010,Kavya Kapoor,V4,protag,shojo,slice,space,magical,cast/v4/v4_lead_shojo_010.webp,game_source/art_src/cast_v4_upload_staging/batch_01_001-080/045__v4_lead_shojo_010.png,CAST_V4_FINAL_ART_MAP.csv batch_01_001-080/045__v4_lead_shojo_010.png,,045__v4_lead_shojo_010.png,v4_lead_shojo_010.webp,v4_lead_shojo_010.webp,b083b40055b24bbc50b5792d89f5af215770ff44edaf954bcf376ade9127ac74,04e95a76046ea5957147ab8f54268bc4edc78cb4285ce1557585c2b686b621d7,41671e7e230f1f41,512,512,True,True,True,True,True,False,
v4_lead_shojo_011,Thanat Chaiya,V4,protag,shojo,horror,cyber,mystery,cast/v4/v4_lead_shojo_011.webp,game_source/art_src/cast_v4_upload_staging/batch_04_241-304/312__donor8_r3p6.png,CAST_V4_FINAL_ART_MAP.csv batch_04_241-304/312__donor8_r3p6.png,,312__donor8_r3p6.png,v4_lead_shojo_011.webp,v4_lead_shojo_011.webp,95db866efb47a9f910a389703b126185bbecca638274b3dc8f8cc23b7a51c1ab,10848671592ccca801ad0df3c13cbf207c17ee3ca1f4d52cfe07a479956eecaf,3dfa76095362d844,512,512,True,True,True,True,True,False,
v4_lead_shojo_012,Kae Lewis,V4,protag,shojo,horror,idol,supernatural,cast/v4/v4_lead_shojo_012.webp,game_source/art_src/cast_v4_upload_staging/batch_04_241-304/303__donor8_r2p4.png,CAST_V4_FINAL_ART_MAP.csv batch_04_241-304/303__donor8_r2p4.png,,303__donor8_r2p4.png,v4_lead_shojo_012.webp,v4_lead_shojo_012.webp,7b9ccc71acd0185c9905f69fc90a01beb92c66321aee194dbd0b9c83b7c9c066,ee052b8b11452c89c1779f0a7e5b9b7068a95f13c05dfaa18e304303a26dbe65,7dfcff2511040c94,512,512,True,True,True,True,True,False,
v4_lead_shojo_013,Yrsa Dahl,V4,protag,shojo,horror,cooking,nordic,cast/v4/v4_lead_shojo_013.webp,game_source/art_src/cast_v4_upload_staging/batch_01_001-080/047__v4_lead_shojo_013.png,CAST_V4_FINAL_ART_MAP.csv batch_01_001-080/047__v4_lead_shojo_013.png,,047__v4_lead_shojo_013.png,v4_lead_shojo_013.webp,v4_lead_shojo_013.webp,5a184e19a23825860ed0b3f7404b502975d1924fd380b2f049e9fa0c34e4be92,97dc0c144698fb04880ebb60e332271346e002bb9b335e1aaf59c016dd69f1df,370f607d5a06474e,512,512,True,True,True,True,True,False,
v4_lead_shojo_014,Junwei Fang,V4,protag,shojo,horror,space,samurai,cast/v4/v4_lead_shojo_014.webp,game_source/art_src/cast_v4_upload_staging/batch_01_001-080/048__v4_lead_shojo_014.png,CAST_V4_FINAL_ART_MAP.csv batch_01_001-080/048__v4_lead_shojo_014.png,,048__v4_lead_shojo_014.png,v4_lead_shojo_014.webp,v4_lead_shojo_014.webp,534ded178ee175e42f63f7e91d35da95b17754d0b6f871cc1e6d3cff69d0fd86,efd76e254450ac697957dea8d2e6bbb09e926c1cf63a0d1d22ec9f46f4bbee4b,3b892a667ee94312,512,512,True,True,True,True,True,False,
v4_lead_shojo_015,Elena Navarro,V4,protag,shojo,horror,magical,martial,cast/v4/v4_lead_shojo_015.webp,game_source/art_src/cast_v4_upload_staging/batch_01_001-080/049__v4_lead_shojo_015.png,CAST_V4_FINAL_ART_MAP.csv batch_01_001-080/049__v4_lead_shojo_015.png,,049__v4_lead_shojo_015.png,v4_lead_shojo_015.webp,v4_lead_shojo_015.webp,320622219b7f1c4f744086e7c599b32c22b8158c62b452f619c637165cb384f9,f19bcca82f02a1a67422479031b98841919d17204e6a7edd690e82d0345f32dd,232c32a3e27e8cd6,512,512,True,True,True,True,True,False,
v4_lead_shojo_016,Naledi Mokoena,V4,protag,shojo,horror,survival,shinobi,cast/v4/v4_lead_shojo_016.webp,game_source/art_src/cast_v4_upload_staging/batch_01_001-080/050__v4_lead_shojo_016.png,CAST_V4_FINAL_ART_MAP.csv batch_01_001-080/050__v4_lead_shojo_016.png,,050__v4_lead_shojo_016.png,v4_lead_shojo_016.webp,v4_lead_shojo_016.webp,9d1eb09659d42bebcce030fd2c3df566bf5f17bca6e04b17d7f0e92024a328c1,577b40b7b8a2813769d318f500649cb6b66b1dcba226a1cad2d2319505335ba0,2ab615d58d550747,512,512,True,True,True,True,True,False,
v4_lead_shojo_017,Nikodem Lis,V4,protag,shojo,horror,pirate,mythology,cast/v4/v4_lead_shojo_017.webp,game_source/art_src/cast_v4_upload_staging/batch_01_001-080/051__v4_lead_shojo_017.png,CAST_V4_FINAL_ART_MAP.csv batch_01_001-080/051__v4_lead_shojo_017.png,,051__v4_lead_shojo_017.png,v4_lead_shojo_017.webp,v4_lead_shojo_017.webp,458fe8da6121ad94ee28024a1da55f2db4e8942224b501214002ef82830d315e,44ef61ae590452a60a635645b0c1388182eb9a397b7dd3e486510a63c0293bfc,3ed314a4694f83c3,512,512,True,True,True,True,True,False,
v4_lead_shojo_018,Lin Liu,V4,protag,shojo,romance,fantasy,martial,cast/v4/v4_lead_shojo_018.webp,game_source/art_src/cast_v4_upload_staging/batch_04_241-304/314__donor8_r4p1.png,CAST_V4_FINAL_ART_MAP.csv batch_04_241-304/314__donor8_r4p1.png,,314__donor8_r4p1.png,v4_lead_shojo_018.webp,v4_lead_shojo_018.webp,5d96024393dc3aec63dada6638b36f5da291edf66d2a76a5bccbe7a7caecd0dd,e0be3a2a2bcfdb59084b6f87a85aaaed8b86960627998c67851e9a6b57a86205,60fc4373b4e32a94,512,512,True,True,True,True,True,False,
v4_lead_shojo_019,Nao Matsuda,V4,protag,shojo,sports,cyber,martial,cast/v4/v4_lead_shojo_019.webp,game_source/art_src/cast_v4_upload_staging/batch_01_001-080/052__v4_lead_shojo_019.png,CAST_V4_FINAL_ART_MAP.csv batch_01_001-080/052__v4_lead_shojo_019.png,,052__v4_lead_shojo_019.png,v4_lead_shojo_019.webp,v4_lead_shojo_019.webp,9778551e945781c88f338a266e227ad78ccebcabdf201fb0acc7ba65fbcaf45b,f9450ee27ee934934121d65a836fb6f76079aefe0622de524de2b6ebf7e93a96,315a64714cf4e2e9,512,512,True,True,True,True,True,False,
v4_lead_shojo_020,Hamza Malik,V4,protag,shojo,sports,cooking,mythology,cast/v4/v4_lead_shojo_020.webp,game_source/art_src/cast_v4_upload_staging/batch_01_001-080/053__v4_lead_shojo_020.png,CAST_V4_FINAL_ART_MAP.csv batch_01_001-080/053__v4_lead_shojo_020.png,,053__v4_lead_shojo_020.png,v4_lead_shojo_020.webp,v4_lead_shojo_020.webp,36bc1c1d441aa0bb7d9c9676117af11582845e0937ca43f9e9a5c63448913b9a,1b525844ec164a4ee19636b338ba62abd7b3fdceaf2e48ef6bea6aedbb9599aa,3d21459d794853ea,512,512,True,True,True,True,True,False,
v4_lead_shojo_021,Romi Campbell,V4,protag,shojo,cyber,fantasy,shinobi,cast/v4/v4_lead_shojo_021.webp,game_source/art_src/cast_v4_upload_staging/batch_01_001-080/054__v4_lead_shojo_021.png,CAST_V4_FINAL_ART_MAP.csv batch_01_001-080/054__v4_lead_shojo_021.png,,054__v4_lead_shojo_021.png,v4_lead_shojo_021.webp,v4_lead_shojo_021.webp,89e40a96dc939492b1dc62f7fcca5501ddb8867c0e4d2ee0dd05900a96183ed5,a521e781e873dcfc5c6ba3c60f69d2a561aa14ced6eff3b93c0e0662c78619de,2daa2bb5b125640f,512,512,True,True,True,True,True,False,
v4_lead_shojo_022,Talia Reid,V4,protag,shojo,cyber,cooking,pirate,cast/v4/v4_lead_shojo_022.webp,game_source/art_src/cast_v4_upload_staging/batch_01_001-080/055__v4_lead_shojo_022.png,CAST_V4_FINAL_ART_MAP.csv batch_01_001-080/055__v4_lead_shojo_022.png,,055__v4_lead_shojo_022.png,v4_lead_shojo_022.webp,v4_lead_shojo_022.webp,c37dda4871ad34957be87192ab1ed739a1f7257ef9724950046aca8859a19ccf,a240f5029b0efa81b98647a8480b2c5b5b98924d05150e9059d52c2097bc802a,685d1fd8306a9ccc,512,512,True,True,True,True,True,False,
v4_lead_shojo_023,Theo Markou,V4,protag,shojo,cyber,military,survival,cast/v4/v4_lead_shojo_023.webp,game_source/art_src/cast_v4_upload_staging/batch_01_001-080/056__v4_lead_shojo_023.png,CAST_V4_FINAL_ART_MAP.csv batch_01_001-080/056__v4_lead_shojo_023.png,,056__v4_lead_shojo_023.png,v4_lead_shojo_023.webp,v4_lead_shojo_023.webp,87eb790a0ec3d3aba3a7b31230c61bcb447c487c9453bf2bce5a1239be6ae799,1cf54ca1737a14384e3f0129598ccb2bddbf71f7fdd28ac393e01d5f09b0c580,24dc56333b56d486,512,512,True,True,True,True,True,False,
v4_lead_shojo_024,Iman Nasser,V4,protag,shojo,cyber,magical,samurai,cast/v4/v4_lead_shojo_024.webp,game_source/art_src/cast_v4_upload_staging/batch_01_001-080/057__v4_lead_shojo_024.png,CAST_V4_FINAL_ART_MAP.csv batch_01_001-080/057__v4_lead_shojo_024.png,,057__v4_lead_shojo_024.png,v4_lead_shojo_024.webp,v4_lead_shojo_024.webp,d2760a5376d1246eaa46cc4807407979f6d21e51a6fb953360fc61c2b2dff7a4,08ffa5990a85a7b69bf2296842b3ce468b4aee725153088ba7e5e9f290eb7f6b,744f13a52ddb820b,512,512,True,True,True,True,True,False,
v4_lead_shojo_025,Suda Thamrong,V4,protag,shojo,fantasy,idol,survival,cast/v4/v4_lead_shojo_025.webp,game_source/art_src/cast_v4_upload_staging/batch_01_001-080/058__v4_lead_shojo_025.png,CAST_V4_FINAL_ART_MAP.csv batch_01_001-080/058__v4_lead_shojo_025.png,,058__v4_lead_shojo_025.png,v4_lead_shojo_025.webp,v4_lead_shojo_025.webp,1ec652da00e1321674f90c2d3af14dd3337b9b9f65a6414e9acd45d71c2dfcb0,377a11f7f163129da2c0eb33aa92626f0dd8b0ad63be0d5e65e7d25c418f8eb0,4ecf240f1b138763,512,512,True,True,True,True,True,False,
v4_lead_shojo_026,Kaan Aydin,V4,protag,shojo,fantasy,mystery,cooking,cast/v4/v4_lead_shojo_026.webp,game_source/art_src/cast_v4_upload_staging/batch_01_001-080/059__v4_lead_shojo_026.png,CAST_V4_FINAL_ART_MAP.csv batch_01_001-080/059__v4_lead_shojo_026.png,,059__v4_lead_shojo_026.png,v4_lead_shojo_026.webp,v4_lead_shojo_026.webp,9cd05f314b8927f4f72478830fbcff6748d89ff9f731891b8a99304577a37930,4179be29623d2d8b0ed4116970f1751f6043a0790c86dc5d0346bead8eb99b82,63381cd33cc645cd,512,512,True,True,True,True,True,False,
v4_lead_shojo_027,Noemi Bellini,V4,protag,shojo,fantasy,military,space,cast/v4/v4_lead_shojo_027.webp,game_source/art_src/cast_v4_upload_staging/batch_04_241-304/317__donor8_r4p4.png,CAST_V4_FINAL_ART_MAP.csv batch_04_241-304/317__donor8_r4p4.png,,317__donor8_r4p4.png,v4_lead_shojo_027.webp,v4_lead_shojo_027.webp,e0dd2a239fa58baa39b12d9350b5565e172212c4c136875951cca5f92f94a342,65368ba5b074a4b967fff3472fc98697c3761c8f198ee2201969b5df7f8c9a00,6cc85e35232272fc,512,512,True,True,True,True,True,False,
v4_lead_shojo_028,Zola Owusu,V4,protag,shojo,fantasy,pirate,samurai,cast/v4/v4_lead_shojo_028.webp,game_source/art_src/cast_v4_upload_staging/batch_01_001-080/060__v4_lead_shojo_028.png,CAST_V4_FINAL_ART_MAP.csv batch_01_001-080/060__v4_lead_shojo_028.png,,060__v4_lead_shojo_028.png,v4_lead_shojo_028.webp,v4_lead_shojo_028.webp,39d34726246b788c0b3d36a7e47e59b20055088ada0b0e52800e39a82deec3e4,a03ec461f8f60287d994c1a7388551cd4e48adf8eb6b1ba452d38c3a1627579b,1b991d9cccd8a447,512,512,True,True,True,True,True,False,
v4_lead_shojo_029,Daniyal Hussain,V4,protag,shojo,mystery,comedy,military,cast/v4/v4_lead_shojo_029.webp,game_source/art_src/cast_v4_upload_staging/batch_01_001-080/061__v4_lead_shojo_029.png,CAST_V4_FINAL_ART_MAP.csv batch_01_001-080/061__v4_lead_shojo_029.png,,061__v4_lead_shojo_029.png,v4_lead_shojo_029.webp,v4_lead_shojo_029.webp,2192491eceec477c2e5ad615b8f0b488cee99cd35d6dd56863ac6a93781cd3cc,c969131adf987e7ad73f3764115da44b7ca0a0c129c98d649898a43b1ac1fb02,0d799e663146b439,512,512,True,True,True,True,True,False,
v4_lead_shojo_030,Camille Vidal,V4,protag,shojo,comedy,cooking,samurai,cast/v4/v4_lead_shojo_030.webp,game_source/art_src/cast_v4_upload_staging/batch_01_001-080/062__v4_lead_shojo_030.png,CAST_V4_FINAL_ART_MAP.csv batch_01_001-080/062__v4_lead_shojo_030.png,,062__v4_lead_shojo_030.png,v4_lead_shojo_030.webp,v4_lead_shojo_030.webp,8ff66169277d41517493bcd1111e94bfbfa587f9f168d30cbf85a46dabd2c291,ebdd316228f9be3ff07c7125b8cf592ae6dad25fd4adc515d481ac689ce9a8ee,12b5691bc5c63695,512,512,True,True,True,True,True,False,
v4_lead_shojo_031,Ayame Kobayashi,V4,protag,shojo,comedy,space,shinobi,cast/v4/v4_lead_shojo_031.webp,game_source/art_src/cast_v4_upload_staging/batch_01_001-080/063__v4_lead_shojo_031.png,CAST_V4_FINAL_ART_MAP.csv batch_01_001-080/063__v4_lead_shojo_031.png,,063__v4_lead_shojo_031.png,v4_lead_shojo_031.webp,v4_lead_shojo_031.webp,1aab0ac25af6030ccbac36ccfe0d4c623df17109c34d46c2338a2692f2d182a9,a3df14ef2dc289a2149c29cd8f62ff196ac130a95e86742237f0cf66fbf25d83,28b345372f2e5a1a,512,512,True,True,True,True,True,False,
v4_lead_shojo_032,Rui Costa,V4,protag,shojo,comedy,martial,mythology,cast/v4/v4_lead_shojo_032.webp,game_source/art_src/cast_v4_upload_staging/batch_01_001-080/064__v4_lead_shojo_032.png,CAST_V4_FINAL_ART_MAP.csv batch_01_001-080/064__v4_lead_shojo_032.png,,064__v4_lead_shojo_032.png,v4_lead_shojo_032.webp,v4_lead_shojo_032.webp,439828dd427017228d694a09661ea7a9b1973bfc97658de6ceaeb5ef98e92c4f,909958588a08b0d061bd04f7cd4f43e73c4f0dbd37eced06c843b0b12b2f9136,1472631d14d63fa5,512,512,True,True,True,True,True,False,
v4_lead_shojo_033,Serena Serra,V4,protag,shojo,cooking,space,martial,cast/v4/v4_lead_shojo_033.webp,game_source/art_src/cast_v4_upload_staging/batch_01_001-080/065__v4_lead_shojo_033.png,CAST_V4_FINAL_ART_MAP.csv batch_01_001-080/065__v4_lead_shojo_033.png,,065__v4_lead_shojo_033.png,v4_lead_shojo_033.webp,v4_lead_shojo_033.webp,bb70359a83d9e9ba5060c3231bb12e72a1a85b8aafa86967c44a64a8e670578c,79015d0faa7788a9957e79ef46be619c9323f110d633e3f2a8a2960209bc5d43,21c52e24b778f38a,512,512,True,True,True,True,True,False,
v4_lead_shojo_034,Xinyi Liu,V4,protag,shojo,supernatural,mythology,samurai,cast/v4/v4_lead_shojo_034.webp,game_source/art_src/cast_v4_upload_staging/batch_01_001-080/066__v4_lead_shojo_034.png,CAST_V4_FINAL_ART_MAP.csv batch_01_001-080/066__v4_lead_shojo_034.png,,066__v4_lead_shojo_034.png,v4_lead_shojo_034.webp,v4_lead_shojo_034.webp,232095871bdf940b2ccfd44ff9ac48140d2a3a78880998d7d61828e89281ecec,a76655298c3831b584a39d23b90332fa4797f23d1d89f6fde8a7c1c27f8b0a85,79c1bd19387e6260,512,512,True,True,True,True,True,False,
v4_lead_shojo_035,Finlay Boyd,V4,protag,shojo,isekai,survival,pirate,cast/v4/v4_lead_shojo_035.webp,game_source/art_src/cast_v4_upload_staging/batch_01_001-080/067__v4_lead_shojo_035.png,CAST_V4_FINAL_ART_MAP.csv batch_01_001-080/067__v4_lead_shojo_035.png,,067__v4_lead_shojo_035.png,v4_lead_shojo_035.webp,v4_lead_shojo_035.webp,98eb9924399648af1e8ad794173a50bfd46420ee5fdd42cd691919c80e5ebc8a,a5461afd62049b214cb6959d8acecd4dd9647ebf379f0e9700ea15fc4d81ea35,70b8194534ed27b5,512,512,True,True,True,True,True,False,
v4_lead_shojo_036,Aom Wongsa,V4,protag,shojo,slice,comedy,romance,cast/v4/v4_lead_shojo_036.webp,game_source/art_src/cast_v4_upload_staging/batch_01_001-080/068__v4_lead_shojo_036.png,CAST_V4_FINAL_ART_MAP.csv batch_01_001-080/068__v4_lead_shojo_036.png,,068__v4_lead_shojo_036.png,v4_lead_shojo_036.webp,v4_lead_shojo_036.webp,26f94e578ee82c7e7989a9bf0d549ad43265fd40a7d7ba3f3ebeb59dc4499af3,a8f4bf9011cacd441f0a162130baeaa954be12b4257350e2e3151b0eebbe2adf,5cfb944c08272fb4,512,512,True,True,True,True,True,False,
v4_lead_shojo_037,Yildiz Demir,V4,protag,shojo,sports,supernatural,military,cast/v4/v4_lead_shojo_037.webp,game_source/art_src/cast_v4_upload_staging/batch_01_001-080/069__v4_lead_shojo_037.png,CAST_V4_FINAL_ART_MAP.csv batch_01_001-080/069__v4_lead_shojo_037.png,,069__v4_lead_shojo_037.png,v4_lead_shojo_037.webp,v4_lead_shojo_037.webp,bbf283dad739b7f2db5ecf26be76d6d893976aa912421bfab9a41327754ed8fe,d737acef07e9d7cd5eca60a9e003e0de4ef99c8d7676d8ab939618675beadc59,6c164e3003b376db,512,512,True,True,True,True,True,False,
v4_lead_shojo_038,Duy Do,V4,protag,shojo,cooking,supernatural,magical,cast/v4/v4_lead_shojo_038.webp,game_source/art_src/cast_v4_upload_staging/batch_01_001-080/070__v4_lead_shojo_038.png,CAST_V4_FINAL_ART_MAP.csv batch_01_001-080/070__v4_lead_shojo_038.png,,070__v4_lead_shojo_038.png,v4_lead_shojo_038.webp,v4_lead_shojo_038.webp,4aba177c752770ea813694a7a2a8c38a2f0f4bf795a1f66b15eb06084550c5a7,e65ad856a3749418d98fd5e33031456e7b5c10816f5b3a2ce70378c3843442ef,61431d273b78d0ec,512,512,True,True,True,True,True,False,
v4_lead_shojo_039,Eliza Mazur,V4,protag,shojo,fantasy,magical,comedy,cast/v4/v4_lead_shojo_039.webp,game_source/art_src/cast_v4_upload_staging/batch_01_001-080/071__v4_lead_shojo_039.png,CAST_V4_FINAL_ART_MAP.csv batch_01_001-080/071__v4_lead_shojo_039.png,,071__v4_lead_shojo_039.png,v4_lead_shojo_039.webp,v4_lead_shojo_039.webp,753c114adc637744a42424414f040b8b441ac48840d1115b3f5d6da3cfb56fee,d0c5d4ef6ae48ef610357d6694ca992d92d378f29bcd62c50807b10b82243865,27896aa425e79599,512,512,True,True,True,True,True,False,
v4_lead_shojo_040,Livia Costa,V4,protag,shojo,romance,nordic,cyber,cast/v4/v4_lead_shojo_040.webp,game_source/art_src/cast_v4_upload_staging/batch_01_001-080/072__v4_lead_shojo_040.png,CAST_V4_FINAL_ART_MAP.csv batch_01_001-080/072__v4_lead_shojo_040.png,,072__v4_lead_shojo_040.png,v4_lead_shojo_040.webp,v4_lead_shojo_040.webp,4cb8b157240a044571b547939aed970d91995bc37ce03fc400d422362e4cdcea,2e4ec813c8b1236ef4f3652463b4f979eb8f2a685b1e3daaf81c6cd90969957d,3af4e0936197816d,512,512,True,True,True,True,True,False,
v4_lead_shojo_041,Thanat Thamrong,V4,protag,shojo,cyber,mystery,shinobi,cast/v4/v4_lead_shojo_041.webp,game_source/art_src/cast_v4_upload_staging/batch_01_001-080/073__v4_lead_shojo_041.png,CAST_V4_FINAL_ART_MAP.csv batch_01_001-080/073__v4_lead_shojo_041.png,,073__v4_lead_shojo_041.png,v4_lead_shojo_041.webp,v4_lead_shojo_041.webp,68beb4ae0a17fde3b870fe5863b8d6295c830cfc86b238d6650075ced55e1998,765bfacae066ea6be309eb2cda1bf094e93e475fc489276a3580efc165e77cf0,2ca2487667725cd5,512,512,True,True,True,True,True,False,
v4_sidekick_shonen_001,Noel Edwards,V4,secondary,shonen,mecha,slice,horror,cast/v4/v4_sidekick_shonen_001.webp,game_source/art_src/cast_v4_upload_staging/batch_01_001-080/074__v4_sidekick_shonen_001.png,CAST_V4_FINAL_ART_MAP.csv batch_01_001-080/074__v4_sidekick_shonen_001.png,,074__v4_sidekick_shonen_001.png,v4_sidekick_shonen_001.webp,v4_sidekick_shonen_001.webp,938408a2d444eda69754dd3d74d27dc43f96bf0415a0487e6b310433b0aa93ce,1c4bed10de24eb4a330eeaab0f59e2a22028c84b43c1b9f5ba93422937187131,65751dae6170685a,512,512,True,True,True,True,True,False,
v4_sidekick_shonen_002,Tove Aasen,V4,secondary,shonen,mecha,romance,mystery,cast/v4/v4_sidekick_shonen_002.webp,game_source/art_src/cast_v4_upload_staging/batch_01_001-080/075__v4_sidekick_shonen_002.png,CAST_V4_FINAL_ART_MAP.csv batch_01_001-080/075__v4_sidekick_shonen_002.png,,075__v4_sidekick_shonen_002.png,v4_sidekick_shonen_002.webp,v4_sidekick_shonen_002.webp,d42240a8ee424985b9966f7d6908cb88f1ce4d90cb0617a5dfd5c8fb08e6e248,96e44ed285b78f8bf96c6f9240b69975a2c2a62f6520d0cd9046c48068a1f07c,6d4e6ae3395284f0,512,512,True,True,True,True,True,False,
v4_sidekick_shonen_003,Duy Huynh,V4,secondary,shonen,mecha,sports,shinobi,cast/v4/v4_sidekick_shonen_003.webp,game_source/art_src/cast_v4_upload_staging/batch_01_001-080/076__v4_sidekick_shonen_003.png,CAST_V4_FINAL_ART_MAP.csv batch_01_001-080/076__v4_sidekick_shonen_003.png,,076__v4_sidekick_shonen_003.png,v4_sidekick_shonen_003.webp,v4_sidekick_shonen_003.webp,b283a92439e689312d838dd5ff434dae6c3744ce65c23985745834a06b0323cc,4aac8efbd0b880e58cec0494cb60abb72c6a6cf192eee362728a896c97cbc11a,10ac9e6571d27595,512,512,True,True,True,True,True,False,
v4_sidekick_shonen_004,Esme Farrow,V4,secondary,shonen,mecha,idol,martial,cast/v4/v4_sidekick_shonen_004.webp,game_source/art_src/cast_v4_upload_staging/batch_01_001-080/077__v4_sidekick_shonen_004.png,CAST_V4_FINAL_ART_MAP.csv batch_01_001-080/077__v4_sidekick_shonen_004.png,,077__v4_sidekick_shonen_004.png,v4_sidekick_shonen_004.webp,v4_sidekick_shonen_004.webp,e5f73008770f74d654cce34cc6af30aa79de979db920710e9b137fb1c2618eb5,88f4be0aa1c5e3eae28d9458f04a419131458e1fd7e2c678d672156984bc949a,34d8d6b161b1314f,512,512,True,True,True,True,True,False,
v4_sidekick_shonen_005,Ari Reid,V4,secondary,shonen,mecha,pirate,mythology,cast/v4/v4_sidekick_shonen_005.webp,game_source/art_src/cast_v4_upload_staging/batch_01_001-080/078__v4_sidekick_shonen_005.png,CAST_V4_FINAL_ART_MAP.csv batch_01_001-080/078__v4_sidekick_shonen_005.png,,078__v4_sidekick_shonen_005.png,v4_sidekick_shonen_005.webp,v4_sidekick_shonen_005.webp,33fcabfd2fa32cd56483397365f2ff2177cc30223f288cadf7d8a548f7cddadd,c4d65dae5ce26245cc0fe94e07536a2372d7632944999aae9791fc9a3b869186,35e4e56ed2941e48,512,512,True,True,True,True,True,False,
v4_sidekick_shonen_006,Yichen Wu,V4,secondary,shonen,isekai,slice,fantasy,cast/v4/v4_sidekick_shonen_006.webp,game_source/art_src/cast_v4_upload_staging/batch_01_001-080/079__v4_sidekick_shonen_006.png,CAST_V4_FINAL_ART_MAP.csv batch_01_001-080/079__v4_sidekick_shonen_006.png,,079__v4_sidekick_shonen_006.png,v4_sidekick_shonen_006.webp,v4_sidekick_shonen_006.webp,16096542696e6a2f31b3a8184f96fb8457a0e33b91f3f41f1a0ed8a2c807d092,17316ceee5465a2d59181ea5d4129cc82351f06e0ebc78b7cc2bba280bb1e8ac,60d8080f2f47e7ce,512,512,True,True,True,True,True,False,
v4_sidekick_shonen_007,Tara Mehrabi,V4,secondary,shonen,isekai,romance,idol,cast/v4/v4_sidekick_shonen_007.webp,game_source/art_src/cast_v4_upload_staging/batch_01_001-080/080__v4_sidekick_shonen_007.png,CAST_V4_FINAL_ART_MAP.csv batch_01_001-080/080__v4_sidekick_shonen_007.png,,080__v4_sidekick_shonen_007.png,v4_sidekick_shonen_007.webp,v4_sidekick_shonen_007.webp,ee578825ff8e95467b1da40ff287ae7237eafd35e91cae1b23cb6341678cd2af,62b83d64ddc00a162be7a014f1e4f966eeb5dc06fb3057050d99c49f68ae6d84,34f06168953a7e2d,512,512,True,True,True,True,True,False,
v4_sidekick_shonen_008,Thiago Souza,V4,secondary,shonen,isekai,sports,supernatural,cast/v4/v4_sidekick_shonen_008.webp,game_source/art_src/cast_v4_upload_staging/batch_02_081-160/081__v4_sidekick_shonen_008.png,CAST_V4_FINAL_ART_MAP.csv batch_02_081-160/081__v4_sidekick_shonen_008.png,,081__v4_sidekick_shonen_008.png,v4_sidekick_shonen_008.webp,v4_sidekick_shonen_008.webp,0de4e7d0b2804fa046eb0591f7235c8f716268929fa74520961b145c32e00af9,20599046c85253b3a892e5aa2d8883db166e56179aa8f275706c627aa63f92cf,31e187666e963c8c,512,512,True,True,True,True,True,False,
v4_sidekick_shonen_009,Thao Pham,V4,secondary,shonen,isekai,military,samurai,cast/v4/v4_sidekick_shonen_009.webp,game_source/art_src/cast_v4_upload_staging/batch_02_081-160/082__v4_sidekick_shonen_009.png,CAST_V4_FINAL_ART_MAP.csv batch_02_081-160/082__v4_sidekick_shonen_009.png,,082__v4_sidekick_shonen_009.png,v4_sidekick_shonen_009.webp,v4_sidekick_shonen_009.webp,0ec9ce213c2d3785b66d85c55779efb309b550e5e71e0e9760d1b76fe206d89d,23d09c3a93f2eb1934f144803edc6accf76bb30774c9d4c044500f4fc5764677,25e161e5716161db,512,512,True,True,True,True,True,False,
v4_sidekick_shonen_010,Zephyr Alexiou,V4,secondary,shonen,isekai,magical,martial,cast/v4/v4_sidekick_shonen_010.webp,game_source/art_src/cast_v4_upload_staging/batch_02_081-160/083__v4_sidekick_shonen_010.png,CAST_V4_FINAL_ART_MAP.csv batch_02_081-160/083__v4_sidekick_shonen_010.png,,083__v4_sidekick_shonen_010.png,v4_sidekick_shonen_010.webp,v4_sidekick_shonen_010.webp,5dcc44e858f276d0d931076d8cf24e80e2b82a45badf590a4d9f5276ae0d18fc,ba3e05de0a24f960b88400d01e90a93ba321d0a3ddea8b73a237e8fe2af35e5f,65a550746b0ccf96,512,512,True,True,True,True,True,False,
v4_sidekick_shonen_011,Noel Walters,V4,secondary,shonen,isekai,survival,shinobi,cast/v4/v4_sidekick_shonen_011.webp,game_source/art_src/cast_v4_upload_staging/batch_02_081-160/084__v4_sidekick_shonen_011.png,CAST_V4_FINAL_ART_MAP.csv batch_02_081-160/084__v4_sidekick_shonen_011.png,,084__v4_sidekick_shonen_011.png,v4_sidekick_shonen_011.webp,v4_sidekick_shonen_011.webp,bbb5ae11a3c8cf31de09b73a149051a4cb6ed649e96a1841d5b2ea50bcadfd26,8af25224f0304d8c638df9f218280f2a79a8f5a48eea5de88cce8f551ed7c4ce,61b43e43c3d31d98,512,512,True,True,True,True,True,False,
v4_sidekick_shonen_012,Rafaela Moura,V4,secondary,shonen,slice,romance,shinobi,cast/v4/v4_sidekick_shonen_012.webp,game_source/art_src/cast_v4_upload_staging/batch_02_081-160/085__v4_sidekick_shonen_012.png,CAST_V4_FINAL_ART_MAP.csv batch_02_081-160/085__v4_sidekick_shonen_012.png,,085__v4_sidekick_shonen_012.png,v4_sidekick_shonen_012.webp,v4_sidekick_shonen_012.webp,cc36fc232babbfb5af13e94f4c0c158c530ea00eda0fee7297fcfb616f60a9ab,8482d8c8092e409dd533a6f1747aee7da50cb056d68c5220c311c5eec08cf587,14d270e133275ccf,512,512,True,True,True,True,True,False,
v4_sidekick_shonen_013,Zayan Sheikh,V4,secondary,shonen,slice,idol,supernatural,cast/v4/v4_sidekick_shonen_013.webp,game_source/art_src/cast_v4_upload_staging/batch_02_081-160/086__v4_sidekick_shonen_013.png,CAST_V4_FINAL_ART_MAP.csv batch_02_081-160/086__v4_sidekick_shonen_013.png,,086__v4_sidekick_shonen_013.png,v4_sidekick_shonen_013.webp,v4_sidekick_shonen_013.webp,a7dc1a9e7d22df9bc43e8f36ccc3cc88848993d90c72e70efd78af94714226c2,936e870b8e0ad14e53b0978a70a861a2b5a4258812e8a9e96e82afa178358e10,38aa4f713533528b,512,512,True,True,True,True,True,False,
v4_sidekick_shonen_014,Busisiwe Petersen,V4,secondary,shonen,slice,mystery,mythology,cast/v4/v4_sidekick_shonen_014.webp,game_source/art_src/cast_v4_upload_staging/batch_02_081-160/087__v4_sidekick_shonen_014.png,CAST_V4_FINAL_ART_MAP.csv batch_02_081-160/087__v4_sidekick_shonen_014.png,,087__v4_sidekick_shonen_014.png,v4_sidekick_shonen_014.webp,v4_sidekick_shonen_014.webp,1c11fb352d853f23c0c4298ba41fecedf6515f332b8cca3b9aba8ff669006ad9,55f343bb4dabff758ebe7ec063f864c0dc3bb23ce5f25019e39aa39eec851547,04eeda74335334cc,512,512,True,True,True,True,True,False,
v4_sidekick_shonen_015,Renjiro Hoshino,V4,secondary,shonen,slice,magical,pirate,cast/v4/v4_sidekick_shonen_015.webp,game_source/art_src/cast_v4_upload_staging/batch_02_081-160/088__v4_sidekick_shonen_015.png,CAST_V4_FINAL_ART_MAP.csv batch_02_081-160/088__v4_sidekick_shonen_015.png,,088__v4_sidekick_shonen_015.png,v4_sidekick_shonen_015.webp,v4_sidekick_shonen_015.webp,6e2004accb34bcef92bff2922d4fe54b459595f9c6e5c4df9b6cd78af273119d,668353d838eb5c9095eeee74055eb25f417e47bd5576c3305c204a7efa13290f,2fe8d2693139ce05,512,512,True,True,True,True,True,False,
v4_sidekick_shonen_016,Kossi Sow,V4,secondary,shonen,horror,romance,survival,cast/v4/v4_sidekick_shonen_016.webp,game_source/art_src/cast_v4_upload_staging/batch_02_081-160/089__v4_sidekick_shonen_016.png,CAST_V4_FINAL_ART_MAP.csv batch_02_081-160/089__v4_sidekick_shonen_016.png,,089__v4_sidekick_shonen_016.png,v4_sidekick_shonen_016.webp,v4_sidekick_shonen_016.webp,2ae25822ff4f7db11c232a527d2b79fd7cf78b9462c183e882cee8f8634f58d5,3c6f633221513fe9c6a453f06577187a9e91a552fb1c3a09ce6400c13c7c3516,21f16d563666d8a1,512,512,True,True,True,True,True,False,
v4_sidekick_shonen_017,Kalila Navarro,V4,secondary,shonen,horror,idol,samurai,cast/v4/v4_sidekick_shonen_017.webp,game_source/art_src/cast_v4_upload_staging/batch_02_081-160/090__v4_sidekick_shonen_017.png,CAST_V4_FINAL_ART_MAP.csv batch_02_081-160/090__v4_sidekick_shonen_017.png,,090__v4_sidekick_shonen_017.png,v4_sidekick_shonen_017.webp,v4_sidekick_shonen_017.webp,581103303248c33e3f6d4f6eaa490b5e5676ac3df8b411f72eff71f9ffb268d7,18fbd3e99e50fd1498d65b7f7e0ff5a634a7a36c80fee7696bdb3dc138c53acb,49a927654766f036,512,512,True,True,True,True,True,False,
v4_sidekick_shonen_018,Karim Haddad,V4,secondary,shonen,romance,supernatural,space,cast/v4/v4_sidekick_shonen_018.webp,game_source/art_src/cast_v4_upload_staging/batch_02_081-160/091__v4_sidekick_shonen_018.png,CAST_V4_FINAL_ART_MAP.csv batch_02_081-160/091__v4_sidekick_shonen_018.png,,091__v4_sidekick_shonen_018.png,v4_sidekick_shonen_018.webp,v4_sidekick_shonen_018.webp,3ed3adfc38b39db11b2879e8dd6f2d1e26e64b84a6e2a66ec2edb3ad3a69b2a0,14ca857b42c04477c98c62943da1bdbc148b71d0ad4e84ee97ff4acc87b8aa8c,29f9695d26a49946,512,512,True,True,True,True,True,False,
v4_sidekick_shonen_019,Celeste Roux,V4,secondary,shonen,romance,pirate,samurai,cast/v4/v4_sidekick_shonen_019.webp,game_source/art_src/cast_v4_upload_staging/batch_02_081-160/092__v4_sidekick_shonen_019.png,CAST_V4_FINAL_ART_MAP.csv batch_02_081-160/092__v4_sidekick_shonen_019.png,,092__v4_sidekick_shonen_019.png,v4_sidekick_shonen_019.webp,v4_sidekick_shonen_019.webp,e4ba367ace32c9789bf77e889539cc6a40e7b4ca70259afec7e22f621040df84,a7f9c186c37631ee15178f874081c829aa397c77ed67a16112cba9431ef74f6b,21a41c301767efc7,512,512,True,True,True,True,True,False,
v4_sidekick_shonen_020,Avery Campbell,V4,secondary,shonen,fantasy,cooking,nordic,cast/v4/v4_sidekick_shonen_020.webp,game_source/art_src/cast_v4_upload_staging/batch_02_081-160/093__v4_sidekick_shonen_020.png,CAST_V4_FINAL_ART_MAP.csv batch_02_081-160/093__v4_sidekick_shonen_020.png,,093__v4_sidekick_shonen_020.png,v4_sidekick_shonen_020.webp,v4_sidekick_shonen_020.webp,78a349f69cdb9626d2504e7f20b683a887234c0d8e1256a2151913ef2ff0a80b,f62df674916cec5110ca5742f30bf44d2efdc46df633fcd344116c31db01a9cd,37c42db51e92891b,512,512,True,True,True,True,True,False,
v4_sidekick_shonen_021,Kaan Tas,V4,secondary,shonen,idol,space,nordic,cast/v4/v4_sidekick_shonen_021.webp,game_source/art_src/cast_v4_upload_staging/batch_02_081-160/094__v4_sidekick_shonen_021.png,CAST_V4_FINAL_ART_MAP.csv batch_02_081-160/094__v4_sidekick_shonen_021.png,,094__v4_sidekick_shonen_021.png,v4_sidekick_shonen_021.webp,v4_sidekick_shonen_021.webp,c90544b754c74ae22d4a7dfc9a223eadb7291bc6847401c01cff088e3dd5002f,58509fdea2a3a54714326fd989b56ff80723001e8e6bb9c84ca625b9124fdb44,2ea0734b4b7c9496,512,512,True,True,True,True,True,False,
v4_sidekick_shonen_022,Runa Mercer,V4,secondary,shonen,mystery,comedy,space,cast/v4/v4_sidekick_shonen_022.webp,game_source/art_src/cast_v4_upload_staging/batch_02_081-160/095__v4_sidekick_shonen_022.png,CAST_V4_FINAL_ART_MAP.csv batch_02_081-160/095__v4_sidekick_shonen_022.png,,095__v4_sidekick_shonen_022.png,v4_sidekick_shonen_022.webp,v4_sidekick_shonen_022.webp,ce4499444e19f57f91e5ae62bab07e97bfb1df348348e1c5a3a904bae7db40b7,54c14a2b2f08e5429e85918bb0f0dca5135d90f957c1b9bb18fcefc0b04ba64f,4cf1cc2778c8f388,512,512,True,True,True,True,True,False,
v4_sidekick_shonen_023,Minh Tran,V4,secondary,shonen,cooking,military,space,cast/v4/v4_sidekick_shonen_023.webp,game_source/art_src/cast_v4_upload_staging/batch_02_081-160/096__v4_sidekick_shonen_023.png,CAST_V4_FINAL_ART_MAP.csv batch_02_081-160/096__v4_sidekick_shonen_023.png,,096__v4_sidekick_shonen_023.png,v4_sidekick_shonen_023.webp,v4_sidekick_shonen_023.webp,3bc9709838551b769f0a6cecfef2872e267968ff7d8613384950f007c75eb61f,69557c27890aa633c593558bd638a92cc7bbb5e9e63a05ea28a829328e29d542,6c6179168efc62c8,512,512,True,True,True,True,True,False,
v4_sidekick_shonen_024,Callia Pappas,V4,secondary,shonen,military,supernatural,martial,cast/v4/v4_sidekick_shonen_024.webp,game_source/art_src/cast_v4_upload_staging/batch_02_081-160/097__v4_sidekick_shonen_024.png,CAST_V4_FINAL_ART_MAP.csv batch_02_081-160/097__v4_sidekick_shonen_024.png,,097__v4_sidekick_shonen_024.png,v4_sidekick_shonen_024.webp,v4_sidekick_shonen_024.webp,f6992009fa6464030dca02bc2cd23e1a80fd5c08f1d6581deb55f9a83c3daf4a,517682ce27043e5462a5a7fdc44efcea00769a4ac23276d32a9067f358158262,5b2759248c76cb32,512,512,True,True,True,True,True,False,
v4_sidekick_shonen_025,Rayan Khalil,V4,secondary,shonen,supernatural,magical,mythology,cast/v4/v4_sidekick_shonen_025.webp,game_source/art_src/cast_v4_upload_staging/batch_02_081-160/098__v4_sidekick_shonen_025.png,CAST_V4_FINAL_ART_MAP.csv batch_02_081-160/098__v4_sidekick_shonen_025.png,,098__v4_sidekick_shonen_025.png,v4_sidekick_shonen_025.webp,v4_sidekick_shonen_025.webp,62b069fe46274fedf5899bb2182d1aa48a6b675c123374ac14b10fe6854e79f0,dfea5474ff38b6a1e4148c7588ee67b17ee1f0b062269749e92cafd44ce48df6,3d56432a12c3cdc7,512,512,True,True,True,True,True,False,
v4_sidekick_shonen_026,Faris Haddad,V4,secondary,shonen,space,magical,shinobi,cast/v4/v4_sidekick_shonen_026.webp,game_source/art_src/cast_v4_upload_staging/batch_02_081-160/099__v4_sidekick_shonen_026.png,CAST_V4_FINAL_ART_MAP.csv batch_02_081-160/099__v4_sidekick_shonen_026.png,,099__v4_sidekick_shonen_026.png,v4_sidekick_shonen_026.webp,v4_sidekick_shonen_026.webp,7203573310b98395307147279d2db99553a0c754aec205c8e79cbd1fda709145,820403b2232d9c85bc3845b7ab3e2ca1e2a161b7ed9285582a45379a0cb02ee5,7d750b0a42e0f4bc,512,512,True,True,True,True,True,False,
v4_sidekick_shonen_027,Mali Wongsa,V4,secondary,shonen,space,survival,samurai,cast/v4/v4_sidekick_shonen_027.webp,game_source/art_src/cast_v4_upload_staging/batch_02_081-160/100__v4_sidekick_shonen_027.png,CAST_V4_FINAL_ART_MAP.csv batch_02_081-160/100__v4_sidekick_shonen_027.png,,100__v4_sidekick_shonen_027.png,v4_sidekick_shonen_027.webp,v4_sidekick_shonen_027.webp,4dc07933a536a866b6b86dca280bded72a8ba59d9afb205a964c67a0bc675d04,8dfd50ed821a5d7af9140c3878dd0b58dbde128cc21027798852294a167dfb4c,399849694716f6b4,512,512,True,True,True,True,True,False,
v4_sidekick_shonen_028,Arjun Rao,V4,secondary,shonen,mythology,samurai,shinobi,cast/v4/v4_sidekick_shonen_028.webp,game_source/art_src/cast_v4_upload_staging/batch_02_081-160/101__v4_sidekick_shonen_028.png,CAST_V4_FINAL_ART_MAP.csv batch_02_081-160/101__v4_sidekick_shonen_028.png,,101__v4_sidekick_shonen_028.png,v4_sidekick_shonen_028.webp,v4_sidekick_shonen_028.webp,b205fc7b1ffa83a05c464ef0549962b64c56e7696468ef036298daf6742d2fad,20b63c3654f77f268287e9d8f3e00b0471763ba3902da4d00d7942e7a83e7170,38d965b7ab4464c8,512,512,True,True,True,True,True,False,
v4_sidekick_shonen_029,Xinyi Fang,V4,secondary,shonen,romance,fantasy,sports,cast/v4/v4_sidekick_shonen_029.webp,game_source/art_src/cast_v4_upload_staging/batch_02_081-160/102__v4_sidekick_shonen_029.png,CAST_V4_FINAL_ART_MAP.csv batch_02_081-160/102__v4_sidekick_shonen_029.png,,102__v4_sidekick_shonen_029.png,v4_sidekick_shonen_029.webp,v4_sidekick_shonen_029.webp,b378855fec6d55082bc04fec7c41b8260080a011034421d93231b978fc4d0e72,7f34f251d89db952fe310749d4bacdfd5210070687fc4bcb502796ab22d8826b,33e1654a36578d8a,512,512,True,True,True,True,True,False,
v4_sidekick_shonen_030,Kai Mazur,V4,secondary,shonen,sports,mystery,cyber,cast/v4/v4_sidekick_shonen_030.webp,game_source/art_src/cast_v4_upload_staging/batch_02_081-160/103__v4_sidekick_shonen_030.png,CAST_V4_FINAL_ART_MAP.csv batch_02_081-160/103__v4_sidekick_shonen_030.png,,103__v4_sidekick_shonen_030.png,v4_sidekick_shonen_030.webp,v4_sidekick_shonen_030.webp,242865521b373e95dad5aa048056e4f8802ba2219836b06d16f5d21cdb96e12d,d4c895b78a240ab8e787960a5fbcc7dfe01e29f27c770aa5f8f9ae4e61e6a266,384d61b7272d0f49,512,512,True,True,True,True,True,False,
v4_sidekick_shonen_031,Sipho Mokoena,V4,secondary,shonen,mystery,martial,nordic,cast/v4/v4_sidekick_shonen_031.webp,game_source/art_src/cast_v4_upload_staging/batch_02_081-160/104__v4_sidekick_shonen_031.png,CAST_V4_FINAL_ART_MAP.csv batch_02_081-160/104__v4_sidekick_shonen_031.png,,104__v4_sidekick_shonen_031.png,v4_sidekick_shonen_031.webp,v4_sidekick_shonen_031.webp,bae39b5df5fc4f11c86cf83e6845b1d28f8a6364ff844c21d4bdd16a1c26f0eb,3bdefcd728b3450be6c152e958edbafff55ea0ad40f7b30587df54a964c0398d,141969e1b5726b4d,512,512,True,True,True,True,True,False,
v4_sidekick_shonen_032,Kalila Soriano,V4,secondary,shonen,cyber,magical,idol,cast/v4/v4_sidekick_shonen_032.webp,game_source/art_src/cast_v4_upload_staging/batch_02_081-160/105__v4_sidekick_shonen_032.png,CAST_V4_FINAL_ART_MAP.csv batch_02_081-160/105__v4_sidekick_shonen_032.png,,105__v4_sidekick_shonen_032.png,v4_sidekick_shonen_032.webp,v4_sidekick_shonen_032.webp,05fbb036cbb4722d3196c9a78e9303eeca5996b5eab8017cf8973e36f789ae0f,c452302340da3d4967049554106fb27cc049b0608878d5cbf501a4d7e10c1d01,6c881b0f317d5ad8,512,512,True,True,True,True,True,False,
v4_sidekick_shonen_033,Abdi Hassan,V4,secondary,shonen,military,pirate,survival,cast/v4/v4_sidekick_shonen_033.webp,game_source/art_src/cast_v4_upload_staging/batch_02_081-160/106__v4_sidekick_shonen_033.png,CAST_V4_FINAL_ART_MAP.csv batch_02_081-160/106__v4_sidekick_shonen_033.png,,106__v4_sidekick_shonen_033.png,v4_sidekick_shonen_033.webp,v4_sidekick_shonen_033.webp,8fa8411ddffb17c1308ed59d6d6630815e5cd6a35103eb8c307382750e73d47b,967ec391be361359e3db55026b19bdb39d7c59b613c2b0c9839a683000285b09,69a6173a22c2de8b,512,512,True,True,True,True,True,False,
v4_sidekick_shonen_034,Dewi Pratama,V4,secondary,shonen,romance,mythology,cooking,cast/v4/v4_sidekick_shonen_034.webp,game_source/art_src/cast_v4_upload_staging/batch_02_081-160/107__v4_sidekick_shonen_034.png,CAST_V4_FINAL_ART_MAP.csv batch_02_081-160/107__v4_sidekick_shonen_034.png,,107__v4_sidekick_shonen_034.png,v4_sidekick_shonen_034.webp,v4_sidekick_shonen_034.webp,dd6225881edfce9171fbd261154cb523540ab254931b7d31706f24966fbb61ca,77033d9bfbba4f09b719757721791673a15c1c73e22ffa994c3b7b7b314983e1,6ee57ba8a1a4948a,512,512,True,True,True,True,True,False,
v4_sidekick_shonen_035,Rumi Malik,V4,secondary,shonen,slice,horror,survival,cast/v4/v4_sidekick_shonen_035.webp,game_source/art_src/cast_v4_upload_staging/batch_02_081-160/108__v4_sidekick_shonen_035.png,CAST_V4_FINAL_ART_MAP.csv batch_02_081-160/108__v4_sidekick_shonen_035.png,,108__v4_sidekick_shonen_035.png,v4_sidekick_shonen_035.webp,v4_sidekick_shonen_035.webp,a9cfc1cae47b718e38c34eea7873a3215c8aedcb6d6396fe69d3311b9e5a5561,79c5c7da85c66c9f0c4911c0c224ee401e140b6621abe39211f6e74f102d8078,760f314879a386c7,512,512,True,True,True,True,True,False,
v4_sidekick_shojo_001,Naledi Nkosi,V4,secondary,shojo,mecha,isekai,space,cast/v4/v4_sidekick_shojo_001.webp,game_source/art_src/cast_v4_upload_staging/batch_02_081-160/109__v4_sidekick_shojo_001.png,CAST_V4_FINAL_ART_MAP.csv batch_02_081-160/109__v4_sidekick_shojo_001.png,,109__v4_sidekick_shojo_001.png,v4_sidekick_shojo_001.webp,v4_sidekick_shojo_001.webp,f4f87d58604bc61fbfc6e7edc7fffa1d8ab392e7d08d453a04f0f232e3040ed7,448842765719ca7d00fc7a08ee24d750a18d1a1920dd5a96982e979955e2a8e8,358f266d505b4c5a,512,512,True,True,True,True,True,False,
v4_sidekick_shojo_002,Faris Najjar,V4,secondary,shojo,mecha,cyber,supernatural,cast/v4/v4_sidekick_shojo_002.webp,game_source/art_src/cast_v4_upload_staging/batch_02_081-160/110__v4_sidekick_shojo_002.png,CAST_V4_FINAL_ART_MAP.csv batch_02_081-160/110__v4_sidekick_shojo_002.png,,110__v4_sidekick_shojo_002.png,v4_sidekick_shojo_002.webp,v4_sidekick_shojo_002.webp,fd89f714bb84c67f8fc9532d340cdd726eb73f9fd7061b8d6988bbb960218099,2b4657a81095921d7cb05e023469d41a45eadca3bad9fb37403c7f73d4fdb2a5,588c62d0f45ae99b,512,512,True,True,True,True,True,False,
v4_sidekick_shojo_003,Shuya Wu,V4,secondary,shojo,mecha,fantasy,comedy,cast/v4/v4_sidekick_shojo_003.webp,game_source/art_src/cast_v4_upload_staging/batch_02_081-160/111__v4_sidekick_shojo_003.png,CAST_V4_FINAL_ART_MAP.csv batch_02_081-160/111__v4_sidekick_shojo_003.png,,111__v4_sidekick_shojo_003.png,v4_sidekick_shojo_003.webp,v4_sidekick_shojo_003.webp,2281a8f75c15d315f6f5e7ac6956c854bea462c6be1099187da1b4a0d1a50316,e8e2071e704c307971cf4c311dea12e4bad9524b7b9dae3147e255a50c281158,3595cdbe998c980c,512,512,True,True,True,True,True,False,
v4_sidekick_shojo_004,Chike Mensah,V4,secondary,shojo,mecha,survival,nordic,cast/v4/v4_sidekick_shojo_004.webp,game_source/art_src/cast_v4_upload_staging/batch_02_081-160/112__v4_sidekick_shojo_004.png,CAST_V4_FINAL_ART_MAP.csv batch_02_081-160/112__v4_sidekick_shojo_004.png,,112__v4_sidekick_shojo_004.png,v4_sidekick_shojo_004.webp,v4_sidekick_shojo_004.webp,1705e6aa78ae71f49341a86b995376fc9c686ad6e84c2921e684d19fb0b57389,49a814233c592ed30f5e01c6edad0c6560bc8da13a64921fb8ea182594b88b43,21b3a6052a4f6f59,512,512,True,True,True,True,True,False,
v4_sidekick_shojo_005,Rinako Fujimoto,V4,secondary,shojo,isekai,horror,mystery,cast/v4/v4_sidekick_shojo_005.webp,game_source/art_src/cast_v4_upload_staging/batch_02_081-160/113__v4_sidekick_shojo_005.png,CAST_V4_FINAL_ART_MAP.csv batch_02_081-160/113__v4_sidekick_shojo_005.png,,113__v4_sidekick_shojo_005.png,v4_sidekick_shojo_005.webp,v4_sidekick_shojo_005.webp,450c884bac7e81d747b81479a740bd0fbbad3bdddf2afa4d45c576262f19514b,4043c915ae78062dd6800a98f9748fdb30fe49b846ac70028e1fd0fbbb48ae1f,60d21b6d8d8ece1c,512,512,True,True,True,True,True,False,
v4_sidekick_shojo_006,Deniz Aydin,V4,secondary,shojo,isekai,cyber,pirate,cast/v4/v4_sidekick_shojo_006.webp,game_source/art_src/cast_v4_upload_staging/batch_02_081-160/114__v4_sidekick_shojo_006.png,CAST_V4_FINAL_ART_MAP.csv batch_02_081-160/114__v4_sidekick_shojo_006.png,,114__v4_sidekick_shojo_006.png,v4_sidekick_shojo_006.webp,v4_sidekick_shojo_006.webp,3ed0d5b5382aa7a1ca90fa52856c6673f68a80dc38a8568a9c8a2b1cc2b50053,648374e81a353e489b2d68e27c1e955db6f699e23ff9a37262f73c395919affd,3a92442e2ddbc9c5,512,512,True,True,True,True,True,False,
v4_sidekick_shojo_007,Sabine Bernard,V4,secondary,shojo,isekai,comedy,cooking,cast/v4/v4_sidekick_shojo_007.webp,game_source/art_src/cast_v4_upload_staging/batch_02_081-160/115__v4_sidekick_shojo_007.png,CAST_V4_FINAL_ART_MAP.csv batch_02_081-160/115__v4_sidekick_shojo_007.png,,115__v4_sidekick_shojo_007.png,v4_sidekick_shojo_007.webp,v4_sidekick_shojo_007.webp,4460cfc9039ef41d59a08a48952a45887996751e1dd35675d719f84b29af1fbb,ecf4177c024ea67581334b45e916e0495d0c4fda2d8053e95cbf8fcad5bf3dcb,5ede24417e4991c3,512,512,True,True,True,True,True,False,
v4_sidekick_shojo_008,Isao Okuno,V4,secondary,shojo,slice,sports,cooking,cast/v4/v4_sidekick_shojo_008.webp,game_source/art_src/cast_v4_upload_staging/batch_02_081-160/116__v4_sidekick_shojo_008.png,CAST_V4_FINAL_ART_MAP.csv batch_02_081-160/116__v4_sidekick_shojo_008.png,,116__v4_sidekick_shojo_008.png,v4_sidekick_shojo_008.webp,v4_sidekick_shojo_008.webp,2b8b88010d8a04ee5a67072e5374b4bcbc2f99f44fa711a27aa66c11098a7170,f2194d2c3630ffa0ae3dc58d882ad19c6b1ca0150740b0aa1ccb9cf1d69dcdc2,7de5730b5e124306,512,512,True,True,True,True,True,False,
v4_sidekick_shojo_009,Catriona Kerr,V4,secondary,shojo,slice,cyber,comedy,cast/v4/v4_sidekick_shojo_009.webp,game_source/art_src/cast_v4_upload_staging/batch_02_081-160/117__v4_sidekick_shojo_009.png,CAST_V4_FINAL_ART_MAP.csv batch_02_081-160/117__v4_sidekick_shojo_009.png,,117__v4_sidekick_shojo_009.png,v4_sidekick_shojo_009.webp,v4_sidekick_shojo_009.webp,4c5928c4a602c42ab916d7bf740d7b54dcb07fdc133c9002d25d366b4ee2ba27,8462c2f449ddb19a94082ae187deec437269f77aa0eeb361dc069e6b91eb773d,354a502d88c7de76,512,512,True,True,True,True,True,False,
v4_sidekick_shojo_010,Kauri Te Aho,V4,secondary,shojo,slice,space,martial,cast/v4/v4_sidekick_shojo_010.webp,game_source/art_src/cast_v4_upload_staging/batch_02_081-160/118__v4_sidekick_shojo_010.png,CAST_V4_FINAL_ART_MAP.csv batch_02_081-160/118__v4_sidekick_shojo_010.png,,118__v4_sidekick_shojo_010.png,v4_sidekick_shojo_010.webp,v4_sidekick_shojo_010.webp,b0128eb1ec4b544239bea5a0f826c935e5cfa8ced0e729df0133a400cfcdf22f,7702e5c9ea465592634253482e8a50536295cd7285710353bd6a8df1a9bc5600,19bc66445bdb9192,512,512,True,True,True,True,True,False,
v4_sidekick_shojo_011,Naz Arslan,V4,secondary,shojo,horror,sports,nordic,cast/v4/v4_sidekick_shojo_011.webp,game_source/art_src/cast_v4_upload_staging/batch_02_081-160/119__v4_sidekick_shojo_011.png,CAST_V4_FINAL_ART_MAP.csv batch_02_081-160/119__v4_sidekick_shojo_011.png,,119__v4_sidekick_shojo_011.png,v4_sidekick_shojo_011.webp,v4_sidekick_shojo_011.webp,107757732ab659377d274d244df01d3ddaa18f1bc8a795e05e4c3a3e5d70ff4c,05803fc685fcb8836bc5e9e638149d8bb0ec9401ffe1e460eecc43c3bcfce070,30c52d366498dccf,512,512,True,True,True,True,True,False,
v4_sidekick_shojo_012,Jules Bailey,V4,secondary,shojo,horror,fantasy,magical,cast/v4/v4_sidekick_shojo_012.webp,game_source/art_src/cast_v4_upload_staging/batch_02_081-160/120__v4_sidekick_shojo_012.png,CAST_V4_FINAL_ART_MAP.csv batch_02_081-160/120__v4_sidekick_shojo_012.png,,120__v4_sidekick_shojo_012.png,v4_sidekick_shojo_012.webp,v4_sidekick_shojo_012.webp,bc14c3ed5850ed31009a53e557d9bfa7a6576b8684f4aab664b19ef5210a300f,4837b1d71d165db9c11461954ba0a0025b0ea5d9d7ce8ad8524421fc866a692a,3e9d60960b6316bc,512,512,True,True,True,True,True,False,
v4_sidekick_shojo_013,Ximena Reyes,V4,secondary,shojo,horror,comedy,supernatural,cast/v4/v4_sidekick_shojo_013.webp,game_source/art_src/cast_v4_upload_staging/batch_02_081-160/121__v4_sidekick_shojo_013.png,CAST_V4_FINAL_ART_MAP.csv batch_02_081-160/121__v4_sidekick_shojo_013.png,,121__v4_sidekick_shojo_013.png,v4_sidekick_shojo_013.webp,v4_sidekick_shojo_013.webp,4b6df95a71fcf746855cb37c1e3bcb85675d77f94d8b0c3279035d49770e7884,f69261ef44e49158233b1575654e2071bafcb355efee1a47d2fb0c9f28d7fb53,7cea23130be184ed,512,512,True,True,True,True,True,False,
v4_sidekick_shojo_014,Cian Hale,V4,secondary,shojo,horror,cooking,pirate,cast/v4/v4_sidekick_shojo_014.webp,game_source/art_src/cast_v4_upload_staging/batch_02_081-160/122__v4_sidekick_shojo_014.png,CAST_V4_FINAL_ART_MAP.csv batch_02_081-160/122__v4_sidekick_shojo_014.png,,122__v4_sidekick_shojo_014.png,v4_sidekick_shojo_014.webp,v4_sidekick_shojo_014.webp,2ed7cdf77581ea8f50e07b1debc17f5919f74b661a965f761ceb740b69567513,eaf55bbd203a4299d689e797a4fd2b39341889caa8d6f280c362d1a539f43609,7c2e27d14e642db0,512,512,True,True,True,True,True,False,
v4_sidekick_shojo_015,Mina Farhadi,V4,secondary,shojo,horror,martial,mythology,cast/v4/v4_sidekick_shojo_015.webp,game_source/art_src/cast_v4_upload_staging/batch_02_081-160/123__v4_sidekick_shojo_015.png,CAST_V4_FINAL_ART_MAP.csv batch_02_081-160/123__v4_sidekick_shojo_015.png,,123__v4_sidekick_shojo_015.png,v4_sidekick_shojo_015.webp,v4_sidekick_shojo_015.webp,aa37fbdf42dfa186045cc54d0d064269633608ca3ba4aac4e466e0c89904bb69,cccbf917881eb1be13b2bfa36d635180fb572278b9b182b57c3f564d0424f62e,600d3646b9c5467f,512,512,True,True,True,True,True,False,
v4_sidekick_shojo_016,Noel Owusu,V4,secondary,shojo,romance,cyber,nordic,cast/v4/v4_sidekick_shojo_016.webp,game_source/art_src/cast_v4_upload_staging/batch_02_081-160/124__v4_sidekick_shojo_016.png,CAST_V4_FINAL_ART_MAP.csv batch_02_081-160/124__v4_sidekick_shojo_016.png,,124__v4_sidekick_shojo_016.png,v4_sidekick_shojo_016.webp,v4_sidekick_shojo_016.webp,6c3052ba64bfe7712023ae4c5709baf6eeeb82a7dbdf31fdba240753413773ca,0ffd09f88db6a42c17e89006ec60cfcd362d0ce8b33ec48b006a9bb4680c5eb5,344a937ba5b3429c,512,512,True,True,True,True,True,False,
v4_sidekick_shojo_017,Tove Dahl,V4,secondary,shojo,romance,cooking,magical,cast/v4/v4_sidekick_shojo_017.webp,game_source/art_src/cast_v4_upload_staging/batch_02_081-160/125__v4_sidekick_shojo_017.png,CAST_V4_FINAL_ART_MAP.csv batch_02_081-160/125__v4_sidekick_shojo_017.png,,125__v4_sidekick_shojo_017.png,v4_sidekick_shojo_017.webp,v4_sidekick_shojo_017.webp,ca3432f5a6df043e7a3328efbb3b56b5c62b25e99c1e21d08daef8b704231c90,ea997bd3e623ded46e1d221cc3efe9c78f6ba8cf7b5681abad0ce17b303d9b11,35292f86b2646b1d,512,512,True,True,True,True,True,False,
v4_sidekick_shojo_018,Jai Sen,V4,secondary,shojo,sports,cyber,military,cast/v4/v4_sidekick_shojo_018.webp,game_source/art_src/cast_v4_upload_staging/batch_02_081-160/126__v4_sidekick_shojo_018.png,CAST_V4_FINAL_ART_MAP.csv batch_02_081-160/126__v4_sidekick_shojo_018.png,,126__v4_sidekick_shojo_018.png,v4_sidekick_shojo_018.webp,v4_sidekick_shojo_018.webp,66827be18fbfaef450eed15dc00825bbec36d1cd39bdf0f472fae36fac48e284,0171954cefd6a7425581fbf1edbf2693b9a0ce8b6b5c1a26e1bee5c75beb9d40,1cc5461b73e5a986,512,512,True,True,True,True,True,False,
v4_sidekick_shojo_019,Camila Navarro,V4,secondary,shojo,sports,comedy,samurai,cast/v4/v4_sidekick_shojo_019.webp,game_source/art_src/cast_v4_upload_staging/batch_02_081-160/127__v4_sidekick_shojo_019.png,CAST_V4_FINAL_ART_MAP.csv batch_02_081-160/127__v4_sidekick_shojo_019.png,,127__v4_sidekick_shojo_019.png,v4_sidekick_shojo_019.webp,v4_sidekick_shojo_019.webp,574c52cab9a3ab04a08b1f27ea3fff0cc5396e3ce55f054f44e0997f8b101e8b,9603ea11b5fa8e3d3959fd71b5be6c4f199dd14028c9d8ceb1ef60cd7ddd592d,3cd46913328dc7ac,512,512,True,True,True,True,True,False,
v4_sidekick_shojo_020,Leon Drakos,V4,secondary,shojo,sports,space,pirate,cast/v4/v4_sidekick_shojo_020.webp,game_source/art_src/cast_v4_upload_staging/batch_02_081-160/128__v4_sidekick_shojo_020.png,CAST_V4_FINAL_ART_MAP.csv batch_02_081-160/128__v4_sidekick_shojo_020.png,,128__v4_sidekick_shojo_020.png,v4_sidekick_shojo_020.webp,v4_sidekick_shojo_020.webp,4f31009b4cd5f439b6ffe155c131383a85fd90813898be35b5ce5279608b9d4f,e9d575a131215f6379c50dcafdf11b1e0bf8a04506a7b7e9b769a02d498d44aa,3d0900f26f06b2df,512,512,True,True,True,True,True,False,
v4_sidekick_shojo_021,Maja Lis,V4,secondary,shojo,sports,survival,martial,cast/v4/v4_sidekick_shojo_021.webp,game_source/art_src/cast_v4_upload_staging/batch_02_081-160/129__v4_sidekick_shojo_021.png,CAST_V4_FINAL_ART_MAP.csv batch_02_081-160/129__v4_sidekick_shojo_021.png,,129__v4_sidekick_shojo_021.png,v4_sidekick_shojo_021.webp,v4_sidekick_shojo_021.webp,e81d2499414e819ad54743de60f802972ab9e017b0f05e735570ab0595709a43,ef742c4ef763ad18478f867bf019df5856294a3ee255f232b8a6564e01f3dbe9,6a8ef014971395c7,512,512,True,True,True,True,True,False,
v4_sidekick_shojo_022,Shunpei Ishibashi,V4,secondary,shojo,cyber,space,mythology,cast/v4/v4_sidekick_shojo_022.webp,game_source/art_src/cast_v4_upload_staging/batch_02_081-160/130__v4_sidekick_shojo_022.png,CAST_V4_FINAL_ART_MAP.csv batch_02_081-160/130__v4_sidekick_shojo_022.png,,130__v4_sidekick_shojo_022.png,v4_sidekick_shojo_022.webp,v4_sidekick_shojo_022.webp,18daba5b75460285a2876fc6b32f21ab675e78c6e18123fed065aa19cf37b831,f827eaafbad786ef3999f62498a8632c58b70680a651269fe1d7bc13a9ae4297,2aad0a2af332f24b,512,512,True,True,True,True,True,False,
v4_sidekick_shojo_023,Ara Kim,V4,secondary,shojo,fantasy,idol,shinobi,cast/v4/v4_sidekick_shojo_023.webp,game_source/art_src/cast_v4_upload_staging/batch_04_241-304/308__donor8_r3p2.png,CAST_V4_FINAL_ART_MAP.csv batch_04_241-304/308__donor8_r3p2.png,,308__donor8_r3p2.png,v4_sidekick_shojo_023.webp,v4_sidekick_shojo_023.webp,bf0926057a5c46bb10190f2ce429bbf91d6431d72cc9ff1aca4b18ba2f785760,7b7a816b6192abfcaa57ef2fd795b762ab3edf1535c79acbdc09de2568b02bfd,0fd9392db92e3424,512,512,True,True,True,True,True,False,
v4_sidekick_shojo_024,Jai Iyer,V4,secondary,shojo,fantasy,mystery,pirate,cast/v4/v4_sidekick_shojo_024.webp,game_source/art_src/cast_v4_upload_staging/batch_02_081-160/131__v4_sidekick_shojo_024.png,CAST_V4_FINAL_ART_MAP.csv batch_02_081-160/131__v4_sidekick_shojo_024.png,,131__v4_sidekick_shojo_024.png,v4_sidekick_shojo_024.webp,v4_sidekick_shojo_024.webp,0116351f5069ca605d92f49d3d273497f500ec19b6550ea150326e829f62de6d,0dcf303a73e5c03991c6dcfa13050bdd1a26fcbac2fce5d4efb91b5288e896ba,592419c13379e73a,512,512,True,True,True,True,True,False,
v4_sidekick_shojo_025,Marley Francis,V4,secondary,shojo,fantasy,military,mythology,cast/v4/v4_sidekick_shojo_025.webp,game_source/art_src/cast_v4_upload_staging/batch_02_081-160/132__v4_sidekick_shojo_025.png,CAST_V4_FINAL_ART_MAP.csv batch_02_081-160/132__v4_sidekick_shojo_025.png,,132__v4_sidekick_shojo_025.png,v4_sidekick_shojo_025.webp,v4_sidekick_shojo_025.webp,888d121e6d03429484c6e37dc1aa5153f5b65c68e00eafc2c40046a570b78730,1e786bf228fc44fbd42bc143a8b204f7ea4e52ca711419cd2cd3ab50327b3717,60c0f072f22fe9cc,512,512,True,True,True,True,True,False,
v4_sidekick_shojo_026,Omid Jafari,V4,secondary,shojo,fantasy,supernatural,samurai,cast/v4/v4_sidekick_shojo_026.webp,game_source/art_src/cast_v4_upload_staging/batch_02_081-160/133__v4_sidekick_shojo_026.png,CAST_V4_FINAL_ART_MAP.csv batch_02_081-160/133__v4_sidekick_shojo_026.png,,133__v4_sidekick_shojo_026.png,v4_sidekick_shojo_026.webp,v4_sidekick_shojo_026.webp,491b997e61276c93b29a958605c376b9db4ecec5531bfe933b04c71648dbde2c,ea24f5e4708fbaa20c14a483bf1a8e3671b30860df91e3409cb3a42319abbf68,4c7843310637ee79,512,512,True,True,True,True,True,False,
v4_sidekick_shojo_027,Kalila Mercado,V4,secondary,shojo,idol,mystery,cooking,cast/v4/v4_sidekick_shojo_027.webp,game_source/art_src/cast_v4_upload_staging/batch_02_081-160/134__v4_sidekick_shojo_027.png,CAST_V4_FINAL_ART_MAP.csv batch_02_081-160/134__v4_sidekick_shojo_027.png,,134__v4_sidekick_shojo_027.png,v4_sidekick_shojo_027.webp,v4_sidekick_shojo_027.webp,fc8a5d3c0534516b912a5e8e0862471da72152ecd5bb3d3038864133ecd1f98f,2239806010cb378ca2e9da8eaf290a54ec540e69b610b881ca5f87cfa25f5228,65f9732f0f02190b,512,512,True,True,True,True,True,False,
v4_sidekick_shojo_028,Alexios Drakos,V4,secondary,shojo,idol,comedy,mythology,cast/v4/v4_sidekick_shojo_028.webp,game_source/art_src/cast_v4_upload_staging/batch_02_081-160/135__v4_sidekick_shojo_028.png,CAST_V4_FINAL_ART_MAP.csv batch_02_081-160/135__v4_sidekick_shojo_028.png,,135__v4_sidekick_shojo_028.png,v4_sidekick_shojo_028.webp,v4_sidekick_shojo_028.webp,2a43463f2f0c2420c824a58381c8c575450a900411d73a4f156768d2ac2c59cb,46c90bab410fea6faa3f204eca7c22f23e3b36bdd4f054bc451bf748e4b627f4,19a4893b7656d3c1,512,512,True,True,True,True,True,False,
v4_sidekick_shojo_029,Clarice Souza,V4,secondary,shojo,mystery,military,shinobi,cast/v4/v4_sidekick_shojo_029.webp,game_source/art_src/cast_v4_upload_staging/batch_02_081-160/136__v4_sidekick_shojo_029.png,CAST_V4_FINAL_ART_MAP.csv batch_02_081-160/136__v4_sidekick_shojo_029.png,,136__v4_sidekick_shojo_029.png,v4_sidekick_shojo_029.webp,v4_sidekick_shojo_029.webp,aab975537dca1b627532f3de4e8ff7a6dbc44ae250087fa5d4c8e727a74dfe7f,240201110a5fed3cab582fb0ea4ef13d3f5e6fb178da2e598b21eb4623d0d214,6094732779c7cd18,512,512,True,True,True,True,True,False,
v4_sidekick_shojo_030,Eshe Balde,V4,secondary,shojo,mystery,supernatural,survival,cast/v4/v4_sidekick_shojo_030.webp,game_source/art_src/cast_v4_upload_staging/batch_02_081-160/137__v4_sidekick_shojo_030.png,CAST_V4_FINAL_ART_MAP.csv batch_02_081-160/137__v4_sidekick_shojo_030.png,,137__v4_sidekick_shojo_030.png,v4_sidekick_shojo_030.webp,v4_sidekick_shojo_030.webp,f4ba99d312569323f58972f2afe61795c01a29dcfcaa100d01dc1f0e859ab234,debd7c8641fbf724cdc8f738a0cf6bae9aa34ada74eec21fcf19c66bfd55d464,319b4256e62ca1db,512,512,True,True,True,True,True,False,
v4_sidekick_shojo_031,Marisol Cervantes,V4,secondary,shojo,comedy,military,survival,cast/v4/v4_sidekick_shojo_031.webp,game_source/art_src/cast_v4_upload_staging/batch_04_241-304/295__donor8_r1p3.png,CAST_V4_FINAL_ART_MAP.csv batch_04_241-304/295__donor8_r1p3.png,,295__donor8_r1p3.png,v4_sidekick_shojo_031.webp,v4_sidekick_shojo_031.webp,8fafd7f9382f3d030f226c7525b4237d376983c6aa84a6257476f9540cff27cb,a2acaeaf1fd3749647267fd3b8b30bd0855ea3bff04a3ba7ec8766b9426e1876,348a5a4d5d315b53,512,512,True,True,True,True,True,False,
v4_sidekick_shojo_032,Veer Iyer,V4,secondary,shojo,comedy,magical,nordic,cast/v4/v4_sidekick_shojo_032.webp,game_source/art_src/cast_v4_upload_staging/batch_02_081-160/138__v4_sidekick_shojo_032.png,CAST_V4_FINAL_ART_MAP.csv batch_02_081-160/138__v4_sidekick_shojo_032.png,,138__v4_sidekick_shojo_032.png,v4_sidekick_shojo_032.webp,v4_sidekick_shojo_032.webp,4dbbc16f46acd8500c430268183e1057b175de220356b2c410947059dd039324,085c837dee07df4084459d4f8cdff389e7722232952f85f663aebc70b4bd5489,65cd176a4e9508f8,512,512,True,True,True,True,True,False,
v4_sidekick_shojo_033,Anya Farrow,V4,secondary,shojo,comedy,pirate,shinobi,cast/v4/v4_sidekick_shojo_033.webp,game_source/art_src/cast_v4_upload_staging/batch_02_081-160/139__v4_sidekick_shojo_033.png,CAST_V4_FINAL_ART_MAP.csv batch_02_081-160/139__v4_sidekick_shojo_033.png,,139__v4_sidekick_shojo_033.png,v4_sidekick_shojo_033.webp,v4_sidekick_shojo_033.webp,fafefe9d55785c8d61a8b4c86dd9990d3ec6449c38676dc2a86861fd2539b13c,0024fcac0905f5ae23bca1636d7c1ca4132f7247aa47b31cd41a648de1299758,70fc6a33024337e5,512,512,True,True,True,True,True,False,
v4_sidekick_shojo_034,Dev Sen,V4,secondary,shojo,pirate,martial,nordic,cast/v4/v4_sidekick_shojo_034.webp,game_source/art_src/cast_v4_upload_staging/batch_02_081-160/140__v4_sidekick_shojo_034.png,CAST_V4_FINAL_ART_MAP.csv batch_02_081-160/140__v4_sidekick_shojo_034.png,,140__v4_sidekick_shojo_034.png,v4_sidekick_shojo_034.webp,v4_sidekick_shojo_034.webp,3d45ec70eea57f4b424d4a83f85201909a1dc50611015d2cf43d944eac53e19b,1a4e95251ff4cdb460990caaeb53a168100125cb7fb62336ebcaf5590bfa25de,3099ade10e7263dc,512,512,True,True,True,True,True,False,
v4_sidekick_shojo_035,Mahnoor Rizvi,V4,secondary,shojo,horror,military,space,cast/v4/v4_sidekick_shojo_035.webp,game_source/art_src/cast_v4_upload_staging/batch_02_081-160/141__v4_sidekick_shojo_035.png,CAST_V4_FINAL_ART_MAP.csv batch_02_081-160/141__v4_sidekick_shojo_035.png,,141__v4_sidekick_shojo_035.png,v4_sidekick_shojo_035.webp,v4_sidekick_shojo_035.webp,bfdf5a9743e7bdffbf197463296fc1e7bf7b1aec231f682beac2551fb4014450,e59a4fae25cd35a8f61315ec4d2aa79aca99bcedfd968eac5e4166e2171c59db,63be283b696142dc,512,512,True,True,True,True,True,False,
v4_sidekick_shojo_036,Noor Mirza,V4,secondary,shojo,romance,sports,idol,cast/v4/v4_sidekick_shojo_036.webp,game_source/art_src/cast_v4_upload_staging/batch_02_081-160/142__v4_sidekick_shojo_036.png,CAST_V4_FINAL_ART_MAP.csv batch_02_081-160/142__v4_sidekick_shojo_036.png,,142__v4_sidekick_shojo_036.png,v4_sidekick_shojo_036.webp,v4_sidekick_shojo_036.webp,76884f4d17df41624023dc754c112a06f319b6e539f451cfa91c072e876e6fa7,ce7c7413040ad53785333089a991d49fa69933da0b04a79535604e0fe64bad28,5ddb736600219ba9,512,512,True,True,True,True,True,False,
v4_sidekick_shojo_037,Sade Sow,V4,secondary,shojo,mecha,magical,sports,cast/v4/v4_sidekick_shojo_037.webp,game_source/art_src/cast_v4_upload_staging/batch_02_081-160/143__v4_sidekick_shojo_037.png,CAST_V4_FINAL_ART_MAP.csv batch_02_081-160/143__v4_sidekick_shojo_037.png,,143__v4_sidekick_shojo_037.png,v4_sidekick_shojo_037.webp,v4_sidekick_shojo_037.webp,8faf5c2ff3ffcb1cf0e5ce8c4f6e38de9b4614857edb84a4f253420720819317,304c549ae29295cf22b48f3995c5967f6dfbc4de7610f3bc477ea66d9257d81d,15a56d5371514b4d,512,512,True,True,True,True,True,False,
v4_sidekick_shojo_038,Minh Pham,V4,secondary,shojo,cyber,survival,magical,cast/v4/v4_sidekick_shojo_038.webp,game_source/art_src/cast_v4_upload_staging/batch_04_241-304/311__donor8_r3p5.png,CAST_V4_FINAL_ART_MAP.csv batch_04_241-304/311__donor8_r3p5.png,,311__donor8_r3p5.png,v4_sidekick_shojo_038.webp,v4_sidekick_shojo_038.webp,f051dfa9c2bb5664fefb09793994c8cc417fc70803cdc9e763dfc8a917bbdd3a,f1761986d334a829d13a046feea4ab0c3b9e890b5e6b2b2b83d9d759388567fe,33939bb338a8a28e,512,512,True,True,True,True,True,False,
v4_mascot_shonen_001,Kettle,V4,pet,shonen,mecha,isekai,supernatural,cast/v4/v4_mascot_shonen_001.webp,game_source/art_src/cast_v4_upload_staging/batch_02_081-160/144__v4_mascot_shonen_001.png,CAST_V4_FINAL_ART_MAP.csv batch_02_081-160/144__v4_mascot_shonen_001.png,,144__v4_mascot_shonen_001.png,v4_mascot_shonen_001.webp,v4_mascot_shonen_001.webp,b1ad619e20812f565192fe1e5f91f2110c3884a66b30425911afb13291ef1909,e06c6f38b49c41a788b597808932635f3a1ea9bd28ce5d8aaf1eb306e785b25e,33ac179d2a573862,512,512,True,True,True,True,True,False,
v4_mascot_shonen_002,Orbi,V4,pet,shonen,mecha,comedy,nordic,cast/v4/v4_mascot_shonen_002.webp,game_source/art_src/cast_v4_upload_staging/batch_02_081-160/145__v4_mascot_shonen_002.png,CAST_V4_FINAL_ART_MAP.csv batch_02_081-160/145__v4_mascot_shonen_002.png,,145__v4_mascot_shonen_002.png,v4_mascot_shonen_002.webp,v4_mascot_shonen_002.webp,ad55600676903574160d97d2d8ee292fc1222330caf3eb561ad912102e967139,d8820f1c0c63208aa671169670e8c53e8e93e6f16b2ec6ef54193ad31c028d6f,1c4cae76ad49d8d0,512,512,True,True,True,True,True,False,
v4_mascot_shonen_003,Moro,V4,pet,shonen,isekai,slice,magical,cast/v4/v4_mascot_shonen_003.webp,game_source/art_src/cast_v4_upload_staging/batch_02_081-160/146__v4_mascot_shonen_003.png,CAST_V4_FINAL_ART_MAP.csv batch_02_081-160/146__v4_mascot_shonen_003.png,,146__v4_mascot_shonen_003.png,v4_mascot_shonen_003.webp,v4_mascot_shonen_003.webp,8dd45e590765352797e48be4c8790cb19a288ee7212fcc48911874b33692fd42,56d7079c411626d4c31cf2fbb329fc5744c3b7b393afe2dbbf9a464e8d1af9cf,1da7791c100d5abd,512,512,True,True,True,True,True,False,
v4_mascot_shonen_004,Moppet,V4,pet,shonen,isekai,sports,mystery,cast/v4/v4_mascot_shonen_004.webp,game_source/art_src/cast_v4_upload_staging/batch_02_081-160/147__v4_mascot_shonen_004.png,CAST_V4_FINAL_ART_MAP.csv batch_02_081-160/147__v4_mascot_shonen_004.png,,147__v4_mascot_shonen_004.png,v4_mascot_shonen_004.webp,v4_mascot_shonen_004.webp,e693d17b7d998f907515d56ebff081ca8f1759e3893c92014dd472d25a1069bf,169eb7346340afb8be25071099205d1e46e6d50df093d14a944ff5314a4af3b7,00e31d8f7d19691e,512,512,True,True,True,True,True,False,
v4_mascot_shonen_005,Melo,V4,pet,shonen,isekai,military,space,cast/v4/v4_mascot_shonen_005.webp,game_source/art_src/cast_v4_upload_staging/batch_02_081-160/148__v4_mascot_shonen_005.png,CAST_V4_FINAL_ART_MAP.csv batch_02_081-160/148__v4_mascot_shonen_005.png,,148__v4_mascot_shonen_005.png,v4_mascot_shonen_005.webp,v4_mascot_shonen_005.webp,12a516ad3a57300a6492dcdd0169735ae035ace2b3e2cdfe76c14c594fa574ff,367bf2d269309c8e5bb6fcb7d15e99c5fa00c0f6179acb16403f26019ec0f9a1,5fcd86c926e0b066,512,512,True,True,True,True,True,False,
v4_mascot_shonen_006,Moss,V4,pet,shonen,isekai,survival,mythology,cast/v4/v4_mascot_shonen_006.webp,game_source/art_src/cast_v4_upload_staging/batch_02_081-160/149__v4_mascot_shonen_006.png,CAST_V4_FINAL_ART_MAP.csv batch_02_081-160/149__v4_mascot_shonen_006.png,,149__v4_mascot_shonen_006.png,v4_mascot_shonen_006.webp,v4_mascot_shonen_006.webp,e6a02639e5f7b5e732a60ec551fabd01807fae2d11cd398b827ba1d14d1021b0,03efdfd3a01d9f61c1bd236e90833784f2709f94574acb4481785f13189993f6,49cbc0d5ec8b8978,512,512,True,True,True,True,True,False,
v4_mascot_shonen_007,Cloak,V4,pet,shonen,slice,horror,romance,cast/v4/v4_mascot_shonen_007.webp,game_source/art_src/cast_v4_upload_staging/batch_02_081-160/150__v4_mascot_shonen_007.png,CAST_V4_FINAL_ART_MAP.csv batch_02_081-160/150__v4_mascot_shonen_007.png,,150__v4_mascot_shonen_007.png,v4_mascot_shonen_007.webp,v4_mascot_shonen_007.webp,5a4333009e5b3badd2dd72c6491d7f50664d43e119aad670bad5ad3bc25c4772,250110938fd75b2db2487a47f8de2bf9643602c3c2480b72d9708fba8e8c7b53,758718bce0c1f607,512,512,True,True,True,True,True,False,
v4_mascot_shonen_008,Whim,V4,pet,shonen,slice,mystery,nordic,cast/v4/v4_mascot_shonen_008.webp,game_source/art_src/cast_v4_upload_staging/batch_04_241-304/321__repair_v4_mascot_shonen_008.png,CAST_V4_FINAL_ART_MAP.csv batch_04_241-304/321__repair_v4_mascot_shonen_008.png,,321__repair_v4_mascot_shonen_008.png,v4_mascot_shonen_008.webp,v4_mascot_shonen_008.webp,8cb0c53f4617bd8280d9d8c7ef4b4d0d8d615faa5c9c44f49484d387910fa126,5c48d11f19388ac85b94a3d0f0f6ef4310cb0d57bc3819241c7f3c6d9261598a,14c9be94ccb43b58,512,512,True,True,True,True,True,False,
v4_mascot_shonen_009,Scruff,V4,pet,shonen,slice,comedy,cooking,cast/v4/v4_mascot_shonen_009.webp,game_source/art_src/cast_v4_upload_staging/batch_04_241-304/294__donor8_r1p2.png,CAST_V4_FINAL_ART_MAP.csv batch_04_241-304/294__donor8_r1p2.png,,294__donor8_r1p2.png,v4_mascot_shonen_009.webp,v4_mascot_shonen_009.webp,d35742c54c817f52250d2c40d124e5f82042c1d5466547bd19a9b5c99a6a0b6a,8a30197d486be6c4800c51f0ec64adb5ba906db521e7ab2c887e897b19c89eff,582b0e3326dcaf70,512,512,True,True,True,True,True,False,
v4_mascot_shonen_010,Mimi,V4,pet,shonen,slice,supernatural,martial,cast/v4/v4_mascot_shonen_010.webp,game_source/art_src/cast_v4_upload_staging/batch_02_081-160/152__v4_mascot_shonen_010.png,CAST_V4_FINAL_ART_MAP.csv batch_02_081-160/152__v4_mascot_shonen_010.png,,152__v4_mascot_shonen_010.png,v4_mascot_shonen_010.webp,v4_mascot_shonen_010.webp,6566e93b4d62656b2d85cb36954a5968ae9b657c041442f100be0b57cb6b385a,1cf8419e9858c6815c8d8282ee20113324b5058dcaa94d0359c6223571951328,0cc868c47603cfbf,512,512,True,True,True,True,True,False,
v4_mascot_shonen_011,Ripley,V4,pet,shonen,slice,pirate,samurai,cast/v4/v4_mascot_shonen_011.webp,game_source/art_src/cast_v4_upload_staging/batch_02_081-160/153__v4_mascot_shonen_011.png,CAST_V4_FINAL_ART_MAP.csv batch_02_081-160/153__v4_mascot_shonen_011.png,,153__v4_mascot_shonen_011.png,v4_mascot_shonen_011.webp,v4_mascot_shonen_011.webp,f9d5b7d2f6512e5e6be2e71390b7c27956e8df3b13c3f26e7dd0206360fc9b28,5273ebb924d7c57db24f86fcfdb251ff29e4434ee50b31ccd7e647b9996a5e40,0c93e28f33dcc2f0,512,512,True,True,True,True,True,False,
v4_mascot_shonen_012,Latch,V4,pet,shonen,romance,mystery,martial,cast/v4/v4_mascot_shonen_012.webp,game_source/art_src/cast_v4_upload_staging/batch_02_081-160/154__v4_mascot_shonen_012.png,CAST_V4_FINAL_ART_MAP.csv batch_02_081-160/154__v4_mascot_shonen_012.png,,154__v4_mascot_shonen_012.png,v4_mascot_shonen_012.webp,v4_mascot_shonen_012.webp,a0e387da7b633735b85a58a8591fc256eae7fb0c7063867bfaa0d3970679f2b6,b54d50b3c76dd43841c7e36f0bf7fbfa9f0904b047e611fecb2a7cda7ebffff1,47389363bc5cc394,512,512,True,True,True,True,True,False,
v4_mascot_shonen_013,Quill,V4,pet,shonen,romance,pirate,shinobi,cast/v4/v4_mascot_shonen_013.webp,game_source/art_src/cast_v4_upload_staging/batch_02_081-160/155__v4_mascot_shonen_013.png,CAST_V4_FINAL_ART_MAP.csv batch_02_081-160/155__v4_mascot_shonen_013.png,,155__v4_mascot_shonen_013.png,v4_mascot_shonen_013.webp,v4_mascot_shonen_013.webp,88aaeeb44b70c959afcd591a23bacd44ca3dffdde07b69e5612f877a588b186d,c3cd666413f4138ba847947855472bed2d2573e27ace6178300e5ee510b6d1e9,1585361b66da9d62,512,512,True,True,True,True,True,False,
v4_mascot_shonen_014,Yori,V4,pet,shonen,romance,mythology,samurai,cast/v4/v4_mascot_shonen_014.webp,game_source/art_src/cast_v4_upload_staging/batch_02_081-160/156__v4_mascot_shonen_014.png,CAST_V4_FINAL_ART_MAP.csv batch_02_081-160/156__v4_mascot_shonen_014.png,,156__v4_mascot_shonen_014.png,v4_mascot_shonen_014.webp,v4_mascot_shonen_014.webp,23c994c61d0d83dfe0967b0d07abad4eb94bbea09d232ec8dddfcdc958ad6a48,af6f725a4749f23426cf1018294b43e4b39c05abf70a4c029ff4c68afcc551d8,04633c9963649edb,512,512,True,True,True,True,True,False,
v4_mascot_shonen_015,Hush,V4,pet,shonen,sports,space,magical,cast/v4/v4_mascot_shonen_015.webp,game_source/art_src/cast_v4_upload_staging/batch_02_081-160/157__v4_mascot_shonen_015.png,CAST_V4_FINAL_ART_MAP.csv batch_02_081-160/157__v4_mascot_shonen_015.png,,157__v4_mascot_shonen_015.png,v4_mascot_shonen_015.webp,v4_mascot_shonen_015.webp,6ef2cca26350f0cf27a76c0d8189c1f3e04466e02c94c680a27e28e1c02562aa,1d7a73089bacd2c86262afe0a093d0977530dd056811e622dc8b151caaf1c017,30696e5e0cb8789e,512,512,True,True,True,True,True,False,
v4_mascot_shonen_016,Torax,V4,pet,shonen,sports,martial,shinobi,cast/v4/v4_mascot_shonen_016.webp,game_source/art_src/cast_v4_upload_staging/batch_02_081-160/158__v4_mascot_shonen_016.png,CAST_V4_FINAL_ART_MAP.csv batch_02_081-160/158__v4_mascot_shonen_016.png,,158__v4_mascot_shonen_016.png,v4_mascot_shonen_016.webp,v4_mascot_shonen_016.webp,cedf85ec52212fe662b1eeaa3da4d698c7714cc0da5c78e4a4db21a01613c2f7,bf6e084352b36574e02b79e588fbb30554099732fc43e5fed4967d1094611a91,1e1a26e549e6396a,512,512,True,True,True,True,True,False,
v4_mascot_shonen_017,Nori,V4,pet,shonen,cyber,space,mythology,cast/v4/v4_mascot_shonen_017.webp,game_source/art_src/cast_v4_upload_staging/batch_02_081-160/159__v4_mascot_shonen_017.png,CAST_V4_FINAL_ART_MAP.csv batch_02_081-160/159__v4_mascot_shonen_017.png,,159__v4_mascot_shonen_017.png,v4_mascot_shonen_017.webp,v4_mascot_shonen_017.webp,9b435f4c6e9dd8b6b14a57e52bd6dc1425a1a3caeb72301aedb9c115b9695643,355dfb08b695962136c36c9e06031e33fcd5135e55474052caa65f3259106525,6bf02c2833eac83d,512,512,True,True,True,True,True,False,
v4_mascot_shonen_018,Rinny,V4,pet,shonen,fantasy,mystery,space,cast/v4/v4_mascot_shonen_018.webp,game_source/art_src/cast_v4_upload_staging/batch_02_081-160/160__v4_mascot_shonen_018.png,CAST_V4_FINAL_ART_MAP.csv batch_02_081-160/160__v4_mascot_shonen_018.png,,160__v4_mascot_shonen_018.png,v4_mascot_shonen_018.webp,v4_mascot_shonen_018.webp,80bbdb0e0478357ee464e228ed5f8d958246c40e28d522e4578d4a132041cadf,a9ba141da51e72d3db29eb306f2af72aceed597ced23d04fb6bb98bc24aef2f4,17e632115cb6c99a,512,512,True,True,True,True,True,False,
v4_mascot_shonen_019,Tuppence,V4,pet,shonen,idol,mystery,supernatural,cast/v4/v4_mascot_shonen_019.webp,game_source/art_src/cast_v4_upload_staging/batch_03_161-240/161__v4_mascot_shonen_019.png,CAST_V4_FINAL_ART_MAP.csv batch_03_161-240/161__v4_mascot_shonen_019.png,,161__v4_mascot_shonen_019.png,v4_mascot_shonen_019.webp,v4_mascot_shonen_019.webp,c1a80443df322538df066c40767786d8e3130ca0dfbdaf0b5a09eda88fd7aded,d63bde2e3b91fc000b582f1c162c500a9ecc499936133713a9ce427436a1369f,493c631a43379979,512,512,True,True,True,True,True,False,
v4_mascot_shonen_020,Purl,V4,pet,shonen,mystery,cooking,military,cast/v4/v4_mascot_shonen_020.webp,game_source/art_src/cast_v4_upload_staging/batch_03_161-240/162__v4_mascot_shonen_020.png,CAST_V4_FINAL_ART_MAP.csv batch_03_161-240/162__v4_mascot_shonen_020.png,,162__v4_mascot_shonen_020.png,v4_mascot_shonen_020.webp,v4_mascot_shonen_020.webp,1deae221ae48360f8153a650b3040c90fe3b064b28b9d75a1fc5496aff544cd9,acac360b5b480c647bae80f08e98c22afc4a3eb32d277db228b4c5c45b1605ad,18985325cc73e66e,512,512,True,True,True,True,True,False,
v4_mascot_shonen_021,Kuma,V4,pet,shonen,mystery,magical,samurai,cast/v4/v4_mascot_shonen_021.webp,game_source/art_src/cast_v4_upload_staging/batch_03_161-240/163__v4_mascot_shonen_021.png,CAST_V4_FINAL_ART_MAP.csv batch_03_161-240/163__v4_mascot_shonen_021.png,,163__v4_mascot_shonen_021.png,v4_mascot_shonen_021.webp,v4_mascot_shonen_021.webp,b8c532515e4b0df5009da2ed688212f32bdace5f2b714c45b85958e02187e061,dfedc0fe1bef1d1957ac083905fe002cc363efb24070b372f64d49c569834299,3dc5d12d484ac27b,512,512,True,True,True,True,True,False,
v4_mascot_shonen_022,Mika,V4,pet,shonen,military,martial,mythology,cast/v4/v4_mascot_shonen_022.webp,game_source/art_src/cast_v4_upload_staging/batch_03_161-240/164__v4_mascot_shonen_022.png,CAST_V4_FINAL_ART_MAP.csv batch_03_161-240/164__v4_mascot_shonen_022.png,,164__v4_mascot_shonen_022.png,v4_mascot_shonen_022.webp,v4_mascot_shonen_022.webp,7b67d0e32dbbe42ae6843f6fe52bf1eee775c1ba2cbe13897246f475f0dc11e9,1fa3c4d41e3363d6769b1e62e32d8f27f368c68891bef7f86200c0a32453503b,4a9d26fa0761c99c,512,512,True,True,True,True,True,False,
v4_mascot_shonen_023,Puck,V4,pet,shonen,military,nordic,samurai,cast/v4/v4_mascot_shonen_023.webp,game_source/art_src/cast_v4_upload_staging/batch_03_161-240/165__v4_mascot_shonen_023.png,CAST_V4_FINAL_ART_MAP.csv batch_03_161-240/165__v4_mascot_shonen_023.png,,165__v4_mascot_shonen_023.png,v4_mascot_shonen_023.webp,v4_mascot_shonen_023.webp,640627b4a5087c5b6e0e8f3a8d4567650b559deb03f2766747d3125e19da3c0a,24990f53708748a694b56c02c463b679b018bcd37b16dbf650231d72560d0ba0,55cbc4e63be1608c,512,512,True,True,True,True,True,False,
v4_mascot_shonen_024,Clack,V4,pet,shonen,space,pirate,nordic,cast/v4/v4_mascot_shonen_024.webp,game_source/art_src/cast_v4_upload_staging/batch_03_161-240/166__v4_mascot_shonen_024.png,CAST_V4_FINAL_ART_MAP.csv batch_03_161-240/166__v4_mascot_shonen_024.png,,166__v4_mascot_shonen_024.png,v4_mascot_shonen_024.webp,v4_mascot_shonen_024.webp,19b8daf1f4cf76cfc278b87eb6e3dc8116d718ac9909138cab65ebe10149b34a,e503f3b04204e4177c996dda5c8aee946ee23d2b81b3efb77948e7982cbc647f,0cad6767481b9bc8,512,512,True,True,True,True,True,False,
v4_mascot_shonen_025,Jella,V4,pet,shonen,space,martial,samurai,cast/v4/v4_mascot_shonen_025.webp,game_source/art_src/cast_v4_upload_staging/batch_03_161-240/167__v4_mascot_shonen_025.png,CAST_V4_FINAL_ART_MAP.csv batch_03_161-240/167__v4_mascot_shonen_025.png,,167__v4_mascot_shonen_025.png,v4_mascot_shonen_025.webp,v4_mascot_shonen_025.webp,22885efc61ba8508625cb300086d6f534c16813ab1579a2e4437086263b98e5c,b334642af6b4ce03defe5ddd320916006d5540a7a311238b178861c731f2e33c,0e4e334c6cbc5971,512,512,True,True,True,True,True,False,
v4_mascot_shonen_026,Zuzu,V4,pet,shonen,magical,martial,nordic,cast/v4/v4_mascot_shonen_026.webp,game_source/art_src/cast_v4_upload_staging/batch_03_161-240/168__v4_mascot_shonen_026.png,CAST_V4_FINAL_ART_MAP.csv batch_03_161-240/168__v4_mascot_shonen_026.png,,168__v4_mascot_shonen_026.png,v4_mascot_shonen_026.webp,v4_mascot_shonen_026.webp,39ce34fee0c421d488f5f8cebbe1d3eb308d4d7d1725f0e75194c3b98b26e2e6,c11cf9b7662186fc7ceead114453d793625885b505b4ffeea3eeb3f297493be5,44fc7a3870276a27,512,512,True,True,True,True,True,False,
v4_mascot_shonen_027,Mimlet,V4,pet,shonen,magical,mythology,shinobi,cast/v4/v4_mascot_shonen_027.webp,game_source/art_src/cast_v4_upload_staging/batch_03_161-240/169__v4_mascot_shonen_027.png,CAST_V4_FINAL_ART_MAP.csv batch_03_161-240/169__v4_mascot_shonen_027.png,,169__v4_mascot_shonen_027.png,v4_mascot_shonen_027.webp,v4_mascot_shonen_027.webp,b985f2600d9ba929b5da4e417b38e20f3a48ce30ec1e564e5393664600d327c6,54e953d42a7dd99f126fed79576456f7342f12ae88dc12d20a538dcb89751649,4c9c723143922f9f,512,512,True,True,True,True,True,False,
v4_mascot_shonen_028,Noc,V4,pet,shonen,mecha,romance,survival,cast/v4/v4_mascot_shonen_028.webp,game_source/art_src/cast_v4_upload_staging/batch_03_161-240/170__v4_mascot_shonen_028.png,CAST_V4_FINAL_ART_MAP.csv batch_03_161-240/170__v4_mascot_shonen_028.png,,170__v4_mascot_shonen_028.png,v4_mascot_shonen_028.webp,v4_mascot_shonen_028.webp,46c9d24a970fc32c656cb533169d127d312ae4e157ec4d84cd6b7c718d4721f0,6b03f3ebd42776283548f398d8ae4e2fd0f37d725b2e3962b88ca3f8c4623bdb,5d9967240d43d21f,512,512,True,True,True,True,True,False,
v4_mascot_shonen_029,Tass,V4,pet,shonen,mecha,fantasy,military,cast/v4/v4_mascot_shonen_029.webp,game_source/art_src/cast_v4_upload_staging/batch_03_161-240/171__v4_mascot_shonen_029.png,CAST_V4_FINAL_ART_MAP.csv batch_03_161-240/171__v4_mascot_shonen_029.png,,171__v4_mascot_shonen_029.png,v4_mascot_shonen_029.webp,v4_mascot_shonen_029.webp,173172f5d8da27e7188f08bfe6c7cb1d3ad01f1b00dd0970c5de0df423bca7b7,c39a51b0d6102333cc93fcc8fd29eeb6a8f0c5e2782742e8aa52b885142e5f4e,15a53131cd976b92,512,512,True,True,True,True,True,False,
v4_mascot_shonen_030,Pere,V4,pet,shonen,sports,fantasy,cooking,cast/v4/v4_mascot_shonen_030.webp,game_source/art_src/cast_v4_upload_staging/batch_03_161-240/172__v4_mascot_shonen_030.png,CAST_V4_FINAL_ART_MAP.csv batch_03_161-240/172__v4_mascot_shonen_030.png,,172__v4_mascot_shonen_030.png,v4_mascot_shonen_030.webp,v4_mascot_shonen_030.webp,11df0f00c2ec097f87c9cad048f61526ab9dea8428bdd50d131d5accbf1ffdc1,29ade0bd4515be519bd32d5581828809d7fdd087bcad99988c41bf6c8134154c,3ad8b0f04467b633,512,512,True,True,True,True,True,False,
v4_mascot_shonen_031,Bram,V4,pet,shonen,cyber,mystery,pirate,cast/v4/v4_mascot_shonen_031.webp,game_source/art_src/cast_v4_upload_staging/batch_03_161-240/173__v4_mascot_shonen_031.png,CAST_V4_FINAL_ART_MAP.csv batch_03_161-240/173__v4_mascot_shonen_031.png,,173__v4_mascot_shonen_031.png,v4_mascot_shonen_031.webp,v4_mascot_shonen_031.webp,64a870cd84b5fbebea74a0b35b57deadf6a874827f047d9a057c1d04607448f7,fcc7187401fae86e5588246103d46d4dbd72fce266c887a843a4c546b6822011,3b5020676c9a727b,512,512,True,True,True,True,True,False,
v4_mascot_shonen_032,Vixi,V4,pet,shonen,fantasy,idol,cooking,cast/v4/v4_mascot_shonen_032.webp,game_source/art_src/cast_v4_upload_staging/batch_03_161-240/174__v4_mascot_shonen_032.png,CAST_V4_FINAL_ART_MAP.csv batch_03_161-240/174__v4_mascot_shonen_032.png,,174__v4_mascot_shonen_032.png,v4_mascot_shonen_032.webp,v4_mascot_shonen_032.webp,e1284907741a7ff2f7b4ded049b9e0c2a0a3283c2334b29ab3de1f511ceaec5d,5845c058146db401cc3c644c82c1a8d89299dca47443f96fa62542f36e13a130,0dcf6322725ea855,512,512,True,True,True,True,True,False,
v4_mascot_shonen_033,Hail,V4,pet,shonen,isekai,cooking,romance,cast/v4/v4_mascot_shonen_033.webp,game_source/art_src/cast_v4_upload_staging/batch_03_161-240/175__v4_mascot_shonen_033.png,CAST_V4_FINAL_ART_MAP.csv batch_03_161-240/175__v4_mascot_shonen_033.png,,175__v4_mascot_shonen_033.png,v4_mascot_shonen_033.webp,v4_mascot_shonen_033.webp,67724c055d620b345baab83d024850bf33f289742a0a7677b3e860ff78b3249a,0cc18e88e1a656b73316c75432a61a0c8d2b74bf5e21b6b3606e8539ecc4af3c,439f193d3cc52263,512,512,True,True,True,True,True,False,
v4_mascot_shonen_034,Waver,V4,pet,shonen,horror,space,comedy,cast/v4/v4_mascot_shonen_034.webp,game_source/art_src/cast_v4_upload_staging/batch_03_161-240/176__v4_mascot_shonen_034.png,CAST_V4_FINAL_ART_MAP.csv batch_03_161-240/176__v4_mascot_shonen_034.png,,176__v4_mascot_shonen_034.png,v4_mascot_shonen_034.webp,v4_mascot_shonen_034.webp,1823117bc717fddec95d41a830cc23174317c9c5d2c15fe483761ad71ca57e6b,33c55c22a3d1d00b6de6b4677aa08d289bb8b5c6068165c09e8a9aacf6c287ad,589c2a0373f27565,512,512,True,True,True,True,True,False,
v4_mascot_shonen_035,Kairo,V4,pet,shonen,survival,samurai,shinobi,cast/v4/v4_mascot_shonen_035.webp,game_source/art_src/cast_v4_upload_staging/batch_03_161-240/177__v4_mascot_shonen_035.png,CAST_V4_FINAL_ART_MAP.csv batch_03_161-240/177__v4_mascot_shonen_035.png,,177__v4_mascot_shonen_035.png,v4_mascot_shonen_035.webp,v4_mascot_shonen_035.webp,4a871ea7702e213a2eca8911751b9a7315809b9e6baa80afe3e0ec3b9c48271c,87656f2d5e3a1ac55e7255e1a63032848b413b909956ee5fd47385cbb3314372,63fe360b4c00f23d,512,512,True,True,True,True,True,False,
v4_mascot_shonen_036,Slink,V4,pet,shonen,military,shinobi,supernatural,cast/v4/v4_mascot_shonen_036.webp,game_source/art_src/cast_v4_upload_staging/batch_03_161-240/178__v4_mascot_shonen_036.png,CAST_V4_FINAL_ART_MAP.csv batch_03_161-240/178__v4_mascot_shonen_036.png,,178__v4_mascot_shonen_036.png,v4_mascot_shonen_036.webp,v4_mascot_shonen_036.webp,048ebb3dc7ab2eb547a90d64ecdeec45ab5f897d73c6e0ff97be0a6ec28080e5,131a681e7c7ad155a72258a38e78eaa636e35df47534ef9b07b65f22165f0db1,109a6f2d92921f2f,512,512,True,True,True,True,True,False,
v4_mascot_shojo_001,Coro,V4,pet,shojo,mecha,slice,cyber,cast/v4/v4_mascot_shojo_001.webp,game_source/art_src/cast_v4_upload_staging/batch_03_161-240/179__v4_mascot_shojo_001.png,CAST_V4_FINAL_ART_MAP.csv batch_03_161-240/179__v4_mascot_shojo_001.png,,179__v4_mascot_shojo_001.png,v4_mascot_shojo_001.webp,v4_mascot_shojo_001.webp,82ba82aba99de43d3287d87fb7bedc6faae86f461f3218e0c94f9a01bf6e3e2c,95c38a6d06d665c7713cb3e1cd2238dc555fdaf9e3b8010bc2276cbd3a6183d1,4cec976484b73833,512,512,True,True,True,True,True,False,
v4_mascot_shojo_002,Tavi,V4,pet,shojo,mecha,horror,mystery,cast/v4/v4_mascot_shojo_002.webp,game_source/art_src/cast_v4_upload_staging/batch_03_161-240/180__v4_mascot_shojo_002.png,CAST_V4_FINAL_ART_MAP.csv batch_03_161-240/180__v4_mascot_shojo_002.png,,180__v4_mascot_shojo_002.png,v4_mascot_shojo_002.webp,v4_mascot_shojo_002.webp,9876b7cd0d4beb0dace25e1de73ac2782cb7e145657a2aaa59cb9e1a030ab066,75f1ed93ce349e35b01d7bbc2b11983a7b27452f2a1ea155f141007f2a5e42a8,41c763727cd83836,512,512,True,True,True,True,True,False,
v4_mascot_shojo_003,Puffin,V4,pet,shojo,mecha,mythology,sports,cast/v4/v4_mascot_shojo_003.webp,game_source/art_src/cast_v4_upload_staging/batch_03_161-240/181__v4_mascot_shojo_003.png,CAST_V4_FINAL_ART_MAP.csv batch_03_161-240/181__v4_mascot_shojo_003.png,,181__v4_mascot_shojo_003.png,v4_mascot_shojo_003.webp,v4_mascot_shojo_003.webp,fa2c9221258580dfbd3d4c9c7d53487da7243c66122c1c0dc2b53e72c1e9fb6a,ffa5a2bfc7841569353830acb04880fefa7b70af7fa9c67e904dd495fac8ead0,1aca2d49915dd9b4,512,512,True,True,True,True,True,False,
v4_mascot_shojo_004,Wren,V4,pet,shojo,mecha,idol,space,cast/v4/v4_mascot_shojo_004.webp,game_source/art_src/cast_v4_upload_staging/batch_03_161-240/182__v4_mascot_shojo_004.png,CAST_V4_FINAL_ART_MAP.csv batch_03_161-240/182__v4_mascot_shojo_004.png,,182__v4_mascot_shojo_004.png,v4_mascot_shojo_004.webp,v4_mascot_shojo_004.webp,2d921abae1bf1fe11f051a558f36fb08e4c3810462694f3c39739bd3e90a2366,fb819408bae8a2fea66250b27d7ebecc2c4de4692d98fc098188424df36b26f2,19537e1b7c26da02,512,512,True,True,True,True,True,False,
v4_mascot_shojo_005,Ollo,V4,pet,shojo,mecha,pirate,martial,cast/v4/v4_mascot_shojo_005.webp,game_source/art_src/cast_v4_upload_staging/batch_03_161-240/183__v4_mascot_shojo_005.png,CAST_V4_FINAL_ART_MAP.csv batch_03_161-240/183__v4_mascot_shojo_005.png,,183__v4_mascot_shojo_005.png,v4_mascot_shojo_005.webp,v4_mascot_shojo_005.webp,be3883d7c77e12553eed5ff627f90d5fe5ab0692433376097d89de5f3cce37d9,1c2f4487092239be4e2046a80f97918e8f5c2c29e0105f6152ce8796a5e34524,23bb3c4ecf430c2c,512,512,True,True,True,True,True,False,
v4_mascot_shojo_006,Nyxie,V4,pet,shojo,isekai,horror,pirate,cast/v4/v4_mascot_shojo_006.webp,game_source/art_src/cast_v4_upload_staging/batch_03_161-240/184__v4_mascot_shojo_006.png,CAST_V4_FINAL_ART_MAP.csv batch_03_161-240/184__v4_mascot_shojo_006.png,,184__v4_mascot_shojo_006.png,v4_mascot_shojo_006.webp,v4_mascot_shojo_006.webp,11f29ff1e5df65ca960995dae558ad97aaf5eee8089a3b27e2823bf41acd6d79,e91dbf622d547cc78c81db00fd38fff4d90c77dd996ce80c82644fae4ab01042,0d8c7237304acbf9,512,512,True,True,True,True,True,False,
v4_mascot_shojo_007,Brim,V4,pet,shojo,isekai,cyber,martial,cast/v4/v4_mascot_shojo_007.webp,game_source/art_src/cast_v4_upload_staging/batch_03_161-240/185__v4_mascot_shojo_007.png,CAST_V4_FINAL_ART_MAP.csv batch_03_161-240/185__v4_mascot_shojo_007.png,,185__v4_mascot_shojo_007.png,v4_mascot_shojo_007.webp,v4_mascot_shojo_007.webp,f07d61de91e448d1b981409c99f721eb0977b8f305d54ee98efd9ecdb02f7d1e,74640b5e6e723e3f1c43ccf0c86179ff0cffb97120f948be98e0f3223b47940d,40f04d188ee773cd,512,512,True,True,True,True,True,False,
v4_mascot_shojo_008,Pori,V4,pet,shojo,isekai,fantasy,samurai,cast/v4/v4_mascot_shojo_008.webp,game_source/art_src/cast_v4_upload_staging/batch_03_161-240/186__v4_mascot_shojo_008.png,CAST_V4_FINAL_ART_MAP.csv batch_03_161-240/186__v4_mascot_shojo_008.png,,186__v4_mascot_shojo_008.png,v4_mascot_shojo_008.webp,v4_mascot_shojo_008.webp,732b2363b5d25c4664010971cabf1c437bf62774cc18f8b467f92cb3281cfe24,f58824d9a8e6bfa58da0033bc551056f403ea85974ca656b620f7c4236b2cbab,41f056f3cac968cc,512,512,True,True,True,True,True,False,
v4_mascot_shojo_009,Drizzle,V4,pet,shojo,isekai,idol,comedy,cast/v4/v4_mascot_shojo_009.webp,game_source/art_src/cast_v4_upload_staging/batch_03_161-240/187__v4_mascot_shojo_009.png,CAST_V4_FINAL_ART_MAP.csv batch_03_161-240/187__v4_mascot_shojo_009.png,,187__v4_mascot_shojo_009.png,v4_mascot_shojo_009.webp,v4_mascot_shojo_009.webp,286dcd5f250359c3ad34e0cae36d2881a9235d28bfbe7c198ec283968a4a4ee6,7001dcdc24400f7044ba5d3f82227c37e90f5385a1e66fb02f8b7e23918a812f,40b13d2f349a476b,512,512,True,True,True,True,True,False,
v4_mascot_shojo_010,Glim,V4,pet,shojo,slice,sports,idol,cast/v4/v4_mascot_shojo_010.webp,game_source/art_src/cast_v4_upload_staging/batch_03_161-240/188__v4_mascot_shojo_010.png,CAST_V4_FINAL_ART_MAP.csv batch_03_161-240/188__v4_mascot_shojo_010.png,,188__v4_mascot_shojo_010.png,v4_mascot_shojo_010.webp,v4_mascot_shojo_010.webp,572aef7352842b3dd4ec8793a50ca45d606abc567c987e3276fe5156674be897,33b1a9dda066eca4f66c817a648ef602c9a037f28ed77b8373a62601de1803dd,64c0dacc6bc630f3,512,512,True,True,True,True,True,False,
v4_mascot_shojo_011,Suri,V4,pet,shojo,slice,fantasy,mythology,cast/v4/v4_mascot_shojo_011.webp,game_source/art_src/cast_v4_upload_staging/batch_03_161-240/189__v4_mascot_shojo_011.png,CAST_V4_FINAL_ART_MAP.csv batch_03_161-240/189__v4_mascot_shojo_011.png,,189__v4_mascot_shojo_011.png,v4_mascot_shojo_011.webp,v4_mascot_shojo_011.webp,6091057d9af7c285932c8f702873959c715d38fae99838985598329296a9c822,45dc553c492a912904376d73fcb08e21f8a7125e36c5c018023ecf7c4830e3e4,029a4b6a95947779,512,512,True,True,True,True,True,False,
v4_mascot_shojo_012,Tansy,V4,pet,shojo,slice,space,shinobi,cast/v4/v4_mascot_shojo_012.webp,game_source/art_src/cast_v4_upload_staging/batch_03_161-240/190__v4_mascot_shojo_012.png,CAST_V4_FINAL_ART_MAP.csv batch_03_161-240/190__v4_mascot_shojo_012.png,,190__v4_mascot_shojo_012.png,v4_mascot_shojo_012.webp,v4_mascot_shojo_012.webp,0b460fbdbfc558db10b339a019b581e611c7508151f363a5cca01183f1a80840,8faa2c3de3259a003a0fe8764b91bc0d3caeaf5fa8a8839588330e4d229020b3,0f26694be2f43549,512,512,True,True,True,True,True,False,
v4_mascot_shojo_013,Echo,V4,pet,shojo,horror,sports,samurai,cast/v4/v4_mascot_shojo_013.webp,game_source/art_src/cast_v4_upload_staging/batch_03_161-240/199__v4_mascot_shojo_013.png,CAST_V4_FINAL_ART_MAP.csv batch_03_161-240/199__v4_mascot_shojo_013.png,,199__v4_mascot_shojo_013.png,v4_mascot_shojo_013.webp,v4_mascot_shojo_013.webp,947e5b7169ba080de851e37c0c67bff98c65e2855294fa0727809b732ddb9e88,3b728a12c41674ab6a7bf86d10ae3b7a9441dc6874180a0cb7f93e75f81eb6ba,43070f7c704f6372,512,512,True,True,True,True,True,False,
v4_mascot_shojo_014,Sumi,V4,pet,shojo,horror,cyber,comedy,cast/v4/v4_mascot_shojo_014.webp,game_source/art_src/cast_v4_upload_staging/batch_03_161-240/191__v4_mascot_shojo_014.png,CAST_V4_FINAL_ART_MAP.csv batch_03_161-240/191__v4_mascot_shojo_014.png,,191__v4_mascot_shojo_014.png,v4_mascot_shojo_014.webp,v4_mascot_shojo_014.webp,128407e33f1020b0fc8680518e3e981f230710ab8fab03796ec04d1c2890f60d,998e386bc63074689218bd16a107901fe406066eda14a590c54c866fe7325bd5,731b00667ef7008f,512,512,True,True,True,True,True,False,
v4_mascot_shojo_015,Morrow,V4,pet,shojo,horror,fantasy,supernatural,cast/v4/v4_mascot_shojo_015.webp,game_source/art_src/cast_v4_upload_staging/batch_03_161-240/192__v4_mascot_shojo_015.png,CAST_V4_FINAL_ART_MAP.csv batch_03_161-240/192__v4_mascot_shojo_015.png,,192__v4_mascot_shojo_015.png,v4_mascot_shojo_015.webp,v4_mascot_shojo_015.webp,dba72491e3d6d0b6c2b17ffc8119b27d5d4823376d6bf94454046238ef5c8aa1,a7b4602fff95924aec99cf0a8b5f55b4cfb6b9440d0b8a542b075f05ee8d4583,558d7832351b6387,512,512,True,True,True,True,True,False,
v4_mascot_shojo_016,Lark,V4,pet,shojo,horror,idol,shinobi,cast/v4/v4_mascot_shojo_016.webp,game_source/art_src/cast_v4_upload_staging/batch_03_161-240/193__v4_mascot_shojo_016.png,CAST_V4_FINAL_ART_MAP.csv batch_03_161-240/193__v4_mascot_shojo_016.png,,193__v4_mascot_shojo_016.png,v4_mascot_shojo_016.webp,v4_mascot_shojo_016.webp,ca3f8170e9ad4c116a825dfc728658e3b7dd3b49a3ed71758cd0845aad661b7d,34fbf743bf64f7b26a86b00cb59917ae2b0398f0ecca3f8a6053a8c2bf34dc17,1b9f2f6f83266500,512,512,True,True,True,True,True,False,
v4_mascot_shojo_017,Panko,V4,pet,shojo,horror,cooking,mythology,cast/v4/v4_mascot_shojo_017.webp,game_source/art_src/cast_v4_upload_staging/batch_03_161-240/194__v4_mascot_shojo_017.png,CAST_V4_FINAL_ART_MAP.csv batch_03_161-240/194__v4_mascot_shojo_017.png,,194__v4_mascot_shojo_017.png,v4_mascot_shojo_017.webp,v4_mascot_shojo_017.webp,e4405381fac462672eb3786255112eb16a71ef3414f4f4c8556f46f051d272f3,f73abb86b47b5013491c5a45c692b1e551f9a225c7e310ea53d311db03c90232,40870f6a7b87e439,512,512,True,True,True,True,True,False,
v4_mascot_shojo_018,Flick,V4,pet,shojo,horror,military,survival,cast/v4/v4_mascot_shojo_018.webp,game_source/art_src/cast_v4_upload_staging/batch_03_161-240/204__v4_mascot_shojo_018.png,CAST_V4_FINAL_ART_MAP.csv batch_03_161-240/204__v4_mascot_shojo_018.png,,204__v4_mascot_shojo_018.png,v4_mascot_shojo_018.webp,v4_mascot_shojo_018.webp,4d4484e55e47a6c56e0227de095d45a1606fe14a19f86b0331bdff82eb83bc9c,62e5906891590e27ebea95b88487c5f53f3157707771161ad1c61a4a43618ca3,706c5b1f9d812c96,512,512,True,True,True,True,True,False,
v4_mascot_shojo_019,Postie,V4,pet,shojo,romance,cyber,military,cast/v4/v4_mascot_shojo_019.webp,game_source/art_src/cast_v4_upload_staging/batch_03_161-240/195__v4_mascot_shojo_019.png,CAST_V4_FINAL_ART_MAP.csv batch_03_161-240/195__v4_mascot_shojo_019.png,,195__v4_mascot_shojo_019.png,v4_mascot_shojo_019.webp,v4_mascot_shojo_019.webp,b7f957969f0a96abf0a6e5078547ce15bf52a36e188c6f52c23c0f3900d7d423,966ba1a55bd5da60c9eb65bfda60535137973cf0a00faca53da9ca523a93e6c9,1112687d6e1ba96b,512,512,True,True,True,True,True,False,
v4_mascot_shojo_020,Kitsu,V4,pet,shojo,romance,idol,nordic,cast/v4/v4_mascot_shojo_020.webp,game_source/art_src/cast_v4_upload_staging/batch_03_161-240/196__v4_mascot_shojo_020.png,CAST_V4_FINAL_ART_MAP.csv batch_03_161-240/196__v4_mascot_shojo_020.png,,196__v4_mascot_shojo_020.png,v4_mascot_shojo_020.webp,v4_mascot_shojo_020.webp,90bf78844af7ed00b360b91e6b601d1d62f3fb7b7d2ebb90fc152877e5607849,c678ed30ba0c5d9083823c265a5ab7504423f819d452a6bc503f17746ae17794,40fc3e1b3ea74185,512,512,True,True,True,True,True,False,
v4_mascot_shojo_021,Dart,V4,pet,shojo,sports,cyber,nordic,cast/v4/v4_mascot_shojo_021.webp,game_source/art_src/cast_v4_upload_staging/batch_03_161-240/197__v4_mascot_shojo_021.png,CAST_V4_FINAL_ART_MAP.csv batch_03_161-240/197__v4_mascot_shojo_021.png,,197__v4_mascot_shojo_021.png,v4_mascot_shojo_021.webp,v4_mascot_shojo_021.webp,361cacb591bd1c824ff2fed668e07d72779d5a4885ea3f69902d805b6a2d77bb,69dae9f3b7b670fae4b3831107e3e7ab6086d815d0cd83ce9c7f7be1693317d1,1a9a2b7715c47465,512,512,True,True,True,True,True,False,
v4_mascot_shojo_022,Miru,V4,pet,shojo,sports,comedy,survival,cast/v4/v4_mascot_shojo_022.webp,game_source/art_src/cast_v4_upload_staging/batch_03_161-240/198__v4_mascot_shojo_022.png,CAST_V4_FINAL_ART_MAP.csv batch_03_161-240/198__v4_mascot_shojo_022.png,,198__v4_mascot_shojo_022.png,v4_mascot_shojo_022.webp,v4_mascot_shojo_022.webp,636b13da1513f60957733e8f0933566100b53aab1f14568ff983d30beb2c860d,699f04d2e0cef72968938db2688786cc641c44583e58bcc194e3170f496a459c,428fcf4f50412fcc,512,512,True,True,True,True,True,False,
v4_mascot_shojo_023,Nub,V4,pet,shojo,sports,military,supernatural,cast/v4/v4_mascot_shojo_023.webp,game_source/art_src/cast_v4_upload_staging/batch_03_161-240/199__v4_mascot_shojo_023.png,CAST_V4_FINAL_ART_MAP.csv batch_03_161-240/199__v4_mascot_shojo_023.png,,199__v4_mascot_shojo_023.png,v4_mascot_shojo_023.webp,v4_mascot_shojo_023.webp,3be1604a8e835664cc5db92b2a2393321fe94dbc0deac80df71b3f56ec50c15a,90c6a022b75283e485e5b5099505614703c6bd800db0550aac151163e8bae1b8,1e492571053759be,512,512,True,True,True,True,True,False,
v4_mascot_shojo_024,Lumi,V4,pet,shojo,cyber,idol,samurai,cast/v4/v4_mascot_shojo_024.webp,game_source/art_src/cast_v4_upload_staging/batch_03_161-240/200__v4_mascot_shojo_024.png,CAST_V4_FINAL_ART_MAP.csv batch_03_161-240/200__v4_mascot_shojo_024.png,,200__v4_mascot_shojo_024.png,v4_mascot_shojo_024.webp,v4_mascot_shojo_024.webp,d57a39504f7b8cb57476d47b08b878ab5c45a0eb6ce81eee464a0befd09e2e9b,d17417cd07ddd2a5228bcb6d804fb758349f93397b660f06dba4851641713525,0d4c6662b8db751c,512,512,True,True,True,True,True,False,
v4_mascot_shojo_025,Juno,V4,pet,shojo,cyber,supernatural,survival,cast/v4/v4_mascot_shojo_025.webp,game_source/art_src/cast_v4_upload_staging/batch_03_161-240/201__v4_mascot_shojo_025.png,CAST_V4_FINAL_ART_MAP.csv batch_03_161-240/201__v4_mascot_shojo_025.png,,201__v4_mascot_shojo_025.png,v4_mascot_shojo_025.webp,v4_mascot_shojo_025.webp,4a0d262cc2f01809b45c78be731aa67e28bce55b9a084e956edef4ab2d0d95c5,9aeb0d41f3d6e23c53001b9e7bb9a455a3068628023913d3a1c6b51689fcdc7a,2d4d003a7fa3067e,512,512,True,True,True,True,True,False,
v4_mascot_shojo_026,Rune,V4,pet,shojo,fantasy,comedy,martial,cast/v4/v4_mascot_shojo_026.webp,game_source/art_src/cast_v4_upload_staging/batch_03_161-240/212__v4_mascot_shojo_026.png,CAST_V4_FINAL_ART_MAP.csv batch_03_161-240/212__v4_mascot_shojo_026.png,,212__v4_mascot_shojo_026.png,v4_mascot_shojo_026.webp,v4_mascot_shojo_026.webp,0ce08edda2064063f9bd4bcac5b26bc7bec0881859c96c3093474d2ced584439,a6dd18a8552db317466c16842abe82f89ead43009cef38c591075cf6b3b17e5e,046ea5d61ac8b9a7,512,512,True,True,True,True,True,False,
v4_mascot_shojo_027,Talonette,V4,pet,shojo,fantasy,military,pirate,cast/v4/v4_mascot_shojo_027.webp,game_source/art_src/cast_v4_upload_staging/batch_03_161-240/202__v4_mascot_shojo_027.png,CAST_V4_FINAL_ART_MAP.csv batch_03_161-240/202__v4_mascot_shojo_027.png,,202__v4_mascot_shojo_027.png,v4_mascot_shojo_027.webp,v4_mascot_shojo_027.webp,88b6bf1472b5785802767a787ad4772ebdab7da47aeb6cb7ead72dd76395109b,6594b7ad28e01b7e7c8aa9d54c80015f1717c25d465dde437f8710ea8048e897,4dc67430191bc3cf,512,512,True,True,True,True,True,False,
v4_mascot_shojo_028,Pippit,V4,pet,shojo,fantasy,survival,nordic,cast/v4/v4_mascot_shojo_028.webp,game_source/art_src/cast_v4_upload_staging/batch_03_161-240/203__v4_mascot_shojo_028.png,CAST_V4_FINAL_ART_MAP.csv batch_03_161-240/203__v4_mascot_shojo_028.png,,203__v4_mascot_shojo_028.png,v4_mascot_shojo_028.webp,v4_mascot_shojo_028.webp,d8f3941f542b92dfca4b58b61962d0516c9d355d1efa5ea344fc9289d8bddad3,650d6526bdf184d5676e81af17c7116271defa12a302824aff2315ef9f835518,34e6ca1d1d9271c9,512,512,True,True,True,True,True,False,
v4_mascot_shojo_029,Rumbi,V4,pet,shojo,idol,military,magical,cast/v4/v4_mascot_shojo_029.webp,game_source/art_src/cast_v4_upload_staging/batch_03_161-240/204__v4_mascot_shojo_029.png,CAST_V4_FINAL_ART_MAP.csv batch_03_161-240/204__v4_mascot_shojo_029.png,,204__v4_mascot_shojo_029.png,v4_mascot_shojo_029.webp,v4_mascot_shojo_029.webp,fe1b7b21551ab990ce2b1ecbe77e5967d0453f0697d79a3bbe29569eeab85e6a,1920d3ea57cce9611ccc52fed92fd9893f7507ca14c466eff67a9b603d6f8d2c,5e78316021db7ee0,512,512,True,True,True,True,True,False,
v4_mascot_shojo_030,Caper,V4,pet,shojo,idol,survival,martial,cast/v4/v4_mascot_shojo_030.webp,game_source/art_src/cast_v4_upload_staging/batch_03_161-240/205__v4_mascot_shojo_030.png,CAST_V4_FINAL_ART_MAP.csv batch_03_161-240/205__v4_mascot_shojo_030.png,,205__v4_mascot_shojo_030.png,v4_mascot_shojo_030.webp,v4_mascot_shojo_030.webp,9a41cf4209b90baafc4c314e1f828162922af676264ca6f99412460e5b49a910,e2554564e8ad8508f144b116bd0fb096b0b1f93459423338a0cf003fd3f5f630,6b851083af3a1a7b,512,512,True,True,True,True,True,False,
v4_mascot_shojo_031,Peppi,V4,pet,shojo,idol,pirate,mythology,cast/v4/v4_mascot_shojo_031.webp,game_source/art_src/cast_v4_upload_staging/batch_03_161-240/206__v4_mascot_shojo_031.png,CAST_V4_FINAL_ART_MAP.csv batch_03_161-240/206__v4_mascot_shojo_031.png,,206__v4_mascot_shojo_031.png,v4_mascot_shojo_031.webp,v4_mascot_shojo_031.webp,2c0705cdd42289d434174c925a047362a736137739d59e5d07111c456be6b8a5,245b5477a153b3593dc54cfdfe63faad859ae17d1a670b8aa4510b20edf6a314,54c16a72b4ef9a30,512,512,True,True,True,True,True,False,
v4_mascot_shojo_032,Penny,V4,pet,shojo,mystery,survival,pirate,cast/v4/v4_mascot_shojo_032.webp,game_source/art_src/cast_v4_upload_staging/batch_03_161-240/207__v4_mascot_shojo_032.png,CAST_V4_FINAL_ART_MAP.csv batch_03_161-240/207__v4_mascot_shojo_032.png,,207__v4_mascot_shojo_032.png,v4_mascot_shojo_032.webp,v4_mascot_shojo_032.webp,5cd597db15c59a09ed2b0669b8ddbe9e9f7f14a7563ee1ca06edb41cabc8d0c3,14fcb6702a7c76427cb877da1895c480a0a00cce39c8bd09fd75cf6caae572c4,17ca6972b41ec986,512,512,True,True,True,True,True,False,
v4_mascot_shojo_033,Pongo,V4,pet,shojo,comedy,supernatural,pirate,cast/v4/v4_mascot_shojo_033.webp,game_source/art_src/cast_v4_upload_staging/batch_03_161-240/208__v4_mascot_shojo_033.png,CAST_V4_FINAL_ART_MAP.csv batch_03_161-240/208__v4_mascot_shojo_033.png,,208__v4_mascot_shojo_033.png,v4_mascot_shojo_033.webp,v4_mascot_shojo_033.webp,e4ce86279a3f9850cc5c8131aab86f05554a01a21fb317a94527eed28f00d7ae,1f0938fb3750a130c5820dbe0d936504ce1bc4acf0bda551fa283e2adeacc8b0,446538783ad34b4f,512,512,True,True,True,True,True,False,
v4_mascot_shojo_034,Toast,V4,pet,shojo,cooking,supernatural,samurai,cast/v4/v4_mascot_shojo_034.webp,game_source/art_src/cast_v4_upload_staging/batch_04_241-304/293__donor8_r1p1.png,CAST_V4_FINAL_ART_MAP.csv batch_04_241-304/293__donor8_r1p1.png,,293__donor8_r1p1.png,v4_mascot_shojo_034.webp,v4_mascot_shojo_034.webp,e3688cb09d18019e0c68e5479f7653d4c1745e98c084e6a30a7956441d373430,9fbec0979ed728dd7126a4efb13ccc2258fb4068e039034307192834c21bc41b,0e8c272f318b7a33,512,512,True,True,True,True,True,False,
v4_mascot_shojo_035,Tassel,V4,pet,shojo,isekai,romance,magical,cast/v4/v4_mascot_shojo_035.webp,game_source/art_src/cast_v4_upload_staging/batch_03_161-240/209__v4_mascot_shojo_035.png,CAST_V4_FINAL_ART_MAP.csv batch_03_161-240/209__v4_mascot_shojo_035.png,,209__v4_mascot_shojo_035.png,v4_mascot_shojo_035.webp,v4_mascot_shojo_035.webp,a6a3d65ce87ea59e1781f96d792bf333c5fba4a96b7cbb3a4df45553e2f1372c,0a8b033dac5e41cef4cbc768d554ca4d1510ced00612a9e0ac522e5d948cfac3,40e5467d27a659c3,512,512,True,True,True,True,True,False,
v4_mascot_shojo_036,Biscuit,V4,pet,shojo,mystery,mythology,shinobi,cast/v4/v4_mascot_shojo_036.webp,game_source/art_src/cast_v4_upload_staging/batch_03_161-240/210__v4_mascot_shojo_036.png,CAST_V4_FINAL_ART_MAP.csv batch_03_161-240/210__v4_mascot_shojo_036.png,,210__v4_mascot_shojo_036.png,v4_mascot_shojo_036.webp,v4_mascot_shojo_036.webp,f18a90af09cf7066a77215ab694e26d55f0ae688ef750ea0354b249b25703fc9,411bc6f399d32a56ce17e1aa07f28eab08da86d6ba4acbc8dbaa15948b112d96,4cdc71bf6a460e44,512,512,True,True,True,True,True,False,
v4_mascot_shojo_037,Plume,V4,pet,shojo,romance,comedy,mystery,cast/v4/v4_mascot_shojo_037.webp,game_source/art_src/cast_v4_upload_staging/batch_03_161-240/211__v4_mascot_shojo_037.png,CAST_V4_FINAL_ART_MAP.csv batch_03_161-240/211__v4_mascot_shojo_037.png,,211__v4_mascot_shojo_037.png,v4_mascot_shojo_037.webp,v4_mascot_shojo_037.webp,6149d616d1288ace0f16cbefef16bea5c1e3b67dd4151f582e1e5cbd16c1e74e,8ebe7873b17be38258ee49e374926e20e85b73b3cf730b8230f053affae942d8,41532c647d9d3a96,512,512,True,True,True,True,True,False,
v4_mascot_shojo_038,Rolo,V4,pet,shojo,cooking,magical,martial,cast/v4/v4_mascot_shojo_038.webp,game_source/art_src/cast_v4_upload_staging/batch_03_161-240/212__v4_mascot_shojo_038.png,CAST_V4_FINAL_ART_MAP.csv batch_03_161-240/212__v4_mascot_shojo_038.png,,212__v4_mascot_shojo_038.png,v4_mascot_shojo_038.webp,v4_mascot_shojo_038.webp,f962eebee2cbfdcea3adab84d6eeddf0b6226c8343c3e8c8363025397686cc55,a4d20a89497fd4f67ffc897b16d975fd2115aba6d23ff94b23a2be4a09c0d962,08af4b4137cba732,512,512,True,True,True,True,True,False,
v4_mascot_shojo_039,Crumb,V4,pet,shojo,cooking,space,survival,cast/v4/v4_mascot_shojo_039.webp,game_source/art_src/cast_v4_upload_staging/batch_03_161-240/213__v4_mascot_shojo_039.png,CAST_V4_FINAL_ART_MAP.csv batch_03_161-240/213__v4_mascot_shojo_039.png,,213__v4_mascot_shojo_039.png,v4_mascot_shojo_039.webp,v4_mascot_shojo_039.webp,c029383f59e29ab5b54f8796be31be5f467da9964f0dcc91fc0684f391c5e88e,3c90a35feb2cd17e8769da515e4623d36a3e4bdcb06ce2a2e9c1bace26719d22,1c9c2c2631eaed6a,512,512,True,True,True,True,True,False,
v4_mascot_shojo_040,Dash,V4,pet,shojo,mecha,sports,pirate,cast/v4/v4_mascot_shojo_040.webp,game_source/art_src/cast_v4_upload_staging/batch_03_161-240/214__v4_mascot_shojo_040.png,CAST_V4_FINAL_ART_MAP.csv batch_03_161-240/214__v4_mascot_shojo_040.png,,214__v4_mascot_shojo_040.png,v4_mascot_shojo_040.webp,v4_mascot_shojo_040.webp,252621ef66d6b33df2b1933fbaaeb97d5a9f523e282e6b1c9cb6b2d4373fdbd5,e62b6bb42b302fd57c6815cc208d9ed0c45aba164d24654055f133ff42090785,510c651a6adbbe2c,512,512,True,True,True,True,True,False,
v4_villain_shonen_001,Amin Mansour,V4,villain,shonen,mecha,isekai,mystery,cast/v4/v4_villain_shonen_001.webp,game_source/art_src/cast_v4_upload_staging/batch_03_161-240/215__v4_villain_shonen_001.png,CAST_V4_FINAL_ART_MAP.csv batch_03_161-240/215__v4_villain_shonen_001.png,,215__v4_villain_shonen_001.png,v4_villain_shonen_001.webp,v4_villain_shonen_001.webp,c1ad4419f06c5e1efe03af495cf506ce35fdaca05b284abafc86b582627028c3,a023a769d1ed4826b56f22276568ee4558d9f91e41458d96738a1b12ff35d2e3,34924d4d523779ca,512,512,True,True,True,True,True,False,
v4_villain_shonen_002,Nadira Halim,V4,villain,shonen,mecha,supernatural,nordic,cast/v4/v4_villain_shonen_002.webp,game_source/art_src/cast_v4_upload_staging/batch_03_161-240/216__v4_villain_shonen_002.png,CAST_V4_FINAL_ART_MAP.csv batch_03_161-240/216__v4_villain_shonen_002.png,,216__v4_villain_shonen_002.png,v4_villain_shonen_002.webp,v4_villain_shonen_002.webp,c52ea4f0da5a4cd0a530ec6624b40297624354fc475f248663dc833b0c1ce34d,0dfb781348d00305cc460ba43957dde0dabb2905216f0547f1c68144272b262d,715f3ea05e1fc050,512,512,True,True,True,True,True,False,
v4_villain_shonen_003,Tunde Afolayan,V4,villain,shonen,mecha,martial,mythology,cast/v4/v4_villain_shonen_003.webp,game_source/art_src/cast_v4_upload_staging/batch_03_161-240/217__v4_villain_shonen_003.png,CAST_V4_FINAL_ART_MAP.csv batch_03_161-240/217__v4_villain_shonen_003.png,,217__v4_villain_shonen_003.png,v4_villain_shonen_003.webp,v4_villain_shonen_003.webp,4d6930610e032fe1cbe81922e21028023e02737d399f462e65ab8c8e6cbde188,7ce92482e6533ee59df42ecdc9cfcf6526325a0ec87cdb651ad9f476d43eae6c,2ddc48aa152f4af2,512,512,True,True,True,True,True,False,
v4_villain_shonen_004,Paolo Reyes,V4,villain,shonen,isekai,romance,comedy,cast/v4/v4_villain_shonen_004.webp,game_source/art_src/cast_v4_upload_staging/batch_03_161-240/218__v4_villain_shonen_004.png,CAST_V4_FINAL_ART_MAP.csv batch_03_161-240/218__v4_villain_shonen_004.png,,218__v4_villain_shonen_004.png,v4_villain_shonen_004.webp,v4_villain_shonen_004.webp,fcc41e0e627340b875b4cbcebc2c82e90d9a7c3e107a8b70017842781ef9f665,fa37d94f9491c66d2412fef00f15508de934b0670622cc401ad83e38a84597f7,65b5187227ccb21b,512,512,True,True,True,True,True,False,
v4_villain_shonen_005,Leila Kourosh,V4,villain,shonen,isekai,sports,fantasy,cast/v4/v4_villain_shonen_005.webp,game_source/art_src/cast_v4_upload_staging/batch_03_161-240/219__v4_villain_shonen_005.png,CAST_V4_FINAL_ART_MAP.csv batch_03_161-240/219__v4_villain_shonen_005.png,,219__v4_villain_shonen_005.png,v4_villain_shonen_005.webp,v4_villain_shonen_005.webp,f4e4cde56410aa943be149231f0ba757092e4aa93b1603268faddc4bb26e9df3,1477b9aea5ea657f61792578d59ee86ea988bcd184b11c650e4867cc88c739f1,61c65b393d8698d8,512,512,True,True,True,True,True,False,
v4_villain_shonen_006,Mika Eklund,V4,villain,shonen,isekai,space,shinobi,cast/v4/v4_villain_shonen_006.webp,game_source/art_src/cast_v4_upload_staging/batch_03_161-240/220__v4_villain_shonen_006.png,CAST_V4_FINAL_ART_MAP.csv batch_03_161-240/220__v4_villain_shonen_006.png,,220__v4_villain_shonen_006.png,v4_villain_shonen_006.webp,v4_villain_shonen_006.webp,7e1ab8529539f73b2d069c604af8110b7b748942463383f35622a867e7e3ad37,976ddd9de7e60f75ab987a43e5e2cde25194ff8e70abf1687e5c8688acb80012,34b42b4b4a5bd4d4,512,512,True,True,True,True,True,False,v4_villain_shonen_011
v4_villain_shonen_007,Oskar Kowalski,V4,villain,shonen,isekai,pirate,samurai,cast/v4/v4_villain_shonen_007.webp,game_source/art_src/cast_v4_upload_staging/batch_03_161-240/221__v4_villain_shonen_007.png,CAST_V4_FINAL_ART_MAP.csv batch_03_161-240/221__v4_villain_shonen_007.png,,221__v4_villain_shonen_007.png,v4_villain_shonen_007.webp,v4_villain_shonen_007.webp,00a7222bbc6bf4b82056dc18597de232087f1268a23e09f288ea422a70ca843d,78040c2eb2debe8097de698138aa0e797cc74192ab18d3f2ecca3de482d282a6,34e169c3c2ca5ecc,512,512,True,True,True,True,True,False,
v4_villain_shonen_008,Marama Te Aho,V4,villain,shonen,isekai,martial,nordic,cast/v4/v4_villain_shonen_008.webp,game_source/art_src/cast_v4_upload_staging/batch_03_161-240/222__v4_villain_shonen_008.png,CAST_V4_FINAL_ART_MAP.csv batch_03_161-240/222__v4_villain_shonen_008.png,,222__v4_villain_shonen_008.png,v4_villain_shonen_008.webp,v4_villain_shonen_008.webp,0ab269cf41d25583e51da5abd400415ee3204c47e76df504e1dd0e2f24c362dc,3fccd13ec5bcc8dd1f03a9e6ea04ebf7065f634c9a01dcb1aeabeb5f7034a734,71c26818b703c7db,512,512,True,True,True,True,True,False,
v4_villain_shonen_009,Dariush Darvishi,V4,villain,shonen,slice,romance,nordic,cast/v4/v4_villain_shonen_009.webp,game_source/art_src/cast_v4_upload_staging/batch_03_161-240/223__v4_villain_shonen_009.png,CAST_V4_FINAL_ART_MAP.csv batch_03_161-240/223__v4_villain_shonen_009.png,,223__v4_villain_shonen_009.png,v4_villain_shonen_009.webp,v4_villain_shonen_009.webp,b91c21e58a8f255b722a79f1af49833c30c7828a153307b38aa53d38ce584df9,d77d6e19cd53bcb94bf808cd760bfdea7d4c54d9bf02d75a7856ababb4a6636f,15b492933bcbc985,512,512,True,True,True,True,True,False,
v4_villain_shonen_010,Taeyang Seo,V4,villain,shonen,slice,idol,mystery,cast/v4/v4_villain_shonen_010.webp,game_source/art_src/cast_v4_upload_staging/batch_03_161-240/224__v4_villain_shonen_010.png,CAST_V4_FINAL_ART_MAP.csv batch_03_161-240/224__v4_villain_shonen_010.png,,224__v4_villain_shonen_010.png,v4_villain_shonen_010.webp,v4_villain_shonen_010.webp,3e99eb282619d47427592b7865512a601203efc64cf2a450a2e3900f8f4b3d2e,52ed464ec6e1e545a7fed69d5c3191a48688dd924297f04a912d79195b74f83a,77fb6d0f0110f0e0,512,512,True,True,True,True,True,False,
v4_villain_shonen_011,An Vo,V4,villain,shonen,slice,space,mythology,cast/v4/v4_villain_shonen_011.webp,game_source/art_src/cast_v4_upload_staging/batch_03_161-240/225__v4_villain_shonen_011.png,CAST_V4_FINAL_ART_MAP.csv batch_03_161-240/225__v4_villain_shonen_011.png,,225__v4_villain_shonen_011.png,v4_villain_shonen_011.webp,v4_villain_shonen_011.webp,c1c1168f88d15e0da2dddd1419f67b929501e193bffa9c374a8d3209e1944d60,30d118f3e4b45ddf233fefd9b5687ca538991d17dca602af05c435c82884211e,2eb42b615a51de54,512,512,True,True,True,True,True,False,v4_villain_shonen_006
v4_villain_shonen_012,Namfon Suwann,V4,villain,shonen,slice,survival,martial,cast/v4/v4_villain_shonen_012.webp,game_source/art_src/cast_v4_upload_staging/batch_03_161-240/226__v4_villain_shonen_012.png,CAST_V4_FINAL_ART_MAP.csv batch_03_161-240/226__v4_villain_shonen_012.png,,226__v4_villain_shonen_012.png,v4_villain_shonen_012.webp,v4_villain_shonen_012.webp,dec7aa78d15f253038cda446a380f0f452a18318e7e3daae5cd70c2b5fa4e545,2cecd7a9ab8a57b1d51dac790ef07b06eb19e8987561ff26a56c63cb482e8cb1,7bb33b0c0c446acb,512,512,True,True,True,True,True,False,
v4_villain_shonen_013,Tunde Sow,V4,villain,shonen,slice,pirate,shinobi,cast/v4/v4_villain_shonen_013.webp,game_source/art_src/cast_v4_upload_staging/batch_03_161-240/227__v4_villain_shonen_013.png,CAST_V4_FINAL_ART_MAP.csv batch_03_161-240/227__v4_villain_shonen_013.png,,227__v4_villain_shonen_013.png,v4_villain_shonen_013.webp,v4_villain_shonen_013.webp,622ef66a62e49fabdcad4c63f24b02abbfce59bbd42e5bf1645f738973438b82,2883aa82207a45bcf8a8ddeeb15fbe6b6748a00bd6746f422d7ef34b4e5a9ec4,79c52fba04d192c9,512,512,True,True,True,True,True,False,
v4_villain_shonen_014,Imogen Edwards,V4,villain,shonen,horror,romance,mythology,cast/v4/v4_villain_shonen_014.webp,game_source/art_src/cast_v4_upload_staging/batch_03_161-240/228__v4_villain_shonen_014.png,CAST_V4_FINAL_ART_MAP.csv batch_03_161-240/228__v4_villain_shonen_014.png,,228__v4_villain_shonen_014.png,v4_villain_shonen_014.webp,v4_villain_shonen_014.webp,fd807d77bb2ffcecfcaa6c475459306b1db12aca035fd28e37ea19d965f878dd,bc30a8181fcad47e8ac2741466902e204602541e812c3082c7dee40bd837cfdc,34312c56279d968f,512,512,True,True,True,True,True,False,
v4_villain_shonen_015,Nawin Chaiya,V4,villain,shonen,horror,cooking,pirate,cast/v4/v4_villain_shonen_015.webp,game_source/art_src/cast_v4_upload_staging/batch_03_161-240/229__v4_villain_shonen_015.png,CAST_V4_FINAL_ART_MAP.csv batch_03_161-240/229__v4_villain_shonen_015.png,,229__v4_villain_shonen_015.png,v4_villain_shonen_015.webp,v4_villain_shonen_015.webp,02ae38290ef5773dd1c4aa6d03353d7b99fb3d15e316501288eaa6592c6d49ed,f638f9e80abedf1cd96246086cf6b90914ec61b051d95326b184e5bbf1644e8f,34909737a199ee8c,512,512,True,True,True,True,True,False,
v4_villain_shonen_016,Omid Azimi,V4,villain,shonen,romance,idol,cooking,cast/v4/v4_villain_shonen_016.webp,game_source/art_src/cast_v4_upload_staging/batch_03_161-240/230__v4_villain_shonen_016.png,CAST_V4_FINAL_ART_MAP.csv batch_03_161-240/230__v4_villain_shonen_016.png,,230__v4_villain_shonen_016.png,v4_villain_shonen_016.webp,v4_villain_shonen_016.webp,2adf7544fe8619689d301c02c11c8f0ea4332c1ed1c59b7f82170bb03e433037,4a8d0f404bf3a57399401c7c235bf0def26492b2e3bd3ad30bc4417101744423,39816e0ae9c3b64e,512,512,True,True,True,True,True,False,
v4_villain_shonen_017,Tove Eklund,V4,villain,shonen,romance,supernatural,magical,cast/v4/v4_villain_shonen_017.webp,game_source/art_src/cast_v4_upload_staging/batch_03_161-240/231__v4_villain_shonen_017.png,CAST_V4_FINAL_ART_MAP.csv batch_03_161-240/231__v4_villain_shonen_017.png,,231__v4_villain_shonen_017.png,v4_villain_shonen_017.webp,v4_villain_shonen_017.webp,d78081756a482367c82e65fbcba678902abf35ee24f70057b92102ebad8bd4ad,8001d1fba049d09e3ca3ac3e0409169c8e216dd8853ece73051e1f88c6adebf9,485c2b1773e4dc8a,512,512,True,True,True,True,True,False,
v4_villain_shonen_018,Lin Fang,V4,villain,shonen,sports,cyber,magical,cast/v4/v4_villain_shonen_018.webp,game_source/art_src/cast_v4_upload_staging/batch_03_161-240/232__v4_villain_shonen_018.png,CAST_V4_FINAL_ART_MAP.csv batch_03_161-240/232__v4_villain_shonen_018.png,,232__v4_villain_shonen_018.png,v4_villain_shonen_018.webp,v4_villain_shonen_018.webp,1ef2d96a02f53a60799c7d1ca2dcf4cded70f33c85352c7954c63292e2951f0f,89a4e304eb9241bf9372aaee93e3acefce50b282d10b7255df439585ecb549cc,3592024f7b8d91ae,512,512,True,True,True,True,True,False,
v4_villain_shonen_019,Khoa Vo,V4,villain,shonen,sports,military,space,cast/v4/v4_villain_shonen_019.webp,game_source/art_src/cast_v4_upload_staging/batch_03_161-240/233__v4_villain_shonen_019.png,CAST_V4_FINAL_ART_MAP.csv batch_03_161-240/233__v4_villain_shonen_019.png,,233__v4_villain_shonen_019.png,v4_villain_shonen_019.webp,v4_villain_shonen_019.webp,f06f447e029647a9f0db75d6ff56c4e8ca45c687924248daedc7bde46b005c66,69187590f3343d4b1b19c69d14d46a481029f4c8ee69aea387d7a941dfaf3a1e,34e98127de4a4e9c,512,512,True,True,True,True,True,False,
v4_villain_shonen_020,Nicha Rattanakorn,V4,villain,shonen,sports,survival,nordic,cast/v4/v4_villain_shonen_020.webp,game_source/art_src/cast_v4_upload_staging/batch_03_161-240/234__v4_villain_shonen_020.png,CAST_V4_FINAL_ART_MAP.csv batch_03_161-240/234__v4_villain_shonen_020.png,,234__v4_villain_shonen_020.png,v4_villain_shonen_020.webp,v4_villain_shonen_020.webp,f8927b1d2524c1464df291c36112252495fdd5b460d4e8e6584ba4e42ddeaf5e,18932ccf93d6f4732c089f56c0e838653d6fd14896f38d095eb9d7d2b0f8abf2,73a13d3909c7c1cc,512,512,True,True,True,True,True,False,
v4_villain_shonen_021,Neo Khoza,V4,villain,shonen,cyber,mystery,nordic,cast/v4/v4_villain_shonen_021.webp,game_source/art_src/cast_v4_upload_staging/batch_03_161-240/235__v4_villain_shonen_021.png,CAST_V4_FINAL_ART_MAP.csv batch_03_161-240/235__v4_villain_shonen_021.png,,235__v4_villain_shonen_021.png,v4_villain_shonen_021.webp,v4_villain_shonen_021.webp,29b24a735331ee4d32d69957e11c1e05ef9fee5a43761b6f3fe10307cf2ac571,34e8f651253d48dcd9a357fc9d15793a1a3bc64c9dfaf73bcfb29ec381cb2e73,359227ada14a8bad,512,512,True,True,True,True,True,False,
v4_villain_shonen_022,Omari Hassan,V4,villain,shonen,fantasy,comedy,space,cast/v4/v4_villain_shonen_022.webp,game_source/art_src/cast_v4_upload_staging/batch_03_161-240/236__v4_villain_shonen_022.png,CAST_V4_FINAL_ART_MAP.csv batch_03_161-240/236__v4_villain_shonen_022.png,,236__v4_villain_shonen_022.png,v4_villain_shonen_022.webp,v4_villain_shonen_022.webp,d0b2a7238f3daee4540c9ee1830952df18a28aea10ffcf5f15876f39e49c1cd9,d805881f461ed58b4c34b348d8416d156ba6c3f206a9ca616172b56d764e1a1b,6bc7059ccec3038e,512,512,True,True,True,True,True,False,
v4_villain_shonen_023,Ayanda Dlamini,V4,villain,shonen,idol,comedy,survival,cast/v4/v4_villain_shonen_023.webp,game_source/art_src/cast_v4_upload_staging/batch_03_161-240/237__v4_villain_shonen_023.png,CAST_V4_FINAL_ART_MAP.csv batch_03_161-240/237__v4_villain_shonen_023.png,,237__v4_villain_shonen_023.png,v4_villain_shonen_023.webp,v4_villain_shonen_023.webp,08816c1ae6e4587bb363c99a2904a54905732e5b6a984e9f9d8601f589f75c46,0f40954fb28e854ba878833aeab4fd48ceb980aee024bcd25aa181977f3ed890,532745ef35451368,512,512,True,True,True,True,True,False,
v4_villain_shonen_024,Billie Owusu,V4,villain,shonen,mystery,magical,shinobi,cast/v4/v4_villain_shonen_024.webp,game_source/art_src/cast_v4_upload_staging/batch_03_161-240/238__v4_villain_shonen_024.png,CAST_V4_FINAL_ART_MAP.csv batch_03_161-240/238__v4_villain_shonen_024.png,,238__v4_villain_shonen_024.png,v4_villain_shonen_024.webp,v4_villain_shonen_024.webp,fc320d5fd01708f08ce5d29a8e33a9f2fddbdc2f74b09ad91ff799e1d3dcfc55,7f5bc3afbec94655c7d9b20b17e9f3d6cb3f0f02fbdac94aec0abcd4e98e011b,2d89ee6a330e5855,512,512,True,True,True,True,True,False,
v4_villain_shonen_025,Micah Campbell,V4,villain,shonen,mystery,mythology,samurai,cast/v4/v4_villain_shonen_025.webp,game_source/art_src/cast_v4_upload_staging/batch_03_161-240/239__v4_villain_shonen_025.png,CAST_V4_FINAL_ART_MAP.csv batch_03_161-240/239__v4_villain_shonen_025.png,,239__v4_villain_shonen_025.png,v4_villain_shonen_025.webp,v4_villain_shonen_025.webp,eb401da63cc10654ef902f304f0f0496d5383b2a544a4fdef7a486714179bf9c,6aef7d30a1c8693aaa5e5ca5eeb357b8316016fa79eacbdedf63298b547ee88d,3be06c16561b93c9,512,512,True,True,True,True,True,False,
v4_villain_shonen_026,Naledi Naidoo,V4,villain,shonen,military,supernatural,shinobi,cast/v4/v4_villain_shonen_026.webp,game_source/art_src/cast_v4_upload_staging/batch_03_161-240/240__v4_villain_shonen_026.png,CAST_V4_FINAL_ART_MAP.csv batch_03_161-240/240__v4_villain_shonen_026.png,,240__v4_villain_shonen_026.png,v4_villain_shonen_026.webp,v4_villain_shonen_026.webp,ffe8871c49710d49b349019737697b36e7a5eb1f7ea26ce68ddb0af323c431ff,e36167202e9cf7266412405f1e8a728f02a6e8e6bf68afa58e8de94fc4f35e2d,78871b721287a9b9,512,512,True,True,True,True,True,False,
v4_villain_shonen_027,Tama Niko,V4,villain,shonen,supernatural,space,survival,cast/v4/v4_villain_shonen_027.webp,game_source/art_src/cast_v4_upload_staging/batch_04_241-304/241__v4_villain_shonen_027.png,CAST_V4_FINAL_ART_MAP.csv batch_04_241-304/241__v4_villain_shonen_027.png,,241__v4_villain_shonen_027.png,v4_villain_shonen_027.webp,v4_villain_shonen_027.webp,78f6471024e9cb800d69aabe75c746284f67c50f71b03498d4a6fcda8ec5e907,fb852d64c293829d21cb55258757964a72fbc4aad2f7f920ea28330d0e893c87,42940f7f03f83935,512,512,True,True,True,True,True,False,
v4_villain_shonen_028,Adriel Reyes,V4,villain,shonen,space,magical,pirate,cast/v4/v4_villain_shonen_028.webp,game_source/art_src/cast_v4_upload_staging/batch_04_241-304/242__v4_villain_shonen_028.png,CAST_V4_FINAL_ART_MAP.csv batch_04_241-304/242__v4_villain_shonen_028.png,,242__v4_villain_shonen_028.png,v4_villain_shonen_028.webp,v4_villain_shonen_028.webp,513ae4cea11a315273489bbda665962c062ddc939e5efe15dc6f3601019e4c9f,828814c10e1928b255f9f0e1a0e4d20d92ba79c716b9bf324755d540cf4fc653,7df20e0f02d1c5a6,512,512,True,True,True,True,True,False,
v4_villain_shonen_029,Callia Rallis,V4,villain,shonen,magical,martial,samurai,cast/v4/v4_villain_shonen_029.webp,game_source/art_src/cast_v4_upload_staging/batch_04_241-304/243__v4_villain_shonen_029.png,CAST_V4_FINAL_ART_MAP.csv batch_04_241-304/243__v4_villain_shonen_029.png,,243__v4_villain_shonen_029.png,v4_villain_shonen_029.webp,v4_villain_shonen_029.webp,3a2391dc278b1bfaabd3d6581d07604b8229fd2d986a9b74dfc26471a2a84a8d,18e463ef0c14eb8ceabe133cf412929451bd108ad316d63e5c171892709c384c,37426938a64791db,512,512,True,True,True,True,True,False,
v4_villain_shonen_030,Kai Wojcik,V4,villain,shonen,mythology,nordic,shinobi,cast/v4/v4_villain_shonen_030.webp,game_source/art_src/cast_v4_upload_staging/batch_04_241-304/244__v4_villain_shonen_030.png,CAST_V4_FINAL_ART_MAP.csv batch_04_241-304/244__v4_villain_shonen_030.png,,244__v4_villain_shonen_030.png,v4_villain_shonen_030.webp,v4_villain_shonen_030.webp,83075b943cc136d48a5f1ac5e0f51febfa6794dc2ebf67b54a1740a8cbbfeb43,9d6ecbf783c1229a30c53ed0aad174b12d8f641be4219b2f6e65c992d34b5dba,65c2ece496f21a1a,512,512,True,True,True,True,True,False,
v4_villain_shonen_031,Taimur Khan,V4,villain,shonen,mecha,fantasy,survival,cast/v4/v4_villain_shonen_031.webp,game_source/art_src/cast_v4_upload_staging/batch_04_241-304/245__v4_villain_shonen_031.png,CAST_V4_FINAL_ART_MAP.csv batch_04_241-304/245__v4_villain_shonen_031.png,,245__v4_villain_shonen_031.png,v4_villain_shonen_031.webp,v4_villain_shonen_031.webp,5519e51e8b4b0a853505634b941d0cf73a3252d35a39bb8e245b475f92c633d0,3f4b2d92192a3e020d8ab7c3ffd4af27b3bab56152a40ad173024bf84aa3100e,388a09a0fd59467f,512,512,True,True,True,True,True,False,
v4_villain_shonen_032,Mali Virote,V4,villain,shonen,horror,idol,mystery,cast/v4/v4_villain_shonen_032.webp,game_source/art_src/cast_v4_upload_staging/batch_04_241-304/246__v4_villain_shonen_032.png,CAST_V4_FINAL_ART_MAP.csv batch_04_241-304/246__v4_villain_shonen_032.png,,246__v4_villain_shonen_032.png,v4_villain_shonen_032.webp,v4_villain_shonen_032.webp,2530b4ceec4422e6120fbbf29ab002a19a3c08b8ddf1e5b3088e1db8893fe906,9cfe1017378490ee0a07f49cc1a6a1905832e8ff71b116b700ddb3763cfd8fac,709a4b5dad283e32,512,512,True,True,True,True,True,False,
v4_villain_shonen_033,Minato Takeda,V4,villain,shonen,slice,sports,samurai,cast/v4/v4_villain_shonen_033.webp,game_source/art_src/cast_v4_upload_staging/batch_04_241-304/247__v4_villain_shonen_033.png,CAST_V4_FINAL_ART_MAP.csv batch_04_241-304/247__v4_villain_shonen_033.png,,247__v4_villain_shonen_033.png,v4_villain_shonen_033.webp,v4_villain_shonen_033.webp,eeb63a736766609206c4e5f1d1d954ad7a2acef03e79456195e3c872da2cad4c,a7cfe09ffeaea040126cb9a68524c67eebd8ce1687924676adf53605bcfcb07f,6cf5920e198a6e72,512,512,True,True,True,True,True,False,
v4_villain_shonen_034,Diego Soto,V4,villain,shonen,idol,military,nordic,cast/v4/v4_villain_shonen_034.webp,game_source/art_src/cast_v4_upload_staging/batch_04_241-304/248__v4_villain_shonen_034.png,CAST_V4_FINAL_ART_MAP.csv batch_04_241-304/248__v4_villain_shonen_034.png,,248__v4_villain_shonen_034.png,v4_villain_shonen_034.webp,v4_villain_shonen_034.webp,31a93827d6884b89caa5b0300541c13d10c3f6550b81f3653f336b99e44867dc,c6dbcf12512f8e77c256655c3cda4a2ef4d5dcb75dfb1192b7987f85b6f50849,60d6941f4e58f079,512,512,True,True,True,True,True,False,
v4_villain_shonen_035,Mira Patel,V4,villain,shonen,military,pirate,mythology,cast/v4/v4_villain_shonen_035.webp,game_source/art_src/cast_v4_upload_staging/batch_04_241-304/249__v4_villain_shonen_035.png,CAST_V4_FINAL_ART_MAP.csv batch_04_241-304/249__v4_villain_shonen_035.png,,249__v4_villain_shonen_035.png,v4_villain_shonen_035.webp,v4_villain_shonen_035.webp,873c00798ffb83dedde413ecb5c2ae2b5236d90602db5d6f1d57e54ad9c9dde5,deaf41ce088e2b1f0e8c55afcbc20f9b3f733d0fce7dcf7251e180805554adf6,7ef280052d257c76,512,512,True,True,True,True,True,False,
v4_villain_shonen_036,Kauri Kingi,V4,villain,shonen,horror,supernatural,samurai,cast/v4/v4_villain_shonen_036.webp,game_source/art_src/cast_v4_upload_staging/batch_04_241-304/250__v4_villain_shonen_036.png,CAST_V4_FINAL_ART_MAP.csv batch_04_241-304/250__v4_villain_shonen_036.png,,250__v4_villain_shonen_036.png,v4_villain_shonen_036.webp,v4_villain_shonen_036.webp,3a98618cd7dbbd9eeb8f1b2ffcd71d91492a2f7a9720bec4201646f482c9e01b,22b4d05e00df0b93ee11ef38b7603e71e23119ad351968137ec4b8890b62b572,6cc9944a1f4742ed,512,512,True,True,True,True,True,False,
v4_villain_shonen_037,Tariq McKenzie,V4,villain,shonen,mecha,pirate,romance,cast/v4/v4_villain_shonen_037.webp,game_source/art_src/cast_v4_upload_staging/batch_04_241-304/251__v4_villain_shonen_037.png,CAST_V4_FINAL_ART_MAP.csv batch_04_241-304/251__v4_villain_shonen_037.png,,251__v4_villain_shonen_037.png,v4_villain_shonen_037.webp,v4_villain_shonen_037.webp,0ae1ff2cb1774ccc2df11557ff2e8718e77cb21a8e7c24f8c15ea8653aa4ca6d,87baa035ab19e2659315bd3d566b8141117ec97d5be682d242826e907118fb1c,6addb81129c183af,512,512,True,True,True,True,True,False,
v4_villain_shonen_038,Ariadne Marin,V4,villain,shonen,isekai,mythology,cooking,cast/v4/v4_villain_shonen_038.webp,game_source/art_src/cast_v4_upload_staging/batch_04_241-304/252__v4_villain_shonen_038.png,CAST_V4_FINAL_ART_MAP.csv batch_04_241-304/252__v4_villain_shonen_038.png,,252__v4_villain_shonen_038.png,v4_villain_shonen_038.webp,v4_villain_shonen_038.webp,fe2b8bf529394cab77360cdb24edfcf50a413322db72466e8a846993808f6438,143ea0cd7355daabc164cf585d2af879db729f6bae61047f9031b0ca5d78bda5,68a196941c9a5b5f,512,512,True,True,True,True,True,False,
v4_villain_shojo_001,Gaia Conti,V4,villain,shojo,mecha,slice,cyber,cast/v4/v4_villain_shojo_001.webp,game_source/art_src/cast_v4_upload_staging/batch_04_241-304/253__v4_villain_shojo_001.png,CAST_V4_FINAL_ART_MAP.csv batch_04_241-304/253__v4_villain_shojo_001.png,,253__v4_villain_shojo_001.png,v4_villain_shojo_001.webp,v4_villain_shojo_001.webp,7ec3da1b7c2bc3109782264dd127d2111eb18a4c8b184b704ed572064700064f,b9b6c0634fc01f6652699f309cdb7c94b95057e50fc00bd841162905d38e393a,7c898876f44664f4,512,512,True,True,True,True,True,False,
v4_villain_shojo_002,Taimur Abbasi,V4,villain,shojo,mecha,horror,space,cast/v4/v4_villain_shojo_002.webp,game_source/art_src/cast_v4_upload_staging/batch_04_241-304/254__v4_villain_shojo_002.png,CAST_V4_FINAL_ART_MAP.csv batch_04_241-304/254__v4_villain_shojo_002.png,,254__v4_villain_shojo_002.png,v4_villain_shojo_002.webp,v4_villain_shojo_002.webp,4036bf395e94fe0e55b2633ac093c9dd3fdccbd6bae4cf0599d654dc605b7ec3,4151a8ee156cde801539668bba8df65806da2b244f276decc05ea81c4355e83d,64790d2d4e565a5a,512,512,True,True,True,True,True,False,
v4_villain_shojo_003,Tara Kapoor,V4,villain,shojo,mecha,sports,comedy,cast/v4/v4_villain_shojo_003.webp,game_source/art_src/cast_v4_upload_staging/batch_04_241-304/255__v4_villain_shojo_003.png,CAST_V4_FINAL_ART_MAP.csv batch_04_241-304/255__v4_villain_shojo_003.png,,255__v4_villain_shojo_003.png,v4_villain_shojo_003.webp,v4_villain_shojo_003.webp,2cddba3021134461961f9e7c77cf4e9c937bb6dbc80d6208ea477ee4d94febc8,be6dddd5046cf1a5b5df2121070db3be5c4e736a714c6ef0d0f61607e7afe953,7252bcd4341bb433,512,512,True,True,True,True,True,False,
v4_villain_shojo_004,Rikuya Matsuda,V4,villain,shojo,mecha,cooking,magical,cast/v4/v4_villain_shojo_004.webp,game_source/art_src/cast_v4_upload_staging/batch_04_241-304/256__v4_villain_shojo_004.png,CAST_V4_FINAL_ART_MAP.csv batch_04_241-304/256__v4_villain_shojo_004.png,,256__v4_villain_shojo_004.png,v4_villain_shojo_004.webp,v4_villain_shojo_004.webp,762501e54872f26f6091402248f28a184ed81c2b1023236a43296a5f5976961f,46615d5e7a442793e3548c1f779528b6093276a59932c49658c3133cc6884e8d,3092562c76f9b389,512,512,True,True,True,True,True,False,
v4_villain_shojo_005,Yeji Han,V4,villain,shojo,isekai,supernatural,cyber,cast/v4/v4_villain_shojo_005.webp,game_source/art_src/cast_v4_upload_staging/batch_04_241-304/257__v4_villain_shojo_005.png,CAST_V4_FINAL_ART_MAP.csv batch_04_241-304/257__v4_villain_shojo_005.png,,257__v4_villain_shojo_005.png,v4_villain_shojo_005.webp,v4_villain_shojo_005.webp,66a4fcf0de5dc15d5d0046dba3fc341a1ece28f5286357d71a6df945f479145a,f2da5564e00c185e95f426945361e1117b01589efc4a7f92c937cc60760d635e,35d86d273a870707,512,512,True,True,True,True,True,False,
v4_villain_shojo_006,Kiran Rao,V4,villain,shojo,isekai,cooking,military,cast/v4/v4_villain_shojo_006.webp,game_source/art_src/cast_v4_upload_staging/batch_04_241-304/258__v4_villain_shojo_006.png,CAST_V4_FINAL_ART_MAP.csv batch_04_241-304/258__v4_villain_shojo_006.png,,258__v4_villain_shojo_006.png,v4_villain_shojo_006.webp,v4_villain_shojo_006.webp,c55336996091d16bfee8d0ee1f03e72ad6629c1819da2ed78ea471c54788a9c2,f1349625bbfe68aff459d90e962059e8503d072256ec5ebcfd9f3d7f476b4fc1,70ff1c3489230737,512,512,True,True,True,True,True,False,
v4_villain_shojo_007,Nina Vieira,V4,villain,shojo,isekai,magical,survival,cast/v4/v4_villain_shojo_007.webp,game_source/art_src/cast_v4_upload_staging/batch_04_241-304/259__v4_villain_shojo_007.png,CAST_V4_FINAL_ART_MAP.csv batch_04_241-304/259__v4_villain_shojo_007.png,,259__v4_villain_shojo_007.png,v4_villain_shojo_007.webp,v4_villain_shojo_007.webp,d4a1ec4d1d4beaf8ae898c478c9ec9afb2e8347ab78ef15cba9c02e95194a87b,6723d3ddf298f43f4cddc7a21300ccb59c3476d582506cfbf24b88143244c29b,3c9c622c73e1d2a3,512,512,True,True,True,True,True,False,
v4_villain_shojo_008,Tuna Arslan,V4,villain,shojo,slice,horror,magical,cast/v4/v4_villain_shojo_008.webp,game_source/art_src/cast_v4_upload_staging/batch_04_241-304/260__v4_villain_shojo_008.png,CAST_V4_FINAL_ART_MAP.csv batch_04_241-304/260__v4_villain_shojo_008.png,,260__v4_villain_shojo_008.png,v4_villain_shojo_008.webp,v4_villain_shojo_008.webp,58fc0ca90b40a03c6b78a66d4d63d50ffd1144460af6aa5748f8da043cc09d9b,806698e1c69c8fb4e063855f3ac5510027162a3f207fe1df8c63835e8904984d,60ce15c1f0723ef8,512,512,True,True,True,True,True,False,
v4_villain_shojo_009,Thao Tran,V4,villain,shojo,slice,fantasy,cooking,cast/v4/v4_villain_shojo_009.webp,game_source/art_src/cast_v4_upload_staging/batch_04_241-304/261__v4_villain_shojo_009.png,CAST_V4_FINAL_ART_MAP.csv batch_04_241-304/261__v4_villain_shojo_009.png,,261__v4_villain_shojo_009.png,v4_villain_shojo_009.webp,v4_villain_shojo_009.webp,d92b742a9b63f780482d2523ea953340a6bbe40ecdf67db8080bc3d2cc17c53b,327b8d490716981bb90319308a6b842bc85525a725212bb1c5b94c732388d2ae,61e328300797771f,512,512,True,True,True,True,True,False,
v4_villain_shojo_010,Dion Kusuma,V4,villain,shojo,slice,comedy,samurai,cast/v4/v4_villain_shojo_010.webp,game_source/art_src/cast_v4_upload_staging/batch_04_241-304/262__v4_villain_shojo_010.png,CAST_V4_FINAL_ART_MAP.csv batch_04_241-304/262__v4_villain_shojo_010.png,,262__v4_villain_shojo_010.png,v4_villain_shojo_010.webp,v4_villain_shojo_010.webp,1f307f59454631fa4f79c2fa197d034b7df018c60cb8b7cf282160c774a5eead,885226194ec83887df15b09d584108c6f340507c4a48159a1d65a6c69c9d1381,3493b32564379399,512,512,True,True,True,True,True,False,
v4_villain_shojo_011,Lucille Lefevre,V4,villain,shojo,horror,cyber,samurai,cast/v4/v4_villain_shojo_011.webp,game_source/art_src/cast_v4_upload_staging/batch_04_241-304/263__v4_villain_shojo_011.png,CAST_V4_FINAL_ART_MAP.csv batch_04_241-304/263__v4_villain_shojo_011.png,,263__v4_villain_shojo_011.png,v4_villain_shojo_011.webp,v4_villain_shojo_011.webp,e33e575829327bf38242f074f5b47feb61877aa75e4ad439404f2ef399cb60ab,77b0d77e2acc54a7bd0621d8bf8bb118502eee42eedd0775bda5e33879afc5f5,61ce1c1333617676,512,512,True,True,True,True,True,False,
v4_villain_shojo_012,Lior Baptiste,V4,villain,shojo,horror,fantasy,martial,cast/v4/v4_villain_shojo_012.webp,game_source/art_src/cast_v4_upload_staging/batch_04_241-304/264__v4_villain_shojo_012.png,CAST_V4_FINAL_ART_MAP.csv batch_04_241-304/264__v4_villain_shojo_012.png,,264__v4_villain_shojo_012.png,v4_villain_shojo_012.webp,v4_villain_shojo_012.webp,f9d6fe61c51b2c36c0c0868a53c00df6e06c827e3f2a7bc3181dfc489da65dee,6513c32574ea0617e5384728c05b969a05fae16acf60e64f83a3f971846f28c5,34d26d7e372149c8,512,512,True,True,True,True,True,False,
v4_villain_shojo_013,Marama Ropata,V4,villain,shojo,horror,survival,shinobi,cast/v4/v4_villain_shojo_013.webp,game_source/art_src/cast_v4_upload_staging/batch_04_241-304/265__v4_villain_shojo_013.png,CAST_V4_FINAL_ART_MAP.csv batch_04_241-304/265__v4_villain_shojo_013.png,,265__v4_villain_shojo_013.png,v4_villain_shojo_013.webp,v4_villain_shojo_013.webp,1085b8065ea4854605f06b54aaa316668ec1b5617e296fd7edb1b17c0ef8940f,41b2375d319928a651f6cbc69184fb561f1e2ccf2a23c2f5674f24f731f26841,6ac1d7d6931b310a,512,512,True,True,True,True,True,False,
v4_villain_shojo_014,Dariush Shahin,V4,villain,shojo,sports,mystery,pirate,cast/v4/v4_villain_shojo_014.webp,game_source/art_src/cast_v4_upload_staging/batch_04_241-304/266__v4_villain_shojo_014.png,CAST_V4_FINAL_ART_MAP.csv batch_04_241-304/266__v4_villain_shojo_014.png,,266__v4_villain_shojo_014.png,v4_villain_shojo_014.webp,v4_villain_shojo_014.webp,c16cf9d7668f0bc743fed289c8f8a0defdfb07fdc7190ac7793c51be12e12eda,93d7379f25bedcac5a648afb3af699e508c97f82e02e045af80e531dba27efda,70821f0b6df0711f,512,512,True,True,True,True,True,False,
v4_villain_shojo_015,Ingrid Viken,V4,villain,shojo,sports,cooking,martial,cast/v4/v4_villain_shojo_015.webp,game_source/art_src/cast_v4_upload_staging/batch_04_241-304/267__v4_villain_shojo_015.png,CAST_V4_FINAL_ART_MAP.csv batch_04_241-304/267__v4_villain_shojo_015.png,,267__v4_villain_shojo_015.png,v4_villain_shojo_015.webp,v4_villain_shojo_015.webp,2e92e451af723b5f4d3fa5903a20a4939dcba9d0fb07813e835e1f7c21deea9c,0aa8d247b0b68fdf7adf8acd41fa20d006eeaf7fedb26ed1a38f4a4ec63a21ca,0d32212da9f033f7,512,512,True,True,True,True,True,False,
v4_villain_shojo_016,Mosi Ali,V4,villain,shojo,sports,supernatural,mythology,cast/v4/v4_villain_shojo_016.webp,game_source/art_src/cast_v4_upload_staging/batch_04_241-304/268__v4_villain_shojo_016.png,CAST_V4_FINAL_ART_MAP.csv batch_04_241-304/268__v4_villain_shojo_016.png,,268__v4_villain_shojo_016.png,v4_villain_shojo_016.webp,v4_villain_shojo_016.webp,074dc86bf07b18316155f172faf700d90c70bce1e5090a87aa7399daa15d419e,0476eae6c67da715d7cb050042fe9a68dfeb30a950712b8a89b5c6487332f5fc,69181afae690727c,512,512,True,True,True,True,True,False,
v4_villain_shojo_017,Yasmin Bailey,V4,villain,shojo,cyber,fantasy,mythology,cast/v4/v4_villain_shojo_017.webp,game_source/art_src/cast_v4_upload_staging/batch_04_241-304/269__v4_villain_shojo_017.png,CAST_V4_FINAL_ART_MAP.csv batch_04_241-304/269__v4_villain_shojo_017.png,,269__v4_villain_shojo_017.png,v4_villain_shojo_017.webp,v4_villain_shojo_017.webp,6e701106b9850572f1efb0817270514201498dde58cf73031a4cd3b2f3d47eca,a52a6f254f6dfd1eb3432875c5502503db2ccb53da7589bb264e6a2983349a23,71d79e2c55232326,512,512,True,True,True,True,True,False,
v4_villain_shojo_018,Cruz Reyes,V4,villain,shojo,cyber,comedy,pirate,cast/v4/v4_villain_shojo_018.webp,game_source/art_src/cast_v4_upload_staging/batch_04_241-304/270__v4_villain_shojo_018.png,CAST_V4_FINAL_ART_MAP.csv batch_04_241-304/270__v4_villain_shojo_018.png,,270__v4_villain_shojo_018.png,v4_villain_shojo_018.webp,v4_villain_shojo_018.webp,480c1511031c06638030d17f91b38525bdc6331e45832fc884d8384658c7fa36,f7ec23ce13e60658f57d12e9cc16d6df3c76e2e9cf0c72fed7d6bdf6786f4088,39c4496d343c62f3,512,512,True,True,True,True,True,False,
v4_villain_shojo_019,Esme Hale,V4,villain,shojo,cyber,cooking,shinobi,cast/v4/v4_villain_shojo_019.webp,game_source/art_src/cast_v4_upload_staging/batch_04_241-304/271__v4_villain_shojo_019.png,CAST_V4_FINAL_ART_MAP.csv batch_04_241-304/271__v4_villain_shojo_019.png,,271__v4_villain_shojo_019.png,v4_villain_shojo_019.webp,v4_villain_shojo_019.webp,ce54a22781473a4a7fccd2d57b35fad989cbb8eeb765d41388edf32f79f6f6aa,7963301c726935bd26753fe5b0432d3f4852f0e2866a02f0ad61a73d4ad4cfb1,6de0886a1c732fc3,512,512,True,True,True,True,True,False,
v4_villain_shojo_020,Quang Nguyen,V4,villain,shojo,cyber,space,martial,cast/v4/v4_villain_shojo_020.webp,game_source/art_src/cast_v4_upload_staging/batch_04_241-304/272__v4_villain_shojo_020.png,CAST_V4_FINAL_ART_MAP.csv batch_04_241-304/272__v4_villain_shojo_020.png,,272__v4_villain_shojo_020.png,v4_villain_shojo_020.webp,v4_villain_shojo_020.webp,10fb57cedb79067012f8c4f0cc54eb882e2a18039c9b4215121ec95e030306c2,6428f0ba16f7222ec37d080374d349d0881cef4852289e5d2e1ae8e79f114885,34cb4b94a52b7256,512,512,True,True,True,True,True,False,g30_villain_shonen_017
v4_villain_shojo_021,Orn Wongsa,V4,villain,shojo,fantasy,idol,supernatural,cast/v4/v4_villain_shojo_021.webp,game_source/art_src/cast_v4_upload_staging/batch_04_241-304/273__v4_villain_shojo_021.png,CAST_V4_FINAL_ART_MAP.csv batch_04_241-304/273__v4_villain_shojo_021.png,,273__v4_villain_shojo_021.png,v4_villain_shojo_021.webp,v4_villain_shojo_021.webp,349f93f008d7aee789a6ddff22d8fd4b94812da6829297cc988d0877ea8ff60b,a56cee3501e4f5a1e06693dcb779e28340e0c00d2a5a518d0af6dc7f31bfe545,6dc5f070c2666707,512,512,True,True,True,True,True,False,
v4_villain_shojo_022,Selim Demir,V4,villain,shojo,fantasy,mystery,survival,cast/v4/v4_villain_shojo_022.webp,game_source/art_src/cast_v4_upload_staging/batch_04_241-304/274__v4_villain_shojo_022.png,CAST_V4_FINAL_ART_MAP.csv batch_04_241-304/274__v4_villain_shojo_022.png,,274__v4_villain_shojo_022.png,v4_villain_shojo_022.webp,v4_villain_shojo_022.webp,e27ccac40be2a7d79df6f2621fac8de24d8e5b59fbe3edb9e3602080ebc32f72,f9a46fb6e4405bb99c4a77be574cd7ab79e643f968fe2552133da029722032a1,62bc9cf6833a30c3,512,512,True,True,True,True,True,False,
v4_villain_shojo_023,Zahra Najjar,V4,villain,shojo,idol,space,samurai,cast/v4/v4_villain_shojo_023.webp,game_source/art_src/cast_v4_upload_staging/batch_04_241-304/275__v4_villain_shojo_023.png,CAST_V4_FINAL_ART_MAP.csv batch_04_241-304/275__v4_villain_shojo_023.png,,275__v4_villain_shojo_023.png,v4_villain_shojo_023.webp,v4_villain_shojo_023.webp,8de86ae21981e12b76ce0f66247a5b1ed4310ab7685e6f99ce516fd43e61a20a,bfaa20fcf67da27abde3324bca08efab951cc29a8f8b1af1dff2be761faf0a7d,6cfb1e070730e0ce,512,512,True,True,True,True,True,False,
v4_villain_shojo_024,Kauri Niko,V4,villain,shojo,idol,magical,mythology,cast/v4/v4_villain_shojo_024.webp,game_source/art_src/cast_v4_upload_staging/batch_04_241-304/276__v4_villain_shojo_024.png,CAST_V4_FINAL_ART_MAP.csv batch_04_241-304/276__v4_villain_shojo_024.png,,276__v4_villain_shojo_024.png,v4_villain_shojo_024.webp,v4_villain_shojo_024.webp,0ae0d71d2bbf4b03bc5b48a148e464456e8ea25579ca65f310f40f5f2d8ac7b0,a7bda0ff7a19fcaa2f1dc939de99ecf7ebbd04580471a21fbd6a41f206debded,68cc353f4b6e2605,512,512,True,True,True,True,True,False,
v4_villain_shojo_025,Nicha Suwann,V4,villain,shojo,mystery,cooking,space,cast/v4/v4_villain_shojo_025.webp,game_source/art_src/cast_v4_upload_staging/batch_04_241-304/277__v4_villain_shojo_025.png,CAST_V4_FINAL_ART_MAP.csv batch_04_241-304/277__v4_villain_shojo_025.png,,277__v4_villain_shojo_025.png,v4_villain_shojo_025.webp,v4_villain_shojo_025.webp,c82c154af54624029f76764f07624a632a999878ddac6b5d9d517abf4e8293af,b8e6be556f31a44a09e4122829efbae078a553f6ac21dd8abd721610bcd3a37e,334e132cc844bd6f,512,512,True,True,True,True,True,False,
v4_villain_shojo_026,Jules Simon,V4,villain,shojo,comedy,cooking,supernatural,cast/v4/v4_villain_shojo_026.webp,game_source/art_src/cast_v4_upload_staging/batch_04_241-304/278__v4_villain_shojo_026.png,CAST_V4_FINAL_ART_MAP.csv batch_04_241-304/278__v4_villain_shojo_026.png,,278__v4_villain_shojo_026.png,v4_villain_shojo_026.webp,v4_villain_shojo_026.webp,e1bd8180158175fc6125e4734149845839d0bdef45107c1669f5091747cf9496,01d30cb171e69d77b35d39e581708a4353ae7de3a83b1316fd67ed5b8954fd38,6787635be805a31c,512,512,True,True,True,True,True,False,
v4_villain_shojo_027,Tomoka Ishibashi,V4,villain,shojo,comedy,military,martial,cast/v4/v4_villain_shojo_027.webp,game_source/art_src/cast_v4_upload_staging/batch_04_241-304/279__v4_villain_shojo_027.png,CAST_V4_FINAL_ART_MAP.csv batch_04_241-304/279__v4_villain_shojo_027.png,,279__v4_villain_shojo_027.png,v4_villain_shojo_027.webp,v4_villain_shojo_027.webp,9c3a86ed4d714a0cbea6707577baa2b7797bf961779c5d4b949b1f1b646b5f51,f3f0ddbd81be6d24a5b982d7499b48b430da57f8ee357e5e220660c93fd0f333,43d8e077673e0c38,512,512,True,True,True,True,True,False,
v4_villain_shojo_028,Caleb Adebayo,V4,villain,shojo,comedy,magical,nordic,cast/v4/v4_villain_shojo_028.webp,game_source/art_src/cast_v4_upload_staging/batch_04_241-304/280__v4_villain_shojo_028.png,CAST_V4_FINAL_ART_MAP.csv batch_04_241-304/280__v4_villain_shojo_028.png,,280__v4_villain_shojo_028.png,v4_villain_shojo_028.webp,v4_villain_shojo_028.webp,6af31c146dd8fa353cb7092a21a2432d22e4288a278a3561050b1259f4f775c4,a7714b84219539e1d3764bb12c6f016fc9357d049ad5d9aa9492d958f8877e42,3c9415b05a5a7acb,512,512,True,True,True,True,True,False,
v4_villain_shojo_029,Dalia Aziz,V4,villain,shojo,cooking,survival,samurai,cast/v4/v4_villain_shojo_029.webp,game_source/art_src/cast_v4_upload_staging/batch_04_241-304/281__v4_villain_shojo_029.png,CAST_V4_FINAL_ART_MAP.csv batch_04_241-304/281__v4_villain_shojo_029.png,,281__v4_villain_shojo_029.png,v4_villain_shojo_029.webp,v4_villain_shojo_029.webp,831f47db98ee4e1e6d8dc8eebfb294b2ebb215774ebad3141614250f1c2782e5,aa79cd87f1d7b1b3bd52f28b257002e59614fc7f020d9a2f51d040bf91e38921,6387857133360e3e,512,512,True,True,True,True,True,False,
v4_villain_shojo_030,Kai Sikora,V4,villain,shojo,supernatural,pirate,martial,cast/v4/v4_villain_shojo_030.webp,game_source/art_src/cast_v4_upload_staging/batch_04_241-304/282__v4_villain_shojo_030.png,CAST_V4_FINAL_ART_MAP.csv batch_04_241-304/282__v4_villain_shojo_030.png,,282__v4_villain_shojo_030.png,v4_villain_shojo_030.webp,v4_villain_shojo_030.webp,4f8b6c088fc72026c0186f6d64e6cf0819f5fc89e65516dcaa5a4cc5e0f9301a,3eff271f207d56709083abe4dd0a79cfcb88f396524fff1bbd66019e96b39c8d,30e5b6124ab373e1,512,512,True,True,True,True,True,False,
v4_villain_shojo_031,Naz Tas,V4,villain,shojo,survival,pirate,mythology,cast/v4/v4_villain_shojo_031.webp,game_source/art_src/cast_v4_upload_staging/batch_04_241-304/283__v4_villain_shojo_031.png,CAST_V4_FINAL_ART_MAP.csv batch_04_241-304/283__v4_villain_shojo_031.png,,283__v4_villain_shojo_031.png,v4_villain_shojo_031.webp,v4_villain_shojo_031.webp,81c8347e9c66f361db807789b06b8bf58070f2edfa7e9ecec4574bc6172ae4fb,f212fdc4498fdd58cd74d5187c21af12dc8159a7c6c063eb69a4732b8619ad12,64e721300a476bfd,512,512,True,True,True,True,True,False,
v4_villain_shojo_032,Stavros Markou,V4,villain,shojo,romance,military,samurai,cast/v4/v4_villain_shojo_032.webp,game_source/art_src/cast_v4_upload_staging/batch_04_241-304/284__v4_villain_shojo_032.png,CAST_V4_FINAL_ART_MAP.csv batch_04_241-304/284__v4_villain_shojo_032.png,,284__v4_villain_shojo_032.png,v4_villain_shojo_032.webp,v4_villain_shojo_032.webp,dfd428a998fe84b5d933391e7f90d022665999114705871323f3d91e8d89e1d6,6442cfb52c9bcb852d113fb6d842ebae2aaa5dae618fb835835cbe60b4a98a45,32a3b09aa369da66,512,512,True,True,True,True,True,False,
v4_villain_shojo_033,Amal Nasser,V4,villain,shojo,horror,sports,idol,cast/v4/v4_villain_shojo_033.webp,game_source/art_src/cast_v4_upload_staging/batch_04_241-304/285__v4_villain_shojo_033.png,CAST_V4_FINAL_ART_MAP.csv batch_04_241-304/285__v4_villain_shojo_033.png,,285__v4_villain_shojo_033.png,v4_villain_shojo_033.webp,v4_villain_shojo_033.webp,e635e6676fb8c2e5b28d6c148461e64d7a2c1e28754e80e4b9d2822e6a2d9f4a,635cffcdd3ece8fe6d56234001fec79ddb7ebcd8de89cd91a232b499f33e897c,06ab2b2ae6c66593,512,512,True,True,True,True,True,False,
v4_villain_shojo_034,Bima Kusuma,V4,villain,shojo,romance,fantasy,nordic,cast/v4/v4_villain_shojo_034.webp,game_source/art_src/cast_v4_upload_staging/batch_04_241-304/286__v4_villain_shojo_034.png,CAST_V4_FINAL_ART_MAP.csv batch_04_241-304/286__v4_villain_shojo_034.png,,286__v4_villain_shojo_034.png,v4_villain_shojo_034.webp,v4_villain_shojo_034.webp,39f83c1462ef5679cbedcc1e2ea0cd4e9f8ea0e29f1b2f1b4277360463cf9d40,f902e5d0392d25cefc3815ce8ab528701d81393c69624fd40a1f14ba32be04f9,6a95b8c3301e6637,512,512,True,True,True,True,True,False,
v4_villain_shojo_035,Nicha Kittisak,V4,villain,shojo,isekai,cyber,idol,cast/v4/v4_villain_shojo_035.webp,game_source/art_src/cast_v4_upload_staging/batch_04_241-304/287__v4_villain_shojo_035.png,CAST_V4_FINAL_ART_MAP.csv batch_04_241-304/287__v4_villain_shojo_035.png,,287__v4_villain_shojo_035.png,v4_villain_shojo_035.webp,v4_villain_shojo_035.webp,8a6f8b437356ca6e4e547846e77795401849916cac504a69f5cbac5f6f4c2ecf,87e3c80812a889b73fadbed237ae928fc081a64a44510f57f5ee84144c52f896,379942246a727e6c,512,512,True,True,True,True,True,False,
v4_villain_shojo_036,Lian Santos,V4,villain,shojo,idol,pirate,shinobi,cast/v4/v4_villain_shojo_036.webp,game_source/art_src/cast_v4_upload_staging/batch_04_241-304/288__v4_villain_shojo_036.png,CAST_V4_FINAL_ART_MAP.csv batch_04_241-304/288__v4_villain_shojo_036.png,,288__v4_villain_shojo_036.png,v4_villain_shojo_036.webp,v4_villain_shojo_036.webp,1be497126cd550f04e8eff1fa27d1af847d59a6497d75b7804bf8ee4d0d60412,12a51ce2859f51cca07aab9dc1f23bcc9efdac3eb36dd41c17da8601e50b3300,35b1921a6c646dad,512,512,True,True,True,True,True,False,
v4_villain_shojo_037,Mali Thamrong,V4,villain,shojo,mystery,comedy,military,cast/v4/v4_villain_shojo_037.webp,game_source/art_src/cast_v4_upload_staging/batch_04_241-304/289__v4_villain_shojo_037.png,CAST_V4_FINAL_ART_MAP.csv batch_04_241-304/289__v4_villain_shojo_037.png,,289__v4_villain_shojo_037.png,v4_villain_shojo_037.webp,v4_villain_shojo_037.webp,bcab212964d6334febf36e1cd80626fe33e53a288d8e6aa49c63837525eb0ae6,e4c52083f53d0937a40877c4bb9bdcd675ab5ba904e19440013e46c86aab565d,1d93d4a58cd263a5,512,512,True,True,True,True,True,False,
v4_villain_shojo_038,Arjun Kapoor,V4,villain,shojo,comedy,mythology,shinobi,cast/v4/v4_villain_shojo_038.webp,game_source/art_src/cast_v4_upload_staging/batch_04_241-304/290__v4_villain_shojo_038.png,CAST_V4_FINAL_ART_MAP.csv batch_04_241-304/290__v4_villain_shojo_038.png,,290__v4_villain_shojo_038.png,v4_villain_shojo_038.webp,v4_villain_shojo_038.webp,78961eadfa83f0ecab28c7eb10412c36977328c9516dd0cdef0707a931ae2c81,fbe193c74f0f565c668be9763430ca3c0f6d943ea4ca9727f60c89635cf05630,7dd0625b9817a525,512,512,True,True,True,True,True,False,
v4_villain_shojo_039,Somin Seo,V4,villain,shojo,mecha,military,magical,cast/v4/v4_villain_shojo_039.webp,game_source/art_src/cast_v4_upload_staging/batch_04_241-304/291__v4_villain_shojo_039.png,CAST_V4_FINAL_ART_MAP.csv batch_04_241-304/291__v4_villain_shojo_039.png,,291__v4_villain_shojo_039.png,v4_villain_shojo_039.webp,v4_villain_shojo_039.webp,a92ce9f288a0b9aa03dc3ba7ae629f45b5573f56c7c22ce2d5fdafdeba755fcc,4a7e2efb7e0d54a32e78e5c457aaa7d9acacf69b0e8291e0032ed21721a46972,60c7b63a3c1a26c7,512,512,True,True,True,True,True,False,
v4_villain_shojo_040,Faris Permana,V4,villain,shojo,space,nordic,pirate,cast/v4/v4_villain_shojo_040.webp,game_source/art_src/cast_v4_upload_staging/batch_04_241-304/292__v4_villain_shojo_040.png,CAST_V4_FINAL_ART_MAP.csv batch_04_241-304/292__v4_villain_shojo_040.png,,292__v4_villain_shojo_040.png,v4_villain_shojo_040.webp,v4_villain_shojo_040.webp,906e192caa4a9cd67148c1e56e3bc7546d050e3c9296f99c9ea24e46e71d195b,cd073a9f16ffa958ae1849a5acc9ae30df26992f29ecc3ebb2739dba44777b6b,16c66d6a18b3b2b4,512,512,True,True,True,True,True,False,
vg_lead_shonen_mecha,Aster Ashcombe,V5 Vampire/Grimdark,protag,shonen,vampire,mecha,grimdark,cast/v5/vg_lead_shonen_mecha.png,vg_lead_shonen_mecha.png,vampire-grimdark-pack.mjs legacy partner mecha,,vg_lead_shonen_mecha.png,vg_lead_shonen_mecha.png,vg_lead_shonen_mecha.png,2626ca1f3e268c09f6899910313464c1685e6fa539308c9e60b1c9a108d9f7aa,2626ca1f3e268c09f6899910313464c1685e6fa539308c9e60b1c9a108d9f7aa,29cac0a1321ebf5d,382,384,True,True,True,True,True,False,
vg_lead_shonen_isekai,Bastien Velasco,V5 Vampire/Grimdark,protag,shonen,vampire,isekai,grimdark,cast/v5/vg_lead_shonen_isekai.png,vg_lead_shonen_isekai.png,vampire-grimdark-pack.mjs legacy partner isekai,,vg_lead_shonen_isekai.png,vg_lead_shonen_isekai.png,vg_lead_shonen_isekai.png,6b8a4e24252944c64e117f6370f6a278f97ec09b1666a80d6c8078141d713f48,6b8a4e24252944c64e117f6370f6a278f97ec09b1666a80d6c8078141d713f48,1c15496f137233b6,384,384,True,True,True,True,True,False,
vg_lead_shonen_slice,Cassian Morcant,V5 Vampire/Grimdark,protag,shonen,vampire,slice,grimdark,cast/v5/vg_lead_shonen_slice.png,vg_lead_shonen_slice.png,vampire-grimdark-pack.mjs legacy partner slice,,vg_lead_shonen_slice.png,vg_lead_shonen_slice.png,vg_lead_shonen_slice.png,0ab0b177647715a4098a05ca98aa93332c41220be8fb047263c5df5845147da8,0ab0b177647715a4098a05ca98aa93332c41220be8fb047263c5df5845147da8,2d95e6454e1a1a9b,381,384,True,True,True,True,True,False,
vg_lead_shonen_horror,Darya Drazic,V5 Vampire/Grimdark,protag,shonen,vampire,horror,grimdark,cast/v5/vg_lead_shonen_horror.png,vg_lead_shonen_horror.png,vampire-grimdark-pack.mjs legacy partner horror,,vg_lead_shonen_horror.png,vg_lead_shonen_horror.png,vg_lead_shonen_horror.png,65d40afff31a40d06b7c15a15b25e7c8c31ed2b35d7ad9700ffb6c79942c3639,65d40afff31a40d06b7c15a15b25e7c8c31ed2b35d7ad9700ffb6c79942c3639,0cd9cda773641958,383,384,True,True,True,True,True,False,
vg_lead_shonen_romance,Eiran Bellamy,V5 Vampire/Grimdark,protag,shonen,vampire,romance,grimdark,cast/v5/vg_lead_shonen_romance.png,vg_lead_shonen_romance.png,vampire-grimdark-pack.mjs legacy partner romance,,vg_lead_shonen_romance.png,vg_lead_shonen_romance.png,vg_lead_shonen_romance.png,a9d8ef74985c775441448edf376dc0f3dc5958672b2ebc0d6543ac04add6bbd4,a9d8ef74985c775441448edf376dc0f3dc5958672b2ebc0d6543ac04add6bbd4,3e9756964d15504d,383,384,True,True,True,True,True,False,
vg_lead_shonen_sports,Farah Okafor,V5 Vampire/Grimdark,protag,shonen,grimdark,sports,vampire,cast/v5/vg_lead_shonen_sports.png,vg_lead_shonen_sports.png,vampire-grimdark-pack.mjs legacy partner sports,,vg_lead_shonen_sports.png,vg_lead_shonen_sports.png,vg_lead_shonen_sports.png,b9575a4b4f03e680795539f9aef6b74d63e40f679f9148950dd58d10edd83743,b9575a4b4f03e680795539f9aef6b74d63e40f679f9148950dd58d10edd83743,04f5c793c5c8989d,343,432,True,True,True,True,True,False,
vg_lead_shonen_cyber,Galen Kowalski,V5 Vampire/Grimdark,protag,shonen,vampire,cyber,grimdark,cast/v5/vg_lead_shonen_cyber.png,vg_lead_shonen_cyber.png,vampire-grimdark-pack.mjs legacy partner cyber,,vg_lead_shonen_cyber.png,vg_lead_shonen_cyber.png,vg_lead_shonen_cyber.png,e76f4b53d046fa79f9e265f3c632b69bdc265cc76402f20d65b5d339530aaac1,e76f4b53d046fa79f9e265f3c632b69bdc265cc76402f20d65b5d339530aaac1,2c87d750484c7f6a,380,384,True,True,True,True,True,False,
vg_lead_shonen_fantasy,Hanae Navarro,V5 Vampire/Grimdark,protag,shonen,grimdark,fantasy,vampire,cast/v5/vg_lead_shonen_fantasy.png,vg_lead_shonen_fantasy.png,vampire-grimdark-pack.mjs legacy partner fantasy,,vg_lead_shonen_fantasy.png,vg_lead_shonen_fantasy.png,vg_lead_shonen_fantasy.png,b37e6d993de1325ac02c67fd0720e7c4e23e79a0fdf0ac1ba7a658b23e1fdcb7,b37e6d993de1325ac02c67fd0720e7c4e23e79a0fdf0ac1ba7a658b23e1fdcb7,179b68e66564b249,383,383,True,True,True,True,True,False,
vg_lead_shonen_idol,Ilyas Haddad,V5 Vampire/Grimdark,protag,shonen,vampire,idol,grimdark,cast/v5/vg_lead_shonen_idol.png,vg_lead_shonen_idol.png,vampire-grimdark-pack.mjs legacy partner idol,,vg_lead_shonen_idol.png,vg_lead_shonen_idol.png,vg_lead_shonen_idol.png,b6227d38b4640303e7540a9f1a666e125f9226f9675f3ec56a3884231e359c9e,b6227d38b4640303e7540a9f1a666e125f9226f9675f3ec56a3884231e359c9e,6c96cf4d2e101eb8,384,384,True,True,True,True,True,False,
vg_lead_shonen_mystery,Juno Varga,V5 Vampire/Grimdark,protag,shonen,grimdark,mystery,vampire,cast/v5/vg_lead_shonen_mystery.png,vg_lead_shonen_mystery.png,vampire-grimdark-pack.mjs legacy partner mystery,,vg_lead_shonen_mystery.png,vg_lead_shonen_mystery.png,vg_lead_shonen_mystery.png,99a52f683c1cd32f52bfb3b1ab28f23f028bf13c4de46415471dc5c340653911,99a52f683c1cd32f52bfb3b1ab28f23f028bf13c4de46415471dc5c340653911,2d527188767b8726,382,383,True,True,True,True,True,False,
vg_lead_shonen_comedy,Kestrel Te Rangi,V5 Vampire/Grimdark,protag,shonen,vampire,comedy,grimdark,cast/v5/vg_lead_shonen_comedy.png,vg_lead_shonen_comedy.png,vampire-grimdark-pack.mjs legacy partner comedy,,vg_lead_shonen_comedy.png,vg_lead_shonen_comedy.png,vg_lead_shonen_comedy.png,38fa27aa2cf8a20ae83008879eb4c037a0219e1cae3477251c8fa6e89b7d8570,38fa27aa2cf8a20ae83008879eb4c037a0219e1cae3477251c8fa6e89b7d8570,08ad22ab2566bfd8,380,384,True,True,True,True,True,False,
vg_lead_shonen_cooking,Leona Mensah,V5 Vampire/Grimdark,protag,shonen,vampire,cooking,grimdark,cast/v5/vg_lead_shonen_cooking.png,vg_lead_shonen_cooking.png,vampire-grimdark-pack.mjs legacy partner cooking,,vg_lead_shonen_cooking.png,vg_lead_shonen_cooking.png,vg_lead_shonen_cooking.png,a92cf3137881fe2f382183ba8b6fc982acaf03ac47e7d79bb9a6dab5cb4a3a44,a92cf3137881fe2f382183ba8b6fc982acaf03ac47e7d79bb9a6dab5cb4a3a44,0f227ec844875d5d,382,384,True,True,True,True,True,False,
vg_lead_shonen_military,Marek Petrov,V5 Vampire/Grimdark,protag,shonen,grimdark,military,vampire,cast/v5/vg_lead_shonen_military.png,vg_lead_shonen_military.png,vampire-grimdark-pack.mjs legacy partner military,,vg_lead_shonen_military.png,vg_lead_shonen_military.png,vg_lead_shonen_military.png,496e2dc21c1f13b02f4ec87088990e31c73aab9ae2288ab5cda41c7d326ea3a7,496e2dc21c1f13b02f4ec87088990e31c73aab9ae2288ab5cda41c7d326ea3a7,2c8b5a71b63199a6,382,383,True,True,True,True,True,False,
vg_lead_shonen_supernatural,Nadia Laurent,V5 Vampire/Grimdark,protag,shonen,vampire,supernatural,grimdark,cast/v5/vg_lead_shonen_supernatural.png,vg_lead_shonen_supernatural.png,vampire-grimdark-pack.mjs legacy partner supernatural,,vg_lead_shonen_supernatural.png,vg_lead_shonen_supernatural.png,vg_lead_shonen_supernatural.png,02b0b05025da814f3c7c1131ebcd61281a15556efbf66842a6815aebe9e49105,02b0b05025da814f3c7c1131ebcd61281a15556efbf66842a6815aebe9e49105,33c14209ff2c556e,381,384,True,True,True,True,True,False,
vg_lead_shonen_space,Orin Chen,V5 Vampire/Grimdark,protag,shonen,grimdark,space,vampire,cast/v5/vg_lead_shonen_space.png,vg_lead_shonen_space.png,vampire-grimdark-pack.mjs legacy partner space,,vg_lead_shonen_space.png,vg_lead_shonen_space.png,vg_lead_shonen_space.png,cb858d6c8c9e09ecf123339dbc8a0afd828e25cdccc601a77227bbc1de96d30e,cb858d6c8c9e09ecf123339dbc8a0afd828e25cdccc601a77227bbc1de96d30e,3897682b23ae5acc,383,383,True,True,True,True,True,False,
vg_lead_shonen_magical,Priya Bennett,V5 Vampire/Grimdark,protag,shonen,grimdark,magical,vampire,cast/v5/vg_lead_shonen_magical.png,vg_lead_shonen_magical.png,vampire-grimdark-pack.mjs legacy partner magical,,vg_lead_shonen_magical.png,vg_lead_shonen_magical.png,vg_lead_shonen_magical.png,95fea3d8e2753d90c88157b11223902a93f8037afd79ea658662d8a9ce53a447,95fea3d8e2753d90c88157b11223902a93f8037afd79ea658662d8a9ce53a447,36f648e4059b399c,383,383,True,True,True,True,True,False,
vg_lead_shonen_survival,Quill Ibarra,V5 Vampire/Grimdark,protag,shonen,grimdark,survival,vampire,cast/v5/vg_lead_shonen_survival.png,vg_lead_shonen_survival.png,vampire-grimdark-pack.mjs legacy partner survival,,vg_lead_shonen_survival.png,vg_lead_shonen_survival.png,vg_lead_shonen_survival.png,80bfd4f53e5e5b80a95e1f6bccdfc77a4899459c9e81735f7100434d0926d184,80bfd4f53e5e5b80a95e1f6bccdfc77a4899459c9e81735f7100434d0926d184,25b4a4b09586da9f,342,432,True,True,True,True,True,False,g30_villain_shojo_064
vg_lead_shonen_pirate,Rhea Khatri,V5 Vampire/Grimdark,protag,shonen,grimdark,pirate,vampire,cast/v5/vg_lead_shonen_pirate.png,vg_lead_shonen_pirate.png,vampire-grimdark-pack.mjs legacy partner pirate,,vg_lead_shonen_pirate.png,vg_lead_shonen_pirate.png,vg_lead_shonen_pirate.png,832face537d131e2f40fbaa881b79feb58c174d6dd034a76515852cd51f0f0d2,832face537d131e2f40fbaa881b79feb58c174d6dd034a76515852cd51f0f0d2,37a5675a066a185b,382,383,True,True,True,True,True,False,
vg_lead_shonen_martial,Soren Solberg,V5 Vampire/Grimdark,protag,shonen,grimdark,martial,vampire,cast/v5/vg_lead_shonen_martial.png,vg_lead_shonen_martial.png,vampire-grimdark-pack.mjs legacy partner martial,,vg_lead_shonen_martial.png,vg_lead_shonen_martial.png,vg_lead_shonen_martial.png,5f9f211cbfa8833207f91c281e5ff08af70c1cb7e2f1c2cab8a427cf6e491399,5f9f211cbfa8833207f91c281e5ff08af70c1cb7e2f1c2cab8a427cf6e491399,16b3969c9cb8a9a2,382,383,True,True,True,True,True,False,cv3_villain_060
vg_lead_shonen_mythology,Talia Adebayo,V5 Vampire/Grimdark,protag,shonen,grimdark,mythology,vampire,cast/v5/vg_lead_shonen_mythology.png,vg_lead_shonen_mythology.png,vampire-grimdark-pack.mjs legacy partner mythology,,vg_lead_shonen_mythology.png,vg_lead_shonen_mythology.png,vg_lead_shonen_mythology.png,70e739c29b60e9924233cebd41b72bf499d62e0e6e2e811cfc9dd041018de80d,70e739c29b60e9924233cebd41b72bf499d62e0e6e2e811cfc9dd041018de80d,0abbb86a256e2535,343,432,True,True,True,True,True,False,
vg_lead_shonen_nordic,Uri Moretti,V5 Vampire/Grimdark,protag,shonen,grimdark,nordic,vampire,cast/v5/vg_lead_shonen_nordic.png,vg_lead_shonen_nordic.png,vampire-grimdark-pack.mjs legacy partner nordic,,vg_lead_shonen_nordic.png,vg_lead_shonen_nordic.png,vg_lead_shonen_nordic.png,c74c0dade4af94f1152345d114683ebed77ecbbfd9a1b40634e666da762cc089,c74c0dade4af94f1152345d114683ebed77ecbbfd9a1b40634e666da762cc089,3395ed94ca0dcd28,383,383,True,True,True,True,True,False,
vg_lead_shonen_samurai,Veda Park,V5 Vampire/Grimdark,protag,shonen,grimdark,samurai,vampire,cast/v5/vg_lead_shonen_samurai.png,vg_lead_shonen_samurai.png,vampire-grimdark-pack.mjs legacy partner samurai,,vg_lead_shonen_samurai.png,vg_lead_shonen_samurai.png,vg_lead_shonen_samurai.png,70bf20eda57e86e333d72da50a767f54976ad2bf46e92d5cde4179ad16ed08be,70bf20eda57e86e333d72da50a767f54976ad2bf46e92d5cde4179ad16ed08be,25b7b1e6a7500ec8,382,383,True,True,True,True,True,False,
vg_lead_shonen_shinobi,Wren Alvarez,V5 Vampire/Grimdark,protag,shonen,grimdark,shinobi,vampire,cast/v5/vg_lead_shonen_shinobi.png,vg_lead_shonen_shinobi.png,vampire-grimdark-pack.mjs legacy partner shinobi,,vg_lead_shonen_shinobi.png,vg_lead_shonen_shinobi.png,vg_lead_shonen_shinobi.png,e2c2ed02bbc3c25e277ee79119b5bf99fce2c02e062146ec5b7fcfcc659d7bf5,e2c2ed02bbc3c25e277ee79119b5bf99fce2c02e062146ec5b7fcfcc659d7bf5,36f4f9a0724d2985,382,383,True,True,True,True,True,False,
vg_lead_shojo_mecha,Aster Rahman,V5 Vampire/Grimdark,protag,shojo,vampire,mecha,grimdark,cast/v5/vg_lead_shojo_mecha.png,vg_lead_shojo_mecha.png,vampire-grimdark-pack.mjs legacy partner mecha,,vg_lead_shojo_mecha.png,vg_lead_shojo_mecha.png,vg_lead_shojo_mecha.png,ddc726237a7d5c0df1c78317eb7b65b31bbaf2a54f00c3fb7d9584ab418a9bf3,ddc726237a7d5c0df1c78317eb7b65b31bbaf2a54f00c3fb7d9584ab418a9bf3,2ea24b6b845e5e94,341,433,True,True,True,True,True,False,
vg_lead_shojo_isekai,Bastien Novak,V5 Vampire/Grimdark,protag,shojo,vampire,isekai,grimdark,cast/v5/vg_lead_shojo_isekai.png,vg_lead_shojo_isekai.png,vampire-grimdark-pack.mjs legacy partner isekai,,vg_lead_shojo_isekai.png,vg_lead_shojo_isekai.png,vg_lead_shojo_isekai.png,39b9861ea9b18df9299751ba0a2c12ce3cc40df121846d54d6652a3bbd4ce4f0,39b9861ea9b18df9299751ba0a2c12ce3cc40df121846d54d6652a3bbd4ce4f0,2da5756722a90dd4,341,433,True,True,True,True,True,False,
vg_lead_shojo_slice,Cassian Silva,V5 Vampire/Grimdark,protag,shojo,vampire,slice,grimdark,cast/v5/vg_lead_shojo_slice.png,vg_lead_shojo_slice.png,vampire-grimdark-pack.mjs legacy partner slice,,vg_lead_shojo_slice.png,vg_lead_shojo_slice.png,vg_lead_shojo_slice.png,9a76afb0203f2fa9524313f77276c0ee5cf5ef5aa0ec3fe1421385ae86190e90,9a76afb0203f2fa9524313f77276c0ee5cf5ef5aa0ec3fe1421385ae86190e90,757b6d6a03de0805,380,383,True,True,True,True,True,False,
vg_lead_shojo_horror,Darya Mori,V5 Vampire/Grimdark,protag,shojo,vampire,horror,grimdark,cast/v5/vg_lead_shojo_horror.png,vg_lead_shojo_horror.png,vampire-grimdark-pack.mjs legacy partner horror,,vg_lead_shojo_horror.png,vg_lead_shojo_horror.png,vg_lead_shojo_horror.png,b4dafdf2fdd79f5be759f9d8ce251882641faccb8e78824b08d0bacd00cafaf6,b4dafdf2fdd79f5be759f9d8ce251882641faccb8e78824b08d0bacd00cafaf6,389cf8692c2f0dcc,342,432,True,True,True,True,True,False,
vg_lead_shojo_romance,Eiran Diallo,V5 Vampire/Grimdark,protag,shojo,vampire,romance,grimdark,cast/v5/vg_lead_shojo_romance.png,vg_lead_shojo_romance.png,vampire-grimdark-pack.mjs legacy partner romance,,vg_lead_shojo_romance.png,vg_lead_shojo_romance.png,vg_lead_shojo_romance.png,a1818498d1ff86cccf77b18bd0f379ade5d5d3568260a0b9d904f0f4b8992585,a1818498d1ff86cccf77b18bd0f379ade5d5d3568260a0b9d904f0f4b8992585,1b987c3535f36424,343,433,True,True,True,True,True,False,
vg_lead_shojo_sports,Farah Costa,V5 Vampire/Grimdark,protag,shojo,vampire,sports,grimdark,cast/v5/vg_lead_shojo_sports.png,vg_lead_shojo_sports.png,vampire-grimdark-pack.mjs legacy partner sports,,vg_lead_shojo_sports.png,vg_lead_shojo_sports.png,vg_lead_shojo_sports.png,cc3d82e1b5b7e700bad085b5617aa32e48d18bdb7a8f58fda2528d39d4bc1be6,cc3d82e1b5b7e700bad085b5617aa32e48d18bdb7a8f58fda2528d39d4bc1be6,29f148326d9a7627,381,383,True,True,True,True,True,False,
vg_lead_shojo_cyber,Galen Yilmaz,V5 Vampire/Grimdark,protag,shojo,vampire,cyber,grimdark,cast/v5/vg_lead_shojo_cyber.png,vg_lead_shojo_cyber.png,vampire-grimdark-pack.mjs legacy partner cyber,,vg_lead_shojo_cyber.png,vg_lead_shojo_cyber.png,vg_lead_shojo_cyber.png,14de451574cde85aec1fbd9c27267620d89839eeb60ae66705d702957f9698ce,14de451574cde85aec1fbd9c27267620d89839eeb60ae66705d702957f9698ce,0187627b393d3d62,341,433,True,True,True,True,True,False,
vg_lead_shojo_fantasy,Hanae Bekele,V5 Vampire/Grimdark,protag,shojo,vampire,fantasy,grimdark,cast/v5/vg_lead_shojo_fantasy.png,vg_lead_shojo_fantasy.png,vampire-grimdark-pack.mjs legacy partner fantasy,,vg_lead_shojo_fantasy.png,vg_lead_shojo_fantasy.png,vg_lead_shojo_fantasy.png,42493a7eb8ce1d3e60d327e54fb6eb2b7c3cc4bec3a2c121a18e37204479d018,42493a7eb8ce1d3e60d327e54fb6eb2b7c3cc4bec3a2c121a18e37204479d018,1436b453b7649a78,381,383,True,True,True,True,True,False,
vg_lead_shojo_idol,Ilyas Serrano,V5 Vampire/Grimdark,protag,shojo,vampire,idol,grimdark,cast/v5/vg_lead_shojo_idol.png,vg_lead_shojo_idol.png,vampire-grimdark-pack.mjs legacy partner idol,,vg_lead_shojo_idol.png,vg_lead_shojo_idol.png,vg_lead_shojo_idol.png,b2eefc276f015679ebcd1344e9dcc803f535a8969b359eaed72d8deb340e412f,b2eefc276f015679ebcd1344e9dcc803f535a8969b359eaed72d8deb340e412f,458743346814b5ff,381,383,True,True,True,True,True,False,
vg_lead_shojo_mystery,Juno Kaur,V5 Vampire/Grimdark,protag,shojo,vampire,mystery,grimdark,cast/v5/vg_lead_shojo_mystery.png,vg_lead_shojo_mystery.png,vampire-grimdark-pack.mjs legacy partner mystery,,vg_lead_shojo_mystery.png,vg_lead_shojo_mystery.png,vg_lead_shojo_mystery.png,70b05d4eb2e9ce79ae1d8a341840dbf53dfdab11f3d5f9c1bcb0bd1e6a9e4e72,70b05d4eb2e9ce79ae1d8a341840dbf53dfdab11f3d5f9c1bcb0bd1e6a9e4e72,18b60536b6b76453,381,383,True,True,True,True,True,False,
vg_lead_shojo_comedy,Kestrel Nielsen,V5 Vampire/Grimdark,protag,shojo,vampire,comedy,grimdark,cast/v5/vg_lead_shojo_comedy.png,vg_lead_shojo_comedy.png,vampire-grimdark-pack.mjs legacy partner comedy,,vg_lead_shojo_comedy.png,vg_lead_shojo_comedy.png,vg_lead_shojo_comedy.png,2842823dfc07aa75da903f1ed01fc6f3a757f9f7199ce5ccd013cf582cb8b1f1,2842823dfc07aa75da903f1ed01fc6f3a757f9f7199ce5ccd013cf582cb8b1f1,14786c6339a7635c,343,433,True,True,True,True,True,False,
vg_lead_shojo_cooking,Leona Morales,V5 Vampire/Grimdark,protag,shojo,vampire,cooking,grimdark,cast/v5/vg_lead_shojo_cooking.png,vg_lead_shojo_cooking.png,vampire-grimdark-pack.mjs legacy partner cooking,,vg_lead_shojo_cooking.png,vg_lead_shojo_cooking.png,vg_lead_shojo_cooking.png,2fe3e89f876525286696d5d6593af3449539d6b777d212f742a864cead5a9764,2fe3e89f876525286696d5d6593af3449539d6b777d212f742a864cead5a9764,1872620b5d3d63d9,382,383,True,True,True,True,True,False,
vg_lead_shojo_military,Marek Tan,V5 Vampire/Grimdark,protag,shojo,vampire,military,grimdark,cast/v5/vg_lead_shojo_military.png,vg_lead_shojo_military.png,vampire-grimdark-pack.mjs legacy partner military,,vg_lead_shojo_military.png,vg_lead_shojo_military.png,vg_lead_shojo_military.png,089d8606c7810ace0a15afb63b6970a949dacca2ca6d6760e64976def7ae358d,089d8606c7810ace0a15afb63b6970a949dacca2ca6d6760e64976def7ae358d,0c939e700e74753d,346,433,True,True,True,True,True,False,
vg_lead_shojo_supernatural,Nadia Ortega,V5 Vampire/Grimdark,protag,shojo,vampire,supernatural,grimdark,cast/v5/vg_lead_shojo_supernatural.png,vg_lead_shojo_supernatural.png,vampire-grimdark-pack.mjs legacy partner supernatural,,vg_lead_shojo_supernatural.png,vg_lead_shojo_supernatural.png,vg_lead_shojo_supernatural.png,2d6849aa86aee768e0b1c902dcdde7904195a569e59e8ef4383811719e2234a0,2d6849aa86aee768e0b1c902dcdde7904195a569e59e8ef4383811719e2234a0,3694710497f59f84,344,433,True,True,True,True,True,False,
vg_lead_shojo_space,Orin Bako,V5 Vampire/Grimdark,protag,shojo,vampire,space,grimdark,cast/v5/vg_lead_shojo_space.png,vg_lead_shojo_space.png,vampire-grimdark-pack.mjs legacy partner space,,vg_lead_shojo_space.png,vg_lead_shojo_space.png,vg_lead_shojo_space.png,a640a69054731df07278a4931fdab54aa97725be8a5e54c32b3eb904e8f06f66,a640a69054731df07278a4931fdab54aa97725be8a5e54c32b3eb904e8f06f66,04de6ca516393d4d,382,383,True,True,True,True,True,False,
vg_lead_shojo_magical,Priya Fischer,V5 Vampire/Grimdark,protag,shojo,vampire,magical,grimdark,cast/v5/vg_lead_shojo_magical.png,vg_lead_shojo_magical.png,vampire-grimdark-pack.mjs legacy partner magical,,vg_lead_shojo_magical.png,vg_lead_shojo_magical.png,vg_lead_shojo_magical.png,617d535736063d91f283f97b8cf1d0625a54b1c2fe3053d68b77773506d9f692,617d535736063d91f283f97b8cf1d0625a54b1c2fe3053d68b77773506d9f692,10df7d162535196c,344,433,True,True,True,True,True,False,
vg_lead_shojo_survival,Quill Yamane,V5 Vampire/Grimdark,protag,shojo,vampire,survival,grimdark,cast/v5/vg_lead_shojo_survival.png,vg_lead_shojo_survival.png,vampire-grimdark-pack.mjs legacy partner survival,,vg_lead_shojo_survival.png,vg_lead_shojo_survival.png,vg_lead_shojo_survival.png,34a45abc9fbb266ad892f48fa2b9679314f12946cb520a6a043c72ec3ad12ca8,34a45abc9fbb266ad892f48fa2b9679314f12946cb520a6a043c72ec3ad12ca8,38e561cb472492dd,342,432,True,True,True,True,True,False,
vg_lead_shojo_pirate,Rhea Gomez,V5 Vampire/Grimdark,protag,shojo,vampire,pirate,grimdark,cast/v5/vg_lead_shojo_pirate.png,vg_lead_shojo_pirate.png,vampire-grimdark-pack.mjs legacy partner pirate,,vg_lead_shojo_pirate.png,vg_lead_shojo_pirate.png,vg_lead_shojo_pirate.png,8b7b893a9efa9ad016e94d0fd3efa5727fe1d53af719564ffee3ab8a58b9abab,8b7b893a9efa9ad016e94d0fd3efa5727fe1d53af719564ffee3ab8a58b9abab,219df8a28baa1f91,346,433,True,True,True,True,True,False,
vg_lead_shojo_martial,Soren Aziz,V5 Vampire/Grimdark,protag,shojo,vampire,martial,grimdark,cast/v5/vg_lead_shojo_martial.png,vg_lead_shojo_martial.png,vampire-grimdark-pack.mjs legacy partner martial,,vg_lead_shojo_martial.png,vg_lead_shojo_martial.png,vg_lead_shojo_martial.png,bb75e189f42553dd2ee238a620e95941c13f7b2c200111135050928708aae331,bb75e189f42553dd2ee238a620e95941c13f7b2c200111135050928708aae331,124edb24376cd349,341,433,True,True,True,True,True,False,
vg_lead_shojo_mythology,Talia Ivanov,V5 Vampire/Grimdark,protag,shojo,vampire,mythology,grimdark,cast/v5/vg_lead_shojo_mythology.png,vg_lead_shojo_mythology.png,vampire-grimdark-pack.mjs legacy partner mythology,,vg_lead_shojo_mythology.png,vg_lead_shojo_mythology.png,vg_lead_shojo_mythology.png,17fe5bb13340469421a5ca90753224b4cdae091a120a9d9004204065ce977a7c,17fe5bb13340469421a5ca90753224b4cdae091a120a9d9004204065ce977a7c,3793c117e107b496,342,432,True,True,True,True,True,False,
vg_lead_shojo_nordic,Uri Reyes,V5 Vampire/Grimdark,protag,shojo,vampire,nordic,grimdark,cast/v5/vg_lead_shojo_nordic.png,vg_lead_shojo_nordic.png,vampire-grimdark-pack.mjs legacy partner nordic,,vg_lead_shojo_nordic.png,vg_lead_shojo_nordic.png,vg_lead_shojo_nordic.png,64e7b3f43987a10b60fe840806dcb4dc964aac244367c9c64146b79c3d1ddcdc,64e7b3f43987a10b60fe840806dcb4dc964aac244367c9c64146b79c3d1ddcdc,30949e70ba9746ab,381,383,True,True,True,True,True,False,
vg_lead_shojo_samurai,Veda Nakamura,V5 Vampire/Grimdark,protag,shojo,vampire,samurai,grimdark,cast/v5/vg_lead_shojo_samurai.png,vg_lead_shojo_samurai.png,vampire-grimdark-pack.mjs legacy partner samurai,,vg_lead_shojo_samurai.png,vg_lead_shojo_samurai.png,vg_lead_shojo_samurai.png,57bfd0a98f57c34bde6887f184f14b8a40314f1417de90a5edc047716cc63d5c,57bfd0a98f57c34bde6887f184f14b8a40314f1417de90a5edc047716cc63d5c,1cbc232537d974c8,381,383,True,True,True,True,True,False,
vg_lead_shojo_shinobi,Wren Adeyemi,V5 Vampire/Grimdark,protag,shojo,vampire,shinobi,grimdark,cast/v5/vg_lead_shojo_shinobi.png,vg_lead_shojo_shinobi.png,vampire-grimdark-pack.mjs legacy partner shinobi,,vg_lead_shojo_shinobi.png,vg_lead_shojo_shinobi.png,vg_lead_shojo_shinobi.png,2f8b4a87808110586f61ba65e38dd643d4c1756648125dd37209a4363765f711,2f8b4a87808110586f61ba65e38dd643d4c1756648125dd37209a4363765f711,1499ada4272d7d49,380,383,True,True,True,True,True,False,
vg_sidekick_shonen_mecha,Aster Kovacs,V5 Vampire/Grimdark,secondary,shonen,grimdark,mecha,vampire,cast/v5/vg_sidekick_shonen_mecha.png,vg_sidekick_shonen_mecha.png,vampire-grimdark-pack.mjs legacy partner mecha,,vg_sidekick_shonen_mecha.png,vg_sidekick_shonen_mecha.png,vg_sidekick_shonen_mecha.png,ba9d260a20dc6e4e15aaf9c6ae9a0a4ec211c4fde8a7601ddc2390a5894164f0,ba9d260a20dc6e4e15aaf9c6ae9a0a4ec211c4fde8a7601ddc2390a5894164f0,39e3f9db920d0d04,385,385,True,True,True,True,True,False,
vg_sidekick_shonen_isekai,Bastien Marin,V5 Vampire/Grimdark,secondary,shonen,grimdark,isekai,vampire,cast/v5/vg_sidekick_shonen_isekai.png,vg_sidekick_shonen_isekai.png,vampire-grimdark-pack.mjs legacy partner isekai,,vg_sidekick_shonen_isekai.png,vg_sidekick_shonen_isekai.png,vg_sidekick_shonen_isekai.png,5f2542fd5fff958241e48f69d011eb698385fddf395463cda4cd3126d17b1683,5f2542fd5fff958241e48f69d011eb698385fddf395463cda4cd3126d17b1683,3b82a2d2cbc18d9d,342,433,True,True,True,True,True,False,
vg_sidekick_shonen_slice,Cassian Saad,V5 Vampire/Grimdark,secondary,shonen,grimdark,slice,vampire,cast/v5/vg_sidekick_shonen_slice.png,vg_sidekick_shonen_slice.png,vampire-grimdark-pack.mjs legacy partner slice,,vg_sidekick_shonen_slice.png,vg_sidekick_shonen_slice.png,vg_sidekick_shonen_slice.png,f92188b03ec7e73b66797d14d1f01f0435a9979f1414df878850033c8b9fd353,f92188b03ec7e73b66797d14d1f01f0435a9979f1414df878850033c8b9fd353,138367e61e25489f,386,386,True,True,True,True,True,False,
vg_sidekick_shonen_horror,Darya Kim,V5 Vampire/Grimdark,secondary,shonen,grimdark,horror,vampire,cast/v5/vg_sidekick_shonen_horror.png,vg_sidekick_shonen_horror.png,vampire-grimdark-pack.mjs legacy partner horror,,vg_sidekick_shonen_horror.png,vg_sidekick_shonen_horror.png,vg_sidekick_shonen_horror.png,ff3829c2be52dcd04a19f2f8b8ed0289d6a5e0b8d4d96b96342929701e95578b,ff3829c2be52dcd04a19f2f8b8ed0289d6a5e0b8d4d96b96342929701e95578b,1923275c721f9ad4,386,385,True,True,True,True,True,False,
vg_sidekick_shonen_romance,Eiran Torres,V5 Vampire/Grimdark,secondary,shonen,grimdark,romance,vampire,cast/v5/vg_sidekick_shonen_romance.png,vg_sidekick_shonen_romance.png,vampire-grimdark-pack.mjs legacy partner romance,,vg_sidekick_shonen_romance.png,vg_sidekick_shonen_romance.png,vg_sidekick_shonen_romance.png,c1d2d9786a19dc417131ea6647f336e191adee5975334d797847b6a1db8712ff,c1d2d9786a19dc417131ea6647f336e191adee5975334d797847b6a1db8712ff,228958374f385ae7,385,386,True,True,True,True,True,False,
vg_sidekick_shonen_sports,Farah Lind,V5 Vampire/Grimdark,secondary,shonen,grimdark,sports,vampire,cast/v5/vg_sidekick_shonen_sports.png,vg_sidekick_shonen_sports.png,vampire-grimdark-pack.mjs legacy partner sports,,vg_sidekick_shonen_sports.png,vg_sidekick_shonen_sports.png,vg_sidekick_shonen_sports.png,482ea8508a9e9bec7bdcd4298458725f1cc141f6e87385f8d5a71e816232e6a2,482ea8508a9e9bec7bdcd4298458725f1cc141f6e87385f8d5a71e816232e6a2,0ea5a1afa882ccdb,385,386,True,True,True,True,True,False,
vg_sidekick_shonen_cyber,Galen Patel,V5 Vampire/Grimdark,secondary,shonen,grimdark,cyber,vampire,cast/v5/vg_sidekick_shonen_cyber.png,vg_sidekick_shonen_cyber.png,vampire-grimdark-pack.mjs legacy partner cyber,,vg_sidekick_shonen_cyber.png,vg_sidekick_shonen_cyber.png,vg_sidekick_shonen_cyber.png,cca8763c55c3a7a20adce76d438e48c6af3a8af009f68cb03f241c9b56372d0f,cca8763c55c3a7a20adce76d438e48c6af3a8af009f68cb03f241c9b56372d0f,1595d904b2337b36,385,385,True,True,True,True,True,False,
vg_sidekick_shonen_fantasy,Hanae Voss,V5 Vampire/Grimdark,secondary,shonen,grimdark,fantasy,vampire,cast/v5/vg_sidekick_shonen_fantasy.png,vg_sidekick_shonen_fantasy.png,vampire-grimdark-pack.mjs legacy partner fantasy,,vg_sidekick_shonen_fantasy.png,vg_sidekick_shonen_fantasy.png,vg_sidekick_shonen_fantasy.png,1f04712e4990072315fec21c2c804d736196b854f575afdbe02bed32d6100013,1f04712e4990072315fec21c2c804d736196b854f575afdbe02bed32d6100013,07f3cea75812315a,342,433,True,True,True,True,True,False,
vg_sidekick_shonen_idol,Ilyas Okoye,V5 Vampire/Grimdark,secondary,shonen,grimdark,idol,vampire,cast/v5/vg_sidekick_shonen_idol.png,vg_sidekick_shonen_idol.png,vampire-grimdark-pack.mjs legacy partner idol,,vg_sidekick_shonen_idol.png,vg_sidekick_shonen_idol.png,vg_sidekick_shonen_idol.png,c0f631a4b555b9effbe1b30a3f5f528718fae12542069ec0a0d5f563a00ce9ec,c0f631a4b555b9effbe1b30a3f5f528718fae12542069ec0a0d5f563a00ce9ec,1d81647f2a6a4ad3,342,433,True,True,True,True,True,False,
vg_sidekick_shonen_mystery,Juno Mendes,V5 Vampire/Grimdark,secondary,shonen,grimdark,mystery,vampire,cast/v5/vg_sidekick_shonen_mystery.png,vg_sidekick_shonen_mystery.png,vampire-grimdark-pack.mjs legacy partner mystery,,vg_sidekick_shonen_mystery.png,vg_sidekick_shonen_mystery.png,vg_sidekick_shonen_mystery.png,7a143472a6db76b345ffa735574de7421dd79a0c13f1bdccaf55676e63e8dc40,7a143472a6db76b345ffa735574de7421dd79a0c13f1bdccaf55676e63e8dc40,27be91a32c411ebc,342,433,True,True,True,True,True,False,
vg_sidekick_shonen_comedy,Kestrel Rossi,V5 Vampire/Grimdark,secondary,shonen,grimdark,comedy,vampire,cast/v5/vg_sidekick_shonen_comedy.png,vg_sidekick_shonen_comedy.png,vampire-grimdark-pack.mjs legacy partner comedy,,vg_sidekick_shonen_comedy.png,vg_sidekick_shonen_comedy.png,vg_sidekick_shonen_comedy.png,06c180596c202f5d36737b301c6a777e88533a1bcf571fa3fee6da180f18f293,06c180596c202f5d36737b301c6a777e88533a1bcf571fa3fee6da180f18f293,391ab023a518eafb,343,432,True,True,True,True,True,False,
vg_sidekick_shonen_cooking,Leona Fujita,V5 Vampire/Grimdark,secondary,shonen,grimdark,cooking,vampire,cast/v5/vg_sidekick_shonen_cooking.png,vg_sidekick_shonen_cooking.png,vampire-grimdark-pack.mjs legacy partner cooking,,vg_sidekick_shonen_cooking.png,vg_sidekick_shonen_cooking.png,vg_sidekick_shonen_cooking.png,b5f6a7b3872a9e671f8eecdbe9ede224bf5272500d9cb7eb6321f8a1e427a881,b5f6a7b3872a9e671f8eecdbe9ede224bf5272500d9cb7eb6321f8a1e427a881,02956c7c874d9d5c,385,385,True,True,True,True,True,False,
vg_sidekick_shonen_military,Marek Osei,V5 Vampire/Grimdark,secondary,shonen,grimdark,military,vampire,cast/v5/vg_sidekick_shonen_military.png,vg_sidekick_shonen_military.png,vampire-grimdark-pack.mjs legacy partner military,,vg_sidekick_shonen_military.png,vg_sidekick_shonen_military.png,vg_sidekick_shonen_military.png,2933e2b4aaa99604c1c3efcbc0c933b19f6b3b5aafa51b4041ed002d1e6cc310,2933e2b4aaa99604c1c3efcbc0c933b19f6b3b5aafa51b4041ed002d1e6cc310,3c93fea2859698c8,343,433,True,True,True,True,True,False,
vg_sidekick_shonen_supernatural,Nadia Marlow,V5 Vampire/Grimdark,secondary,shonen,grimdark,supernatural,vampire,cast/v5/vg_sidekick_shonen_supernatural.png,vg_sidekick_shonen_supernatural.png,vampire-grimdark-pack.mjs legacy partner supernatural,,vg_sidekick_shonen_supernatural.png,vg_sidekick_shonen_supernatural.png,vg_sidekick_shonen_supernatural.png,70c965d6329bb6773b9b5577b989927a19ddbeaaa69fbf09e162efecef08c230,70c965d6329bb6773b9b5577b989927a19ddbeaaa69fbf09e162efecef08c230,0bab9b62070f14bb,344,433,True,True,True,True,True,False,
vg_sidekick_shonen_space,Orin Ito,V5 Vampire/Grimdark,secondary,shonen,grimdark,space,vampire,cast/v5/vg_sidekick_shonen_space.png,vg_sidekick_shonen_space.png,vampire-grimdark-pack.mjs legacy partner space,,vg_sidekick_shonen_space.png,vg_sidekick_shonen_space.png,vg_sidekick_shonen_space.png,301dc65aec8e32573edd231e08614c8592b2c772099d0b7936c2ec5214cdede1,301dc65aec8e32573edd231e08614c8592b2c772099d0b7936c2ec5214cdede1,1b994347744549db,342,433,True,True,True,True,True,False,
vg_sidekick_shonen_magical,Priya Khan,V5 Vampire/Grimdark,secondary,shonen,grimdark,magical,vampire,cast/v5/vg_sidekick_shonen_magical.png,vg_sidekick_shonen_magical.png,vampire-grimdark-pack.mjs legacy partner magical,,vg_sidekick_shonen_magical.png,vg_sidekick_shonen_magical.png,vg_sidekick_shonen_magical.png,ca10135f5b77259f1cab0a90266617c0c7726fd9a8241d7308aa311a216672d0,ca10135f5b77259f1cab0a90266617c0c7726fd9a8241d7308aa311a216672d0,229a3935928f4dec,385,386,True,True,True,True,True,False,
vg_sidekick_shonen_survival,Quill Santos,V5 Vampire/Grimdark,secondary,shonen,grimdark,survival,vampire,cast/v5/vg_sidekick_shonen_survival.png,vg_sidekick_shonen_survival.png,vampire-grimdark-pack.mjs legacy partner survival,,vg_sidekick_shonen_survival.png,vg_sidekick_shonen_survival.png,vg_sidekick_shonen_survival.png,e9e20d6d95b1d7d04aeb96a3645053b5f77591c5852be6284d444aa0fde2aa0e,e9e20d6d95b1d7d04aeb96a3645053b5f77591c5852be6284d444aa0fde2aa0e,2a95c9aec33b9622,344,433,True,True,True,True,True,False,
vg_sidekick_shonen_pirate,Rhea Volkov,V5 Vampire/Grimdark,secondary,shonen,grimdark,pirate,vampire,cast/v5/vg_sidekick_shonen_pirate.png,vg_sidekick_shonen_pirate.png,vampire-grimdark-pack.mjs legacy partner pirate,,vg_sidekick_shonen_pirate.png,vg_sidekick_shonen_pirate.png,vg_sidekick_shonen_pirate.png,07109ba6814153d03957e67f596fd942f8e38bd149eb838fa8a2d97a13cc5bdd,07109ba6814153d03957e67f596fd942f8e38bd149eb838fa8a2d97a13cc5bdd,29af6a2aa8389ad9,343,432,True,True,True,True,True,False,
vg_sidekick_shonen_martial,Soren Hale,V5 Vampire/Grimdark,secondary,shonen,grimdark,martial,vampire,cast/v5/vg_sidekick_shonen_martial.png,vg_sidekick_shonen_martial.png,vampire-grimdark-pack.mjs legacy partner martial,,vg_sidekick_shonen_martial.png,vg_sidekick_shonen_martial.png,vg_sidekick_shonen_martial.png,e1c74e9efe5664b7bbfcab4cc4ad5d46a3622291faf0b38eff13cbae138c90e1,e1c74e9efe5664b7bbfcab4cc4ad5d46a3622291faf0b38eff13cbae138c90e1,35b1d4a4b31c9599,342,433,True,True,True,True,True,False,
vg_sidekick_shonen_mythology,Talia Duval,V5 Vampire/Grimdark,secondary,shonen,grimdark,mythology,vampire,cast/v5/vg_sidekick_shonen_mythology.png,vg_sidekick_shonen_mythology.png,vampire-grimdark-pack.mjs legacy partner mythology,,vg_sidekick_shonen_mythology.png,vg_sidekick_shonen_mythology.png,vg_sidekick_shonen_mythology.png,7cf1d0d3ea9e544cd1a51bdfaf2f9c7b7c625e556972dc5b6cb43245741077c9,7cf1d0d3ea9e544cd1a51bdfaf2f9c7b7c625e556972dc5b6cb43245741077c9,234378677e7184e2,343,431,True,True,True,True,True,False,
vg_sidekick_shonen_nordic,Uri Choi,V5 Vampire/Grimdark,secondary,shonen,grimdark,nordic,vampire,cast/v5/vg_sidekick_shonen_nordic.png,vg_sidekick_shonen_nordic.png,vampire-grimdark-pack.mjs legacy partner nordic,,vg_sidekick_shonen_nordic.png,vg_sidekick_shonen_nordic.png,vg_sidekick_shonen_nordic.png,3653f0b610487647d88a9ff55c6a6d7b18bed5d656a15e20bd7a51745d9df5a2,3653f0b610487647d88a9ff55c6a6d7b18bed5d656a15e20bd7a51745d9df5a2,3adac8e5e5e18189,385,386,True,True,True,True,True,False,
vg_sidekick_shonen_samurai,Veda Ramos,V5 Vampire/Grimdark,secondary,shonen,grimdark,samurai,vampire,cast/v5/vg_sidekick_shonen_samurai.png,vg_sidekick_shonen_samurai.png,vampire-grimdark-pack.mjs legacy partner samurai,,vg_sidekick_shonen_samurai.png,vg_sidekick_shonen_samurai.png,vg_sidekick_shonen_samurai.png,dd5ea066fa50cf20e95d5ea2b9e89c63dd027fde934f77549ea3b16023a0d1d1,dd5ea066fa50cf20e95d5ea2b9e89c63dd027fde934f77549ea3b16023a0d1d1,34d071e606ab4fac,343,433,True,True,True,True,True,False,
vg_sidekick_shonen_shinobi,Wren Dahl,V5 Vampire/Grimdark,secondary,shonen,grimdark,shinobi,vampire,cast/v5/vg_sidekick_shonen_shinobi.png,vg_sidekick_shonen_shinobi.png,vampire-grimdark-pack.mjs legacy partner shinobi,,vg_sidekick_shonen_shinobi.png,vg_sidekick_shonen_shinobi.png,vg_sidekick_shonen_shinobi.png,fa9b653cd90645c902ead7bb2c3ac80a6af030c174415de1717381850e532e95,fa9b653cd90645c902ead7bb2c3ac80a6af030c174415de1717381850e532e95,3999199293bab662,385,385,True,True,True,True,True,False,
vg_sidekick_shojo_mecha,Aster Mercer,V5 Vampire/Grimdark,secondary,shojo,vampire,mecha,grimdark,cast/v5/vg_sidekick_shojo_mecha.png,vg_sidekick_shojo_mecha.png,vampire-grimdark-pack.mjs legacy partner mecha,,vg_sidekick_shojo_mecha.png,vg_sidekick_shojo_mecha.png,vg_sidekick_shojo_mecha.png,45a956034038642648b7e63ee8846d8041574082a548b0df67f6490ae25fe540,45a956034038642648b7e63ee8846d8041574082a548b0df67f6490ae25fe540,0a925955658bf6d1,383,383,True,True,True,True,True,False,
vg_sidekick_shojo_isekai,Bastien Amani,V5 Vampire/Grimdark,secondary,shojo,vampire,isekai,grimdark,cast/v5/vg_sidekick_shojo_isekai.png,vg_sidekick_shojo_isekai.png,vampire-grimdark-pack.mjs legacy partner isekai,,vg_sidekick_shojo_isekai.png,vg_sidekick_shojo_isekai.png,vg_sidekick_shojo_isekai.png,dc273317c209a6cf0b983900ac2dd8ca1c85000d8355ae89f0b33aebaac890d0,dc273317c209a6cf0b983900ac2dd8ca1c85000d8355ae89f0b33aebaac890d0,2d9573d1478417ca,382,383,True,True,True,True,True,False,
vg_sidekick_shojo_slice,Cassian Jensen,V5 Vampire/Grimdark,secondary,shojo,vampire,slice,grimdark,cast/v5/vg_sidekick_shojo_slice.png,vg_sidekick_shojo_slice.png,vampire-grimdark-pack.mjs legacy partner slice,,vg_sidekick_shojo_slice.png,vg_sidekick_shojo_slice.png,vg_sidekick_shojo_slice.png,de8b9b27ec7b053d4ed4cfaa9038eb2080214ae76ba6bae77f9d30888d433046,de8b9b27ec7b053d4ed4cfaa9038eb2080214ae76ba6bae77f9d30888d433046,12d96cc36164c79e,383,383,True,True,True,True,True,False,
vg_sidekick_shojo_horror,Darya Nguyen,V5 Vampire/Grimdark,secondary,shojo,vampire,horror,grimdark,cast/v5/vg_sidekick_shojo_horror.png,vg_sidekick_shojo_horror.png,vampire-grimdark-pack.mjs legacy partner horror,,vg_sidekick_shojo_horror.png,vg_sidekick_shojo_horror.png,vg_sidekick_shojo_horror.png,abdced5cb600dfbf7d5ad5442be9d10706e7be89cb83317b76d7ad8025e34c1b,abdced5cb600dfbf7d5ad5442be9d10706e7be89cb83317b76d7ad8025e34c1b,2d1a01e473877a7a,383,383,True,True,True,True,True,False,
vg_sidekick_shojo_romance,Eiran Hassan,V5 Vampire/Grimdark,secondary,shojo,vampire,romance,grimdark,cast/v5/vg_sidekick_shojo_romance.png,vg_sidekick_shojo_romance.png,vampire-grimdark-pack.mjs legacy partner romance,,vg_sidekick_shojo_romance.png,vg_sidekick_shojo_romance.png,vg_sidekick_shojo_romance.png,bae49c4bf8b77ea7d86b9be7d9bbc16fe8477cdfea9acb9a73dbc959c53013e6,bae49c4bf8b77ea7d86b9be7d9bbc16fe8477cdfea9acb9a73dbc959c53013e6,0ab87a66b1b1466e,342,432,True,True,True,True,True,False,
vg_sidekick_shojo_sports,Farah Nowak,V5 Vampire/Grimdark,secondary,shojo,vampire,sports,grimdark,cast/v5/vg_sidekick_shojo_sports.png,vg_sidekick_shojo_sports.png,vampire-grimdark-pack.mjs legacy partner sports,,vg_sidekick_shojo_sports.png,vg_sidekick_shojo_sports.png,vg_sidekick_shojo_sports.png,458146f2ca038ebea0034c139141b094e0ec460e6c8bd19cd9cb397d9b355a07,458146f2ca038ebea0034c139141b094e0ec460e6c8bd19cd9cb397d9b355a07,20fc2fabf42e0949,340,431,True,True,True,True,True,False,
vg_sidekick_shojo_cyber,Galen Berg,V5 Vampire/Grimdark,secondary,shojo,vampire,cyber,grimdark,cast/v5/vg_sidekick_shojo_cyber.png,vg_sidekick_shojo_cyber.png,vampire-grimdark-pack.mjs legacy partner cyber,,vg_sidekick_shojo_cyber.png,vg_sidekick_shojo_cyber.png,vg_sidekick_shojo_cyber.png,acb59421735d3009fe1a77edba18b400e0cc6649316d3d29ef1ee53792cc188d,acb59421735d3009fe1a77edba18b400e0cc6649316d3d29ef1ee53792cc188d,3cbd467886304f99,383,383,True,True,True,True,True,False,
vg_sidekick_shojo_fantasy,Hanae Mendoza,V5 Vampire/Grimdark,secondary,shojo,vampire,fantasy,grimdark,cast/v5/vg_sidekick_shojo_fantasy.png,vg_sidekick_shojo_fantasy.png,vampire-grimdark-pack.mjs legacy partner fantasy,,vg_sidekick_shojo_fantasy.png,vg_sidekick_shojo_fantasy.png,vg_sidekick_shojo_fantasy.png,32dd9469545c06e44cc94ed847c5a403de5212b21bbaa18319eaae55ee42682f,32dd9469545c06e44cc94ed847c5a403de5212b21bbaa18319eaae55ee42682f,78d58e30a51794f2,340,431,True,True,True,True,True,False,
vg_sidekick_shojo_idol,Ilyas Arslan,V5 Vampire/Grimdark,secondary,shojo,vampire,idol,grimdark,cast/v5/vg_sidekick_shojo_idol.png,vg_sidekick_shojo_idol.png,vampire-grimdark-pack.mjs legacy partner idol,,vg_sidekick_shojo_idol.png,vg_sidekick_shojo_idol.png,vg_sidekick_shojo_idol.png,23c87f522c2c731d2e89df301057ccdd33f25a9b8c904ddff729bf01dfaaa9dc,23c87f522c2c731d2e89df301057ccdd33f25a9b8c904ddff729bf01dfaaa9dc,32ca503d37666b4a,383,383,True,True,True,True,True,False,
vg_sidekick_shojo_mystery,Juno Njeri,V5 Vampire/Grimdark,secondary,shojo,vampire,mystery,grimdark,cast/v5/vg_sidekick_shojo_mystery.png,vg_sidekick_shojo_mystery.png,vampire-grimdark-pack.mjs legacy partner mystery,,vg_sidekick_shojo_mystery.png,vg_sidekick_shojo_mystery.png,vg_sidekick_shojo_mystery.png,1f2cc6e95bb4067cdfb2a297dda78d7aff746a493eb865a312d8052c9abce888,1f2cc6e95bb4067cdfb2a297dda78d7aff746a493eb865a312d8052c9abce888,68be7f6b23110c0e,342,431,True,True,True,True,True,False,
vg_sidekick_shojo_comedy,Kestrel Castillo,V5 Vampire/Grimdark,secondary,shojo,vampire,comedy,grimdark,cast/v5/vg_sidekick_shojo_comedy.png,vg_sidekick_shojo_comedy.png,vampire-grimdark-pack.mjs legacy partner comedy,,vg_sidekick_shojo_comedy.png,vg_sidekick_shojo_comedy.png,vg_sidekick_shojo_comedy.png,eaa630bc74dd04526285cf8e3952220fcb9ef507ebcea6769bd4f8ca6dd0ff5d,eaa630bc74dd04526285cf8e3952220fcb9ef507ebcea6769bd4f8ca6dd0ff5d,1eb474ae72b3a188,342,432,True,True,True,True,True,False,
vg_sidekick_shojo_cooking,Leona Bae,V5 Vampire/Grimdark,secondary,shojo,vampire,cooking,grimdark,cast/v5/vg_sidekick_shojo_cooking.png,vg_sidekick_shojo_cooking.png,vampire-grimdark-pack.mjs legacy partner cooking,,vg_sidekick_shojo_cooking.png,vg_sidekick_shojo_cooking.png,vg_sidekick_shojo_cooking.png,387b09b949ba28a4b39fbcfba3acd1dbad42a5a365a4c2c89129830a7e15155e,387b09b949ba28a4b39fbcfba3acd1dbad42a5a365a4c2c89129830a7e15155e,1aa33c2b5f06d4cc,383,383,True,True,True,True,True,False,
vg_sidekick_shojo_military,Marek Ferreira,V5 Vampire/Grimdark,secondary,shojo,vampire,military,grimdark,cast/v5/vg_sidekick_shojo_military.png,vg_sidekick_shojo_military.png,vampire-grimdark-pack.mjs legacy partner military,,vg_sidekick_shojo_military.png,vg_sidekick_shojo_military.png,vg_sidekick_shojo_military.png,00cd185c856ac5a4e58e65b4b7572675f995f8107e55d9d0a0798aa231eae3a0,00cd185c856ac5a4e58e65b4b7572675f995f8107e55d9d0a0798aa231eae3a0,21879fb3a7341a86,344,431,True,True,True,True,True,False,
vg_sidekick_shojo_supernatural,Nadia Kozlov,V5 Vampire/Grimdark,secondary,shojo,vampire,supernatural,grimdark,cast/v5/vg_sidekick_shojo_supernatural.png,vg_sidekick_shojo_supernatural.png,vampire-grimdark-pack.mjs legacy partner supernatural,,vg_sidekick_shojo_supernatural.png,vg_sidekick_shojo_supernatural.png,vg_sidekick_shojo_supernatural.png,bd7b414ac697e477b92fc5e30748b0219f349374031e12f4b29984c0ae013e1e,bd7b414ac697e477b92fc5e30748b0219f349374031e12f4b29984c0ae013e1e,0f947433522e655e,341,431,True,True,True,True,True,False,
vg_sidekick_shojo_space,Orin Hart,V5 Vampire/Grimdark,secondary,shojo,vampire,space,grimdark,cast/v5/vg_sidekick_shojo_space.png,vg_sidekick_shojo_space.png,vampire-grimdark-pack.mjs legacy partner space,,vg_sidekick_shojo_space.png,vg_sidekick_shojo_space.png,vg_sidekick_shojo_space.png,21b877207ec5f4018a96b740733e8343f808b3d55ffc0b9a781bd5925074756b,21b877207ec5f4018a96b740733e8343f808b3d55ffc0b9a781bd5925074756b,1a9ab9262635396d,344,431,True,True,True,True,True,False,
vg_sidekick_shojo_magical,Priya Lavigne,V5 Vampire/Grimdark,secondary,shojo,vampire,magical,grimdark,cast/v5/vg_sidekick_shojo_magical.png,vg_sidekick_shojo_magical.png,vampire-grimdark-pack.mjs legacy partner magical,,vg_sidekick_shojo_magical.png,vg_sidekick_shojo_magical.png,vg_sidekick_shojo_magical.png,352b46836f85c163ed3f0794d10e2a9f31cd0b61ff4767cb2be6ed92b607a982,352b46836f85c163ed3f0794d10e2a9f31cd0b61ff4767cb2be6ed92b607a982,6907476a86473b99,343,431,True,True,True,True,True,False,
vg_sidekick_shojo_survival,Quill Cho,V5 Vampire/Grimdark,secondary,shojo,vampire,survival,grimdark,cast/v5/vg_sidekick_shojo_survival.png,vg_sidekick_shojo_survival.png,vampire-grimdark-pack.mjs legacy partner survival,,vg_sidekick_shojo_survival.png,vg_sidekick_shojo_survival.png,vg_sidekick_shojo_survival.png,37d778e3593b0efd153efb45a0d702eaaa8ef50ad3476188dd490c0f90655735,37d778e3593b0efd153efb45a0d702eaaa8ef50ad3476188dd490c0f90655735,1db5a99b25c94a43,383,383,True,True,True,True,True,False,
vg_sidekick_shojo_pirate,Rhea Vega,V5 Vampire/Grimdark,secondary,shojo,vampire,pirate,grimdark,cast/v5/vg_sidekick_shojo_pirate.png,vg_sidekick_shojo_pirate.png,vampire-grimdark-pack.mjs legacy partner pirate,,vg_sidekick_shojo_pirate.png,vg_sidekick_shojo_pirate.png,vg_sidekick_shojo_pirate.png,7d97c067af5c4e22bad3b3c0f22e0b2d55c4cfb2e576087c5d6dbe4ba341fbb7,7d97c067af5c4e22bad3b3c0f22e0b2d55c4cfb2e576087c5d6dbe4ba341fbb7,35b564b7918980be,341,431,True,True,True,True,True,False,
vg_sidekick_shojo_martial,Soren Dlamini,V5 Vampire/Grimdark,secondary,shojo,vampire,martial,grimdark,cast/v5/vg_sidekick_shojo_martial.png,vg_sidekick_shojo_martial.png,vampire-grimdark-pack.mjs legacy partner martial,,vg_sidekick_shojo_martial.png,vg_sidekick_shojo_martial.png,vg_sidekick_shojo_martial.png,27c571dbf9fd437e7f3d27affc388862833c239b9cef03c807a992923321475d,27c571dbf9fd437e7f3d27affc388862833c239b9cef03c807a992923321475d,269ee3258537580f,343,432,True,True,True,True,True,False,
vg_sidekick_shojo_mythology,Talia Serrat,V5 Vampire/Grimdark,secondary,shojo,vampire,mythology,grimdark,cast/v5/vg_sidekick_shojo_mythology.png,vg_sidekick_shojo_mythology.png,vampire-grimdark-pack.mjs legacy partner mythology,,vg_sidekick_shojo_mythology.png,vg_sidekick_shojo_mythology.png,vg_sidekick_shojo_mythology.png,a238449b574340869eb519f215807eb825eebd1513087431b3c3a5378fc65093,a238449b574340869eb519f215807eb825eebd1513087431b3c3a5378fc65093,64b258c533da8e1d,342,431,True,True,True,True,True,False,
vg_sidekick_shojo_nordic,Uri Kade,V5 Vampire/Grimdark,secondary,shojo,vampire,nordic,grimdark,cast/v5/vg_sidekick_shojo_nordic.png,vg_sidekick_shojo_nordic.png,vampire-grimdark-pack.mjs legacy partner nordic,,vg_sidekick_shojo_nordic.png,vg_sidekick_shojo_nordic.png,vg_sidekick_shojo_nordic.png,6e473b668725d3fd26ceb32a40639b6231b79c783674924a786050fa50b1ae26,6e473b668725d3fd26ceb32a40639b6231b79c783674924a786050fa50b1ae26,2e937aa155064b8f,383,383,True,True,True,True,True,False,
vg_sidekick_shojo_samurai,Veda Morrow,V5 Vampire/Grimdark,secondary,shojo,vampire,samurai,grimdark,cast/v5/vg_sidekick_shojo_samurai.png,vg_sidekick_shojo_samurai.png,vampire-grimdark-pack.mjs legacy partner samurai,,vg_sidekick_shojo_samurai.png,vg_sidekick_shojo_samurai.png,vg_sidekick_shojo_samurai.png,a16c4ab63f4eb57622e47d39c35bec5a97ab966a1ccb551840b9f5fcab9e228b,a16c4ab63f4eb57622e47d39c35bec5a97ab966a1ccb551840b9f5fcab9e228b,2f0d3c25972c54ba,343,431,True,True,True,True,True,False,
vg_sidekick_shojo_shinobi,Wren Vale,V5 Vampire/Grimdark,secondary,shojo,vampire,shinobi,grimdark,cast/v5/vg_sidekick_shojo_shinobi.png,vg_sidekick_shojo_shinobi.png,vampire-grimdark-pack.mjs legacy partner shinobi,,vg_sidekick_shojo_shinobi.png,vg_sidekick_shojo_shinobi.png,vg_sidekick_shojo_shinobi.png,1a3cb530cc6acc5c991bf7b1cafb677e22e41165d5ac2273c8f3f7df90efb9d9,1a3cb530cc6acc5c991bf7b1cafb677e22e41165d5ac2273c8f3f7df90efb9d9,33d294d3e4884f3c,382,383,True,True,True,True,True,False,
vg_mascot_shonen_mecha,Noxfang,V5 Vampire/Grimdark,pet,shonen,grimdark,mecha,vampire,cast/v5/vg_mascot_shonen_mecha.png,vg_mascot_shonen_mecha.png,vampire-grimdark-pack.mjs legacy partner mecha,,vg_mascot_shonen_mecha.png,vg_mascot_shonen_mecha.png,vg_mascot_shonen_mecha.png,b4b2f1e03984653d8efad7dd5b9a0542239ab6aaf6998cbc215e24d1f1bb8495,b4b2f1e03984653d8efad7dd5b9a0542239ab6aaf6998cbc215e24d1f1bb8495,3a9849c8949765bd,385,385,True,True,True,True,True,False,
vg_mascot_shonen_isekai,Morrowfang,V5 Vampire/Grimdark,pet,shonen,grimdark,isekai,vampire,cast/v5/vg_mascot_shonen_isekai.png,vg_mascot_shonen_isekai.png,vampire-grimdark-pack.mjs legacy partner isekai,,vg_mascot_shonen_isekai.png,vg_mascot_shonen_isekai.png,vg_mascot_shonen_isekai.png,6c930b7bf1c49fe115e72e1cf9381fbe95f645f42674722f004a8fc319dbc9be,6c930b7bf1c49fe115e72e1cf9381fbe95f645f42674722f004a8fc319dbc9be,35cb6db4302ee1c4,340,430,True,True,True,True,True,False,
vg_mascot_shonen_slice,Cinderfang,V5 Vampire/Grimdark,pet,shonen,grimdark,slice,vampire,cast/v5/vg_mascot_shonen_slice.png,vg_mascot_shonen_slice.png,vampire-grimdark-pack.mjs legacy partner slice,,vg_mascot_shonen_slice.png,vg_mascot_shonen_slice.png,vg_mascot_shonen_slice.png,5eaef6ecd3e24630a281715368271a6d578f511b4e9d516a08af29a694592a2b,5eaef6ecd3e24630a281715368271a6d578f511b4e9d516a08af29a694592a2b,09b3b8a7a7d814ca,380,382,True,True,True,True,True,False,
vg_mascot_shonen_horror,Velvetfang,V5 Vampire/Grimdark,pet,shonen,grimdark,horror,vampire,cast/v5/vg_mascot_shonen_horror.png,vg_mascot_shonen_horror.png,vampire-grimdark-pack.mjs legacy partner horror,,vg_mascot_shonen_horror.png,vg_mascot_shonen_horror.png,vg_mascot_shonen_horror.png,ea9e937e555af2bdefc7548795b1a3e55e7623c5a40d323a7b88fec47099fcee,ea9e937e555af2bdefc7548795b1a3e55e7623c5a40d323a7b88fec47099fcee,591926667f4a1656,383,385,True,True,True,True,True,False,
vg_mascot_shonen_romance,Gloomfang,V5 Vampire/Grimdark,pet,shonen,grimdark,romance,vampire,cast/v5/vg_mascot_shonen_romance.png,vg_mascot_shonen_romance.png,vampire-grimdark-pack.mjs legacy partner romance,,vg_mascot_shonen_romance.png,vg_mascot_shonen_romance.png,vg_mascot_shonen_romance.png,fe55c27dcec873796a95dfebdcc51e589c0d7ce3d268c986098769f77d4db792,fe55c27dcec873796a95dfebdcc51e589c0d7ce3d268c986098769f77d4db792,510a0a7f660bdb35,339,430,True,True,True,True,True,False,
vg_mascot_shonen_sports,Pipfang,V5 Vampire/Grimdark,pet,shonen,grimdark,sports,vampire,cast/v5/vg_mascot_shonen_sports.png,vg_mascot_shonen_sports.png,vampire-grimdark-pack.mjs legacy partner sports,,vg_mascot_shonen_sports.png,vg_mascot_shonen_sports.png,vg_mascot_shonen_sports.png,9cf302e0c9b04cc3bab3e99694c9200b4b38d4f1e81ca8b3bbe559444dd49d2b,9cf302e0c9b04cc3bab3e99694c9200b4b38d4f1e81ca8b3bbe559444dd49d2b,33c4e4c3acc29b9c,390,385,True,True,True,True,True,False,
vg_mascot_shonen_cyber,Runefang,V5 Vampire/Grimdark,pet,shonen,grimdark,cyber,vampire,cast/v5/vg_mascot_shonen_cyber.png,vg_mascot_shonen_cyber.png,vampire-grimdark-pack.mjs legacy partner cyber,,vg_mascot_shonen_cyber.png,vg_mascot_shonen_cyber.png,vg_mascot_shonen_cyber.png,67d5636fb0f8795eeac43e3ba462c6853d2034022a09a90cb82a9e61eb202e1b,67d5636fb0f8795eeac43e3ba462c6853d2034022a09a90cb82a9e61eb202e1b,3cd848f8da593534,340,430,True,True,True,True,True,False,
vg_mascot_shonen_fantasy,Orbitfang,V5 Vampire/Grimdark,pet,shonen,grimdark,fantasy,vampire,cast/v5/vg_mascot_shonen_fantasy.png,vg_mascot_shonen_fantasy.png,vampire-grimdark-pack.mjs legacy partner fantasy,,vg_mascot_shonen_fantasy.png,vg_mascot_shonen_fantasy.png,vg_mascot_shonen_fantasy.png,be3ee163fcd13fdfd77e02f1cecfffebfdf000759b8c9135a0d0a118739ae84d,be3ee163fcd13fdfd77e02f1cecfffebfdf000759b8c9135a0d0a118739ae84d,16b4d9cc2cf29269,382,385,True,True,True,True,True,False,
vg_mascot_shonen_idol,Misofang,V5 Vampire/Grimdark,pet,shonen,grimdark,idol,vampire,cast/v5/vg_mascot_shonen_idol.png,vg_mascot_shonen_idol.png,vampire-grimdark-pack.mjs legacy partner idol,,vg_mascot_shonen_idol.png,vg_mascot_shonen_idol.png,vg_mascot_shonen_idol.png,3bfd49874ae5fd322e74f2f5eb6f0ba7af86925c70369747ab99cd87507b132b,3bfd49874ae5fd322e74f2f5eb6f0ba7af86925c70369747ab99cd87507b132b,186d52262772559f,380,382,True,True,True,True,True,False,
vg_mascot_shonen_mystery,Fangletfang,V5 Vampire/Grimdark,pet,shonen,grimdark,mystery,vampire,cast/v5/vg_mascot_shonen_mystery.png,vg_mascot_shonen_mystery.png,vampire-grimdark-pack.mjs legacy partner mystery,,vg_mascot_shonen_mystery.png,vg_mascot_shonen_mystery.png,vg_mascot_shonen_mystery.png,619a4d95a9f0bed0a3de1d0c1b489449fbd232cd5cb73667d9eea7e17463f55a,619a4d95a9f0bed0a3de1d0c1b489449fbd232cd5cb73667d9eea7e17463f55a,1b1944654f8b3657,337,431,True,True,True,True,True,False,
vg_mascot_shonen_comedy,Bramblefang,V5 Vampire/Grimdark,pet,shonen,grimdark,comedy,vampire,cast/v5/vg_mascot_shonen_comedy.png,vg_mascot_shonen_comedy.png,vampire-grimdark-pack.mjs legacy partner comedy,,vg_mascot_shonen_comedy.png,vg_mascot_shonen_comedy.png,vg_mascot_shonen_comedy.png,82c10cb0a690257f0a890771621552371b21fcca42b4187ac19e86914fa95ec0,82c10cb0a690257f0a890771621552371b21fcca42b4187ac19e86914fa95ec0,3515a5f4a7969498,390,384,True,True,True,True,True,False,
vg_mascot_shonen_cooking,Hexfang,V5 Vampire/Grimdark,pet,shonen,grimdark,cooking,vampire,cast/v5/vg_mascot_shonen_cooking.png,vg_mascot_shonen_cooking.png,vampire-grimdark-pack.mjs legacy partner cooking,,vg_mascot_shonen_cooking.png,vg_mascot_shonen_cooking.png,vg_mascot_shonen_cooking.png,9e34b5d29283c5b6aa1dbe5d811674648c018dfbd3c73d4967ff1a685803e521,9e34b5d29283c5b6aa1dbe5d811674648c018dfbd3c73d4967ff1a685803e521,36694068b7675b94,341,430,True,True,True,True,True,False,
vg_mascot_shonen_military,Rookletfang,V5 Vampire/Grimdark,pet,shonen,grimdark,military,vampire,cast/v5/vg_mascot_shonen_military.png,vg_mascot_shonen_military.png,vampire-grimdark-pack.mjs legacy partner military,,vg_mascot_shonen_military.png,vg_mascot_shonen_military.png,vg_mascot_shonen_military.png,f7ec98f036248211f07c4226336a48c3f03792178c8a4bca679ccdae41eb74d6,f7ec98f036248211f07c4226336a48c3f03792178c8a4bca679ccdae41eb74d6,3fdb83c262b06871,341,431,True,True,True,True,True,False,
vg_mascot_shonen_supernatural,Emberfang,V5 Vampire/Grimdark,pet,shonen,grimdark,supernatural,vampire,cast/v5/vg_mascot_shonen_supernatural.png,vg_mascot_shonen_supernatural.png,vampire-grimdark-pack.mjs legacy partner supernatural,,vg_mascot_shonen_supernatural.png,vg_mascot_shonen_supernatural.png,vg_mascot_shonen_supernatural.png,40f3354f167cdabdeb2210696df10fb5a820c5eb855ce83f341859eb7e11b694,40f3354f167cdabdeb2210696df10fb5a820c5eb855ce83f341859eb7e11b694,359d91969eb612b0,339,431,True,True,True,True,True,False,
vg_mascot_shonen_space,Mothkinfang,V5 Vampire/Grimdark,pet,shonen,grimdark,space,vampire,cast/v5/vg_mascot_shonen_space.png,vg_mascot_shonen_space.png,vampire-grimdark-pack.mjs legacy partner space,,vg_mascot_shonen_space.png,vg_mascot_shonen_space.png,vg_mascot_shonen_space.png,98bf61a9cef41071181a9ee6fc7f2535158276d80e62515e47da221ac2f0f9ee,98bf61a9cef41071181a9ee6fc7f2535158276d80e62515e47da221ac2f0f9ee,344a4bf052672de9,385,385,True,True,True,True,True,False,
vg_mascot_shonen_magical,Gritfang,V5 Vampire/Grimdark,pet,shonen,grimdark,magical,vampire,cast/v5/vg_mascot_shonen_magical.png,vg_mascot_shonen_magical.png,vampire-grimdark-pack.mjs legacy partner magical,,vg_mascot_shonen_magical.png,vg_mascot_shonen_magical.png,vg_mascot_shonen_magical.png,8a89de5ff0a83e53cb473a43799b31a535a48857dffce7a3352f423baf493f73,8a89de5ff0a83e53cb473a43799b31a535a48857dffce7a3352f423baf493f73,36074bf4822674f3,337,430,True,True,True,True,True,False,
vg_mascot_shonen_survival,Poppetfang,V5 Vampire/Grimdark,pet,shonen,grimdark,survival,vampire,cast/v5/vg_mascot_shonen_survival.png,vg_mascot_shonen_survival.png,vampire-grimdark-pack.mjs legacy partner survival,,vg_mascot_shonen_survival.png,vg_mascot_shonen_survival.png,vg_mascot_shonen_survival.png,95d889ab2551c158b4d6fe71dd86da02caace2d830cea95502c94d27e222695f,95d889ab2551c158b4d6fe71dd86da02caace2d830cea95502c94d27e222695f,1a48013f57d23bdc,382,384,True,True,True,True,True,False,
vg_mascot_shonen_pirate,Vantafang,V5 Vampire/Grimdark,pet,shonen,grimdark,pirate,vampire,cast/v5/vg_mascot_shonen_pirate.png,vg_mascot_shonen_pirate.png,vampire-grimdark-pack.mjs legacy partner pirate,,vg_mascot_shonen_pirate.png,vg_mascot_shonen_pirate.png,vg_mascot_shonen_pirate.png,70c6afb0dd3a46ca3a833246e80d3b7d41419671d9a8c7a5ab43ca3369b5b994,70c6afb0dd3a46ca3a833246e80d3b7d41419671d9a8c7a5ab43ca3369b5b994,21523e6fae65503c,383,384,True,True,True,True,True,False,
vg_mascot_shonen_martial,Kettlefang,V5 Vampire/Grimdark,pet,shonen,grimdark,martial,vampire,cast/v5/vg_mascot_shonen_martial.png,vg_mascot_shonen_martial.png,vampire-grimdark-pack.mjs legacy partner martial,,vg_mascot_shonen_martial.png,vg_mascot_shonen_martial.png,vg_mascot_shonen_martial.png,c71c2a4990ef3c8d7a3e50713fabe003fd2b360cbb947953060285582e936793,c71c2a4990ef3c8d7a3e50713fabe003fd2b360cbb947953060285582e936793,16e3b692228f963a,380,382,True,True,True,True,True,False,
vg_mascot_shonen_mythology,Talonfang,V5 Vampire/Grimdark,pet,shonen,grimdark,mythology,vampire,cast/v5/vg_mascot_shonen_mythology.png,vg_mascot_shonen_mythology.png,vampire-grimdark-pack.mjs legacy partner mythology,,vg_mascot_shonen_mythology.png,vg_mascot_shonen_mythology.png,vg_mascot_shonen_mythology.png,5c9616ad990906063c953297e5027e4095af8070a4d01b2f5cefd458677e01f2,5c9616ad990906063c953297e5027e4095af8070a4d01b2f5cefd458677e01f2,12216bc93c7abb64,340,431,True,True,True,True,True,False,
vg_mascot_shonen_nordic,Biscuitfang,V5 Vampire/Grimdark,pet,shonen,grimdark,nordic,vampire,cast/v5/vg_mascot_shonen_nordic.png,vg_mascot_shonen_nordic.png,vampire-grimdark-pack.mjs legacy partner nordic,,vg_mascot_shonen_nordic.png,vg_mascot_shonen_nordic.png,vg_mascot_shonen_nordic.png,d5479ef6d807cc09a1c3dcca1bb563bba61ed10e5ecf198d70b0cd9e1df0783a,d5479ef6d807cc09a1c3dcca1bb563bba61ed10e5ecf198d70b0cd9e1df0783a,357fc0a88ba53a98,340,431,True,True,True,True,True,False,
vg_mascot_shonen_samurai,Sablewingfang,V5 Vampire/Grimdark,pet,shonen,grimdark,samurai,vampire,cast/v5/vg_mascot_shonen_samurai.png,vg_mascot_shonen_samurai.png,vampire-grimdark-pack.mjs legacy partner samurai,,vg_mascot_shonen_samurai.png,vg_mascot_shonen_samurai.png,vg_mascot_shonen_samurai.png,6a5c9a887a6619c7cecb63d7df28ff48f5aa5ecd86237a9c673463feeb46168f,6a5c9a887a6619c7cecb63d7df28ff48f5aa5ecd86237a9c673463feeb46168f,73812d3f2d726056,385,384,True,True,True,True,True,False,
vg_mascot_shonen_shinobi,Lumenfang,V5 Vampire/Grimdark,pet,shonen,grimdark,shinobi,vampire,cast/v5/vg_mascot_shonen_shinobi.png,vg_mascot_shonen_shinobi.png,vampire-grimdark-pack.mjs legacy partner shinobi,,vg_mascot_shonen_shinobi.png,vg_mascot_shonen_shinobi.png,vg_mascot_shonen_shinobi.png,d978090ef8af4b3a4ceb74ed21f68d0727150ce1858de52690fe7f405f717fe1,d978090ef8af4b3a4ceb74ed21f68d0727150ce1858de52690fe7f405f717fe1,7c8f0bc884e1297e,385,384,True,True,True,True,True,False,
vg_mascot_shojo_mecha,Noxwing,V5 Vampire/Grimdark,pet,shojo,vampire,mecha,grimdark,cast/v5/vg_mascot_shojo_mecha.png,vg_mascot_shojo_mecha.png,vampire-grimdark-pack.mjs legacy partner mecha,,vg_mascot_shojo_mecha.png,vg_mascot_shojo_mecha.png,vg_mascot_shojo_mecha.png,192dbf6807e2ecec803002e3e66ffb3ff13e09f2e7e73ac83c6a6b7df09380c3,192dbf6807e2ecec803002e3e66ffb3ff13e09f2e7e73ac83c6a6b7df09380c3,25a5c37417989e8e,339,431,True,True,True,True,True,False,
vg_mascot_shojo_isekai,Morrowwing,V5 Vampire/Grimdark,pet,shojo,grimdark,isekai,vampire,cast/v5/vg_mascot_shojo_isekai.png,vg_mascot_shojo_isekai.png,vampire-grimdark-pack.mjs legacy partner isekai,,vg_mascot_shojo_isekai.png,vg_mascot_shojo_isekai.png,vg_mascot_shojo_isekai.png,18b0af698c191c5c47c9fcf3ecf431b00fe318bd5291a9c3c44c107fb3488787,18b0af698c191c5c47c9fcf3ecf431b00fe318bd5291a9c3c44c107fb3488787,50cd1f23e10f0df8,380,382,True,True,True,True,True,False,
vg_mascot_shojo_slice,Cinderwing,V5 Vampire/Grimdark,pet,shojo,vampire,slice,grimdark,cast/v5/vg_mascot_shojo_slice.png,vg_mascot_shojo_slice.png,vampire-grimdark-pack.mjs legacy partner slice,,vg_mascot_shojo_slice.png,vg_mascot_shojo_slice.png,vg_mascot_shojo_slice.png,30fb1c870def2aaf365257e9ee7a8f42880ac061947b1057fd7d1d0c8f0d0c29,30fb1c870def2aaf365257e9ee7a8f42880ac061947b1057fd7d1d0c8f0d0c29,3cdd17ae40336235,341,431,True,True,True,True,True,False,
vg_mascot_shojo_horror,Velvetwing,V5 Vampire/Grimdark,pet,shojo,grimdark,horror,vampire,cast/v5/vg_mascot_shojo_horror.png,vg_mascot_shojo_horror.png,vampire-grimdark-pack.mjs legacy partner horror,,vg_mascot_shojo_horror.png,vg_mascot_shojo_horror.png,vg_mascot_shojo_horror.png,6883e163d926c37b7b9e922d08488d7097757e6e90d27078911823524fbce065,6883e163d926c37b7b9e922d08488d7097757e6e90d27078911823524fbce065,0dce5fcc4a3d102b,379,382,True,True,True,True,True,False,
vg_mascot_shojo_romance,Gloomwing,V5 Vampire/Grimdark,pet,shojo,vampire,romance,grimdark,cast/v5/vg_mascot_shojo_romance.png,vg_mascot_shojo_romance.png,vampire-grimdark-pack.mjs legacy partner romance,,vg_mascot_shojo_romance.png,vg_mascot_shojo_romance.png,vg_mascot_shojo_romance.png,83fa3c5b1b41539ab6a543a842f640dec8f1be7707a10071d34b31a8f462a284,83fa3c5b1b41539ab6a543a842f640dec8f1be7707a10071d34b31a8f462a284,11b537e1649ae552,383,382,True,True,True,True,True,False,
vg_mascot_shojo_sports,Pipwing,V5 Vampire/Grimdark,pet,shojo,vampire,sports,grimdark,cast/v5/vg_mascot_shojo_sports.png,vg_mascot_shojo_sports.png,vampire-grimdark-pack.mjs legacy partner sports,,vg_mascot_shojo_sports.png,vg_mascot_shojo_sports.png,vg_mascot_shojo_sports.png,8fb551d5962fe2b992fdd29a1f6a9832e0203df6956afb51856d665fee08bc65,8fb551d5962fe2b992fdd29a1f6a9832e0203df6956afb51856d665fee08bc65,111da5782c9f4b6a,382,382,True,True,True,True,True,False,
vg_mascot_shojo_cyber,Runewing,V5 Vampire/Grimdark,pet,shojo,vampire,cyber,grimdark,cast/v5/vg_mascot_shojo_cyber.png,vg_mascot_shojo_cyber.png,vampire-grimdark-pack.mjs legacy partner cyber,,vg_mascot_shojo_cyber.png,vg_mascot_shojo_cyber.png,vg_mascot_shojo_cyber.png,30aa5f9f1d5a210a046b63e920a844d65690aa909377fd2cf68eb15ed8050057,30aa5f9f1d5a210a046b63e920a844d65690aa909377fd2cf68eb15ed8050057,3e7e0b472e996016,343,431,True,True,True,True,True,False,
vg_mascot_shojo_fantasy,Orbitwing,V5 Vampire/Grimdark,pet,shojo,vampire,fantasy,grimdark,cast/v5/vg_mascot_shojo_fantasy.png,vg_mascot_shojo_fantasy.png,vampire-grimdark-pack.mjs legacy partner fantasy,,vg_mascot_shojo_fantasy.png,vg_mascot_shojo_fantasy.png,vg_mascot_shojo_fantasy.png,c375fd38995bddbfc9cad202e9ffb4be3693340b25a4c115091e18993259b338,c375fd38995bddbfc9cad202e9ffb4be3693340b25a4c115091e18993259b338,13bd2fe0319a7432,343,431,True,True,True,True,True,False,
vg_mascot_shojo_idol,Misowing,V5 Vampire/Grimdark,pet,shojo,vampire,idol,grimdark,cast/v5/vg_mascot_shojo_idol.png,vg_mascot_shojo_idol.png,vampire-grimdark-pack.mjs legacy partner idol,,vg_mascot_shojo_idol.png,vg_mascot_shojo_idol.png,vg_mascot_shojo_idol.png,a1c61932d27c5fefdffbe3908e0d82778405587465a2c9b91e5a0563eabffc5b,a1c61932d27c5fefdffbe3908e0d82778405587465a2c9b91e5a0563eabffc5b,3f3f07641ea94416,383,383,True,True,True,True,True,False,
vg_mascot_shojo_mystery,Fangletwing,V5 Vampire/Grimdark,pet,shojo,vampire,mystery,grimdark,cast/v5/vg_mascot_shojo_mystery.png,vg_mascot_shojo_mystery.png,vampire-grimdark-pack.mjs legacy partner mystery,,vg_mascot_shojo_mystery.png,vg_mascot_shojo_mystery.png,vg_mascot_shojo_mystery.png,e06fcb9e4eb846095e7f2a1b90acf99bee0196f195594a4301c538498a95cf3b,e06fcb9e4eb846095e7f2a1b90acf99bee0196f195594a4301c538498a95cf3b,3c4a257c717f2416,383,382,True,True,True,True,True,False,
vg_mascot_shojo_comedy,Bramblewing,V5 Vampire/Grimdark,pet,shojo,vampire,comedy,grimdark,cast/v5/vg_mascot_shojo_comedy.png,vg_mascot_shojo_comedy.png,vampire-grimdark-pack.mjs legacy partner comedy,,vg_mascot_shojo_comedy.png,vg_mascot_shojo_comedy.png,vg_mascot_shojo_comedy.png,44284c180690e1a4e9d2671f6ffae34c019bbadb583a577a0e31f33d052f2eaf,44284c180690e1a4e9d2671f6ffae34c019bbadb583a577a0e31f33d052f2eaf,1e4d6e733486648b,382,383,True,True,True,True,True,False,
vg_mascot_shojo_cooking,Hexwing,V5 Vampire/Grimdark,pet,shojo,vampire,cooking,grimdark,cast/v5/vg_mascot_shojo_cooking.png,vg_mascot_shojo_cooking.png,vampire-grimdark-pack.mjs legacy partner cooking,,vg_mascot_shojo_cooking.png,vg_mascot_shojo_cooking.png,vg_mascot_shojo_cooking.png,15ac12e9c75737d9a66f8b45e32d8c310d3fd68470178e739771dd327337078b,15ac12e9c75737d9a66f8b45e32d8c310d3fd68470178e739771dd327337078b,082c657b3369ba36,383,382,True,True,True,True,True,False,
vg_mascot_shojo_military,Rookletwing,V5 Vampire/Grimdark,pet,shojo,vampire,military,grimdark,cast/v5/vg_mascot_shojo_military.png,vg_mascot_shojo_military.png,vampire-grimdark-pack.mjs legacy partner military,,vg_mascot_shojo_military.png,vg_mascot_shojo_military.png,vg_mascot_shojo_military.png,cb2579595880a539370f2d043936ad6846786a4881d23989e8e915d9afb9256b,cb2579595880a539370f2d043936ad6846786a4881d23989e8e915d9afb9256b,19c96e3675864fc0,344,431,True,True,True,True,True,False,
vg_mascot_shojo_supernatural,Emberwing,V5 Vampire/Grimdark,pet,shojo,vampire,supernatural,grimdark,cast/v5/vg_mascot_shojo_supernatural.png,vg_mascot_shojo_supernatural.png,vampire-grimdark-pack.mjs legacy partner supernatural,,vg_mascot_shojo_supernatural.png,vg_mascot_shojo_supernatural.png,vg_mascot_shojo_supernatural.png,8f2dfa0b7a987e8e473ab787548df621bdd72d9a6c26bc8c1cc1741a395201a3,8f2dfa0b7a987e8e473ab787548df621bdd72d9a6c26bc8c1cc1741a395201a3,142dc5b635973cc8,341,431,True,True,True,True,True,False,vg_mascot_shojo_samurai
vg_mascot_shojo_space,Mothkinwing,V5 Vampire/Grimdark,pet,shojo,vampire,space,grimdark,cast/v5/vg_mascot_shojo_space.png,vg_mascot_shojo_space.png,vampire-grimdark-pack.mjs legacy partner space,,vg_mascot_shojo_space.png,vg_mascot_shojo_space.png,vg_mascot_shojo_space.png,07d8e77d79121d9567763f79efefaa0410064b816c53514dd643682265fe4480,07d8e77d79121d9567763f79efefaa0410064b816c53514dd643682265fe4480,1487c27a9bd88b5c,381,383,True,True,True,True,True,False,
vg_mascot_shojo_magical,Gritwing,V5 Vampire/Grimdark,pet,shojo,vampire,magical,grimdark,cast/v5/vg_mascot_shojo_magical.png,vg_mascot_shojo_magical.png,vampire-grimdark-pack.mjs legacy partner magical,,vg_mascot_shojo_magical.png,vg_mascot_shojo_magical.png,vg_mascot_shojo_magical.png,074aa750c970a486ed111d17117af466c961b38ad4e4fa9cb36ce810ad4bf347,074aa750c970a486ed111d17117af466c961b38ad4e4fa9cb36ce810ad4bf347,58992d5f3921d836,342,431,True,True,True,True,True,False,
vg_mascot_shojo_survival,Poppetwing,V5 Vampire/Grimdark,pet,shojo,vampire,survival,grimdark,cast/v5/vg_mascot_shojo_survival.png,vg_mascot_shojo_survival.png,vampire-grimdark-pack.mjs legacy partner survival,,vg_mascot_shojo_survival.png,vg_mascot_shojo_survival.png,vg_mascot_shojo_survival.png,6048bb2e5d808a7bef03a5e24158ec5f2ee7528e47c871fe358f031b2bd7e139,6048bb2e5d808a7bef03a5e24158ec5f2ee7528e47c871fe358f031b2bd7e139,12404a3a75de43bf,339,431,True,True,True,True,True,False,
vg_mascot_shojo_pirate,Vantawing,V5 Vampire/Grimdark,pet,shojo,vampire,pirate,grimdark,cast/v5/vg_mascot_shojo_pirate.png,vg_mascot_shojo_pirate.png,vampire-grimdark-pack.mjs legacy partner pirate,,vg_mascot_shojo_pirate.png,vg_mascot_shojo_pirate.png,vg_mascot_shojo_pirate.png,b2dd938714ab21eb2715b5353331017517bea18610415383db91a92b4b7d9edf,b2dd938714ab21eb2715b5353331017517bea18610415383db91a92b4b7d9edf,25b5a5958d115f89,342,431,True,True,True,True,True,False,
vg_mascot_shojo_martial,Kettlewing,V5 Vampire/Grimdark,pet,shojo,vampire,martial,grimdark,cast/v5/vg_mascot_shojo_martial.png,vg_mascot_shojo_martial.png,vampire-grimdark-pack.mjs legacy partner martial,,vg_mascot_shojo_martial.png,vg_mascot_shojo_martial.png,vg_mascot_shojo_martial.png,a47791c27165cbf7c560853c0b1731bbb5748a89de4d21ec2e335d869ebb021a,a47791c27165cbf7c560853c0b1731bbb5748a89de4d21ec2e335d869ebb021a,18b6d473169c6467,344,431,True,True,True,True,True,False,
vg_mascot_shojo_mythology,Talonwing,V5 Vampire/Grimdark,pet,shojo,grimdark,mythology,vampire,cast/v5/vg_mascot_shojo_mythology.png,vg_mascot_shojo_mythology.png,vampire-grimdark-pack.mjs legacy partner mythology,,vg_mascot_shojo_mythology.png,vg_mascot_shojo_mythology.png,vg_mascot_shojo_mythology.png,ba6be7bd84d2358b6027fd52f7e793b8e179f196ba4f059beeacc3c05f3c99d0,ba6be7bd84d2358b6027fd52f7e793b8e179f196ba4f059beeacc3c05f3c99d0,71d1c363ae58d8a8,379,382,True,True,True,True,True,False,
vg_mascot_shojo_nordic,Biscuitwing,V5 Vampire/Grimdark,pet,shojo,vampire,nordic,grimdark,cast/v5/vg_mascot_shojo_nordic.png,vg_mascot_shojo_nordic.png,vampire-grimdark-pack.mjs legacy partner nordic,,vg_mascot_shojo_nordic.png,vg_mascot_shojo_nordic.png,vg_mascot_shojo_nordic.png,3c5e95d5a8178c4897378549cea1e4f50581aa34cd843be881ce581234ef5e45,3c5e95d5a8178c4897378549cea1e4f50581aa34cd843be881ce581234ef5e45,127949a736680f5d,381,382,True,True,True,True,True,False,
vg_mascot_shojo_samurai,Sablewingwing,V5 Vampire/Grimdark,pet,shojo,vampire,samurai,grimdark,cast/v5/vg_mascot_shojo_samurai.png,vg_mascot_shojo_samurai.png,vampire-grimdark-pack.mjs legacy partner samurai,,vg_mascot_shojo_samurai.png,vg_mascot_shojo_samurai.png,vg_mascot_shojo_samurai.png,af00bb4fea12717ac37a2d3f0bfbd670891ace960eb87f8645d18448f2a5b5d9,af00bb4fea12717ac37a2d3f0bfbd670891ace960eb87f8645d18448f2a5b5d9,122c87b33d8734cd,383,383,True,True,True,True,True,False,vg_mascot_shojo_supernatural
vg_mascot_shojo_shinobi,Lumenwing,V5 Vampire/Grimdark,pet,shojo,vampire,shinobi,grimdark,cast/v5/vg_mascot_shojo_shinobi.png,vg_mascot_shojo_shinobi.png,vampire-grimdark-pack.mjs legacy partner shinobi,,vg_mascot_shojo_shinobi.png,vg_mascot_shojo_shinobi.png,vg_mascot_shojo_shinobi.png,b17504b8c66b858953a53a1351fbba4024d77dc77c298ade9fe9b131cc7a8f62,b17504b8c66b858953a53a1351fbba4024d77dc77c298ade9fe9b131cc7a8f62,25c9a6b54ba3215b,383,383,True,True,True,True,True,False,
vg_villain_shonen_mecha,Aster Adeyemi,V5 Vampire/Grimdark,villain,shonen,grimdark,mecha,vampire,cast/v5/vg_villain_shonen_mecha.png,vg_villain_shonen_mecha.png,vampire-grimdark-pack.mjs legacy partner mecha,,vg_villain_shonen_mecha.png,vg_villain_shonen_mecha.png,vg_villain_shonen_mecha.png,4a7b26a6166d4ad528ae82b3b5c911a79e72522217f8128b80206c1d6d7ef3b7,4a7b26a6166d4ad528ae82b3b5c911a79e72522217f8128b80206c1d6d7ef3b7,1ab2faa43c189b99,383,383,True,True,True,True,True,False,
vg_villain_shonen_isekai,Bastien Kovacs,V5 Vampire/Grimdark,villain,shonen,grimdark,isekai,vampire,cast/v5/vg_villain_shonen_isekai.png,vg_villain_shonen_isekai.png,vampire-grimdark-pack.mjs legacy partner isekai,,vg_villain_shonen_isekai.png,vg_villain_shonen_isekai.png,vg_villain_shonen_isekai.png,6cd3b36023d2fef3e3edc7481bf4990094a376249819d8898f57952e66dc2d9d,6cd3b36023d2fef3e3edc7481bf4990094a376249819d8898f57952e66dc2d9d,3283fe00afa1af26,343,431,True,True,True,True,True,False,
vg_villain_shonen_slice,Cassian Marin,V5 Vampire/Grimdark,villain,shonen,grimdark,slice,vampire,cast/v5/vg_villain_shonen_slice.png,vg_villain_shonen_slice.png,vampire-grimdark-pack.mjs legacy partner slice,,vg_villain_shonen_slice.png,vg_villain_shonen_slice.png,vg_villain_shonen_slice.png,e94d4c5c903643a5f8f5cd557178ffd4bdcb24ab83166f0d39516d8302a86e69,e94d4c5c903643a5f8f5cd557178ffd4bdcb24ab83166f0d39516d8302a86e69,04b4c76263cf7662,380,382,True,True,True,True,True,False,
vg_villain_shonen_horror,Darya Saad,V5 Vampire/Grimdark,villain,shonen,grimdark,horror,vampire,cast/v5/vg_villain_shonen_horror.png,vg_villain_shonen_horror.png,vampire-grimdark-pack.mjs legacy partner horror,,vg_villain_shonen_horror.png,vg_villain_shonen_horror.png,vg_villain_shonen_horror.png,31684fdea83112506021d8cbd34880f528d6401748f378b7b35be647cc6c9c46,31684fdea83112506021d8cbd34880f528d6401748f378b7b35be647cc6c9c46,19950c74a6574c7b,383,383,True,True,True,True,True,False,
vg_villain_shonen_romance,Eiran Kim,V5 Vampire/Grimdark,villain,shonen,grimdark,romance,vampire,cast/v5/vg_villain_shonen_romance.png,vg_villain_shonen_romance.png,vampire-grimdark-pack.mjs legacy partner romance,,vg_villain_shonen_romance.png,vg_villain_shonen_romance.png,vg_villain_shonen_romance.png,139507e74b05a4df786e79e4cf18329c667b3697ce2dfa762c111ddc44a7dc54,139507e74b05a4df786e79e4cf18329c667b3697ce2dfa762c111ddc44a7dc54,3872064bc4373ecd,343,431,True,True,True,True,True,False,
vg_villain_shonen_sports,Farah Torres,V5 Vampire/Grimdark,villain,shonen,grimdark,sports,vampire,cast/v5/vg_villain_shonen_sports.png,vg_villain_shonen_sports.png,vampire-grimdark-pack.mjs legacy partner sports,,vg_villain_shonen_sports.png,vg_villain_shonen_sports.png,vg_villain_shonen_sports.png,eb4ed3a7c94c766c367f894d48b2be5622607e068581437058e7ebd8900860db,eb4ed3a7c94c766c367f894d48b2be5622607e068581437058e7ebd8900860db,08812faee6a3b98e,383,384,True,True,True,True,True,False,
vg_villain_shonen_cyber,Galen Lind,V5 Vampire/Grimdark,villain,shonen,grimdark,cyber,vampire,cast/v5/vg_villain_shonen_cyber.png,vg_villain_shonen_cyber.png,vampire-grimdark-pack.mjs legacy partner cyber,,vg_villain_shonen_cyber.png,vg_villain_shonen_cyber.png,vg_villain_shonen_cyber.png,6f39e40830b8c8b80a8a06e45124a6ed1d329774d0405993c48178a634c455aa,6f39e40830b8c8b80a8a06e45124a6ed1d329774d0405993c48178a634c455aa,3e9abd4127854e8c,343,432,True,True,True,True,True,False,
vg_villain_shonen_fantasy,Hanae Patel,V5 Vampire/Grimdark,villain,shonen,grimdark,fantasy,vampire,cast/v5/vg_villain_shonen_fantasy.png,vg_villain_shonen_fantasy.png,vampire-grimdark-pack.mjs legacy partner fantasy,,vg_villain_shonen_fantasy.png,vg_villain_shonen_fantasy.png,vg_villain_shonen_fantasy.png,691e0365c9c7359e528ca9680de65bb2bb6dc03bf5f1170dc7c90cc73f5bacbf,691e0365c9c7359e528ca9680de65bb2bb6dc03bf5f1170dc7c90cc73f5bacbf,0bbc6552a36e464d,343,431,True,True,True,True,True,False,
vg_villain_shonen_idol,Ilyas Voss,V5 Vampire/Grimdark,villain,shonen,grimdark,idol,vampire,cast/v5/vg_villain_shonen_idol.png,vg_villain_shonen_idol.png,vampire-grimdark-pack.mjs legacy partner idol,,vg_villain_shonen_idol.png,vg_villain_shonen_idol.png,vg_villain_shonen_idol.png,43c037e25f411c2bccb7dec4f7c6c96636bbaa2a9019903984896ab61293fe60,43c037e25f411c2bccb7dec4f7c6c96636bbaa2a9019903984896ab61293fe60,21ade02fe5007a5f,379,382,True,True,True,True,True,False,
vg_villain_shonen_mystery,Juno Okoye,V5 Vampire/Grimdark,villain,shonen,grimdark,mystery,vampire,cast/v5/vg_villain_shonen_mystery.png,vg_villain_shonen_mystery.png,vampire-grimdark-pack.mjs legacy partner mystery,,vg_villain_shonen_mystery.png,vg_villain_shonen_mystery.png,vg_villain_shonen_mystery.png,3b456f9e53872130f8b9796781b1c8a56ffac7a940d4553b81f377f2a4b1abd0,3b456f9e53872130f8b9796781b1c8a56ffac7a940d4553b81f377f2a4b1abd0,2a9236b2a6a7ddc0,344,431,True,True,True,True,True,False,
vg_villain_shonen_comedy,Kestrel Mendes,V5 Vampire/Grimdark,villain,shonen,grimdark,comedy,vampire,cast/v5/vg_villain_shonen_comedy.png,vg_villain_shonen_comedy.png,vampire-grimdark-pack.mjs legacy partner comedy,,vg_villain_shonen_comedy.png,vg_villain_shonen_comedy.png,vg_villain_shonen_comedy.png,733b059e120b61c067a5372fed9c5b9f7b1aea8dd34bb4630608bf9c4bbfc968,733b059e120b61c067a5372fed9c5b9f7b1aea8dd34bb4630608bf9c4bbfc968,1b1ec35a59342b9c,344,432,True,True,True,True,True,False,
vg_villain_shonen_cooking,Leona Rossi,V5 Vampire/Grimdark,villain,shonen,grimdark,cooking,vampire,cast/v5/vg_villain_shonen_cooking.png,vg_villain_shonen_cooking.png,vampire-grimdark-pack.mjs legacy partner cooking,,vg_villain_shonen_cooking.png,vg_villain_shonen_cooking.png,vg_villain_shonen_cooking.png,953380eeb6a04d405745e8b17ad32e1a17821798e61fa9c8926b5feb28fd114b,953380eeb6a04d405745e8b17ad32e1a17821798e61fa9c8926b5feb28fd114b,1b5b7915144aa5b3,383,384,True,True,True,True,True,False,
vg_villain_shonen_military,Marek Fujita,V5 Vampire/Grimdark,villain,shonen,grimdark,military,vampire,cast/v5/vg_villain_shonen_military.png,vg_villain_shonen_military.png,vampire-grimdark-pack.mjs legacy partner military,,vg_villain_shonen_military.png,vg_villain_shonen_military.png,vg_villain_shonen_military.png,ee5553a770262e59e9057c4db5ee2691450bfd24ce7b637c7c89bcb43ebb913d,ee5553a770262e59e9057c4db5ee2691450bfd24ce7b637c7c89bcb43ebb913d,1f349221c4beaad9,387,383,True,True,True,True,True,False,
vg_villain_shonen_supernatural,Nadia Osei,V5 Vampire/Grimdark,villain,shonen,grimdark,supernatural,vampire,cast/v5/vg_villain_shonen_supernatural.png,vg_villain_shonen_supernatural.png,vampire-grimdark-pack.mjs legacy partner supernatural,,vg_villain_shonen_supernatural.png,vg_villain_shonen_supernatural.png,vg_villain_shonen_supernatural.png,709ae2cf8e647a831d19cddfb2cef0ddd3b9e740a97ce2b573422222d4179a94,709ae2cf8e647a831d19cddfb2cef0ddd3b9e740a97ce2b573422222d4179a94,3927fc8aa90c5719,343,432,True,True,True,True,True,False,
vg_villain_shonen_space,Orin Marlow,V5 Vampire/Grimdark,villain,shonen,grimdark,space,vampire,cast/v5/vg_villain_shonen_space.png,vg_villain_shonen_space.png,vampire-grimdark-pack.mjs legacy partner space,,vg_villain_shonen_space.png,vg_villain_shonen_space.png,vg_villain_shonen_space.png,634d392939d6041f7790845226fe1ecc0227feabec7701b417f6bcafdcf6bb1b,634d392939d6041f7790845226fe1ecc0227feabec7701b417f6bcafdcf6bb1b,25c25a574f871d61,383,383,True,True,True,True,True,False,
vg_villain_shonen_magical,Priya Ito,V5 Vampire/Grimdark,villain,shonen,grimdark,magical,vampire,cast/v5/vg_villain_shonen_magical.png,vg_villain_shonen_magical.png,vampire-grimdark-pack.mjs legacy partner magical,,vg_villain_shonen_magical.png,vg_villain_shonen_magical.png,vg_villain_shonen_magical.png,8efdce3719f79e76c7cac94238491872e51b544c8157f8f13a7dcd0d51a73d77,8efdce3719f79e76c7cac94238491872e51b544c8157f8f13a7dcd0d51a73d77,1df75a6da6251209,383,383,True,True,True,True,True,False,
vg_villain_shonen_survival,Quill Khan,V5 Vampire/Grimdark,villain,shonen,grimdark,survival,vampire,cast/v5/vg_villain_shonen_survival.png,vg_villain_shonen_survival.png,vampire-grimdark-pack.mjs legacy partner survival,,vg_villain_shonen_survival.png,vg_villain_shonen_survival.png,vg_villain_shonen_survival.png,31299146b67acb3486816626268b3c2d505a2b3dd2de012d61f592aefe7dd480,31299146b67acb3486816626268b3c2d505a2b3dd2de012d61f592aefe7dd480,2a91692516abbeaa,380,382,True,True,True,True,True,False,
vg_villain_shonen_pirate,Rhea Santos,V5 Vampire/Grimdark,villain,shonen,grimdark,pirate,vampire,cast/v5/vg_villain_shonen_pirate.png,vg_villain_shonen_pirate.png,vampire-grimdark-pack.mjs legacy partner pirate,,vg_villain_shonen_pirate.png,vg_villain_shonen_pirate.png,vg_villain_shonen_pirate.png,8ac9701311c27e7b64ff89aae3e7a2d5062e1ec3a75a97cbf83b8f7419f496c1,8ac9701311c27e7b64ff89aae3e7a2d5062e1ec3a75a97cbf83b8f7419f496c1,22b86f2b81970ced,344,431,True,True,True,True,True,False,
vg_villain_shonen_martial,Soren Volkov,V5 Vampire/Grimdark,villain,shonen,grimdark,martial,vampire,cast/v5/vg_villain_shonen_martial.png,vg_villain_shonen_martial.png,vampire-grimdark-pack.mjs legacy partner martial,,vg_villain_shonen_martial.png,vg_villain_shonen_martial.png,vg_villain_shonen_martial.png,f6cb06055f245bd3eb2d2e2343d346c5da6d95d12e32ded27e8cbb76e250dc0b,f6cb06055f245bd3eb2d2e2343d346c5da6d95d12e32ded27e8cbb76e250dc0b,2486f2f8cf08725d,344,432,True,True,True,True,True,False,
vg_villain_shonen_mythology,Talia Hale,V5 Vampire/Grimdark,villain,shonen,grimdark,mythology,vampire,cast/v5/vg_villain_shonen_mythology.png,vg_villain_shonen_mythology.png,vampire-grimdark-pack.mjs legacy partner mythology,,vg_villain_shonen_mythology.png,vg_villain_shonen_mythology.png,vg_villain_shonen_mythology.png,4c6e8d5bdf1158f32f7f14142616f6f62a6e09023c5c4a0ce3c8ed0c662e29a6,4c6e8d5bdf1158f32f7f14142616f6f62a6e09023c5c4a0ce3c8ed0c662e29a6,32b4f5b2a5a0a63c,343,432,True,True,True,True,True,False,
vg_villain_shonen_nordic,Uri Duval,V5 Vampire/Grimdark,villain,shonen,grimdark,nordic,vampire,cast/v5/vg_villain_shonen_nordic.png,vg_villain_shonen_nordic.png,vampire-grimdark-pack.mjs legacy partner nordic,,vg_villain_shonen_nordic.png,vg_villain_shonen_nordic.png,vg_villain_shonen_nordic.png,01186b6db1136ea37abd561ad65e92d511806b60bfaf39b708ad346a2a484458,01186b6db1136ea37abd561ad65e92d511806b60bfaf39b708ad346a2a484458,27d4b6a488c71d1d,383,384,True,True,True,True,True,False,
vg_villain_shonen_samurai,Veda Choi,V5 Vampire/Grimdark,villain,shonen,grimdark,samurai,vampire,cast/v5/vg_villain_shonen_samurai.png,vg_villain_shonen_samurai.png,vampire-grimdark-pack.mjs legacy partner samurai,,vg_villain_shonen_samurai.png,vg_villain_shonen_samurai.png,vg_villain_shonen_samurai.png,1e32679f830f32ec874f89bbc1b255c87ba72a7bf0a9a7d18af8b0d894207bb8,1e32679f830f32ec874f89bbc1b255c87ba72a7bf0a9a7d18af8b0d894207bb8,2696f7a5c825a61a,383,384,True,True,True,True,True,False,
vg_villain_shonen_shinobi,Wren Ramos,V5 Vampire/Grimdark,villain,shonen,grimdark,shinobi,vampire,cast/v5/vg_villain_shonen_shinobi.png,vg_villain_shonen_shinobi.png,vampire-grimdark-pack.mjs legacy partner shinobi,,vg_villain_shonen_shinobi.png,vg_villain_shonen_shinobi.png,vg_villain_shonen_shinobi.png,52410aba7d7beac497a7fb850eb56ffd5c47eb26805ee8b0231d8a2c6fe6bdf2,52410aba7d7beac497a7fb850eb56ffd5c47eb26805ee8b0231d8a2c6fe6bdf2,22d6c29d898d9db8,387,384,True,True,True,True,True,False,
vg_villain_shojo_mecha,Aster Dahl,V5 Vampire/Grimdark,villain,shojo,vampire,mecha,grimdark,cast/v5/vg_villain_shojo_mecha.png,vg_villain_shojo_mecha.png,vampire-grimdark-pack.mjs legacy partner mecha,,vg_villain_shojo_mecha.png,vg_villain_shojo_mecha.png,vg_villain_shojo_mecha.png,2a0226411c052233f9ddb333e028937447809891196d06d3df59f8b1b9639d95,2a0226411c052233f9ddb333e028937447809891196d06d3df59f8b1b9639d95,21b62d672ac8ba0f,379,384,True,True,True,True,True,False,
vg_villain_shojo_isekai,Bastien Mercer,V5 Vampire/Grimdark,villain,shojo,vampire,isekai,grimdark,cast/v5/vg_villain_shojo_isekai.png,vg_villain_shojo_isekai.png,vampire-grimdark-pack.mjs legacy partner isekai,,vg_villain_shojo_isekai.png,vg_villain_shojo_isekai.png,vg_villain_shojo_isekai.png,3ff617c7c5c292628b3409fb7116b98ed34084c2ace61001adb791547f7d7926,3ff617c7c5c292628b3409fb7116b98ed34084c2ace61001adb791547f7d7926,38355a43760af89b,344,432,True,True,True,True,True,False,
vg_villain_shojo_slice,Cassian Amani,V5 Vampire/Grimdark,villain,shojo,vampire,slice,grimdark,cast/v5/vg_villain_shojo_slice.png,vg_villain_shojo_slice.png,vampire-grimdark-pack.mjs legacy partner slice,,vg_villain_shojo_slice.png,vg_villain_shojo_slice.png,vg_villain_shojo_slice.png,86d1ee4e0c4f7d660fe02788e6e14df0f2085bd16218f94423ec976ba0915f4f,86d1ee4e0c4f7d660fe02788e6e14df0f2085bd16218f94423ec976ba0915f4f,0b8d6d66f3e02916,342,432,True,True,True,True,True,False,
vg_villain_shojo_horror,Darya Jensen,V5 Vampire/Grimdark,villain,shojo,vampire,horror,grimdark,cast/v5/vg_villain_shojo_horror.png,vg_villain_shojo_horror.png,vampire-grimdark-pack.mjs legacy partner horror,,vg_villain_shojo_horror.png,vg_villain_shojo_horror.png,vg_villain_shojo_horror.png,4209a9dc0645c1edfc4fe4a0040daa33013162a28ea983ac2fc294b4fdea4bc9,4209a9dc0645c1edfc4fe4a0040daa33013162a28ea983ac2fc294b4fdea4bc9,58140f35f42cf34b,379,385,True,True,True,True,True,False,
vg_villain_shojo_romance,Eiran Nguyen,V5 Vampire/Grimdark,villain,shojo,vampire,romance,grimdark,cast/v5/vg_villain_shojo_romance.png,vg_villain_shojo_romance.png,vampire-grimdark-pack.mjs legacy partner romance,,vg_villain_shojo_romance.png,vg_villain_shojo_romance.png,vg_villain_shojo_romance.png,81349e902e3cb57f29f5eef9c6f7f7c0d3995b0230ef498ceb323de42956dcbd,81349e902e3cb57f29f5eef9c6f7f7c0d3995b0230ef498ceb323de42956dcbd,58cc39342f23656b,380,385,True,True,True,True,True,False,
vg_villain_shojo_sports,Farah Hassan,V5 Vampire/Grimdark,villain,shojo,vampire,sports,grimdark,cast/v5/vg_villain_shojo_sports.png,vg_villain_shojo_sports.png,vampire-grimdark-pack.mjs legacy partner sports,,vg_villain_shojo_sports.png,vg_villain_shojo_sports.png,vg_villain_shojo_sports.png,994914e3e038d876b9b25fa024c76991a003a82a2617a85122bd87b85ae81fd3,994914e3e038d876b9b25fa024c76991a003a82a2617a85122bd87b85ae81fd3,254972ae63e34d68,379,384,True,True,True,True,True,False,
vg_villain_shojo_cyber,Galen Nowak,V5 Vampire/Grimdark,villain,shojo,grimdark,cyber,vampire,cast/v5/vg_villain_shojo_cyber.png,vg_villain_shojo_cyber.png,vampire-grimdark-pack.mjs legacy partner cyber,,vg_villain_shojo_cyber.png,vg_villain_shojo_cyber.png,vg_villain_shojo_cyber.png,08b4c1aef46ff2bb1f34d391fa4e5ad2c25ad85ee1ff2ee476b810a3571a6452,08b4c1aef46ff2bb1f34d391fa4e5ad2c25ad85ee1ff2ee476b810a3571a6452,0b93566d276ec264,343,431,True,True,True,True,True,False,
vg_villain_shojo_fantasy,Hanae Berg,V5 Vampire/Grimdark,villain,shojo,vampire,fantasy,grimdark,cast/v5/vg_villain_shojo_fantasy.png,vg_villain_shojo_fantasy.png,vampire-grimdark-pack.mjs legacy partner fantasy,,vg_villain_shojo_fantasy.png,vg_villain_shojo_fantasy.png,vg_villain_shojo_fantasy.png,5621a0f9f35c12e2064a03871b32998066afdd4123fcc995652c0de389e832f4,5621a0f9f35c12e2064a03871b32998066afdd4123fcc995652c0de389e832f4,11b35c173331974e,342,432,True,True,True,True,True,False,
vg_villain_shojo_idol,Ilyas Mendoza,V5 Vampire/Grimdark,villain,shojo,vampire,idol,grimdark,cast/v5/vg_villain_shojo_idol.png,vg_villain_shojo_idol.png,vampire-grimdark-pack.mjs legacy partner idol,,vg_villain_shojo_idol.png,vg_villain_shojo_idol.png,vg_villain_shojo_idol.png,73251aabd1d10704cb2bcb9cc0a458df618d6288cb61f60f8c7eea970649e773,73251aabd1d10704cb2bcb9cc0a458df618d6288cb61f60f8c7eea970649e773,23983863536d7c17,380,384,True,True,True,True,True,False,
vg_villain_shojo_mystery,Juno Arslan,V5 Vampire/Grimdark,villain,shojo,vampire,mystery,grimdark,cast/v5/vg_villain_shojo_mystery.png,vg_villain_shojo_mystery.png,vampire-grimdark-pack.mjs legacy partner mystery,,vg_villain_shojo_mystery.png,vg_villain_shojo_mystery.png,vg_villain_shojo_mystery.png,c07b430ee3557f2652533bb5ba2c617a345c447148c41b4d8910ff99ac7023dd,c07b430ee3557f2652533bb5ba2c617a345c447148c41b4d8910ff99ac7023dd,06d254622bb78bcb,342,432,True,True,True,True,True,False,
vg_villain_shojo_comedy,Kestrel Njeri,V5 Vampire/Grimdark,villain,shojo,vampire,comedy,grimdark,cast/v5/vg_villain_shojo_comedy.png,vg_villain_shojo_comedy.png,vampire-grimdark-pack.mjs legacy partner comedy,,vg_villain_shojo_comedy.png,vg_villain_shojo_comedy.png,vg_villain_shojo_comedy.png,f9bf5db92299062656cb2807bc3150e3eaf93d5dfb404acfe05440e005bd33a7,f9bf5db92299062656cb2807bc3150e3eaf93d5dfb404acfe05440e005bd33a7,129ada69a4ad3ea8,343,432,True,True,True,True,True,False,
vg_villain_shojo_cooking,Leona Castillo,V5 Vampire/Grimdark,villain,shojo,vampire,cooking,grimdark,cast/v5/vg_villain_shojo_cooking.png,vg_villain_shojo_cooking.png,vampire-grimdark-pack.mjs legacy partner cooking,,vg_villain_shojo_cooking.png,vg_villain_shojo_cooking.png,vg_villain_shojo_cooking.png,4b2033547a516031d3410a513e52f2403078f8c2085cd393532f8cee5aa1826c,4b2033547a516031d3410a513e52f2403078f8c2085cd393532f8cee5aa1826c,24b77430b7c41e78,342,432,True,True,True,True,True,False,
vg_villain_shojo_military,Marek Bae,V5 Vampire/Grimdark,villain,shojo,vampire,military,grimdark,cast/v5/vg_villain_shojo_military.png,vg_villain_shojo_military.png,vampire-grimdark-pack.mjs legacy partner military,,vg_villain_shojo_military.png,vg_villain_shojo_military.png,vg_villain_shojo_military.png,05dec91332d6a3dc54467cd7bcbec318feaea5242aed92ccae9042dd2f1f56e9,05dec91332d6a3dc54467cd7bcbec318feaea5242aed92ccae9042dd2f1f56e9,10b0f6701f9dc8cd,379,385,True,True,True,True,True,False,
vg_villain_shojo_supernatural,Nadia Ferreira,V5 Vampire/Grimdark,villain,shojo,vampire,supernatural,grimdark,cast/v5/vg_villain_shojo_supernatural.png,vg_villain_shojo_supernatural.png,vampire-grimdark-pack.mjs legacy partner supernatural,,vg_villain_shojo_supernatural.png,vg_villain_shojo_supernatural.png,vg_villain_shojo_supernatural.png,0e74cfad9a57d5737fa8376912d1638246c6091d409deda25633f4d76db5844f,0e74cfad9a57d5737fa8376912d1638246c6091d409deda25633f4d76db5844f,3d71690437897a99,345,432,True,True,True,True,True,False,
vg_villain_shojo_space,Orin Kozlov,V5 Vampire/Grimdark,villain,shojo,vampire,space,grimdark,cast/v5/vg_villain_shojo_space.png,vg_villain_shojo_space.png,vampire-grimdark-pack.mjs legacy partner space,,vg_villain_shojo_space.png,vg_villain_shojo_space.png,vg_villain_shojo_space.png,86e31751a63fcc02ce7e226d8eb83908be609527aa7980811d9b77f3c07f9402,86e31751a63fcc02ce7e226d8eb83908be609527aa7980811d9b77f3c07f9402,439c2c643627786f,380,385,True,True,True,True,True,False,
vg_villain_shojo_magical,Priya Hart,V5 Vampire/Grimdark,villain,shojo,vampire,magical,grimdark,cast/v5/vg_villain_shojo_magical.png,vg_villain_shojo_magical.png,vampire-grimdark-pack.mjs legacy partner magical,,vg_villain_shojo_magical.png,vg_villain_shojo_magical.png,vg_villain_shojo_magical.png,8d6e8227cc8af2891fdcf3e7ef5899cac78f1e775390dcf8251d26dc58c40e0d,8d6e8227cc8af2891fdcf3e7ef5899cac78f1e775390dcf8251d26dc58c40e0d,1a1ad1919fdc02de,380,385,True,True,True,True,True,False,
vg_villain_shojo_survival,Quill Lavigne,V5 Vampire/Grimdark,villain,shojo,grimdark,survival,vampire,cast/v5/vg_villain_shojo_survival.png,vg_villain_shojo_survival.png,vampire-grimdark-pack.mjs legacy partner survival,,vg_villain_shojo_survival.png,vg_villain_shojo_survival.png,vg_villain_shojo_survival.png,e597f82ac324bc3b552d8f15a0db0bf1452c6cfad326bbbebb68badee06082e2,e597f82ac324bc3b552d8f15a0db0bf1452c6cfad326bbbebb68badee06082e2,2e93da1eb44e8525,342,431,True,True,True,True,True,False,
vg_villain_shojo_pirate,Rhea Cho,V5 Vampire/Grimdark,villain,shojo,grimdark,pirate,vampire,cast/v5/vg_villain_shojo_pirate.png,vg_villain_shojo_pirate.png,vampire-grimdark-pack.mjs legacy partner pirate,,vg_villain_shojo_pirate.png,vg_villain_shojo_pirate.png,vg_villain_shojo_pirate.png,eef4900ac4c33f5e6369f5fd21c7d16027850303bdc437bef3d0f6ba2e7a88c4,eef4900ac4c33f5e6369f5fd21c7d16027850303bdc437bef3d0f6ba2e7a88c4,04b5baa5e487971c,343,431,True,True,True,True,True,False,
vg_villain_shojo_martial,Soren Vega,V5 Vampire/Grimdark,villain,shojo,grimdark,martial,vampire,cast/v5/vg_villain_shojo_martial.png,vg_villain_shojo_martial.png,vampire-grimdark-pack.mjs legacy partner martial,,vg_villain_shojo_martial.png,vg_villain_shojo_martial.png,vg_villain_shojo_martial.png,ca8af744abcd2a9951331afee904aa20c96649a8ea35291147f488b78deec6c6,ca8af744abcd2a9951331afee904aa20c96649a8ea35291147f488b78deec6c6,25b5a1a18dce9e52,343,431,True,True,True,True,True,False,
vg_villain_shojo_mythology,Talia Dlamini,V5 Vampire/Grimdark,villain,shojo,grimdark,mythology,vampire,cast/v5/vg_villain_shojo_mythology.png,vg_villain_shojo_mythology.png,vampire-grimdark-pack.mjs legacy partner mythology,,vg_villain_shojo_mythology.png,vg_villain_shojo_mythology.png,vg_villain_shojo_mythology.png,938539dd6f86b3a634912ef0ae89a3cc68267adb364714e2813f9eceef7617f3,938539dd6f86b3a634912ef0ae89a3cc68267adb364714e2813f9eceef7617f3,15e50538bdf2491b,379,382,True,True,True,True,True,False,
vg_villain_shojo_nordic,Uri Serrat,V5 Vampire/Grimdark,villain,shojo,vampire,nordic,grimdark,cast/v5/vg_villain_shojo_nordic.png,vg_villain_shojo_nordic.png,vampire-grimdark-pack.mjs legacy partner nordic,,vg_villain_shojo_nordic.png,vg_villain_shojo_nordic.png,vg_villain_shojo_nordic.png,e2b451393c323aac7866013f5f4fd9ddb9948f22934a062ea2ea11414ff558e4,e2b451393c323aac7866013f5f4fd9ddb9948f22934a062ea2ea11414ff558e4,2dec3c0e1639682f,380,384,True,True,True,True,True,False,
vg_villain_shojo_samurai,Veda Kade,V5 Vampire/Grimdark,villain,shojo,vampire,samurai,grimdark,cast/v5/vg_villain_shojo_samurai.png,vg_villain_shojo_samurai.png,vampire-grimdark-pack.mjs legacy partner samurai,,vg_villain_shojo_samurai.png,vg_villain_shojo_samurai.png,vg_villain_shojo_samurai.png,d0135d0ba3740229c04c30afea1713e03d8a95d54113468900922f3400517e40,d0135d0ba3740229c04c30afea1713e03d8a95d54113468900922f3400517e40,2dc4f4e404b61b6e,380,384,True,True,True,True,True,False,
vg_villain_shojo_shinobi,Wren Morrow,V5 Vampire/Grimdark,villain,shojo,vampire,shinobi,grimdark,cast/v5/vg_villain_shojo_shinobi.png,vg_villain_shojo_shinobi.png,vampire-grimdark-pack.mjs legacy partner shinobi,,vg_villain_shojo_shinobi.png,vg_villain_shojo_shinobi.png,vg_villain_shojo_shinobi.png,37d660a1daf2e57316e2fb2748571134b59b15d382dd1c9e80098e31b6130ee8,37d660a1daf2e57316e2fb2748571134b59b15d382dd1c9e80098e31b6130ee8,25b4e4a7a1d5c439,342,432,True,True,True,True,True,False,
g30_protag_shonen_001,Kael Alvarez,V6 Genre 30,protag,shonen,monster_taming,crime,kaiju,cast/v6/g30_protag_shonen_001.webp,game_source/art_src/cast_v6_genre30_upload_staging/portraits/g30_protag_shonen_001.webp,GENRE30_CAST_ROSTER.csv sequence 1,1,g30_protag_shonen_001.webp,g30_protag_shonen_001.webp,g30_protag_shonen_001.webp,32165fc876ce6777aec602378e3af719ad3b33298040451588b1062a850d0401,32165fc876ce6777aec602378e3af719ad3b33298040451588b1062a850d0401,37d2cdd8c92c0c3c,512,512,True,True,True,True,True,False,
g30_protag_shonen_002,Kira Alvarez,V6 Genre 30,protag,shonen,monster_taming,cosmic_horror,arabia,cast/v6/g30_protag_shonen_002.webp,game_source/art_src/cast_v6_genre30_upload_staging/portraits/g30_protag_shonen_002.webp,GENRE30_CAST_ROSTER.csv sequence 2,2,g30_protag_shonen_002.webp,g30_protag_shonen_002.webp,g30_protag_shonen_002.webp,b2c90c4c11dcddbb83e01ba530945da45b1681de76f6ca0b30a1338780ab1c27,b2c90c4c11dcddbb83e01ba530945da45b1681de76f6ca0b30a1338780ab1c27,1e634d173320cc7b,512,512,True,True,True,True,True,False,
g30_protag_shonen_003,Leila Alvarez,V6 Genre 30,protag,shonen,crime,cosmic_horror,mecha,cast/v6/g30_protag_shonen_003.webp,game_source/art_src/cast_v6_genre30_upload_staging/portraits/g30_protag_shonen_003.webp,GENRE30_CAST_ROSTER.csv sequence 3,3,g30_protag_shonen_003.webp,g30_protag_shonen_003.webp,g30_protag_shonen_003.webp,7d1c03a449e235531d7d58641cc2fc4c25fbd8f72191b1458d4075cf0f345cb2,7d1c03a449e235531d7d58641cc2fc4c25fbd8f72191b1458d4075cf0f345cb2,3d908d35b391a3b4,512,512,True,True,True,True,True,False,
g30_protag_shonen_004,Lina Alvarez,V6 Genre 30,protag,shonen,kaiju,arabia,mecha,cast/v6/g30_protag_shonen_004.webp,game_source/art_src/cast_v6_genre30_upload_staging/portraits/g30_protag_shonen_004.webp,GENRE30_CAST_ROSTER.csv sequence 4,4,g30_protag_shonen_004.webp,g30_protag_shonen_004.webp,g30_protag_shonen_004.webp,8bfc22f8b0dd353a10f77d8d5a1b450aa70452442f08a265286867fc685189ed,8bfc22f8b0dd353a10f77d8d5a1b450aa70452442f08a265286867fc685189ed,3a9943f42e30723b,512,512,True,True,True,True,True,False,
g30_protag_shonen_005,Lucan Alvarez,V6 Genre 30,protag,shonen,crime,arabia,isekai,cast/v6/g30_protag_shonen_005.webp,game_source/art_src/cast_v6_genre30_upload_staging/portraits/g30_protag_shonen_005.webp,GENRE30_CAST_ROSTER.csv sequence 5,5,g30_protag_shonen_005.webp,g30_protag_shonen_005.webp,g30_protag_shonen_005.webp,6f5e2bf9b8162e76feedb25ca9fffeafffb990a481c4da83949e994911878b45,6f5e2bf9b8162e76feedb25ca9fffeafffb990a481c4da83949e994911878b45,3790f3475d84543c,512,512,True,True,True,True,True,False,
g30_protag_shonen_006,Mara Alvarez,V6 Genre 30,protag,shonen,kaiju,cosmic_horror,isekai,cast/v6/g30_protag_shonen_006.webp,game_source/art_src/cast_v6_genre30_upload_staging/portraits/g30_protag_shonen_006.webp,GENRE30_CAST_ROSTER.csv sequence 6,6,g30_protag_shonen_006.webp,g30_protag_shonen_006.webp,g30_protag_shonen_006.webp,0df5a39a26d343e34c4d876d383881e91645bd5789f9d6232a5a512126be75c2,0df5a39a26d343e34c4d876d383881e91645bd5789f9d6232a5a512126be75c2,342b8432bd6c526f,512,512,True,True,True,True,True,False,
g30_protag_shonen_007,Mika Alvarez,V6 Genre 30,protag,shonen,monster_taming,crime,slice,cast/v6/g30_protag_shonen_007.webp,game_source/art_src/cast_v6_genre30_upload_staging/portraits/g30_protag_shonen_007.webp,GENRE30_CAST_ROSTER.csv sequence 7,7,g30_protag_shonen_007.webp,g30_protag_shonen_007.webp,g30_protag_shonen_007.webp,4e2876014d3cc5cdb7f885d60a3d0e2768a2bba4212d76f613fca71b12eb0971,4e2876014d3cc5cdb7f885d60a3d0e2768a2bba4212d76f613fca71b12eb0971,39b4819b3d850e9d,512,512,True,True,True,True,True,False,
g30_protag_shonen_008,Mina Alvarez,V6 Genre 30,protag,shonen,kaiju,cosmic_horror,slice,cast/v6/g30_protag_shonen_008.webp,game_source/art_src/cast_v6_genre30_upload_staging/portraits/g30_protag_shonen_008.webp,GENRE30_CAST_ROSTER.csv sequence 8,8,g30_protag_shonen_008.webp,g30_protag_shonen_008.webp,g30_protag_shonen_008.webp,41a69aafa6175ba1dbe2bb1f079d0ab6f6cb823976b71ff18eb4dd2564a9318b,41a69aafa6175ba1dbe2bb1f079d0ab6f6cb823976b71ff18eb4dd2564a9318b,3bb19288e5d29c66,512,512,True,True,True,True,True,False,
g30_protag_shonen_009,Nadia Alvarez,V6 Genre 30,protag,shonen,monster_taming,crime,horror,cast/v6/g30_protag_shonen_009.webp,game_source/art_src/cast_v6_genre30_upload_staging/portraits/g30_protag_shonen_009.webp,GENRE30_CAST_ROSTER.csv sequence 9,9,g30_protag_shonen_009.webp,g30_protag_shonen_009.webp,g30_protag_shonen_009.webp,92f2d843d9d8a29746c0c754a9ffc5b5df97f6c98ac65b203b2ec4802958962e,92f2d843d9d8a29746c0c754a9ffc5b5df97f6c98ac65b203b2ec4802958962e,22941f71700f83f7,512,512,True,True,True,True,True,False,
g30_protag_shonen_010,Nao Alvarez,V6 Genre 30,protag,shonen,kaiju,cosmic_horror,horror,cast/v6/g30_protag_shonen_010.webp,game_source/art_src/cast_v6_genre30_upload_staging/portraits/g30_protag_shonen_010.webp,GENRE30_CAST_ROSTER.csv sequence 10,10,g30_protag_shonen_010.webp,g30_protag_shonen_010.webp,g30_protag_shonen_010.webp,80fade3274ec5d5067341b4bbc07de8b7334ef122d1f102a273323fe54b66341,80fade3274ec5d5067341b4bbc07de8b7334ef122d1f102a273323fe54b66341,2e415c323653b3e9,512,512,True,True,True,True,True,False,
g30_protag_shonen_011,Niko Alvarez,V6 Genre 30,protag,shonen,monster_taming,crime,romance,cast/v6/g30_protag_shonen_011.webp,game_source/art_src/cast_v6_genre30_upload_staging/portraits/g30_protag_shonen_011.webp,GENRE30_CAST_ROSTER.csv sequence 11,11,g30_protag_shonen_011.webp,g30_protag_shonen_011.webp,g30_protag_shonen_011.webp,539138f88256b22ce884e7b082db0ce6c5ad5f5d7f36119f7b11862b311dd7eb,539138f88256b22ce884e7b082db0ce6c5ad5f5d7f36119f7b11862b311dd7eb,25a13eae32d1d91a,512,512,True,True,True,True,True,False,
g30_protag_shonen_012,Noor Alvarez,V6 Genre 30,protag,shonen,kaiju,cosmic_horror,romance,cast/v6/g30_protag_shonen_012.webp,game_source/art_src/cast_v6_genre30_upload_staging/portraits/g30_protag_shonen_012.webp,GENRE30_CAST_ROSTER.csv sequence 12,12,g30_protag_shonen_012.webp,g30_protag_shonen_012.webp,g30_protag_shonen_012.webp,7918753eb98af6f18e4a947395d43c12530083b8a61bac51ea3f1ce166a20fd0,7918753eb98af6f18e4a947395d43c12530083b8a61bac51ea3f1ce166a20fd0,3352d16d346ad4ca,512,512,True,True,True,True,True,False,
g30_protag_shonen_013,Rhea Alvarez,V6 Genre 30,protag,shonen,monster_taming,crime,sports,cast/v6/g30_protag_shonen_013.webp,game_source/art_src/cast_v6_genre30_upload_staging/portraits/g30_protag_shonen_013.webp,GENRE30_CAST_ROSTER.csv sequence 13,13,g30_protag_shonen_013.webp,g30_protag_shonen_013.webp,g30_protag_shonen_013.webp,2a7233ded8488d2baeb4c3b9c694716be4796c7afedaa5e032fffa533bcf7c63,2a7233ded8488d2baeb4c3b9c694716be4796c7afedaa5e032fffa533bcf7c63,3c7a4c31761877c2,512,512,True,True,True,True,True,False,
g30_protag_shonen_014,Ren Alvarez,V6 Genre 30,protag,shonen,kaiju,cosmic_horror,sports,cast/v6/g30_protag_shonen_014.webp,game_source/art_src/cast_v6_genre30_upload_staging/portraits/g30_protag_shonen_014.webp,GENRE30_CAST_ROSTER.csv sequence 14,14,g30_protag_shonen_014.webp,g30_protag_shonen_014.webp,g30_protag_shonen_014.webp,4caaf021c45c4e308198cdc54e9f7ed8d0abc1caac0e0e7a5169faeab0b619d5,4caaf021c45c4e308198cdc54e9f7ed8d0abc1caac0e0e7a5169faeab0b619d5,66c64d78383de494,512,512,True,True,True,True,True,False,
g30_protag_shonen_015,Rin Alvarez,V6 Genre 30,protag,shonen,monster_taming,crime,cyber,cast/v6/g30_protag_shonen_015.webp,game_source/art_src/cast_v6_genre30_upload_staging/portraits/g30_protag_shonen_015.webp,GENRE30_CAST_ROSTER.csv sequence 15,15,g30_protag_shonen_015.webp,g30_protag_shonen_015.webp,g30_protag_shonen_015.webp,96dab75e3c3e392ac0a71c266062b5e17d07e481701be251afd43b4621f6acc3,96dab75e3c3e392ac0a71c266062b5e17d07e481701be251afd43b4621f6acc3,2dd44fa5123bf109,512,512,True,True,True,True,True,False,
g30_protag_shonen_016,Samira Alvarez,V6 Genre 30,protag,shonen,kaiju,cosmic_horror,cyber,cast/v6/g30_protag_shonen_016.webp,game_source/art_src/cast_v6_genre30_upload_staging/portraits/g30_protag_shonen_016.webp,GENRE30_CAST_ROSTER.csv sequence 16,16,g30_protag_shonen_016.webp,g30_protag_shonen_016.webp,g30_protag_shonen_016.webp,5feb4822f6626191f6ab43007dc0e6332b237aeb2eb5e289760e254aa9337d1b,5feb4822f6626191f6ab43007dc0e6332b237aeb2eb5e289760e254aa9337d1b,3c0a1760cd38a75f,512,512,True,True,True,True,True,False,
g30_protag_shonen_017,Sana Alvarez,V6 Genre 30,protag,shonen,monster_taming,crime,fantasy,cast/v6/g30_protag_shonen_017.webp,game_source/art_src/cast_v6_genre30_upload_staging/portraits/g30_protag_shonen_017.webp,GENRE30_CAST_ROSTER.csv sequence 17,17,g30_protag_shonen_017.webp,g30_protag_shonen_017.webp,g30_protag_shonen_017.webp,89d44bb6bba3d392204c65fa81ff99c4aa848d38d04233d7eff11af2d7b13e97,89d44bb6bba3d392204c65fa81ff99c4aa848d38d04233d7eff11af2d7b13e97,28b6c7247416b5d9,512,512,True,True,True,True,True,False,
g30_protag_shonen_018,Sora Alvarez,V6 Genre 30,protag,shonen,kaiju,cosmic_horror,fantasy,cast/v6/g30_protag_shonen_018.webp,game_source/art_src/cast_v6_genre30_upload_staging/portraits/g30_protag_shonen_018.webp,GENRE30_CAST_ROSTER.csv sequence 18,18,g30_protag_shonen_018.webp,g30_protag_shonen_018.webp,g30_protag_shonen_018.webp,8ee64c6e088b81e2850feddbbf7326368861a5b34c84922615bb2e54bdd2c4d6,8ee64c6e088b81e2850feddbbf7326368861a5b34c84922615bb2e54bdd2c4d6,2a5047398fb6ee14,512,512,True,True,True,True,True,False,
g30_protag_shonen_019,Tala Alvarez,V6 Genre 30,protag,shonen,monster_taming,crime,idol,cast/v6/g30_protag_shonen_019.webp,game_source/art_src/cast_v6_genre30_upload_staging/portraits/g30_protag_shonen_019.webp,GENRE30_CAST_ROSTER.csv sequence 19,19,g30_protag_shonen_019.webp,g30_protag_shonen_019.webp,g30_protag_shonen_019.webp,ef3bbb2fb4fc03218d40e611e1d07d83b81053d4df18593f57cc1e1f957e0af4,ef3bbb2fb4fc03218d40e611e1d07d83b81053d4df18593f57cc1e1f957e0af4,575b0b2e227a8c27,512,512,True,True,True,True,True,False,
g30_protag_shonen_020,Yara Alvarez,V6 Genre 30,protag,shonen,kaiju,cosmic_horror,idol,cast/v6/g30_protag_shonen_020.webp,game_source/art_src/cast_v6_genre30_upload_staging/portraits/g30_protag_shonen_020.webp,GENRE30_CAST_ROSTER.csv sequence 20,20,g30_protag_shonen_020.webp,g30_protag_shonen_020.webp,g30_protag_shonen_020.webp,0565a34852884706542806654dcf6af4a97b04f53d4125d1c9afdbd55748529f,0565a34852884706542806654dcf6af4a97b04f53d4125d1c9afdbd55748529f,3bc87c2f327481c5,512,512,True,True,True,True,True,False,
g30_protag_shonen_021,Aiko Amari,V6 Genre 30,protag,shonen,monster_taming,crime,mystery,cast/v6/g30_protag_shonen_021.webp,game_source/art_src/cast_v6_genre30_upload_staging/portraits/g30_protag_shonen_021.webp,GENRE30_CAST_ROSTER.csv sequence 21,21,g30_protag_shonen_021.webp,g30_protag_shonen_021.webp,g30_protag_shonen_021.webp,f8ea24014b98b13c15bcb325748663ddf23b897557ac50812bbe877416f3fc5c,f8ea24014b98b13c15bcb325748663ddf23b897557ac50812bbe877416f3fc5c,35893eb32d1c4d25,512,512,True,True,True,True,True,False,
g30_protag_shonen_022,Amara Amari,V6 Genre 30,protag,shonen,kaiju,cosmic_horror,mystery,cast/v6/g30_protag_shonen_022.webp,game_source/art_src/cast_v6_genre30_upload_staging/portraits/g30_protag_shonen_022.webp,GENRE30_CAST_ROSTER.csv sequence 22,22,g30_protag_shonen_022.webp,g30_protag_shonen_022.webp,g30_protag_shonen_022.webp,cb5719bd20c040adb7637eb9cf053152d4a186c34ffd2f30f34b926adfde6741,cb5719bd20c040adb7637eb9cf053152d4a186c34ffd2f30f34b926adfde6741,17cde516bcccb00a,512,512,True,True,True,True,True,False,
g30_protag_shonen_023,Ansel Amari,V6 Genre 30,protag,shonen,monster_taming,crime,comedy,cast/v6/g30_protag_shonen_023.webp,game_source/art_src/cast_v6_genre30_upload_staging/portraits/g30_protag_shonen_023.webp,GENRE30_CAST_ROSTER.csv sequence 23,23,g30_protag_shonen_023.webp,g30_protag_shonen_023.webp,g30_protag_shonen_023.webp,bc3be5f097add88043e4117203c0a2bd4dbfc1a92098b66aa47d40c97ed3208a,bc3be5f097add88043e4117203c0a2bd4dbfc1a92098b66aa47d40c97ed3208a,33f3f2c261499e0c,512,512,True,True,True,True,True,False,
g30_protag_shonen_024,Arden Amari,V6 Genre 30,protag,shonen,kaiju,cosmic_horror,comedy,cast/v6/g30_protag_shonen_024.webp,game_source/art_src/cast_v6_genre30_upload_staging/portraits/g30_protag_shonen_024.webp,GENRE30_CAST_ROSTER.csv sequence 24,24,g30_protag_shonen_024.webp,g30_protag_shonen_024.webp,g30_protag_shonen_024.webp,fd2c3e78f7b7af04364c92f7447d432bc65be6e6e7c2864654c5b84c3b8195c2,fd2c3e78f7b7af04364c92f7447d432bc65be6e6e7c2864654c5b84c3b8195c2,3e891b7116a7d42a,512,512,True,True,True,True,True,False,
g30_protag_shonen_025,Ari Amari,V6 Genre 30,protag,shonen,monster_taming,crime,cooking,cast/v6/g30_protag_shonen_025.webp,game_source/art_src/cast_v6_genre30_upload_staging/portraits/g30_protag_shonen_025.webp,GENRE30_CAST_ROSTER.csv sequence 25,25,g30_protag_shonen_025.webp,g30_protag_shonen_025.webp,g30_protag_shonen_025.webp,be86bffdceb66b3a1d7f0184d1a30b42464c4e5f0f20d4138f8f4305ab2a2982,be86bffdceb66b3a1d7f0184d1a30b42464c4e5f0f20d4138f8f4305ab2a2982,31d657bf7888890a,512,512,True,True,True,True,True,False,
g30_protag_shonen_026,Asa Amari,V6 Genre 30,protag,shonen,kaiju,cosmic_horror,cooking,cast/v6/g30_protag_shonen_026.webp,game_source/art_src/cast_v6_genre30_upload_staging/portraits/g30_protag_shonen_026.webp,GENRE30_CAST_ROSTER.csv sequence 26,26,g30_protag_shonen_026.webp,g30_protag_shonen_026.webp,g30_protag_shonen_026.webp,87368e70dba749b2e259d257a2c00b4814a52a10a9d6922881fb011347e01886,87368e70dba749b2e259d257a2c00b4814a52a10a9d6922881fb011347e01886,088755621bf6f5e0,512,512,True,True,True,True,True,False,
g30_protag_shonen_027,Asha Amari,V6 Genre 30,protag,shonen,monster_taming,crime,military,cast/v6/g30_protag_shonen_027.webp,game_source/art_src/cast_v6_genre30_upload_staging/portraits/g30_protag_shonen_027.webp,GENRE30_CAST_ROSTER.csv sequence 27,27,g30_protag_shonen_027.webp,g30_protag_shonen_027.webp,g30_protag_shonen_027.webp,7ae883bb8f3754b8c5d1779540a604c78cd300725a9a852b1f39a645bd8c05d5,7ae883bb8f3754b8c5d1779540a604c78cd300725a9a852b1f39a645bd8c05d5,2db5a9ec7030d3c2,512,512,True,True,True,True,True,False,
g30_protag_shonen_028,Cass Amari,V6 Genre 30,protag,shonen,kaiju,cosmic_horror,military,cast/v6/g30_protag_shonen_028.webp,game_source/art_src/cast_v6_genre30_upload_staging/portraits/g30_protag_shonen_028.webp,GENRE30_CAST_ROSTER.csv sequence 28,28,g30_protag_shonen_028.webp,g30_protag_shonen_028.webp,g30_protag_shonen_028.webp,42a21fb7f9c51efc46f93afbea0bea94366c6cdcbefbc8291ffee73cda02600b,42a21fb7f9c51efc46f93afbea0bea94366c6cdcbefbc8291ffee73cda02600b,2fa2c949ad8e9259,512,512,True,True,True,True,True,False,
g30_protag_shonen_029,Cassia Amari,V6 Genre 30,protag,shonen,monster_taming,crime,supernatural,cast/v6/g30_protag_shonen_029.webp,game_source/art_src/cast_v6_genre30_upload_staging/portraits/g30_protag_shonen_029.webp,GENRE30_CAST_ROSTER.csv sequence 29,29,g30_protag_shonen_029.webp,g30_protag_shonen_029.webp,g30_protag_shonen_029.webp,722447d7a352f6eeb9d652fbd15a27e7f2a09f5880520959a82a52bedb2920ba,722447d7a352f6eeb9d652fbd15a27e7f2a09f5880520959a82a52bedb2920ba,3d135b99841b5966,512,512,True,True,True,True,True,False,
g30_protag_shonen_030,Dara Amari,V6 Genre 30,protag,shonen,kaiju,cosmic_horror,supernatural,cast/v6/g30_protag_shonen_030.webp,game_source/art_src/cast_v6_genre30_upload_staging/portraits/g30_protag_shonen_030.webp,GENRE30_CAST_ROSTER.csv sequence 30,30,g30_protag_shonen_030.webp,g30_protag_shonen_030.webp,g30_protag_shonen_030.webp,25487b778130dfd89b0988ab78345e48a4c2e645c26fc76b52dc6d1b2ae66d93,25487b778130dfd89b0988ab78345e48a4c2e645c26fc76b52dc6d1b2ae66d93,0dcd6537379a4449,512,512,True,True,True,True,True,False,
g30_protag_shonen_031,Eira Amari,V6 Genre 30,protag,shonen,monster_taming,crime,space,cast/v6/g30_protag_shonen_031.webp,game_source/art_src/cast_v6_genre30_upload_staging/portraits/g30_protag_shonen_031.webp,GENRE30_CAST_ROSTER.csv sequence 31,31,g30_protag_shonen_031.webp,g30_protag_shonen_031.webp,g30_protag_shonen_031.webp,660be64b48923c795778fa704e4268658a01f41f4719685df74fb936956460b4,660be64b48923c795778fa704e4268658a01f41f4719685df74fb936956460b4,31c86306cf6f066b,512,512,True,True,True,True,True,False,
g30_protag_shonen_032,Elian Amari,V6 Genre 30,protag,shonen,kaiju,cosmic_horror,space,cast/v6/g30_protag_shonen_032.webp,game_source/art_src/cast_v6_genre30_upload_staging/portraits/g30_protag_shonen_032.webp,GENRE30_CAST_ROSTER.csv sequence 32,32,g30_protag_shonen_032.webp,g30_protag_shonen_032.webp,g30_protag_shonen_032.webp,4f4cf347531f7faee2e5302b407f947689fd3038c79645b214b7b26e646f0083,4f4cf347531f7faee2e5302b407f947689fd3038c79645b214b7b26e646f0083,19d94726762d8999,512,512,True,True,True,True,True,False,
g30_protag_shonen_033,Emi Amari,V6 Genre 30,protag,shonen,monster_taming,crime,magical,cast/v6/g30_protag_shonen_033.webp,game_source/art_src/cast_v6_genre30_upload_staging/portraits/g30_protag_shonen_033.webp,GENRE30_CAST_ROSTER.csv sequence 33,33,g30_protag_shonen_033.webp,g30_protag_shonen_033.webp,g30_protag_shonen_033.webp,dc987237418e56667c3faddb2abfb903aa5eb0b75d9a495f52efe5e2dc2e2955,dc987237418e56667c3faddb2abfb903aa5eb0b75d9a495f52efe5e2dc2e2955,35d38693cb688d0d,512,512,True,True,True,True,True,False,
g30_protag_shonen_034,Farah Amari,V6 Genre 30,protag,shonen,kaiju,cosmic_horror,magical,cast/v6/g30_protag_shonen_034.webp,game_source/art_src/cast_v6_genre30_upload_staging/portraits/g30_protag_shonen_034.webp,GENRE30_CAST_ROSTER.csv sequence 34,34,g30_protag_shonen_034.webp,g30_protag_shonen_034.webp,g30_protag_shonen_034.webp,3a8a30613d384bee98b9c9bcbc0376145cd8ac6b40e48bfab4b54c1145a87cfc,3a8a30613d384bee98b9c9bcbc0376145cd8ac6b40e48bfab4b54c1145a87cfc,3429f514c9f26a0f,512,512,True,True,True,True,True,False,
g30_protag_shonen_035,Hana Amari,V6 Genre 30,protag,shonen,monster_taming,crime,survival,cast/v6/g30_protag_shonen_035.webp,game_source/art_src/cast_v6_genre30_upload_staging/portraits/g30_protag_shonen_035.webp,GENRE30_CAST_ROSTER.csv sequence 35,35,g30_protag_shonen_035.webp,g30_protag_shonen_035.webp,g30_protag_shonen_035.webp,b9a5f33dfae850ba2280d91aea40242e76fa37fac7ea1e48b9a962d82e8dfaa4,b9a5f33dfae850ba2280d91aea40242e76fa37fac7ea1e48b9a962d82e8dfaa4,33b5eda903099b1a,512,512,True,True,True,True,True,False,
g30_protag_shonen_036,Haru Amari,V6 Genre 30,protag,shonen,kaiju,cosmic_horror,survival,cast/v6/g30_protag_shonen_036.webp,game_source/art_src/cast_v6_genre30_upload_staging/portraits/g30_protag_shonen_036.webp,GENRE30_CAST_ROSTER.csv sequence 36,36,g30_protag_shonen_036.webp,g30_protag_shonen_036.webp,g30_protag_shonen_036.webp,354ad0bf150f69295b74619677f50debb6a227dbf673d8164ef4c3f69df68a79,354ad0bf150f69295b74619677f50debb6a227dbf673d8164ef4c3f69df68a79,3d9c8a9bc66670c2,512,512,True,True,True,True,True,False,
g30_protag_shonen_037,Idris Amari,V6 Genre 30,protag,shonen,monster_taming,crime,pirate,cast/v6/g30_protag_shonen_037.webp,game_source/art_src/cast_v6_genre30_upload_staging/portraits/g30_protag_shonen_037.webp,GENRE30_CAST_ROSTER.csv sequence 37,37,g30_protag_shonen_037.webp,g30_protag_shonen_037.webp,g30_protag_shonen_037.webp,a3925223c88d80091799547f1471acf8a6e034547e931f10c0fe767279550062,a3925223c88d80091799547f1471acf8a6e034547e931f10c0fe767279550062,32f12956d25e294d,512,512,True,True,True,True,True,False,
g30_protag_shonen_038,Imani Amari,V6 Genre 30,protag,shonen,kaiju,cosmic_horror,pirate,cast/v6/g30_protag_shonen_038.webp,game_source/art_src/cast_v6_genre30_upload_staging/portraits/g30_protag_shonen_038.webp,GENRE30_CAST_ROSTER.csv sequence 38,38,g30_protag_shonen_038.webp,g30_protag_shonen_038.webp,g30_protag_shonen_038.webp,b79039e225fab421508f4d572203a5c89bbe2a012b20e7706bea7cdbb7f64232,b79039e225fab421508f4d572203a5c89bbe2a012b20e7706bea7cdbb7f64232,3a9bc586c4a2cb2d,512,512,True,True,True,True,True,False,
g30_protag_shonen_039,Jae Amari,V6 Genre 30,protag,shonen,monster_taming,crime,martial,cast/v6/g30_protag_shonen_039.webp,game_source/art_src/cast_v6_genre30_upload_staging/portraits/g30_protag_shonen_039.webp,GENRE30_CAST_ROSTER.csv sequence 39,39,g30_protag_shonen_039.webp,g30_protag_shonen_039.webp,g30_protag_shonen_039.webp,9ad92fbf25e7b2461ea332d1d8cce7c143ca9992ee56b84989b7e2104e6b2277,9ad92fbf25e7b2461ea332d1d8cce7c143ca9992ee56b84989b7e2104e6b2277,27904735c38fc9e4,512,512,True,True,True,True,True,False,
g30_protag_shonen_040,Jin Amari,V6 Genre 30,protag,shonen,kaiju,cosmic_horror,martial,cast/v6/g30_protag_shonen_040.webp,game_source/art_src/cast_v6_genre30_upload_staging/portraits/g30_protag_shonen_040.webp,GENRE30_CAST_ROSTER.csv sequence 40,40,g30_protag_shonen_040.webp,g30_protag_shonen_040.webp,g30_protag_shonen_040.webp,4a328868b355ecce953c904d2fbc256487fcbe1a1ad6871791577383f9ec885f,4a328868b355ecce953c904d2fbc256487fcbe1a1ad6871791577383f9ec885f,3ace0a66c546eb86,512,512,True,True,True,True,True,False,
g30_protag_shonen_041,Kael Amari,V6 Genre 30,protag,shonen,monster_taming,crime,mythology,cast/v6/g30_protag_shonen_041.webp,game_source/art_src/cast_v6_genre30_upload_staging/portraits/g30_protag_shonen_041.webp,GENRE30_CAST_ROSTER.csv sequence 41,41,g30_protag_shonen_041.webp,g30_protag_shonen_041.webp,g30_protag_shonen_041.webp,e104151af825f9c1219e1efc142f7f5d7778226d101552e3a73112a2ea76bfe2,e104151af825f9c1219e1efc142f7f5d7778226d101552e3a73112a2ea76bfe2,3e86d0710a0dbe4f,512,512,True,True,True,True,True,False,
g30_protag_shonen_042,Kira Amari,V6 Genre 30,protag,shonen,kaiju,cosmic_horror,mythology,cast/v6/g30_protag_shonen_042.webp,game_source/art_src/cast_v6_genre30_upload_staging/portraits/g30_protag_shonen_042.webp,GENRE30_CAST_ROSTER.csv sequence 42,42,g30_protag_shonen_042.webp,g30_protag_shonen_042.webp,g30_protag_shonen_042.webp,8f310f3ce18204e0b4fd001ef060cd9fe23d50c225224d71163f1af001920861,8f310f3ce18204e0b4fd001ef060cd9fe23d50c225224d71163f1af001920861,25d36f2472c69b0c,512,512,True,True,True,True,True,False,
g30_protag_shonen_043,Leila Amari,V6 Genre 30,protag,shonen,monster_taming,crime,nordic,cast/v6/g30_protag_shonen_043.webp,game_source/art_src/cast_v6_genre30_upload_staging/portraits/g30_protag_shonen_043.webp,GENRE30_CAST_ROSTER.csv sequence 43,43,g30_protag_shonen_043.webp,g30_protag_shonen_043.webp,g30_protag_shonen_043.webp,2c537855cb6d521873db87b357e346cdbe33cef2ec8958cf99733db003223462,2c537855cb6d521873db87b357e346cdbe33cef2ec8958cf99733db003223462,2fc1dc35f6688348,512,512,True,True,True,True,True,False,
g30_protag_shonen_044,Lina Amari,V6 Genre 30,protag,shonen,kaiju,cosmic_horror,nordic,cast/v6/g30_protag_shonen_044.webp,game_source/art_src/cast_v6_genre30_upload_staging/portraits/g30_protag_shonen_044.webp,GENRE30_CAST_ROSTER.csv sequence 44,44,g30_protag_shonen_044.webp,g30_protag_shonen_044.webp,g30_protag_shonen_044.webp,f9c5677571a821969767452b4258d8bb8fd56b9b370f9f0c2ddb037e9680d3bd,f9c5677571a821969767452b4258d8bb8fd56b9b370f9f0c2ddb037e9680d3bd,7be1e470c70ed124,512,512,True,True,True,True,True,False,
g30_protag_shonen_045,Lucan Amari,V6 Genre 30,protag,shonen,monster_taming,crime,samurai,cast/v6/g30_protag_shonen_045.webp,game_source/art_src/cast_v6_genre30_upload_staging/portraits/g30_protag_shonen_045.webp,GENRE30_CAST_ROSTER.csv sequence 45,45,g30_protag_shonen_045.webp,g30_protag_shonen_045.webp,g30_protag_shonen_045.webp,6d0cfb2dcfa314794598e137a0474a47a62881b3acf34fa491e502bfa010262e,6d0cfb2dcfa314794598e137a0474a47a62881b3acf34fa491e502bfa010262e,3f97d60a590d1c70,512,512,True,True,True,True,True,False,
g30_protag_shonen_046,Mara Amari,V6 Genre 30,protag,shonen,kaiju,cosmic_horror,samurai,cast/v6/g30_protag_shonen_046.webp,game_source/art_src/cast_v6_genre30_upload_staging/portraits/g30_protag_shonen_046.webp,GENRE30_CAST_ROSTER.csv sequence 46,46,g30_protag_shonen_046.webp,g30_protag_shonen_046.webp,g30_protag_shonen_046.webp,0a53980029892a9562eec045fce01b637525192a6f1bbc075caa20e11d0f1f7c,0a53980029892a9562eec045fce01b637525192a6f1bbc075caa20e11d0f1f7c,799dc26c255cd4a8,512,512,True,True,True,True,True,False,
g30_protag_shonen_047,Mika Amari,V6 Genre 30,protag,shonen,monster_taming,crime,shinobi,cast/v6/g30_protag_shonen_047.webp,game_source/art_src/cast_v6_genre30_upload_staging/portraits/g30_protag_shonen_047.webp,GENRE30_CAST_ROSTER.csv sequence 47,47,g30_protag_shonen_047.webp,g30_protag_shonen_047.webp,g30_protag_shonen_047.webp,b32a3a93d519ccafd8f5524dd764f42ff65ba538afe8dd8195ea41f89bfe2d86,b32a3a93d519ccafd8f5524dd764f42ff65ba538afe8dd8195ea41f89bfe2d86,3525b5258db4d19a,512,512,True,True,True,True,True,False,
g30_protag_shonen_048,Mina Amari,V6 Genre 30,protag,shonen,kaiju,cosmic_horror,shinobi,cast/v6/g30_protag_shonen_048.webp,game_source/art_src/cast_v6_genre30_upload_staging/portraits/g30_protag_shonen_048.webp,GENRE30_CAST_ROSTER.csv sequence 48,48,g30_protag_shonen_048.webp,g30_protag_shonen_048.webp,g30_protag_shonen_048.webp,3684a6ddd27e1e534349b9b66ae50403d03a72645b114b548c02def6b7fc9ae0,3684a6ddd27e1e534349b9b66ae50403d03a72645b114b548c02def6b7fc9ae0,7040f333c12cd47f,512,512,True,True,True,True,True,False,
g30_protag_shonen_049,Nadia Amari,V6 Genre 30,protag,shonen,monster_taming,crime,vampire,cast/v6/g30_protag_shonen_049.webp,game_source/art_src/cast_v6_genre30_upload_staging/portraits/g30_protag_shonen_049.webp,GENRE30_CAST_ROSTER.csv sequence 49,49,g30_protag_shonen_049.webp,g30_protag_shonen_049.webp,g30_protag_shonen_049.webp,8736ce5f6b9cd81b94990137222f205ad43f45dde82787a706502bd090ab71d7,8736ce5f6b9cd81b94990137222f205ad43f45dde82787a706502bd090ab71d7,0d461b64672f66c3,512,512,True,True,True,True,True,False,
g30_protag_shonen_050,Nao Amari,V6 Genre 30,protag,shonen,kaiju,cosmic_horror,vampire,cast/v6/g30_protag_shonen_050.webp,game_source/art_src/cast_v6_genre30_upload_staging/portraits/g30_protag_shonen_050.webp,GENRE30_CAST_ROSTER.csv sequence 50,50,g30_protag_shonen_050.webp,g30_protag_shonen_050.webp,g30_protag_shonen_050.webp,89a72c1e23977c33cad0ffcd55242353ac3e04c6b7034dcb4c30e12589f99b59,89a72c1e23977c33cad0ffcd55242353ac3e04c6b7034dcb4c30e12589f99b59,181613bb56d8ad74,512,512,True,True,True,True,True,False,
g30_protag_shonen_051,Niko Amari,V6 Genre 30,protag,shonen,monster_taming,crime,grimdark,cast/v6/g30_protag_shonen_051.webp,game_source/art_src/cast_v6_genre30_upload_staging/portraits/g30_protag_shonen_051.webp,GENRE30_CAST_ROSTER.csv sequence 51,51,g30_protag_shonen_051.webp,g30_protag_shonen_051.webp,g30_protag_shonen_051.webp,b3e8b8deede3742d74c6bdd5a8fc02c77c400f00e84a5b7aca60982ce014c97b,b3e8b8deede3742d74c6bdd5a8fc02c77c400f00e84a5b7aca60982ce014c97b,3dc94a14cd9e85c3,512,512,True,True,True,True,True,False,
g30_protag_shonen_052,Noor Amari,V6 Genre 30,protag,shonen,kaiju,cosmic_horror,grimdark,cast/v6/g30_protag_shonen_052.webp,game_source/art_src/cast_v6_genre30_upload_staging/portraits/g30_protag_shonen_052.webp,GENRE30_CAST_ROSTER.csv sequence 52,52,g30_protag_shonen_052.webp,g30_protag_shonen_052.webp,g30_protag_shonen_052.webp,964a332867aa4d4408c0861c3a0fb919c1677f75ff5d8fd5b7d15b2102af9791,964a332867aa4d4408c0861c3a0fb919c1677f75ff5d8fd5b7d15b2102af9791,30c107169f9ad46f,512,512,True,True,True,True,True,False,
g30_protag_shonen_053,Rhea Amari,V6 Genre 30,protag,shonen,mecha,isekai,monster_taming,cast/v6/g30_protag_shonen_053.webp,game_source/art_src/cast_v6_genre30_upload_staging/portraits/g30_protag_shonen_053.webp,GENRE30_CAST_ROSTER.csv sequence 53,53,g30_protag_shonen_053.webp,g30_protag_shonen_053.webp,g30_protag_shonen_053.webp,05036588a500bb531e229f5afb41d2053099ae9fc2440b37fb28c1ffc72139ca,05036588a500bb531e229f5afb41d2053099ae9fc2440b37fb28c1ffc72139ca,3297a4bacb49d485,512,512,True,True,True,True,True,False,
g30_protag_shonen_054,Ren Amari,V6 Genre 30,protag,shonen,slice,horror,arabia,cast/v6/g30_protag_shonen_054.webp,game_source/art_src/cast_v6_genre30_upload_staging/portraits/g30_protag_shonen_054.webp,GENRE30_CAST_ROSTER.csv sequence 54,54,g30_protag_shonen_054.webp,g30_protag_shonen_054.webp,g30_protag_shonen_054.webp,8db64f08c9c71c60cbc79a7fe072f12023cf6dd1c5743df9c6587fd32e4e2e47,8db64f08c9c71c60cbc79a7fe072f12023cf6dd1c5743df9c6587fd32e4e2e47,07193b6569d3558a,512,512,True,True,True,True,True,False,
g30_protag_shonen_055,Rin Amari,V6 Genre 30,protag,shonen,romance,sports,arabia,cast/v6/g30_protag_shonen_055.webp,game_source/art_src/cast_v6_genre30_upload_staging/portraits/g30_protag_shonen_055.webp,GENRE30_CAST_ROSTER.csv sequence 55,55,g30_protag_shonen_055.webp,g30_protag_shonen_055.webp,g30_protag_shonen_055.webp,7d6305e30ff0f9e89d51c5fd19403db5a9cfc2ededa728227a17eb01f6bdb7db,7d6305e30ff0f9e89d51c5fd19403db5a9cfc2ededa728227a17eb01f6bdb7db,3498c148c75be2e7,512,512,True,True,True,True,True,False,
g30_protag_shonen_056,Samira Amari,V6 Genre 30,protag,shonen,cyber,fantasy,arabia,cast/v6/g30_protag_shonen_056.webp,game_source/art_src/cast_v6_genre30_upload_staging/portraits/g30_protag_shonen_056.webp,GENRE30_CAST_ROSTER.csv sequence 56,56,g30_protag_shonen_056.webp,g30_protag_shonen_056.webp,g30_protag_shonen_056.webp,bdd19b3c29dfc14c7b4d302edcf0abf4675ea7528bdb741b83ebd32f7e34e4e0,bdd19b3c29dfc14c7b4d302edcf0abf4675ea7528bdb741b83ebd32f7e34e4e0,3a490c636b3cc3b6,512,512,True,True,True,True,True,False,
g30_protag_shonen_057,Sana Amari,V6 Genre 30,protag,shonen,idol,mystery,arabia,cast/v6/g30_protag_shonen_057.webp,game_source/art_src/cast_v6_genre30_upload_staging/portraits/g30_protag_shonen_057.webp,GENRE30_CAST_ROSTER.csv sequence 57,57,g30_protag_shonen_057.webp,g30_protag_shonen_057.webp,g30_protag_shonen_057.webp,d1ae12147409ebbc31a5d7489bbfc2c6bd51b1d083e5be57456a5e419a0326d5,d1ae12147409ebbc31a5d7489bbfc2c6bd51b1d083e5be57456a5e419a0326d5,1c4a4b37534b9cb8,512,512,True,True,True,True,True,False,
g30_protag_shonen_058,Sora Amari,V6 Genre 30,protag,shonen,comedy,cooking,arabia,cast/v6/g30_protag_shonen_058.webp,game_source/art_src/cast_v6_genre30_upload_staging/portraits/g30_protag_shonen_058.webp,GENRE30_CAST_ROSTER.csv sequence 58,58,g30_protag_shonen_058.webp,g30_protag_shonen_058.webp,g30_protag_shonen_058.webp,bd74a54c476b3830aebad129dea5029fa7f474390ec71ce58655ad71dcc66e58,bd74a54c476b3830aebad129dea5029fa7f474390ec71ce58655ad71dcc66e58,1cdc9368d82623db,512,512,True,True,True,True,True,False,
g30_protag_shonen_059,Tala Amari,V6 Genre 30,protag,shonen,military,supernatural,arabia,cast/v6/g30_protag_shonen_059.webp,game_source/art_src/cast_v6_genre30_upload_staging/portraits/g30_protag_shonen_059.webp,GENRE30_CAST_ROSTER.csv sequence 59,59,g30_protag_shonen_059.webp,g30_protag_shonen_059.webp,g30_protag_shonen_059.webp,bf08dc2b8745cc60b329a83796bc1c0c4a3d69740f0459fb42c5da87878b6e5e,bf08dc2b8745cc60b329a83796bc1c0c4a3d69740f0459fb42c5da87878b6e5e,32d2d23f6d696043,512,512,True,True,True,True,True,False,
g30_protag_shonen_060,Yara Amari,V6 Genre 30,protag,shonen,space,magical,arabia,cast/v6/g30_protag_shonen_060.webp,game_source/art_src/cast_v6_genre30_upload_staging/portraits/g30_protag_shonen_060.webp,GENRE30_CAST_ROSTER.csv sequence 60,60,g30_protag_shonen_060.webp,g30_protag_shonen_060.webp,g30_protag_shonen_060.webp,c83354b501d44379c1887473b956088cfb7fd18786efac98042d0472651fbdac,c83354b501d44379c1887473b956088cfb7fd18786efac98042d0472651fbdac,0d336423e67a670e,512,512,True,True,True,True,True,False,
g30_protag_shonen_061,Aiko Azhar,V6 Genre 30,protag,shonen,survival,pirate,arabia,cast/v6/g30_protag_shonen_061.webp,game_source/art_src/cast_v6_genre30_upload_staging/portraits/g30_protag_shonen_061.webp,GENRE30_CAST_ROSTER.csv sequence 61,61,g30_protag_shonen_061.webp,g30_protag_shonen_061.webp,g30_protag_shonen_061.webp,c57e912f53ec7d97709c0284535a55502ff932e00b119f0b5f3b4a3ec3d72ba5,c57e912f53ec7d97709c0284535a55502ff932e00b119f0b5f3b4a3ec3d72ba5,362cc8ad954a979a,512,512,True,True,True,True,True,False,
g30_protag_shonen_062,Amara Azhar,V6 Genre 30,protag,shonen,martial,mythology,arabia,cast/v6/g30_protag_shonen_062.webp,game_source/art_src/cast_v6_genre30_upload_staging/portraits/g30_protag_shonen_062.webp,GENRE30_CAST_ROSTER.csv sequence 62,62,g30_protag_shonen_062.webp,g30_protag_shonen_062.webp,g30_protag_shonen_062.webp,ed461cfc38bc0078db94943477236d8186d70d7b58e10d7331112fe6db79dfb9,ed461cfc38bc0078db94943477236d8186d70d7b58e10d7331112fe6db79dfb9,3be34a944b05dd94,512,512,True,True,True,True,True,False,
g30_protag_shonen_063,Ansel Azhar,V6 Genre 30,protag,shonen,nordic,samurai,arabia,cast/v6/g30_protag_shonen_063.webp,game_source/art_src/cast_v6_genre30_upload_staging/portraits/g30_protag_shonen_063.webp,GENRE30_CAST_ROSTER.csv sequence 63,63,g30_protag_shonen_063.webp,g30_protag_shonen_063.webp,g30_protag_shonen_063.webp,a19a7fd2942573c20d0aed995f8b5a487701bed775112c49d975da9bb8967d61,a19a7fd2942573c20d0aed995f8b5a487701bed775112c49d975da9bb8967d61,3ad0f2425f541f45,512,512,True,True,True,True,True,False,
g30_protag_shonen_064,Arden Azhar,V6 Genre 30,protag,shonen,shinobi,vampire,arabia,cast/v6/g30_protag_shonen_064.webp,game_source/art_src/cast_v6_genre30_upload_staging/portraits/g30_protag_shonen_064.webp,GENRE30_CAST_ROSTER.csv sequence 64,64,g30_protag_shonen_064.webp,g30_protag_shonen_064.webp,g30_protag_shonen_064.webp,1941b9ab6c13e115b3c74a24cfc131e22e3f8c4825d3bcc5811e90abd9b45b68,1941b9ab6c13e115b3c74a24cfc131e22e3f8c4825d3bcc5811e90abd9b45b68,1695a76415acdc33,512,512,True,True,True,True,True,False,
g30_protag_shonen_065,Ari Azhar,V6 Genre 30,protag,shonen,monster_taming,arabia,grimdark,cast/v6/g30_protag_shonen_065.webp,game_source/art_src/cast_v6_genre30_upload_staging/portraits/g30_protag_shonen_065.webp,GENRE30_CAST_ROSTER.csv sequence 65,65,g30_protag_shonen_065.webp,g30_protag_shonen_065.webp,g30_protag_shonen_065.webp,b40105c42757b7f9c98942efc0ffff78cd581f1615c7ae9d7dfcda68fb2174a7,b40105c42757b7f9c98942efc0ffff78cd581f1615c7ae9d7dfcda68fb2174a7,20e8e19dd707d8cc,512,512,True,True,True,True,True,False,sora
g30_protag_shojo_001,Asa Azhar,V6 Genre 30,protag,shojo,monster_taming,crime,kaiju,cast/v6/g30_protag_shojo_001.webp,game_source/art_src/cast_v6_genre30_upload_staging/portraits/g30_protag_shojo_001.webp,GENRE30_CAST_ROSTER.csv sequence 66,66,g30_protag_shojo_001.webp,g30_protag_shojo_001.webp,g30_protag_shojo_001.webp,64a785c506586b44814c37b5686cf0fdf9a444bce5e693b61a9c3cfdb8f89e6f,64a785c506586b44814c37b5686cf0fdf9a444bce5e693b61a9c3cfdb8f89e6f,0bb9e4621892779d,512,512,True,True,True,True,True,False,
g30_protag_shojo_002,Asha Azhar,V6 Genre 30,protag,shojo,monster_taming,cosmic_horror,arabia,cast/v6/g30_protag_shojo_002.webp,game_source/art_src/cast_v6_genre30_upload_staging/portraits/g30_protag_shojo_002.webp,GENRE30_CAST_ROSTER.csv sequence 67,67,g30_protag_shojo_002.webp,g30_protag_shojo_002.webp,g30_protag_shojo_002.webp,03f15bd1dc5561adc3879dc0a76a35466a9b15e189cfe94bf49026ecfcc458db,03f15bd1dc5561adc3879dc0a76a35466a9b15e189cfe94bf49026ecfcc458db,0a7099e3cb4d36cc,512,512,True,True,True,True,True,False,
g30_protag_shojo_003,Cass Azhar,V6 Genre 30,protag,shojo,crime,cosmic_horror,mecha,cast/v6/g30_protag_shojo_003.webp,game_source/art_src/cast_v6_genre30_upload_staging/portraits/g30_protag_shojo_003.webp,GENRE30_CAST_ROSTER.csv sequence 68,68,g30_protag_shojo_003.webp,g30_protag_shojo_003.webp,g30_protag_shojo_003.webp,63fbba957827bfe87bf41b6bffdcdcd195224e02ec1bedc5b9e6d6341ab9791a,63fbba957827bfe87bf41b6bffdcdcd195224e02ec1bedc5b9e6d6341ab9791a,3990522525b59f8f,512,512,True,True,True,True,True,False,
g30_protag_shojo_004,Cassia Azhar,V6 Genre 30,protag,shojo,kaiju,arabia,mecha,cast/v6/g30_protag_shojo_004.webp,game_source/art_src/cast_v6_genre30_upload_staging/portraits/g30_protag_shojo_004.webp,GENRE30_CAST_ROSTER.csv sequence 69,69,g30_protag_shojo_004.webp,g30_protag_shojo_004.webp,g30_protag_shojo_004.webp,eb1571d65776900c15966706876495e4e33ef2e2860caee91f36060b6d50dc88,eb1571d65776900c15966706876495e4e33ef2e2860caee91f36060b6d50dc88,2e9ccdd9cbb18680,512,512,True,True,True,True,True,False,
g30_protag_shojo_005,Dara Azhar,V6 Genre 30,protag,shojo,crime,arabia,isekai,cast/v6/g30_protag_shojo_005.webp,game_source/art_src/cast_v6_genre30_upload_staging/portraits/g30_protag_shojo_005.webp,GENRE30_CAST_ROSTER.csv sequence 70,70,g30_protag_shojo_005.webp,g30_protag_shojo_005.webp,g30_protag_shojo_005.webp,14e168d3e7f8fe00af8316d1856c0d21f63971db9ed8b4260138e307cd1f3077,14e168d3e7f8fe00af8316d1856c0d21f63971db9ed8b4260138e307cd1f3077,6de0893d655190f3,512,512,True,True,True,True,True,False,
g30_protag_shojo_006,Eira Azhar,V6 Genre 30,protag,shojo,kaiju,cosmic_horror,isekai,cast/v6/g30_protag_shojo_006.webp,game_source/art_src/cast_v6_genre30_upload_staging/portraits/g30_protag_shojo_006.webp,GENRE30_CAST_ROSTER.csv sequence 71,71,g30_protag_shojo_006.webp,g30_protag_shojo_006.webp,g30_protag_shojo_006.webp,26bc45b1e9e5e0b3e8dd04f5466391786108c9417060d4b3bf6a36ba43f088d6,26bc45b1e9e5e0b3e8dd04f5466391786108c9417060d4b3bf6a36ba43f088d6,554e610db446ceb5,512,512,True,True,True,True,True,False,
g30_protag_shojo_007,Elian Azhar,V6 Genre 30,protag,shojo,monster_taming,crime,slice,cast/v6/g30_protag_shojo_007.webp,game_source/art_src/cast_v6_genre30_upload_staging/portraits/g30_protag_shojo_007.webp,GENRE30_CAST_ROSTER.csv sequence 72,72,g30_protag_shojo_007.webp,g30_protag_shojo_007.webp,g30_protag_shojo_007.webp,44d510042d1df0e41615b5658cdbe3100dad801c95bbe71008f30a5479bde930,44d510042d1df0e41615b5658cdbe3100dad801c95bbe71008f30a5479bde930,65dbb54b60275c11,512,512,True,True,True,True,True,False,
g30_protag_shojo_008,Emi Azhar,V6 Genre 30,protag,shojo,kaiju,cosmic_horror,slice,cast/v6/g30_protag_shojo_008.webp,game_source/art_src/cast_v6_genre30_upload_staging/portraits/g30_protag_shojo_008.webp,GENRE30_CAST_ROSTER.csv sequence 73,73,g30_protag_shojo_008.webp,g30_protag_shojo_008.webp,g30_protag_shojo_008.webp,a596b61830216f853c7475b950ae1928fb2996be443ddc23a9c69d6ab73d94e6,a596b61830216f853c7475b950ae1928fb2996be443ddc23a9c69d6ab73d94e6,7f494633ae32c81c,512,512,True,True,True,True,True,False,
g30_protag_shojo_009,Farah Azhar,V6 Genre 30,protag,shojo,monster_taming,crime,horror,cast/v6/g30_protag_shojo_009.webp,game_source/art_src/cast_v6_genre30_upload_staging/portraits/g30_protag_shojo_009.webp,GENRE30_CAST_ROSTER.csv sequence 74,74,g30_protag_shojo_009.webp,g30_protag_shojo_009.webp,g30_protag_shojo_009.webp,8e8297bb32ce611862829555e2e6e98a624fa2ed50a67b947cda17a81731091a,8e8297bb32ce611862829555e2e6e98a624fa2ed50a67b947cda17a81731091a,1ed233492972cc67,512,512,True,True,True,True,True,False,
g30_protag_shojo_010,Hana Azhar,V6 Genre 30,protag,shojo,kaiju,cosmic_horror,horror,cast/v6/g30_protag_shojo_010.webp,game_source/art_src/cast_v6_genre30_upload_staging/portraits/g30_protag_shojo_010.webp,GENRE30_CAST_ROSTER.csv sequence 75,75,g30_protag_shojo_010.webp,g30_protag_shojo_010.webp,g30_protag_shojo_010.webp,c94ff42c9124a1efadac67081505fca4d564ce799477528c226ddbdda3345c37,c94ff42c9124a1efadac67081505fca4d564ce799477528c226ddbdda3345c37,34c86d3552ab9d4a,512,512,True,True,True,True,True,False,
g30_protag_shojo_011,Haru Azhar,V6 Genre 30,protag,shojo,monster_taming,crime,romance,cast/v6/g30_protag_shojo_011.webp,game_source/art_src/cast_v6_genre30_upload_staging/portraits/g30_protag_shojo_011.webp,GENRE30_CAST_ROSTER.csv sequence 76,76,g30_protag_shojo_011.webp,g30_protag_shojo_011.webp,g30_protag_shojo_011.webp,bba5d14dbf2775e4895a11152f357ee599872ffa9e0bf1b883ea21a46e80afbe,bba5d14dbf2775e4895a11152f357ee599872ffa9e0bf1b883ea21a46e80afbe,72f8b365170f48c2,512,512,True,True,True,True,True,False,
g30_protag_shojo_012,Idris Azhar,V6 Genre 30,protag,shojo,kaiju,cosmic_horror,romance,cast/v6/g30_protag_shojo_012.webp,game_source/art_src/cast_v6_genre30_upload_staging/portraits/g30_protag_shojo_012.webp,GENRE30_CAST_ROSTER.csv sequence 77,77,g30_protag_shojo_012.webp,g30_protag_shojo_012.webp,g30_protag_shojo_012.webp,b63425f33676473abb6bd33ebb47b0f884ca27405fc52637d94aad91647fb03b,b63425f33676473abb6bd33ebb47b0f884ca27405fc52637d94aad91647fb03b,24cf4d64273f6889,512,512,True,True,True,True,True,False,
g30_protag_shojo_013,Imani Azhar,V6 Genre 30,protag,shojo,monster_taming,crime,sports,cast/v6/g30_protag_shojo_013.webp,game_source/art_src/cast_v6_genre30_upload_staging/portraits/g30_protag_shojo_013.webp,GENRE30_CAST_ROSTER.csv sequence 78,78,g30_protag_shojo_013.webp,g30_protag_shojo_013.webp,g30_protag_shojo_013.webp,2ee8b239440a2ac1972741168ee69f7211e78ace0b66165c463721c72db40f8b,2ee8b239440a2ac1972741168ee69f7211e78ace0b66165c463721c72db40f8b,2ab2a325db39cca8,512,512,True,True,True,True,True,False,
g30_protag_shojo_014,Jae Azhar,V6 Genre 30,protag,shojo,kaiju,cosmic_horror,sports,cast/v6/g30_protag_shojo_014.webp,game_source/art_src/cast_v6_genre30_upload_staging/portraits/g30_protag_shojo_014.webp,GENRE30_CAST_ROSTER.csv sequence 79,79,g30_protag_shojo_014.webp,g30_protag_shojo_014.webp,g30_protag_shojo_014.webp,b12ce72a51c5d979ea874f76741fb7c0bac4737c5c05968369efe939bd8355c9,b12ce72a51c5d979ea874f76741fb7c0bac4737c5c05968369efe939bd8355c9,70cb4d3a13a61b1b,512,512,True,True,True,True,True,False,
g30_protag_shojo_015,Jin Azhar,V6 Genre 30,protag,shojo,monster_taming,crime,cyber,cast/v6/g30_protag_shojo_015.webp,game_source/art_src/cast_v6_genre30_upload_staging/portraits/g30_protag_shojo_015.webp,GENRE30_CAST_ROSTER.csv sequence 80,80,g30_protag_shojo_015.webp,g30_protag_shojo_015.webp,g30_protag_shojo_015.webp,3c8a0d621850b927680eadc1ccef3c3de59026ad130fce79199d9ca483ab6934,3c8a0d621850b927680eadc1ccef3c3de59026ad130fce79199d9ca483ab6934,2191562f64a55fd8,512,512,True,True,True,True,True,False,
g30_protag_shojo_016,Kael Azhar,V6 Genre 30,protag,shojo,kaiju,cosmic_horror,cyber,cast/v6/g30_protag_shojo_016.webp,game_source/art_src/cast_v6_genre30_upload_staging/portraits/g30_protag_shojo_016.webp,GENRE30_CAST_ROSTER.csv sequence 81,81,g30_protag_shojo_016.webp,g30_protag_shojo_016.webp,g30_protag_shojo_016.webp,ec777b77c3d018c09a16521cdba88009a483acb89aaedea1f05f6bc73ab5ba16,ec777b77c3d018c09a16521cdba88009a483acb89aaedea1f05f6bc73ab5ba16,56ca4c3133a7ce89,512,512,True,True,True,True,True,False,
g30_protag_shojo_017,Kira Azhar,V6 Genre 30,protag,shojo,monster_taming,crime,fantasy,cast/v6/g30_protag_shojo_017.webp,game_source/art_src/cast_v6_genre30_upload_staging/portraits/g30_protag_shojo_017.webp,GENRE30_CAST_ROSTER.csv sequence 82,82,g30_protag_shojo_017.webp,g30_protag_shojo_017.webp,g30_protag_shojo_017.webp,5ea5de9ffb6590ce8ab3d4209276c9dc8170a2209f819f2a02cba22da732ff07,5ea5de9ffb6590ce8ab3d4209276c9dc8170a2209f819f2a02cba22da732ff07,2f84a0e6a898d9ed,512,512,True,True,True,True,True,False,
g30_protag_shojo_018,Leila Azhar,V6 Genre 30,protag,shojo,kaiju,cosmic_horror,fantasy,cast/v6/g30_protag_shojo_018.webp,game_source/art_src/cast_v6_genre30_upload_staging/portraits/g30_protag_shojo_018.webp,GENRE30_CAST_ROSTER.csv sequence 83,83,g30_protag_shojo_018.webp,g30_protag_shojo_018.webp,g30_protag_shojo_018.webp,9f56cfe2f6df410e491136a66f3e1df509596aa9d919fedfcc1006f4f32e6031,9f56cfe2f6df410e491136a66f3e1df509596aa9d919fedfcc1006f4f32e6031,70d49069c7c7da19,512,512,True,True,True,True,True,False,
g30_protag_shojo_019,Lina Azhar,V6 Genre 30,protag,shojo,monster_taming,crime,idol,cast/v6/g30_protag_shojo_019.webp,game_source/art_src/cast_v6_genre30_upload_staging/portraits/g30_protag_shojo_019.webp,GENRE30_CAST_ROSTER.csv sequence 84,84,g30_protag_shojo_019.webp,g30_protag_shojo_019.webp,g30_protag_shojo_019.webp,ada3a22febf706f7a43f9888b66c656aaabe84575fb37fa55b9f22af4d659002,ada3a22febf706f7a43f9888b66c656aaabe84575fb37fa55b9f22af4d659002,6d8c5721307e23ea,512,512,True,True,True,True,True,False,
g30_protag_shojo_020,Lucan Azhar,V6 Genre 30,protag,shojo,kaiju,cosmic_horror,idol,cast/v6/g30_protag_shojo_020.webp,game_source/art_src/cast_v6_genre30_upload_staging/portraits/g30_protag_shojo_020.webp,GENRE30_CAST_ROSTER.csv sequence 85,85,g30_protag_shojo_020.webp,g30_protag_shojo_020.webp,g30_protag_shojo_020.webp,047259721ba77fabe070537c9fb00d6fa20040870b7ff15265a417ff1c1c2d31,047259721ba77fabe070537c9fb00d6fa20040870b7ff15265a417ff1c1c2d31,49357fb3248219c7,512,512,True,True,True,True,True,False,
g30_protag_shojo_021,Mara Azhar,V6 Genre 30,protag,shojo,monster_taming,crime,mystery,cast/v6/g30_protag_shojo_021.webp,game_source/art_src/cast_v6_genre30_upload_staging/portraits/g30_protag_shojo_021.webp,GENRE30_CAST_ROSTER.csv sequence 86,86,g30_protag_shojo_021.webp,g30_protag_shojo_021.webp,g30_protag_shojo_021.webp,caafc7b1c35d24f232d4bc67f9c024655cbaf3f7ccbe2ef1581643692144d31e,caafc7b1c35d24f232d4bc67f9c024655cbaf3f7ccbe2ef1581643692144d31e,49874d53466f19cc,512,512,True,True,True,True,True,False,
g30_protag_shojo_022,Mika Azhar,V6 Genre 30,protag,shojo,kaiju,cosmic_horror,mystery,cast/v6/g30_protag_shojo_022.webp,game_source/art_src/cast_v6_genre30_upload_staging/portraits/g30_protag_shojo_022.webp,GENRE30_CAST_ROSTER.csv sequence 87,87,g30_protag_shojo_022.webp,g30_protag_shojo_022.webp,g30_protag_shojo_022.webp,6b6cafd5206604b315f075d0296b9948ec28091d5d64267e509d23f8143f0db6,6b6cafd5206604b315f075d0296b9948ec28091d5d64267e509d23f8143f0db6,48f05863473f8d5c,512,512,True,True,True,True,True,False,
g30_protag_shojo_023,Mina Azhar,V6 Genre 30,protag,shojo,monster_taming,crime,comedy,cast/v6/g30_protag_shojo_023.webp,game_source/art_src/cast_v6_genre30_upload_staging/portraits/g30_protag_shojo_023.webp,GENRE30_CAST_ROSTER.csv sequence 88,88,g30_protag_shojo_023.webp,g30_protag_shojo_023.webp,g30_protag_shojo_023.webp,a650d370c12d220c8c4aec8e106cf6ce8d5c2897c1b157b1ce1f206f143f2529,a650d370c12d220c8c4aec8e106cf6ce8d5c2897c1b157b1ce1f206f143f2529,39b69430cb19c8f6,512,512,True,True,True,True,True,False,
g30_protag_shojo_024,Nadia Azhar,V6 Genre 30,protag,shojo,kaiju,cosmic_horror,comedy,cast/v6/g30_protag_shojo_024.webp,game_source/art_src/cast_v6_genre30_upload_staging/portraits/g30_protag_shojo_024.webp,GENRE30_CAST_ROSTER.csv sequence 89,89,g30_protag_shojo_024.webp,g30_protag_shojo_024.webp,g30_protag_shojo_024.webp,df467305733cea95b34b214a1ba907877d91d144000ccaad96499aa4b149e1b5,df467305733cea95b34b214a1ba907877d91d144000ccaad96499aa4b149e1b5,3f895a5ed8917141,512,512,True,True,True,True,True,False,
g30_protag_shojo_025,Nao Azhar,V6 Genre 30,protag,shojo,monster_taming,crime,cooking,cast/v6/g30_protag_shojo_025.webp,game_source/art_src/cast_v6_genre30_upload_staging/portraits/g30_protag_shojo_025.webp,GENRE30_CAST_ROSTER.csv sequence 90,90,g30_protag_shojo_025.webp,g30_protag_shojo_025.webp,g30_protag_shojo_025.webp,bc3ade351a1af279a2bf70eca99adc97c038a8c3ec018a2b39ccdee7e84925e6,bc3ade351a1af279a2bf70eca99adc97c038a8c3ec018a2b39ccdee7e84925e6,197743c30c2656bd,512,512,True,True,True,True,True,False,
g30_protag_shojo_026,Niko Azhar,V6 Genre 30,protag,shojo,kaiju,cosmic_horror,cooking,cast/v6/g30_protag_shojo_026.webp,game_source/art_src/cast_v6_genre30_upload_staging/portraits/g30_protag_shojo_026.webp,GENRE30_CAST_ROSTER.csv sequence 91,91,g30_protag_shojo_026.webp,g30_protag_shojo_026.webp,g30_protag_shojo_026.webp,3418508dcbb0cb956563a4d549f9967685bee49dd7afe47fd55a91ca602132c4,3418508dcbb0cb956563a4d549f9967685bee49dd7afe47fd55a91ca602132c4,2c936b2c42e5b98e,512,512,True,True,True,True,True,False,
g30_protag_shojo_027,Noor Azhar,V6 Genre 30,protag,shojo,monster_taming,crime,military,cast/v6/g30_protag_shojo_027.webp,game_source/art_src/cast_v6_genre30_upload_staging/portraits/g30_protag_shojo_027.webp,GENRE30_CAST_ROSTER.csv sequence 92,92,g30_protag_shojo_027.webp,g30_protag_shojo_027.webp,g30_protag_shojo_027.webp,068eee6fbf8a25c8367d812d4c61a5278ac0e1bc0f093589b56bf3639128113a,068eee6fbf8a25c8367d812d4c61a5278ac0e1bc0f093589b56bf3639128113a,16e68193f2e4da89,512,512,True,True,True,True,True,False,
g30_protag_shojo_028,Rhea Azhar,V6 Genre 30,protag,shojo,kaiju,cosmic_horror,military,cast/v6/g30_protag_shojo_028.webp,game_source/art_src/cast_v6_genre30_upload_staging/portraits/g30_protag_shojo_028.webp,GENRE30_CAST_ROSTER.csv sequence 93,93,g30_protag_shojo_028.webp,g30_protag_shojo_028.webp,g30_protag_shojo_028.webp,52b6b53efb49cfa1c3007b2bd7caca4f6e99cb0f91fefa4742e7fe2163f51eaf,52b6b53efb49cfa1c3007b2bd7caca4f6e99cb0f91fefa4742e7fe2163f51eaf,2f858dbdb039b904,512,512,True,True,True,True,True,False,
g30_protag_shojo_029,Ren Azhar,V6 Genre 30,protag,shojo,monster_taming,crime,supernatural,cast/v6/g30_protag_shojo_029.webp,game_source/art_src/cast_v6_genre30_upload_staging/portraits/g30_protag_shojo_029.webp,GENRE30_CAST_ROSTER.csv sequence 94,94,g30_protag_shojo_029.webp,g30_protag_shojo_029.webp,g30_protag_shojo_029.webp,bbb79cca2b592f01ba8546f2913a6dfb006eb7a0ccb80edbc956c121719d06ed,bbb79cca2b592f01ba8546f2913a6dfb006eb7a0ccb80edbc956c121719d06ed,554c0fe63c33a1c6,512,512,True,True,True,True,True,False,
g30_protag_shojo_030,Rin Azhar,V6 Genre 30,protag,shojo,kaiju,cosmic_horror,supernatural,cast/v6/g30_protag_shojo_030.webp,game_source/art_src/cast_v6_genre30_upload_staging/portraits/g30_protag_shojo_030.webp,GENRE30_CAST_ROSTER.csv sequence 95,95,g30_protag_shojo_030.webp,g30_protag_shojo_030.webp,g30_protag_shojo_030.webp,fac44264ae606fce0f384566559c52dbf1200385d284c3603a0dca526b252c1c,fac44264ae606fce0f384566559c52dbf1200385d284c3603a0dca526b252c1c,691c17e3121fe345,512,512,True,True,True,True,True,False,
g30_protag_shojo_031,Samira Azhar,V6 Genre 30,protag,shojo,monster_taming,crime,space,cast/v6/g30_protag_shojo_031.webp,game_source/art_src/cast_v6_genre30_upload_staging/portraits/g30_protag_shojo_031.webp,GENRE30_CAST_ROSTER.csv sequence 96,96,g30_protag_shojo_031.webp,g30_protag_shojo_031.webp,g30_protag_shojo_031.webp,82d73fcba0c95289034dad0225771c46995ba833752684eb70604e12c1e3af8b,82d73fcba0c95289034dad0225771c46995ba833752684eb70604e12c1e3af8b,4d8cc67e3a135532,512,512,True,True,True,True,True,False,
g30_protag_shojo_032,Sana Azhar,V6 Genre 30,protag,shojo,kaiju,cosmic_horror,space,cast/v6/g30_protag_shojo_032.webp,game_source/art_src/cast_v6_genre30_upload_staging/portraits/g30_protag_shojo_032.webp,GENRE30_CAST_ROSTER.csv sequence 97,97,g30_protag_shojo_032.webp,g30_protag_shojo_032.webp,g30_protag_shojo_032.webp,81a55f71d452a7efee83f0e2daa56303848af84c4cc65d8af5ed4944d96a37d5,81a55f71d452a7efee83f0e2daa56303848af84c4cc65d8af5ed4944d96a37d5,261415d36863e37d,512,512,True,True,True,True,True,False,
g30_protag_shojo_033,Sora Azhar,V6 Genre 30,protag,shojo,monster_taming,crime,magical,cast/v6/g30_protag_shojo_033.webp,game_source/art_src/cast_v6_genre30_upload_staging/portraits/g30_protag_shojo_033.webp,GENRE30_CAST_ROSTER.csv sequence 98,98,g30_protag_shojo_033.webp,g30_protag_shojo_033.webp,g30_protag_shojo_033.webp,85856f4c67020611facb36a7e13bc7e16970e09cb23ebee277120674f9947720,85856f4c67020611facb36a7e13bc7e16970e09cb23ebee277120674f9947720,3992207b1ba7c28f,512,512,True,True,True,True,True,False,
g30_protag_shojo_034,Tala Azhar,V6 Genre 30,protag,shojo,kaiju,cosmic_horror,magical,cast/v6/g30_protag_shojo_034.webp,game_source/art_src/cast_v6_genre30_upload_staging/portraits/g30_protag_shojo_034.webp,GENRE30_CAST_ROSTER.csv sequence 99,99,g30_protag_shojo_034.webp,g30_protag_shojo_034.webp,g30_protag_shojo_034.webp,939186b06bf257db9fce067b41394508e1cd6204cd01a8398219db5cb18ec5fa,939186b06bf257db9fce067b41394508e1cd6204cd01a8398219db5cb18ec5fa,1591937b2587ce4a,512,512,True,True,True,True,True,False,
g30_protag_shojo_035,Yara Azhar,V6 Genre 30,protag,shojo,monster_taming,crime,survival,cast/v6/g30_protag_shojo_035.webp,game_source/art_src/cast_v6_genre30_upload_staging/portraits/g30_protag_shojo_035.webp,GENRE30_CAST_ROSTER.csv sequence 100,100,g30_protag_shojo_035.webp,g30_protag_shojo_035.webp,g30_protag_shojo_035.webp,a1bdce5b404018e3599e1bb664fa714485741b7be01dc4e493949677522a64fd,a1bdce5b404018e3599e1bb664fa714485741b7be01dc4e493949677522a64fd,22968fe482f7c88b,512,512,True,True,True,True,True,False,
g30_protag_shojo_036,Aiko Bako,V6 Genre 30,protag,shojo,kaiju,cosmic_horror,survival,cast/v6/g30_protag_shojo_036.webp,game_source/art_src/cast_v6_genre30_upload_staging/portraits/g30_protag_shojo_036.webp,GENRE30_CAST_ROSTER.csv sequence 101,101,g30_protag_shojo_036.webp,g30_protag_shojo_036.webp,g30_protag_shojo_036.webp,d14f799d447f834dd58f17e65f5e8b9d879bc424d7318e3efe1c4f7ff0196191,d14f799d447f834dd58f17e65f5e8b9d879bc424d7318e3efe1c4f7ff0196191,61ce577ae0b74007,512,512,True,True,True,True,True,False,
g30_protag_shojo_037,Amara Bako,V6 Genre 30,protag,shojo,monster_taming,crime,pirate,cast/v6/g30_protag_shojo_037.webp,game_source/art_src/cast_v6_genre30_upload_staging/portraits/g30_protag_shojo_037.webp,GENRE30_CAST_ROSTER.csv sequence 102,102,g30_protag_shojo_037.webp,g30_protag_shojo_037.webp,g30_protag_shojo_037.webp,77e8fbfd6c70f714c5b966880bce2dc1a7b9c77df6760148008b9b49355ee87d,77e8fbfd6c70f714c5b966880bce2dc1a7b9c77df6760148008b9b49355ee87d,69e9e206da56c389,512,512,True,True,True,True,True,False,
g30_protag_shojo_038,Ansel Bako,V6 Genre 30,protag,shojo,kaiju,cosmic_horror,pirate,cast/v6/g30_protag_shojo_038.webp,game_source/art_src/cast_v6_genre30_upload_staging/portraits/g30_protag_shojo_038.webp,GENRE30_CAST_ROSTER.csv sequence 103,103,g30_protag_shojo_038.webp,g30_protag_shojo_038.webp,g30_protag_shojo_038.webp,e11d934c5aa93d87703b4c7d06e2e3727b040320696d7ea24f6297e2765ba467,e11d934c5aa93d87703b4c7d06e2e3727b040320696d7ea24f6297e2765ba467,1ee867928b6694cc,512,512,True,True,True,True,True,False,
g30_protag_shojo_039,Arden Bako,V6 Genre 30,protag,shojo,monster_taming,crime,martial,cast/v6/g30_protag_shojo_039.webp,game_source/art_src/cast_v6_genre30_upload_staging/portraits/g30_protag_shojo_039.webp,GENRE30_CAST_ROSTER.csv sequence 104,104,g30_protag_shojo_039.webp,g30_protag_shojo_039.webp,g30_protag_shojo_039.webp,ffc77af961db7036960ff39fe57b48982ff82ca572c986d998cdc16178c5ff2a,ffc77af961db7036960ff39fe57b48982ff82ca572c986d998cdc16178c5ff2a,2dc51214d3cb95b9,512,512,True,True,True,True,True,False,
g30_protag_shojo_040,Ari Bako,V6 Genre 30,protag,shojo,kaiju,cosmic_horror,martial,cast/v6/g30_protag_shojo_040.webp,game_source/art_src/cast_v6_genre30_upload_staging/portraits/g30_protag_shojo_040.webp,GENRE30_CAST_ROSTER.csv sequence 105,105,g30_protag_shojo_040.webp,g30_protag_shojo_040.webp,g30_protag_shojo_040.webp,e47789212dd2e7c6f9db943ee4397539de774b3c960966867944c6b749c1c0fb,e47789212dd2e7c6f9db943ee4397539de774b3c960966867944c6b749c1c0fb,3c8719c9b692339a,512,512,True,True,True,True,True,False,
g30_protag_shojo_041,Asa Bako,V6 Genre 30,protag,shojo,monster_taming,crime,mythology,cast/v6/g30_protag_shojo_041.webp,game_source/art_src/cast_v6_genre30_upload_staging/portraits/g30_protag_shojo_041.webp,GENRE30_CAST_ROSTER.csv sequence 106,106,g30_protag_shojo_041.webp,g30_protag_shojo_041.webp,g30_protag_shojo_041.webp,a59d75e1b3b6d36d30bf701976e959efd889979788596eee42bf7a7d0016b124,a59d75e1b3b6d36d30bf701976e959efd889979788596eee42bf7a7d0016b124,63d5b10e74798487,512,512,True,True,True,True,True,False,
g30_protag_shojo_042,Asha Bako,V6 Genre 30,protag,shojo,kaiju,cosmic_horror,mythology,cast/v6/g30_protag_shojo_042.webp,game_source/art_src/cast_v6_genre30_upload_staging/portraits/g30_protag_shojo_042.webp,GENRE30_CAST_ROSTER.csv sequence 107,107,g30_protag_shojo_042.webp,g30_protag_shojo_042.webp,g30_protag_shojo_042.webp,81c3234888a49668c3ae42a7ca66113b236f829f1ab8461e7971a239a82da8a6,81c3234888a49668c3ae42a7ca66113b236f829f1ab8461e7971a239a82da8a6,6be1151c28366f87,512,512,True,True,True,True,True,False,
g30_protag_shojo_043,Cass Bako,V6 Genre 30,protag,shojo,monster_taming,crime,nordic,cast/v6/g30_protag_shojo_043.webp,game_source/art_src/cast_v6_genre30_upload_staging/portraits/g30_protag_shojo_043.webp,GENRE30_CAST_ROSTER.csv sequence 108,108,g30_protag_shojo_043.webp,g30_protag_shojo_043.webp,g30_protag_shojo_043.webp,d44e0ecbfe0949a4dd3f26101e70b298efc724d2883516874a26413f095ad289,d44e0ecbfe0949a4dd3f26101e70b298efc724d2883516874a26413f095ad289,2e92dbe5620b3586,512,512,True,True,True,True,True,False,
g30_protag_shojo_044,Cassia Bako,V6 Genre 30,protag,shojo,kaiju,cosmic_horror,nordic,cast/v6/g30_protag_shojo_044.webp,game_source/art_src/cast_v6_genre30_upload_staging/portraits/g30_protag_shojo_044.webp,GENRE30_CAST_ROSTER.csv sequence 109,109,g30_protag_shojo_044.webp,g30_protag_shojo_044.webp,g30_protag_shojo_044.webp,679ab6119fb21f1fd7a36558446421789b070d305b5588c2b272f4bae4815043,679ab6119fb21f1fd7a36558446421789b070d305b5588c2b272f4bae4815043,4bc4674a2b3ea435,512,512,True,True,True,True,True,False,
g30_protag_shojo_045,Dara Bako,V6 Genre 30,protag,shojo,monster_taming,crime,samurai,cast/v6/g30_protag_shojo_045.webp,game_source/art_src/cast_v6_genre30_upload_staging/portraits/g30_protag_shojo_045.webp,GENRE30_CAST_ROSTER.csv sequence 110,110,g30_protag_shojo_045.webp,g30_protag_shojo_045.webp,g30_protag_shojo_045.webp,8567a4c0778e06a3174db4cbddddd41b2f3f505a7205b9baf438f071b3350b97,8567a4c0778e06a3174db4cbddddd41b2f3f505a7205b9baf438f071b3350b97,3db155350f9c015b,512,512,True,True,True,True,True,False,
g30_protag_shojo_046,Eira Bako,V6 Genre 30,protag,shojo,kaiju,cosmic_horror,samurai,cast/v6/g30_protag_shojo_046.webp,game_source/art_src/cast_v6_genre30_upload_staging/portraits/g30_protag_shojo_046.webp,GENRE30_CAST_ROSTER.csv sequence 111,111,g30_protag_shojo_046.webp,g30_protag_shojo_046.webp,g30_protag_shojo_046.webp,c795fb7c8b5b0ec12bf103bcda62cf8f6b76d06b77f423c89a98ba564d2986f4,c795fb7c8b5b0ec12bf103bcda62cf8f6b76d06b77f423c89a98ba564d2986f4,3d30c439e75ae18c,512,512,True,True,True,True,True,False,
g30_protag_shojo_047,Elian Bako,V6 Genre 30,protag,shojo,monster_taming,crime,shinobi,cast/v6/g30_protag_shojo_047.webp,game_source/art_src/cast_v6_genre30_upload_staging/portraits/g30_protag_shojo_047.webp,GENRE30_CAST_ROSTER.csv sequence 112,112,g30_protag_shojo_047.webp,g30_protag_shojo_047.webp,g30_protag_shojo_047.webp,7f2c256f428143d6f7490a778ed6ba683b259fb294df9d7debbb5b739066abc3,7f2c256f428143d6f7490a778ed6ba683b259fb294df9d7debbb5b739066abc3,25d4783427277738,512,512,True,True,True,True,True,False,
g30_protag_shojo_048,Emi Bako,V6 Genre 30,protag,shojo,kaiju,cosmic_horror,shinobi,cast/v6/g30_protag_shojo_048.webp,game_source/art_src/cast_v6_genre30_upload_staging/portraits/g30_protag_shojo_048.webp,GENRE30_CAST_ROSTER.csv sequence 113,113,g30_protag_shojo_048.webp,g30_protag_shojo_048.webp,g30_protag_shojo_048.webp,cbd968ae040d27d882d0e702c8452b3475fec03d99c252056f12e81dfe24f6fb,cbd968ae040d27d882d0e702c8452b3475fec03d99c252056f12e81dfe24f6fb,61e1cb25b5a6834e,512,512,True,True,True,True,True,False,
g30_protag_shojo_049,Farah Bako,V6 Genre 30,protag,shojo,monster_taming,crime,vampire,cast/v6/g30_protag_shojo_049.webp,game_source/art_src/cast_v6_genre30_upload_staging/portraits/g30_protag_shojo_049.webp,GENRE30_CAST_ROSTER.csv sequence 114,114,g30_protag_shojo_049.webp,g30_protag_shojo_049.webp,g30_protag_shojo_049.webp,263d097ce271c8189ae9f505488dc760aff48b4a8b3b075004fa6fb118d3a8d1,263d097ce271c8189ae9f505488dc760aff48b4a8b3b075004fa6fb118d3a8d1,19ddd52527376860,512,512,True,True,True,True,True,False,
g30_protag_shojo_050,Hana Bako,V6 Genre 30,protag,shojo,kaiju,cosmic_horror,vampire,cast/v6/g30_protag_shojo_050.webp,game_source/art_src/cast_v6_genre30_upload_staging/portraits/g30_protag_shojo_050.webp,GENRE30_CAST_ROSTER.csv sequence 115,115,g30_protag_shojo_050.webp,g30_protag_shojo_050.webp,g30_protag_shojo_050.webp,06df28c5397817599fca361b689d35174f1fff3fc07292757c4860cb626e9a90,06df28c5397817599fca361b689d35174f1fff3fc07292757c4860cb626e9a90,154f24dcd24986cf,512,512,True,True,True,True,True,False,
g30_protag_shojo_051,Haru Bako,V6 Genre 30,protag,shojo,monster_taming,crime,grimdark,cast/v6/g30_protag_shojo_051.webp,game_source/art_src/cast_v6_genre30_upload_staging/portraits/g30_protag_shojo_051.webp,GENRE30_CAST_ROSTER.csv sequence 116,116,g30_protag_shojo_051.webp,g30_protag_shojo_051.webp,g30_protag_shojo_051.webp,858348b8c2937b4e0502f7158b1011b066e852f746870252812fe27d00a81eac,858348b8c2937b4e0502f7158b1011b066e852f746870252812fe27d00a81eac,32960d3fe9412a3e,512,512,True,True,True,True,True,False,
g30_protag_shojo_052,Idris Bako,V6 Genre 30,protag,shojo,kaiju,cosmic_horror,grimdark,cast/v6/g30_protag_shojo_052.webp,game_source/art_src/cast_v6_genre30_upload_staging/portraits/g30_protag_shojo_052.webp,GENRE30_CAST_ROSTER.csv sequence 117,117,g30_protag_shojo_052.webp,g30_protag_shojo_052.webp,g30_protag_shojo_052.webp,2867e13c6ef53663192d8ebcdffa6741273d7263b36b902991ecc3fd001b79c2,2867e13c6ef53663192d8ebcdffa6741273d7263b36b902991ecc3fd001b79c2,169419674739cccd,512,512,True,True,True,True,True,False,
g30_protag_shojo_053,Imani Bako,V6 Genre 30,protag,shojo,mecha,isekai,monster_taming,cast/v6/g30_protag_shojo_053.webp,game_source/art_src/cast_v6_genre30_upload_staging/portraits/g30_protag_shojo_053.webp,GENRE30_CAST_ROSTER.csv sequence 118,118,g30_protag_shojo_053.webp,g30_protag_shojo_053.webp,g30_protag_shojo_053.webp,e6d88ae83d7892c2d9c1fd71908c297bad3c28c6d3bc4b1c3400ec7430bd4850,e6d88ae83d7892c2d9c1fd71908c297bad3c28c6d3bc4b1c3400ec7430bd4850,26a5d0357896dc9a,512,512,True,True,True,True,True,False,
g30_protag_shojo_054,Jae Bako,V6 Genre 30,protag,shojo,slice,horror,arabia,cast/v6/g30_protag_shojo_054.webp,game_source/art_src/cast_v6_genre30_upload_staging/portraits/g30_protag_shojo_054.webp,GENRE30_CAST_ROSTER.csv sequence 119,119,g30_protag_shojo_054.webp,g30_protag_shojo_054.webp,g30_protag_shojo_054.webp,a30667b8a55a4deb6be4a92b1e56534b0db131051ee726de5783b03eaf7e4ef2,a30667b8a55a4deb6be4a92b1e56534b0db131051ee726de5783b03eaf7e4ef2,4ec68619fc1e9a13,512,512,True,True,True,True,True,False,
g30_protag_shojo_055,Jin Bako,V6 Genre 30,protag,shojo,romance,sports,arabia,cast/v6/g30_protag_shojo_055.webp,game_source/art_src/cast_v6_genre30_upload_staging/portraits/g30_protag_shojo_055.webp,GENRE30_CAST_ROSTER.csv sequence 120,120,g30_protag_shojo_055.webp,g30_protag_shojo_055.webp,g30_protag_shojo_055.webp,88539177c0da31241ed42f1ae482181c085b8d2f6aad19bb07718092dd866b89,88539177c0da31241ed42f1ae482181c085b8d2f6aad19bb07718092dd866b89,71a9ccf03361331e,512,512,True,True,True,True,True,False,
g30_protag_shojo_056,Kael Bako,V6 Genre 30,protag,shojo,cyber,fantasy,arabia,cast/v6/g30_protag_shojo_056.webp,game_source/art_src/cast_v6_genre30_upload_staging/portraits/g30_protag_shojo_056.webp,GENRE30_CAST_ROSTER.csv sequence 121,121,g30_protag_shojo_056.webp,g30_protag_shojo_056.webp,g30_protag_shojo_056.webp,8a36524510e65f0c349b0803d94cdb455fd639947c04716ee16544a9fd1a175c,8a36524510e65f0c349b0803d94cdb455fd639947c04716ee16544a9fd1a175c,3685f309a7723193,512,512,True,True,True,True,True,False,
g30_protag_shojo_057,Kira Bako,V6 Genre 30,protag,shojo,idol,mystery,arabia,cast/v6/g30_protag_shojo_057.webp,game_source/art_src/cast_v6_genre30_upload_staging/portraits/g30_protag_shojo_057.webp,GENRE30_CAST_ROSTER.csv sequence 122,122,g30_protag_shojo_057.webp,g30_protag_shojo_057.webp,g30_protag_shojo_057.webp,57576a728a3ba4865993bb0849dbc3b9f927d5434aaf7b90ad6aa482423854e1,57576a728a3ba4865993bb0849dbc3b9f927d5434aaf7b90ad6aa482423854e1,17d4195b366bc24a,512,512,True,True,True,True,True,False,
g30_protag_shojo_058,Leila Bako,V6 Genre 30,protag,shojo,comedy,cooking,arabia,cast/v6/g30_protag_shojo_058.webp,game_source/art_src/cast_v6_genre30_upload_staging/portraits/g30_protag_shojo_058.webp,GENRE30_CAST_ROSTER.csv sequence 123,123,g30_protag_shojo_058.webp,g30_protag_shojo_058.webp,g30_protag_shojo_058.webp,cb296279c96c297cb2e2719275dc05efb85a92fca17eba37240d81a274d84aa7,cb296279c96c297cb2e2719275dc05efb85a92fca17eba37240d81a274d84aa7,2486dbc652788fcc,512,512,True,True,True,True,True,False,
g30_protag_shojo_059,Lina Bako,V6 Genre 30,protag,shojo,military,supernatural,arabia,cast/v6/g30_protag_shojo_059.webp,game_source/art_src/cast_v6_genre30_upload_staging/portraits/g30_protag_shojo_059.webp,GENRE30_CAST_ROSTER.csv sequence 124,124,g30_protag_shojo_059.webp,g30_protag_shojo_059.webp,g30_protag_shojo_059.webp,f2329c04e2945b6530de82edd68b429d47c59d5f0912104625d58114f06a5ecd,f2329c04e2945b6530de82edd68b429d47c59d5f0912104625d58114f06a5ecd,119c942b15762ef3,512,512,True,True,True,True,True,False,
g30_protag_shojo_060,Lucan Bako,V6 Genre 30,protag,shojo,space,magical,arabia,cast/v6/g30_protag_shojo_060.webp,game_source/art_src/cast_v6_genre30_upload_staging/portraits/g30_protag_shojo_060.webp,GENRE30_CAST_ROSTER.csv sequence 125,125,g30_protag_shojo_060.webp,g30_protag_shojo_060.webp,g30_protag_shojo_060.webp,3913864100c4e70d441fa6ae8fcff65df4f05150e9f73f86d82acf5b57f06191,3913864100c4e70d441fa6ae8fcff65df4f05150e9f73f86d82acf5b57f06191,6c06334f0f3218fe,512,512,True,True,True,True,True,False,
g30_protag_shojo_061,Mara Bako,V6 Genre 30,protag,shojo,survival,pirate,arabia,cast/v6/g30_protag_shojo_061.webp,game_source/art_src/cast_v6_genre30_upload_staging/portraits/g30_protag_shojo_061.webp,GENRE30_CAST_ROSTER.csv sequence 126,126,g30_protag_shojo_061.webp,g30_protag_shojo_061.webp,g30_protag_shojo_061.webp,1ad5e314e23ae2b4ecdc7e98077dacdc9ee5f2fc528cfc10cc51344b6a04a236,1ad5e314e23ae2b4ecdc7e98077dacdc9ee5f2fc528cfc10cc51344b6a04a236,2afa523435d1e1c5,512,512,True,True,True,True,True,False,
g30_protag_shojo_062,Mika Bako,V6 Genre 30,protag,shojo,martial,mythology,arabia,cast/v6/g30_protag_shojo_062.webp,game_source/art_src/cast_v6_genre30_upload_staging/portraits/g30_protag_shojo_062.webp,GENRE30_CAST_ROSTER.csv sequence 127,127,g30_protag_shojo_062.webp,g30_protag_shojo_062.webp,g30_protag_shojo_062.webp,879c71534a7742492e8566d0d6d4e50339fb351f49b3950035ec4c781a337cae,879c71534a7742492e8566d0d6d4e50339fb351f49b3950035ec4c781a337cae,37c420e69c89c99f,512,512,True,True,True,True,True,False,
g30_protag_shojo_063,Mina Bako,V6 Genre 30,protag,shojo,nordic,samurai,arabia,cast/v6/g30_protag_shojo_063.webp,game_source/art_src/cast_v6_genre30_upload_staging/portraits/g30_protag_shojo_063.webp,GENRE30_CAST_ROSTER.csv sequence 128,128,g30_protag_shojo_063.webp,g30_protag_shojo_063.webp,g30_protag_shojo_063.webp,daab6b2b680c9954774225e5559a62ae4ab611bd7fcc8cb9540f32b5fede79bc,daab6b2b680c9954774225e5559a62ae4ab611bd7fcc8cb9540f32b5fede79bc,72d2c3c12de57c90,512,512,True,True,True,True,True,False,
g30_protag_shojo_064,Nadia Bako,V6 Genre 30,protag,shojo,shinobi,vampire,arabia,cast/v6/g30_protag_shojo_064.webp,game_source/art_src/cast_v6_genre30_upload_staging/portraits/g30_protag_shojo_064.webp,GENRE30_CAST_ROSTER.csv sequence 129,129,g30_protag_shojo_064.webp,g30_protag_shojo_064.webp,g30_protag_shojo_064.webp,a2a379d7442cc171d8f4acd6ac53ea02db5edf21ab94af12950688b774302a24,a2a379d7442cc171d8f4acd6ac53ea02db5edf21ab94af12950688b774302a24,2595b42666e3cb58,512,512,True,True,True,True,True,False,
g30_protag_shojo_065,Nao Bako,V6 Genre 30,protag,shojo,monster_taming,arabia,grimdark,cast/v6/g30_protag_shojo_065.webp,game_source/art_src/cast_v6_genre30_upload_staging/portraits/g30_protag_shojo_065.webp,GENRE30_CAST_ROSTER.csv sequence 130,130,g30_protag_shojo_065.webp,g30_protag_shojo_065.webp,g30_protag_shojo_065.webp,edb7ba43db4ebf52f79dd525af7189da6ad16a3985cd18a2dc5a780bafd9ccf2,edb7ba43db4ebf52f79dd525af7189da6ad16a3985cd18a2dc5a780bafd9ccf2,5c0d1e6c8139e2db,512,512,True,True,True,True,True,False,
g30_secondary_shonen_001,Niko Bako,V6 Genre 30,secondary,shonen,monster_taming,crime,kaiju,cast/v6/g30_secondary_shonen_001.webp,game_source/art_src/cast_v6_genre30_upload_staging/portraits/g30_secondary_shonen_001.webp,GENRE30_CAST_ROSTER.csv sequence 131,131,g30_secondary_shonen_001.webp,g30_secondary_shonen_001.webp,g30_secondary_shonen_001.webp,465e538eb093cff632559ed5fa365a0de7342a9541760bf366e9a2bdd46efd2d,465e538eb093cff632559ed5fa365a0de7342a9541760bf366e9a2bdd46efd2d,659a19e10fe4e51a,512,512,True,True,True,True,True,False,
g30_secondary_shonen_002,Noor Bako,V6 Genre 30,secondary,shonen,monster_taming,cosmic_horror,arabia,cast/v6/g30_secondary_shonen_002.webp,game_source/art_src/cast_v6_genre30_upload_staging/portraits/g30_secondary_shonen_002.webp,GENRE30_CAST_ROSTER.csv sequence 132,132,g30_secondary_shonen_002.webp,g30_secondary_shonen_002.webp,g30_secondary_shonen_002.webp,9dd4c492e68bafce6fb5c9ace40c8879d0a4b678353d25e660a353cc8ff0be69,9dd4c492e68bafce6fb5c9ace40c8879d0a4b678353d25e660a353cc8ff0be69,64c6ded14923d923,512,512,True,True,True,True,True,False,
g30_secondary_shonen_003,Rhea Bako,V6 Genre 30,secondary,shonen,crime,cosmic_horror,mecha,cast/v6/g30_secondary_shonen_003.webp,game_source/art_src/cast_v6_genre30_upload_staging/portraits/g30_secondary_shonen_003.webp,GENRE30_CAST_ROSTER.csv sequence 133,133,g30_secondary_shonen_003.webp,g30_secondary_shonen_003.webp,g30_secondary_shonen_003.webp,7e1c612a50dffc2952f315d85d34966cf8d6fd0efe47b4dafcdd643736deb55e,7e1c612a50dffc2952f315d85d34966cf8d6fd0efe47b4dafcdd643736deb55e,07d49ab118b6cecc,512,512,True,True,True,True,True,False,
g30_secondary_shonen_004,Ren Bako,V6 Genre 30,secondary,shonen,kaiju,arabia,mecha,cast/v6/g30_secondary_shonen_004.webp,game_source/art_src/cast_v6_genre30_upload_staging/portraits/g30_secondary_shonen_004.webp,GENRE30_CAST_ROSTER.csv sequence 134,134,g30_secondary_shonen_004.webp,g30_secondary_shonen_004.webp,g30_secondary_shonen_004.webp,7ecc95e853fe4d07f4f253bb3bbd0c7711f5a36173d370bbd9f89e9803c90a80,7ecc95e853fe4d07f4f253bb3bbd0c7711f5a36173d370bbd9f89e9803c90a80,01b34e8cb3ad3d68,512,512,True,True,True,True,True,False,
g30_secondary_shonen_005,Rin Bako,V6 Genre 30,secondary,shonen,crime,arabia,isekai,cast/v6/g30_secondary_shonen_005.webp,game_source/art_src/cast_v6_genre30_upload_staging/portraits/g30_secondary_shonen_005.webp,GENRE30_CAST_ROSTER.csv sequence 135,135,g30_secondary_shonen_005.webp,g30_secondary_shonen_005.webp,g30_secondary_shonen_005.webp,f25e98dfdda0f7454ba9853336cde237287072515b8bca305198b1927a14e6d0,f25e98dfdda0f7454ba9853336cde237287072515b8bca305198b1927a14e6d0,6aed89941c13b3e1,512,512,True,True,True,True,True,False,
g30_secondary_shonen_006,Samira Bako,V6 Genre 30,secondary,shonen,kaiju,cosmic_horror,isekai,cast/v6/g30_secondary_shonen_006.webp,game_source/art_src/cast_v6_genre30_upload_staging/portraits/g30_secondary_shonen_006.webp,GENRE30_CAST_ROSTER.csv sequence 136,136,g30_secondary_shonen_006.webp,g30_secondary_shonen_006.webp,g30_secondary_shonen_006.webp,6e3665cd9995f5f69e0513cd1e4aa25d8a7cb3aee183febacf0ecc835aefc4d3,6e3665cd9995f5f69e0513cd1e4aa25d8a7cb3aee183febacf0ecc835aefc4d3,28e9d6c7b5995130,512,512,True,True,True,True,True,False,
g30_secondary_shonen_007,Sana Bako,V6 Genre 30,secondary,shonen,monster_taming,crime,slice,cast/v6/g30_secondary_shonen_007.webp,game_source/art_src/cast_v6_genre30_upload_staging/portraits/g30_secondary_shonen_007.webp,GENRE30_CAST_ROSTER.csv sequence 137,137,g30_secondary_shonen_007.webp,g30_secondary_shonen_007.webp,g30_secondary_shonen_007.webp,597b931be846a5fc623380821a53b74466ced3b3b100cd0a0bd328c5ef7e805c,597b931be846a5fc623380821a53b74466ced3b3b100cd0a0bd328c5ef7e805c,3aa4c5722c9f469c,512,512,True,True,True,True,True,False,
g30_secondary_shonen_008,Sora Bako,V6 Genre 30,secondary,shonen,kaiju,cosmic_horror,slice,cast/v6/g30_secondary_shonen_008.webp,game_source/art_src/cast_v6_genre30_upload_staging/portraits/g30_secondary_shonen_008.webp,GENRE30_CAST_ROSTER.csv sequence 138,138,g30_secondary_shonen_008.webp,g30_secondary_shonen_008.webp,g30_secondary_shonen_008.webp,b999f19e89d05dedbbee6dfb6e445a579fd686e74b524e5acaa8f1e620b60895,b999f19e89d05dedbbee6dfb6e445a579fd686e74b524e5acaa8f1e620b60895,4ac2dbe9e40a7193,512,512,True,True,True,True,True,False,
g30_secondary_shonen_009,Tala Bako,V6 Genre 30,secondary,shonen,monster_taming,crime,horror,cast/v6/g30_secondary_shonen_009.webp,game_source/art_src/cast_v6_genre30_upload_staging/portraits/g30_secondary_shonen_009.webp,GENRE30_CAST_ROSTER.csv sequence 139,139,g30_secondary_shonen_009.webp,g30_secondary_shonen_009.webp,g30_secondary_shonen_009.webp,db47a876726758e5d28ca1a3e4582c52c40f2a5d1f8274e7298b80e77e76ce38,db47a876726758e5d28ca1a3e4582c52c40f2a5d1f8274e7298b80e77e76ce38,21b9e8661daf1a52,512,512,True,True,True,True,True,False,
g30_secondary_shonen_010,Yara Bako,V6 Genre 30,secondary,shonen,kaiju,cosmic_horror,horror,cast/v6/g30_secondary_shonen_010.webp,game_source/art_src/cast_v6_genre30_upload_staging/portraits/g30_secondary_shonen_010.webp,GENRE30_CAST_ROSTER.csv sequence 140,140,g30_secondary_shonen_010.webp,g30_secondary_shonen_010.webp,g30_secondary_shonen_010.webp,c9cad0cbe866574494a9427d14f82db3d327422a10f1ef73c468b9b0be8d47dc,c9cad0cbe866574494a9427d14f82db3d327422a10f1ef73c468b9b0be8d47dc,190f32472cd8e59b,512,512,True,True,True,True,True,False,
g30_secondary_shonen_011,Aiko Bennett,V6 Genre 30,secondary,shonen,monster_taming,crime,romance,cast/v6/g30_secondary_shonen_011.webp,game_source/art_src/cast_v6_genre30_upload_staging/portraits/g30_secondary_shonen_011.webp,GENRE30_CAST_ROSTER.csv sequence 141,141,g30_secondary_shonen_011.webp,g30_secondary_shonen_011.webp,g30_secondary_shonen_011.webp,f77127c12e93181e2e3c9e0d6c5426b6f45a0c28b831c87b10c52e5187f5f50e,f77127c12e93181e2e3c9e0d6c5426b6f45a0c28b831c87b10c52e5187f5f50e,2495bc319492d7ec,512,512,True,True,True,True,True,False,
g30_secondary_shonen_012,Amara Bennett,V6 Genre 30,secondary,shonen,kaiju,cosmic_horror,romance,cast/v6/g30_secondary_shonen_012.webp,game_source/art_src/cast_v6_genre30_upload_staging/portraits/g30_secondary_shonen_012.webp,GENRE30_CAST_ROSTER.csv sequence 142,142,g30_secondary_shonen_012.webp,g30_secondary_shonen_012.webp,g30_secondary_shonen_012.webp,3182a26644cb4dc86fe5c1984bda670ffc16465f62caba66223a76c0eb3e165f,3182a26644cb4dc86fe5c1984bda670ffc16465f62caba66223a76c0eb3e165f,1d99e865236a4a6e,512,512,True,True,True,True,True,False,
g30_secondary_shonen_013,Ansel Bennett,V6 Genre 30,secondary,shonen,monster_taming,crime,sports,cast/v6/g30_secondary_shonen_013.webp,game_source/art_src/cast_v6_genre30_upload_staging/portraits/g30_secondary_shonen_013.webp,GENRE30_CAST_ROSTER.csv sequence 143,143,g30_secondary_shonen_013.webp,g30_secondary_shonen_013.webp,g30_secondary_shonen_013.webp,336c1e6c71e32f00de5c033403aa0ba414f4ac3065fc4b2b6f50dfed99c34603,336c1e6c71e32f00de5c033403aa0ba414f4ac3065fc4b2b6f50dfed99c34603,3ebda348da620f06,512,512,True,True,True,True,True,False,
g30_secondary_shonen_014,Arden Bennett,V6 Genre 30,secondary,shonen,kaiju,cosmic_horror,sports,cast/v6/g30_secondary_shonen_014.webp,game_source/art_src/cast_v6_genre30_upload_staging/portraits/g30_secondary_shonen_014.webp,GENRE30_CAST_ROSTER.csv sequence 144,144,g30_secondary_shonen_014.webp,g30_secondary_shonen_014.webp,g30_secondary_shonen_014.webp,54ced598f75472328cdd62960ba678c1d0acf1ada2c1e26ffec5bf48c1696de9,54ced598f75472328cdd62960ba678c1d0acf1ada2c1e26ffec5bf48c1696de9,2e9b3a3d606ae84c,512,512,True,True,True,True,True,False,
g30_secondary_shonen_015,Ari Bennett,V6 Genre 30,secondary,shonen,monster_taming,crime,cyber,cast/v6/g30_secondary_shonen_015.webp,game_source/art_src/cast_v6_genre30_upload_staging/portraits/g30_secondary_shonen_015.webp,GENRE30_CAST_ROSTER.csv sequence 145,145,g30_secondary_shonen_015.webp,g30_secondary_shonen_015.webp,g30_secondary_shonen_015.webp,6054c9f925a3dc8fedeba34898710743272256e7354e470522b359f494277876,6054c9f925a3dc8fedeba34898710743272256e7354e470522b359f494277876,2cd23685731b139d,512,512,True,True,True,True,True,False,
g30_secondary_shonen_016,Asa Bennett,V6 Genre 30,secondary,shonen,kaiju,cosmic_horror,cyber,cast/v6/g30_secondary_shonen_016.webp,game_source/art_src/cast_v6_genre30_upload_staging/portraits/g30_secondary_shonen_016.webp,GENRE30_CAST_ROSTER.csv sequence 146,146,g30_secondary_shonen_016.webp,g30_secondary_shonen_016.webp,g30_secondary_shonen_016.webp,e677ffbb1ba5d65ce81dce047d6c60dec53d6e2226fc947ec34c316c95bb2f0c,e677ffbb1ba5d65ce81dce047d6c60dec53d6e2226fc947ec34c316c95bb2f0c,62c39c3c6823f687,512,512,True,True,True,True,True,False,
g30_secondary_shonen_017,Asha Bennett,V6 Genre 30,secondary,shonen,monster_taming,crime,fantasy,cast/v6/g30_secondary_shonen_017.webp,game_source/art_src/cast_v6_genre30_upload_staging/portraits/g30_secondary_shonen_017.webp,GENRE30_CAST_ROSTER.csv sequence 147,147,g30_secondary_shonen_017.webp,g30_secondary_shonen_017.webp,g30_secondary_shonen_017.webp,75aa279d4551ee30c51dcc99e65d618f2ef7bb2a77703e2e8ad05ccf26bfbd24,75aa279d4551ee30c51dcc99e65d618f2ef7bb2a77703e2e8ad05ccf26bfbd24,78dcc89b7435a138,512,512,True,True,True,True,True,False,
g30_secondary_shonen_018,Cass Bennett,V6 Genre 30,secondary,shonen,kaiju,cosmic_horror,fantasy,cast/v6/g30_secondary_shonen_018.webp,game_source/art_src/cast_v6_genre30_upload_staging/portraits/g30_secondary_shonen_018.webp,GENRE30_CAST_ROSTER.csv sequence 148,148,g30_secondary_shonen_018.webp,g30_secondary_shonen_018.webp,g30_secondary_shonen_018.webp,b4a592cddf79ae4c86bc9881564b85b9b033b0970350815eea73947bbbf96242,b4a592cddf79ae4c86bc9881564b85b9b033b0970350815eea73947bbbf96242,12c5ec6e1a995ce8,512,512,True,True,True,True,True,False,
g30_secondary_shonen_019,Cassia Bennett,V6 Genre 30,secondary,shonen,monster_taming,crime,idol,cast/v6/g30_secondary_shonen_019.webp,game_source/art_src/cast_v6_genre30_upload_staging/portraits/g30_secondary_shonen_019.webp,GENRE30_CAST_ROSTER.csv sequence 149,149,g30_secondary_shonen_019.webp,g30_secondary_shonen_019.webp,g30_secondary_shonen_019.webp,4e4570dade7e514d467fc7a79c374b75ec2449b7d995b4d5a964b67a3e3aaf34,4e4570dade7e514d467fc7a79c374b75ec2449b7d995b4d5a964b67a3e3aaf34,3d635472461bd499,512,512,True,True,True,True,True,False,
g30_secondary_shonen_020,Dara Bennett,V6 Genre 30,secondary,shonen,kaiju,cosmic_horror,idol,cast/v6/g30_secondary_shonen_020.webp,game_source/art_src/cast_v6_genre30_upload_staging/portraits/g30_secondary_shonen_020.webp,GENRE30_CAST_ROSTER.csv sequence 150,150,g30_secondary_shonen_020.webp,g30_secondary_shonen_020.webp,g30_secondary_shonen_020.webp,9fbc086f1fd14652b5bcb0970b15bee0af474d3830210c76781a100fc5fcf342,9fbc086f1fd14652b5bcb0970b15bee0af474d3830210c76781a100fc5fcf342,4ecb40a3358f97c1,512,512,True,True,True,True,True,False,
g30_secondary_shonen_021,Eira Bennett,V6 Genre 30,secondary,shonen,monster_taming,crime,mystery,cast/v6/g30_secondary_shonen_021.webp,game_source/art_src/cast_v6_genre30_upload_staging/portraits/g30_secondary_shonen_021.webp,GENRE30_CAST_ROSTER.csv sequence 151,151,g30_secondary_shonen_021.webp,g30_secondary_shonen_021.webp,g30_secondary_shonen_021.webp,299894071fd40450a3b352dde35c5d98f5d0b7ee3fd280a6c700d83c673fefe9,299894071fd40450a3b352dde35c5d98f5d0b7ee3fd280a6c700d83c673fefe9,379b4a45e4f04e1a,512,512,True,True,True,True,True,False,
g30_secondary_shonen_022,Elian Bennett,V6 Genre 30,secondary,shonen,kaiju,cosmic_horror,mystery,cast/v6/g30_secondary_shonen_022.webp,game_source/art_src/cast_v6_genre30_upload_staging/portraits/g30_secondary_shonen_022.webp,GENRE30_CAST_ROSTER.csv sequence 152,152,g30_secondary_shonen_022.webp,g30_secondary_shonen_022.webp,g30_secondary_shonen_022.webp,6722e612c78c0683eaf45861322d1f9eff1b8a6033490cdb08b23139270bd0b9,6722e612c78c0683eaf45861322d1f9eff1b8a6033490cdb08b23139270bd0b9,37c5b429d28ae48b,512,512,True,True,True,True,True,False,
g30_secondary_shonen_023,Emi Bennett,V6 Genre 30,secondary,shonen,monster_taming,crime,comedy,cast/v6/g30_secondary_shonen_023.webp,game_source/art_src/cast_v6_genre30_upload_staging/portraits/g30_secondary_shonen_023.webp,GENRE30_CAST_ROSTER.csv sequence 153,153,g30_secondary_shonen_023.webp,g30_secondary_shonen_023.webp,g30_secondary_shonen_023.webp,928192050d2bd3847f8e9277ca7e8326e9016829427bef569a119f72dc8ce1e6,928192050d2bd3847f8e9277ca7e8326e9016829427bef569a119f72dc8ce1e6,32e9c0f0934e6d8e,512,512,True,True,True,True,True,False,
g30_secondary_shonen_024,Farah Bennett,V6 Genre 30,secondary,shonen,kaiju,cosmic_horror,comedy,cast/v6/g30_secondary_shonen_024.webp,game_source/art_src/cast_v6_genre30_upload_staging/portraits/g30_secondary_shonen_024.webp,GENRE30_CAST_ROSTER.csv sequence 154,154,g30_secondary_shonen_024.webp,g30_secondary_shonen_024.webp,g30_secondary_shonen_024.webp,4aa33958319a25e540c3a4c54360e7ca4d5f66a4b93e4492802277aee55c1e7f,4aa33958319a25e540c3a4c54360e7ca4d5f66a4b93e4492802277aee55c1e7f,2bb25e8a64c5d067,512,512,True,True,True,True,True,False,
g30_secondary_shonen_025,Hana Bennett,V6 Genre 30,secondary,shonen,monster_taming,crime,cooking,cast/v6/g30_secondary_shonen_025.webp,game_source/art_src/cast_v6_genre30_upload_staging/portraits/g30_secondary_shonen_025.webp,GENRE30_CAST_ROSTER.csv sequence 155,155,g30_secondary_shonen_025.webp,g30_secondary_shonen_025.webp,g30_secondary_shonen_025.webp,6720565262c96301ba545bdacc139457df4aa8c03d50bb07ddd5e1cbaf3c6ed1,6720565262c96301ba545bdacc139457df4aa8c03d50bb07ddd5e1cbaf3c6ed1,6797500f1a4fe05c,512,512,True,True,True,True,True,False,
g30_secondary_shonen_026,Haru Bennett,V6 Genre 30,secondary,shonen,kaiju,cosmic_horror,cooking,cast/v6/g30_secondary_shonen_026.webp,game_source/art_src/cast_v6_genre30_upload_staging/portraits/g30_secondary_shonen_026.webp,GENRE30_CAST_ROSTER.csv sequence 156,156,g30_secondary_shonen_026.webp,g30_secondary_shonen_026.webp,g30_secondary_shonen_026.webp,caaa6ef5cc073138d3e1d41d91576ae775ec27da402c462b925efb82501e48f9,caaa6ef5cc073138d3e1d41d91576ae775ec27da402c462b925efb82501e48f9,65575a46f9a2d881,512,512,True,True,True,True,True,False,
g30_secondary_shonen_027,Idris Bennett,V6 Genre 30,secondary,shonen,monster_taming,crime,military,cast/v6/g30_secondary_shonen_027.webp,game_source/art_src/cast_v6_genre30_upload_staging/portraits/g30_secondary_shonen_027.webp,GENRE30_CAST_ROSTER.csv sequence 157,157,g30_secondary_shonen_027.webp,g30_secondary_shonen_027.webp,g30_secondary_shonen_027.webp,9a3866aedc68337fcbdde20d0e6cba910e37789a6b42586eb340e90b40222d0d,9a3866aedc68337fcbdde20d0e6cba910e37789a6b42586eb340e90b40222d0d,32cbdd15282065f7,512,512,True,True,True,True,True,False,
g30_secondary_shonen_028,Imani Bennett,V6 Genre 30,secondary,shonen,kaiju,cosmic_horror,military,cast/v6/g30_secondary_shonen_028.webp,game_source/art_src/cast_v6_genre30_upload_staging/portraits/g30_secondary_shonen_028.webp,GENRE30_CAST_ROSTER.csv sequence 158,158,g30_secondary_shonen_028.webp,g30_secondary_shonen_028.webp,g30_secondary_shonen_028.webp,63c890cf82c8995ba9a182200fe06c1a3469dab5cad5d389c312000b64120a1c,63c890cf82c8995ba9a182200fe06c1a3469dab5cad5d389c312000b64120a1c,1895c14d7ad9e0f4,512,512,True,True,True,True,True,False,
g30_secondary_shonen_029,Jae Bennett,V6 Genre 30,secondary,shonen,monster_taming,crime,supernatural,cast/v6/g30_secondary_shonen_029.webp,game_source/art_src/cast_v6_genre30_upload_staging/portraits/g30_secondary_shonen_029.webp,GENRE30_CAST_ROSTER.csv sequence 159,159,g30_secondary_shonen_029.webp,g30_secondary_shonen_029.webp,g30_secondary_shonen_029.webp,517636ec1b653dcc00160993f22a3f3d3cfcddce7ea61eb28499c68d8a6c0a1f,517636ec1b653dcc00160993f22a3f3d3cfcddce7ea61eb28499c68d8a6c0a1f,67b564053f1abcc0,512,512,True,True,True,True,True,False,
g30_secondary_shonen_030,Jin Bennett,V6 Genre 30,secondary,shonen,kaiju,cosmic_horror,supernatural,cast/v6/g30_secondary_shonen_030.webp,game_source/art_src/cast_v6_genre30_upload_staging/portraits/g30_secondary_shonen_030.webp,GENRE30_CAST_ROSTER.csv sequence 160,160,g30_secondary_shonen_030.webp,g30_secondary_shonen_030.webp,g30_secondary_shonen_030.webp,8347039a6c75d7801fcec2166095080618550faad70a2aea3f025f019dc9e9f3,8347039a6c75d7801fcec2166095080618550faad70a2aea3f025f019dc9e9f3,2d15d317a7078e49,512,512,True,True,True,True,True,False,
g30_secondary_shonen_031,Kael Bennett,V6 Genre 30,secondary,shonen,monster_taming,crime,space,cast/v6/g30_secondary_shonen_031.webp,game_source/art_src/cast_v6_genre30_upload_staging/portraits/g30_secondary_shonen_031.webp,GENRE30_CAST_ROSTER.csv sequence 161,161,g30_secondary_shonen_031.webp,g30_secondary_shonen_031.webp,g30_secondary_shonen_031.webp,79ecd883140c3bb7546a8934bdbaa7ddd30c1b74505e1d090025de73197732ec,79ecd883140c3bb7546a8934bdbaa7ddd30c1b74505e1d090025de73197732ec,35d87651e6949a58,512,512,True,True,True,True,True,False,
g30_secondary_shonen_032,Kira Bennett,V6 Genre 30,secondary,shonen,kaiju,cosmic_horror,space,cast/v6/g30_secondary_shonen_032.webp,game_source/art_src/cast_v6_genre30_upload_staging/portraits/g30_secondary_shonen_032.webp,GENRE30_CAST_ROSTER.csv sequence 162,162,g30_secondary_shonen_032.webp,g30_secondary_shonen_032.webp,g30_secondary_shonen_032.webp,a6011b621fff2a5f4d21467e92bdc0cd6afd52ae88205fc7ca3b6fdb959ae130,a6011b621fff2a5f4d21467e92bdc0cd6afd52ae88205fc7ca3b6fdb959ae130,461a3b603b4964fe,512,512,True,True,True,True,True,False,
g30_secondary_shonen_033,Leila Bennett,V6 Genre 30,secondary,shonen,monster_taming,crime,magical,cast/v6/g30_secondary_shonen_033.webp,game_source/art_src/cast_v6_genre30_upload_staging/portraits/g30_secondary_shonen_033.webp,GENRE30_CAST_ROSTER.csv sequence 163,163,g30_secondary_shonen_033.webp,g30_secondary_shonen_033.webp,g30_secondary_shonen_033.webp,9d257df05bbf80f09874b76bdf2ff6965a0ed3f9233d212eeb301e5f1bbf49bd,9d257df05bbf80f09874b76bdf2ff6965a0ed3f9233d212eeb301e5f1bbf49bd,2d97e007e70d781a,512,512,True,True,True,True,True,False,
g30_secondary_shonen_034,Lina Bennett,V6 Genre 30,secondary,shonen,kaiju,cosmic_horror,magical,cast/v6/g30_secondary_shonen_034.webp,game_source/art_src/cast_v6_genre30_upload_staging/portraits/g30_secondary_shonen_034.webp,GENRE30_CAST_ROSTER.csv sequence 164,164,g30_secondary_shonen_034.webp,g30_secondary_shonen_034.webp,g30_secondary_shonen_034.webp,837b1c1fb30610b67652d48450ed48d7833a288093315f3130f1a82932b074a4,837b1c1fb30610b67652d48450ed48d7833a288093315f3130f1a82932b074a4,28a6e6add01ed859,512,512,True,True,True,True,True,False,
g30_secondary_shonen_035,Lucan Bennett,V6 Genre 30,secondary,shonen,monster_taming,crime,survival,cast/v6/g30_secondary_shonen_035.webp,game_source/art_src/cast_v6_genre30_upload_staging/portraits/g30_secondary_shonen_035.webp,GENRE30_CAST_ROSTER.csv sequence 165,165,g30_secondary_shonen_035.webp,g30_secondary_shonen_035.webp,g30_secondary_shonen_035.webp,e64efde28e1e17b1fe6c0ce95065179557887941831ad76a803cbc0f1bc6a040,e64efde28e1e17b1fe6c0ce95065179557887941831ad76a803cbc0f1bc6a040,27e8c063c292c77d,512,512,True,True,True,True,True,False,
g30_secondary_shonen_036,Mara Bennett,V6 Genre 30,secondary,shonen,kaiju,cosmic_horror,survival,cast/v6/g30_secondary_shonen_036.webp,game_source/art_src/cast_v6_genre30_upload_staging/portraits/g30_secondary_shonen_036.webp,GENRE30_CAST_ROSTER.csv sequence 166,166,g30_secondary_shonen_036.webp,g30_secondary_shonen_036.webp,g30_secondary_shonen_036.webp,ea6e68fa54f2d751f8bd3ee9e6d662d2dc647efb0d09c15d3771b37909993582,ea6e68fa54f2d751f8bd3ee9e6d662d2dc647efb0d09c15d3771b37909993582,34b6f1c1cec043d6,512,512,True,True,True,True,True,False,
g30_secondary_shonen_037,Mika Bennett,V6 Genre 30,secondary,shonen,monster_taming,crime,pirate,cast/v6/g30_secondary_shonen_037.webp,game_source/art_src/cast_v6_genre30_upload_staging/portraits/g30_secondary_shonen_037.webp,GENRE30_CAST_ROSTER.csv sequence 167,167,g30_secondary_shonen_037.webp,g30_secondary_shonen_037.webp,g30_secondary_shonen_037.webp,2c93f4e0e230e9084904549b754d3a95083b04d4301a5a4c2f7233b7e2d4e30d,2c93f4e0e230e9084904549b754d3a95083b04d4301a5a4c2f7233b7e2d4e30d,25f9ec96a8909b19,512,512,True,True,True,True,True,False,
g30_secondary_shonen_038,Mina Bennett,V6 Genre 30,secondary,shonen,kaiju,cosmic_horror,pirate,cast/v6/g30_secondary_shonen_038.webp,game_source/art_src/cast_v6_genre30_upload_staging/portraits/g30_secondary_shonen_038.webp,GENRE30_CAST_ROSTER.csv sequence 168,168,g30_secondary_shonen_038.webp,g30_secondary_shonen_038.webp,g30_secondary_shonen_038.webp,c5ad812b2d678d87675e2fec288e46a80ce85d79401d1ac432fc8a50abd0663d,c5ad812b2d678d87675e2fec288e46a80ce85d79401d1ac432fc8a50abd0663d,3b81887a96c0ef4b,512,512,True,True,True,True,True,False,
g30_secondary_shonen_039,Nadia Bennett,V6 Genre 30,secondary,shonen,monster_taming,crime,martial,cast/v6/g30_secondary_shonen_039.webp,game_source/art_src/cast_v6_genre30_upload_staging/portraits/g30_secondary_shonen_039.webp,GENRE30_CAST_ROSTER.csv sequence 169,169,g30_secondary_shonen_039.webp,g30_secondary_shonen_039.webp,g30_secondary_shonen_039.webp,65008ae30dce832b225f0adef365ade86431f59e189cc79167690a982dc725b4,65008ae30dce832b225f0adef365ade86431f59e189cc79167690a982dc725b4,26836036a59fb8dc,512,512,True,True,True,True,True,False,
g30_secondary_shonen_040,Nao Bennett,V6 Genre 30,secondary,shonen,kaiju,cosmic_horror,martial,cast/v6/g30_secondary_shonen_040.webp,game_source/art_src/cast_v6_genre30_upload_staging/portraits/g30_secondary_shonen_040.webp,GENRE30_CAST_ROSTER.csv sequence 170,170,g30_secondary_shonen_040.webp,g30_secondary_shonen_040.webp,g30_secondary_shonen_040.webp,cad5ac45f62a47ee89a8b8588a17480e52181753e01867a937851a036729d69a,cad5ac45f62a47ee89a8b8588a17480e52181753e01867a937851a036729d69a,24079dbac03db9ca,512,512,True,True,True,True,True,False,
g30_secondary_shonen_041,Niko Bennett,V6 Genre 30,secondary,shonen,monster_taming,crime,mythology,cast/v6/g30_secondary_shonen_041.webp,game_source/art_src/cast_v6_genre30_upload_staging/portraits/g30_secondary_shonen_041.webp,GENRE30_CAST_ROSTER.csv sequence 171,171,g30_secondary_shonen_041.webp,g30_secondary_shonen_041.webp,g30_secondary_shonen_041.webp,1447f14ea4ac19c17a7c56fb972e92be23de5d30bb409d64c28a749ca577cede,1447f14ea4ac19c17a7c56fb972e92be23de5d30bb409d64c28a749ca577cede,2651494378c61f7d,512,512,True,True,True,True,True,False,
g30_secondary_shonen_042,Noor Bennett,V6 Genre 30,secondary,shonen,kaiju,cosmic_horror,mythology,cast/v6/g30_secondary_shonen_042.webp,game_source/art_src/cast_v6_genre30_upload_staging/portraits/g30_secondary_shonen_042.webp,GENRE30_CAST_ROSTER.csv sequence 172,172,g30_secondary_shonen_042.webp,g30_secondary_shonen_042.webp,g30_secondary_shonen_042.webp,55261d757cc1f8ab3f3adc56b6e2d8817a2606b9d73f9c8b64e445e0099d8e75,55261d757cc1f8ab3f3adc56b6e2d8817a2606b9d73f9c8b64e445e0099d8e75,3cbcd1b0b3921e86,512,512,True,True,True,True,True,False,
g30_secondary_shonen_043,Rhea Bennett,V6 Genre 30,secondary,shonen,monster_taming,crime,nordic,cast/v6/g30_secondary_shonen_043.webp,game_source/art_src/cast_v6_genre30_upload_staging/portraits/g30_secondary_shonen_043.webp,GENRE30_CAST_ROSTER.csv sequence 173,173,g30_secondary_shonen_043.webp,g30_secondary_shonen_043.webp,g30_secondary_shonen_043.webp,39eab64799006f690dcbe732e1554c481ba013b4f7365b9bcd3d7cae10cff0b7,39eab64799006f690dcbe732e1554c481ba013b4f7365b9bcd3d7cae10cff0b7,3ad042273311f74f,512,512,True,True,True,True,True,False,
g30_secondary_shonen_044,Ren Bennett,V6 Genre 30,secondary,shonen,kaiju,cosmic_horror,nordic,cast/v6/g30_secondary_shonen_044.webp,game_source/art_src/cast_v6_genre30_upload_staging/portraits/g30_secondary_shonen_044.webp,GENRE30_CAST_ROSTER.csv sequence 174,174,g30_secondary_shonen_044.webp,g30_secondary_shonen_044.webp,g30_secondary_shonen_044.webp,15d3efa65c75b94af1748ecd2177a0f074938a9b3aba31e130404ba9c52b6d87,15d3efa65c75b94af1748ecd2177a0f074938a9b3aba31e130404ba9c52b6d87,6c4be31d87cc9231,512,512,True,True,True,True,True,False,
g30_secondary_shonen_045,Rin Bennett,V6 Genre 30,secondary,shonen,monster_taming,crime,samurai,cast/v6/g30_secondary_shonen_045.webp,game_source/art_src/cast_v6_genre30_upload_staging/portraits/g30_secondary_shonen_045.webp,GENRE30_CAST_ROSTER.csv sequence 175,175,g30_secondary_shonen_045.webp,g30_secondary_shonen_045.webp,g30_secondary_shonen_045.webp,88a969a0e36b345c4ea5e0bb1519178d15268ee0282bc905a58ffe20d8491cd5,88a969a0e36b345c4ea5e0bb1519178d15268ee0282bc905a58ffe20d8491cd5,25871e4cf01e59da,512,512,True,True,True,True,True,False,
g30_secondary_shonen_046,Samira Bennett,V6 Genre 30,secondary,shonen,kaiju,cosmic_horror,samurai,cast/v6/g30_secondary_shonen_046.webp,game_source/art_src/cast_v6_genre30_upload_staging/portraits/g30_secondary_shonen_046.webp,GENRE30_CAST_ROSTER.csv sequence 176,176,g30_secondary_shonen_046.webp,g30_secondary_shonen_046.webp,g30_secondary_shonen_046.webp,d919fc5f8437e09fe3c5fadd4b1cbe231be0e93fd590d5cf92bfdd31eb66d2f9,d919fc5f8437e09fe3c5fadd4b1cbe231be0e93fd590d5cf92bfdd31eb66d2f9,2ec24173af8f0e8c,512,512,True,True,True,True,True,False,
g30_secondary_shonen_047,Sana Bennett,V6 Genre 30,secondary,shonen,monster_taming,crime,shinobi,cast/v6/g30_secondary_shonen_047.webp,game_source/art_src/cast_v6_genre30_upload_staging/portraits/g30_secondary_shonen_047.webp,GENRE30_CAST_ROSTER.csv sequence 177,177,g30_secondary_shonen_047.webp,g30_secondary_shonen_047.webp,g30_secondary_shonen_047.webp,b95dd11e3f562d6e77478372d32607128fdd75ccc4bf5eab614cc50b718785fc,b95dd11e3f562d6e77478372d32607128fdd75ccc4bf5eab614cc50b718785fc,63c3c7a51bd23838,512,512,True,True,True,True,True,False,
g30_secondary_shonen_048,Sora Bennett,V6 Genre 30,secondary,shonen,kaiju,cosmic_horror,shinobi,cast/v6/g30_secondary_shonen_048.webp,game_source/art_src/cast_v6_genre30_upload_staging/portraits/g30_secondary_shonen_048.webp,GENRE30_CAST_ROSTER.csv sequence 178,178,g30_secondary_shonen_048.webp,g30_secondary_shonen_048.webp,g30_secondary_shonen_048.webp,0132f00351ad51a586c109862710726ae008797a9e5be507ad89e279b0332f09,0132f00351ad51a586c109862710726ae008797a9e5be507ad89e279b0332f09,22b09e24e5473edc,512,512,True,True,True,True,True,False,
g30_secondary_shonen_049,Tala Bennett,V6 Genre 30,secondary,shonen,monster_taming,crime,vampire,cast/v6/g30_secondary_shonen_049.webp,game_source/art_src/cast_v6_genre30_upload_staging/portraits/g30_secondary_shonen_049.webp,GENRE30_CAST_ROSTER.csv sequence 179,179,g30_secondary_shonen_049.webp,g30_secondary_shonen_049.webp,g30_secondary_shonen_049.webp,97eabe153c72c22117852031da4f122ee8514a7ee94ec63ed58e78158045b636,97eabe153c72c22117852031da4f122ee8514a7ee94ec63ed58e78158045b636,69e44163639d0ced,512,512,True,True,True,True,True,False,
g30_secondary_shonen_050,Yara Bennett,V6 Genre 30,secondary,shonen,kaiju,cosmic_horror,vampire,cast/v6/g30_secondary_shonen_050.webp,game_source/art_src/cast_v6_genre30_upload_staging/portraits/g30_secondary_shonen_050.webp,GENRE30_CAST_ROSTER.csv sequence 180,180,g30_secondary_shonen_050.webp,g30_secondary_shonen_050.webp,g30_secondary_shonen_050.webp,de6a4b884203d3a0c8b65d7f18ec810d3b0195be275acc711ae76114d171525f,de6a4b884203d3a0c8b65d7f18ec810d3b0195be275acc711ae76114d171525f,7c114cb7622f5686,512,512,True,True,True,True,True,False,
g30_secondary_shonen_051,Aiko Chen,V6 Genre 30,secondary,shonen,monster_taming,crime,grimdark,cast/v6/g30_secondary_shonen_051.webp,game_source/art_src/cast_v6_genre30_upload_staging/portraits/g30_secondary_shonen_051.webp,GENRE30_CAST_ROSTER.csv sequence 181,181,g30_secondary_shonen_051.webp,g30_secondary_shonen_051.webp,g30_secondary_shonen_051.webp,150317129ea69109d3fb4e0856b7f59ad6361743119dfd689317e17b4635c521,150317129ea69109d3fb4e0856b7f59ad6361743119dfd689317e17b4635c521,3998896d5452d37a,512,512,True,True,True,True,True,False,
g30_secondary_shonen_052,Amara Chen,V6 Genre 30,secondary,shonen,kaiju,cosmic_horror,grimdark,cast/v6/g30_secondary_shonen_052.webp,game_source/art_src/cast_v6_genre30_upload_staging/portraits/g30_secondary_shonen_052.webp,GENRE30_CAST_ROSTER.csv sequence 182,182,g30_secondary_shonen_052.webp,g30_secondary_shonen_052.webp,g30_secondary_shonen_052.webp,d8fdcf6bee8c718517b8c9942a670fc1af0e0664ba7e2cdd4d6dc0310066e8cf,d8fdcf6bee8c718517b8c9942a670fc1af0e0664ba7e2cdd4d6dc0310066e8cf,3ec4cb685089f693,512,512,True,True,True,True,True,False,
g30_secondary_shonen_053,Ansel Chen,V6 Genre 30,secondary,shonen,mecha,isekai,monster_taming,cast/v6/g30_secondary_shonen_053.webp,game_source/art_src/cast_v6_genre30_upload_staging/portraits/g30_secondary_shonen_053.webp,GENRE30_CAST_ROSTER.csv sequence 183,183,g30_secondary_shonen_053.webp,g30_secondary_shonen_053.webp,g30_secondary_shonen_053.webp,6071d44e711b229ed2d66e802e2a67d3a1aaa4cabe2c38071ee13408476f7fc8,6071d44e711b229ed2d66e802e2a67d3a1aaa4cabe2c38071ee13408476f7fc8,37ba8926d303c3cc,512,512,True,True,True,True,True,False,
g30_secondary_shonen_054,Arden Chen,V6 Genre 30,secondary,shonen,slice,horror,arabia,cast/v6/g30_secondary_shonen_054.webp,game_source/art_src/cast_v6_genre30_upload_staging/portraits/g30_secondary_shonen_054.webp,GENRE30_CAST_ROSTER.csv sequence 184,184,g30_secondary_shonen_054.webp,g30_secondary_shonen_054.webp,g30_secondary_shonen_054.webp,b6ff7dec88de6693a6f5ab7140ff1d2ace9ec7c01b0ceca2937eeb45968250c1,b6ff7dec88de6693a6f5ab7140ff1d2ace9ec7c01b0ceca2937eeb45968250c1,35b41f92d2193de0,512,512,True,True,True,True,True,False,
g30_secondary_shonen_055,Ari Chen,V6 Genre 30,secondary,shonen,romance,sports,arabia,cast/v6/g30_secondary_shonen_055.webp,game_source/art_src/cast_v6_genre30_upload_staging/portraits/g30_secondary_shonen_055.webp,GENRE30_CAST_ROSTER.csv sequence 185,185,g30_secondary_shonen_055.webp,g30_secondary_shonen_055.webp,g30_secondary_shonen_055.webp,192847914255d691beaa8323020c19c85219b53512701e789e1a362f20599912,192847914255d691beaa8323020c19c85219b53512701e789e1a362f20599912,33a2a523648a9f9e,512,512,True,True,True,True,True,False,
g30_secondary_shonen_056,Asa Chen,V6 Genre 30,secondary,shonen,cyber,fantasy,arabia,cast/v6/g30_secondary_shonen_056.webp,game_source/art_src/cast_v6_genre30_upload_staging/portraits/g30_secondary_shonen_056.webp,GENRE30_CAST_ROSTER.csv sequence 186,186,g30_secondary_shonen_056.webp,g30_secondary_shonen_056.webp,g30_secondary_shonen_056.webp,d0b1ddd8f5f721b5455b983d8c31c3b71308a5daa291e94e4a443bd9386b2296,d0b1ddd8f5f721b5455b983d8c31c3b71308a5daa291e94e4a443bd9386b2296,2eb5869a802ffcd0,512,512,True,True,True,True,True,False,
g30_secondary_shonen_057,Asha Chen,V6 Genre 30,secondary,shonen,idol,mystery,arabia,cast/v6/g30_secondary_shonen_057.webp,game_source/art_src/cast_v6_genre30_upload_staging/portraits/g30_secondary_shonen_057.webp,GENRE30_CAST_ROSTER.csv sequence 187,187,g30_secondary_shonen_057.webp,g30_secondary_shonen_057.webp,g30_secondary_shonen_057.webp,d395edf16fe0e7b10175cce889b0cd45bfdba9faae7f53f5f2901208726c476f,d395edf16fe0e7b10175cce889b0cd45bfdba9faae7f53f5f2901208726c476f,14e61a62dfd858cc,512,512,True,True,True,True,True,False,
g30_secondary_shonen_058,Cass Chen,V6 Genre 30,secondary,shonen,comedy,cooking,arabia,cast/v6/g30_secondary_shonen_058.webp,game_source/art_src/cast_v6_genre30_upload_staging/portraits/g30_secondary_shonen_058.webp,GENRE30_CAST_ROSTER.csv sequence 188,188,g30_secondary_shonen_058.webp,g30_secondary_shonen_058.webp,g30_secondary_shonen_058.webp,4611ba5bdff7b27a38e8db8d31a451d86e9c8535e05cdb610235a740092be357,4611ba5bdff7b27a38e8db8d31a451d86e9c8535e05cdb610235a740092be357,05e9c7a51cc49cd3,512,512,True,True,True,True,True,False,
g30_secondary_shonen_059,Cassia Chen,V6 Genre 30,secondary,shonen,military,supernatural,arabia,cast/v6/g30_secondary_shonen_059.webp,game_source/art_src/cast_v6_genre30_upload_staging/portraits/g30_secondary_shonen_059.webp,GENRE30_CAST_ROSTER.csv sequence 189,189,g30_secondary_shonen_059.webp,g30_secondary_shonen_059.webp,g30_secondary_shonen_059.webp,5a2c5f5135bd87439d3c7a045b9f6dba0d78bcb30e05b7654aa1a6232930b0d0,5a2c5f5135bd87439d3c7a045b9f6dba0d78bcb30e05b7654aa1a6232930b0d0,6ff2e746251e1098,512,512,True,True,True,True,True,False,
g30_secondary_shonen_060,Dara Chen,V6 Genre 30,secondary,shonen,space,magical,arabia,cast/v6/g30_secondary_shonen_060.webp,game_source/art_src/cast_v6_genre30_upload_staging/portraits/g30_secondary_shonen_060.webp,GENRE30_CAST_ROSTER.csv sequence 190,190,g30_secondary_shonen_060.webp,g30_secondary_shonen_060.webp,g30_secondary_shonen_060.webp,013226fb9d3e056a4300b8242b74e0e0cdd267998f709c17a612c5bb0b579fe0,013226fb9d3e056a4300b8242b74e0e0cdd267998f709c17a612c5bb0b579fe0,76c85f362141547b,512,512,True,True,True,True,True,False,
g30_secondary_shonen_061,Eira Chen,V6 Genre 30,secondary,shonen,survival,pirate,arabia,cast/v6/g30_secondary_shonen_061.webp,game_source/art_src/cast_v6_genre30_upload_staging/portraits/g30_secondary_shonen_061.webp,GENRE30_CAST_ROSTER.csv sequence 191,191,g30_secondary_shonen_061.webp,g30_secondary_shonen_061.webp,g30_secondary_shonen_061.webp,8b8616632cb539b96e66ce235320b32efb2a4559ba159a63f35b1f3f639765d2,8b8616632cb539b96e66ce235320b32efb2a4559ba159a63f35b1f3f639765d2,2de0acd4b69b01da,512,512,True,True,True,True,True,False,
g30_secondary_shonen_062,Elian Chen,V6 Genre 30,secondary,shonen,martial,mythology,arabia,cast/v6/g30_secondary_shonen_062.webp,game_source/art_src/cast_v6_genre30_upload_staging/portraits/g30_secondary_shonen_062.webp,GENRE30_CAST_ROSTER.csv sequence 192,192,g30_secondary_shonen_062.webp,g30_secondary_shonen_062.webp,g30_secondary_shonen_062.webp,89b064db70c430976fc2b5fe308507c7d1ce5a65198ba2f62107f8c1febc08b7,89b064db70c430976fc2b5fe308507c7d1ce5a65198ba2f62107f8c1febc08b7,7fb666901c13d059,512,512,True,True,True,True,True,False,
g30_secondary_shonen_063,Emi Chen,V6 Genre 30,secondary,shonen,nordic,samurai,arabia,cast/v6/g30_secondary_shonen_063.webp,game_source/art_src/cast_v6_genre30_upload_staging/portraits/g30_secondary_shonen_063.webp,GENRE30_CAST_ROSTER.csv sequence 193,193,g30_secondary_shonen_063.webp,g30_secondary_shonen_063.webp,g30_secondary_shonen_063.webp,34c24b44b5b33ca1285cf355cfb3c36482b1b0c91135ecc5eb292541aa988449,34c24b44b5b33ca1285cf355cfb3c36482b1b0c91135ecc5eb292541aa988449,38d48be34b07956c,512,512,True,True,True,True,True,False,
g30_secondary_shonen_064,Farah Chen,V6 Genre 30,secondary,shonen,shinobi,vampire,arabia,cast/v6/g30_secondary_shonen_064.webp,game_source/art_src/cast_v6_genre30_upload_staging/portraits/g30_secondary_shonen_064.webp,GENRE30_CAST_ROSTER.csv sequence 194,194,g30_secondary_shonen_064.webp,g30_secondary_shonen_064.webp,g30_secondary_shonen_064.webp,bc441ddf1520ade4953feba1cddb71ef9efb9db0472ae110eba075170be6780c,bc441ddf1520ade4953feba1cddb71ef9efb9db0472ae110eba075170be6780c,17983967683cc738,512,512,True,True,True,True,True,False,
g30_secondary_shonen_065,Hana Chen,V6 Genre 30,secondary,shonen,monster_taming,arabia,grimdark,cast/v6/g30_secondary_shonen_065.webp,game_source/art_src/cast_v6_genre30_upload_staging/portraits/g30_secondary_shonen_065.webp,GENRE30_CAST_ROSTER.csv sequence 195,195,g30_secondary_shonen_065.webp,g30_secondary_shonen_065.webp,g30_secondary_shonen_065.webp,cbc57f7a27d2712c09b56d1cf005d2716587354a64bbb69557a77831b123e78d,cbc57f7a27d2712c09b56d1cf005d2716587354a64bbb69557a77831b123e78d,0e137a88d77e1c2c,512,512,True,True,True,True,True,False,
g30_secondary_shojo_001,Haru Chen,V6 Genre 30,secondary,shojo,monster_taming,crime,kaiju,cast/v6/g30_secondary_shojo_001.webp,game_source/art_src/cast_v6_genre30_upload_staging/portraits/g30_secondary_shojo_001.webp,GENRE30_CAST_ROSTER.csv sequence 196,196,g30_secondary_shojo_001.webp,g30_secondary_shojo_001.webp,g30_secondary_shojo_001.webp,5203e74f8828e9160fda488f6dac67f4b3d1163d50384328c8ddd1d015484a6b,5203e74f8828e9160fda488f6dac67f4b3d1163d50384328c8ddd1d015484a6b,389477bb0961e4cc,512,512,True,True,True,True,True,False,
g30_secondary_shojo_002,Idris Chen,V6 Genre 30,secondary,shojo,monster_taming,cosmic_horror,arabia,cast/v6/g30_secondary_shojo_002.webp,game_source/art_src/cast_v6_genre30_upload_staging/portraits/g30_secondary_shojo_002.webp,GENRE30_CAST_ROSTER.csv sequence 197,197,g30_secondary_shojo_002.webp,g30_secondary_shojo_002.webp,g30_secondary_shojo_002.webp,51788cc21283372478eee4b31fae268729d5a8a850ebc7925182f96b0ff8129f,51788cc21283372478eee4b31fae268729d5a8a850ebc7925182f96b0ff8129f,35b4b6a6d41d0d19,512,512,True,True,True,True,True,False,
g30_secondary_shojo_003,Imani Chen,V6 Genre 30,secondary,shojo,crime,cosmic_horror,mecha,cast/v6/g30_secondary_shojo_003.webp,game_source/art_src/cast_v6_genre30_upload_staging/portraits/g30_secondary_shojo_003.webp,GENRE30_CAST_ROSTER.csv sequence 198,198,g30_secondary_shojo_003.webp,g30_secondary_shojo_003.webp,g30_secondary_shojo_003.webp,1e7358f7ae0dcccaa169fb0b9cf22dbfeaa63846887820cb4abde7205e5bb165,1e7358f7ae0dcccaa169fb0b9cf22dbfeaa63846887820cb4abde7205e5bb165,02a64da1319badd7,512,512,True,True,True,True,True,False,
g30_secondary_shojo_004,Jae Chen,V6 Genre 30,secondary,shojo,kaiju,arabia,mecha,cast/v6/g30_secondary_shojo_004.webp,game_source/art_src/cast_v6_genre30_upload_staging/portraits/g30_secondary_shojo_004.webp,GENRE30_CAST_ROSTER.csv sequence 199,199,g30_secondary_shojo_004.webp,g30_secondary_shojo_004.webp,g30_secondary_shojo_004.webp,c45758796851ad38f8d1cfe5b52087dbfdcf9e3f1e3ab0cff4d41f032776fdd5,c45758796851ad38f8d1cfe5b52087dbfdcf9e3f1e3ab0cff4d41f032776fdd5,33ba58074ead12b5,512,512,True,True,True,True,True,False,
g30_secondary_shojo_005,Jin Chen,V6 Genre 30,secondary,shojo,crime,arabia,isekai,cast/v6/g30_secondary_shojo_005.webp,game_source/art_src/cast_v6_genre30_upload_staging/portraits/g30_secondary_shojo_005.webp,GENRE30_CAST_ROSTER.csv sequence 200,200,g30_secondary_shojo_005.webp,g30_secondary_shojo_005.webp,g30_secondary_shojo_005.webp,b31ed6dedaafef57970045ad999345037a9c7e818f6090c94ea3cb39264c0ea1,b31ed6dedaafef57970045ad999345037a9c7e818f6090c94ea3cb39264c0ea1,35999b11426af6c6,512,512,True,True,True,True,True,False,
g30_secondary_shojo_006,Kael Chen,V6 Genre 30,secondary,shojo,kaiju,cosmic_horror,isekai,cast/v6/g30_secondary_shojo_006.webp,game_source/art_src/cast_v6_genre30_upload_staging/portraits/g30_secondary_shojo_006.webp,GENRE30_CAST_ROSTER.csv sequence 201,201,g30_secondary_shojo_006.webp,g30_secondary_shojo_006.webp,g30_secondary_shojo_006.webp,ad247adde662307ca46edc52d50d3e3e676f7c1c901b95399d4a740eb0017651,ad247adde662307ca46edc52d50d3e3e676f7c1c901b95399d4a740eb0017651,1ce9432eb1b486dc,512,512,True,True,True,True,True,False,
g30_secondary_shojo_007,Kira Chen,V6 Genre 30,secondary,shojo,monster_taming,crime,slice,cast/v6/g30_secondary_shojo_007.webp,game_source/art_src/cast_v6_genre30_upload_staging/portraits/g30_secondary_shojo_007.webp,GENRE30_CAST_ROSTER.csv sequence 202,202,g30_secondary_shojo_007.webp,g30_secondary_shojo_007.webp,g30_secondary_shojo_007.webp,2578fd3fa0e93bef21005bf6052c69a0c8023431cc0cbed57ff61606615e7e06,2578fd3fa0e93bef21005bf6052c69a0c8023431cc0cbed57ff61606615e7e06,2dbdc9ccb48e1113,512,512,True,True,True,True,True,False,
g30_secondary_shojo_008,Leila Chen,V6 Genre 30,secondary,shojo,kaiju,cosmic_horror,slice,cast/v6/g30_secondary_shojo_008.webp,game_source/art_src/cast_v6_genre30_upload_staging/portraits/g30_secondary_shojo_008.webp,GENRE30_CAST_ROSTER.csv sequence 203,203,g30_secondary_shojo_008.webp,g30_secondary_shojo_008.webp,g30_secondary_shojo_008.webp,f9ce911db7554dec26811f7acae6fa6e563286c2f60bf0a5be91b2f63e49a195,f9ce911db7554dec26811f7acae6fa6e563286c2f60bf0a5be91b2f63e49a195,2fea7890c1c287a7,512,512,True,True,True,True,True,False,
g30_secondary_shojo_009,Lina Chen,V6 Genre 30,secondary,shojo,monster_taming,crime,horror,cast/v6/g30_secondary_shojo_009.webp,game_source/art_src/cast_v6_genre30_upload_staging/portraits/g30_secondary_shojo_009.webp,GENRE30_CAST_ROSTER.csv sequence 204,204,g30_secondary_shojo_009.webp,g30_secondary_shojo_009.webp,g30_secondary_shojo_009.webp,81756d89f81ac223daa0e0cc149d93bbab4f3c818ed4507200ebdc6359cadcf6,81756d89f81ac223daa0e0cc149d93bbab4f3c818ed4507200ebdc6359cadcf6,4f582f1650fb7806,512,512,True,True,True,True,True,False,
g30_secondary_shojo_010,Lucan Chen,V6 Genre 30,secondary,shojo,kaiju,cosmic_horror,horror,cast/v6/g30_secondary_shojo_010.webp,game_source/art_src/cast_v6_genre30_upload_staging/portraits/g30_secondary_shojo_010.webp,GENRE30_CAST_ROSTER.csv sequence 205,205,g30_secondary_shojo_010.webp,g30_secondary_shojo_010.webp,g30_secondary_shojo_010.webp,916f9912a9ee3f3f73e95cb09fe18ab1e34dbe28c843c742d557a54dddbc6bbf,916f9912a9ee3f3f73e95cb09fe18ab1e34dbe28c843c742d557a54dddbc6bbf,25b45143739cce4d,512,512,True,True,True,True,True,False,
g30_secondary_shojo_011,Mara Chen,V6 Genre 30,secondary,shojo,monster_taming,crime,romance,cast/v6/g30_secondary_shojo_011.webp,game_source/art_src/cast_v6_genre30_upload_staging/portraits/g30_secondary_shojo_011.webp,GENRE30_CAST_ROSTER.csv sequence 206,206,g30_secondary_shojo_011.webp,g30_secondary_shojo_011.webp,g30_secondary_shojo_011.webp,6f5d09edf82246f20b16e33a0ab4ae189200c5c5e77d4a256ee85d0e13218bf4,6f5d09edf82246f20b16e33a0ab4ae189200c5c5e77d4a256ee85d0e13218bf4,7dfde46202913d88,512,512,True,True,True,True,True,False,
g30_secondary_shojo_012,Mika Chen,V6 Genre 30,secondary,shojo,kaiju,cosmic_horror,romance,cast/v6/g30_secondary_shojo_012.webp,game_source/art_src/cast_v6_genre30_upload_staging/portraits/g30_secondary_shojo_012.webp,GENRE30_CAST_ROSTER.csv sequence 207,207,g30_secondary_shojo_012.webp,g30_secondary_shojo_012.webp,g30_secondary_shojo_012.webp,475bed79d29880303726570b0ec21ce77c964d8bcdd027f03445352b71f7a99b,475bed79d29880303726570b0ec21ce77c964d8bcdd027f03445352b71f7a99b,27c09e4ee63134b9,512,512,True,True,True,True,True,False,
g30_secondary_shojo_013,Mina Chen,V6 Genre 30,secondary,shojo,monster_taming,crime,sports,cast/v6/g30_secondary_shojo_013.webp,game_source/art_src/cast_v6_genre30_upload_staging/portraits/g30_secondary_shojo_013.webp,GENRE30_CAST_ROSTER.csv sequence 208,208,g30_secondary_shojo_013.webp,g30_secondary_shojo_013.webp,g30_secondary_shojo_013.webp,9bbdec9c545144e35450b1531f52cd117243d0a47b1381bfb8926433f699d325,9bbdec9c545144e35450b1531f52cd117243d0a47b1381bfb8926433f699d325,20ae78636b7a585a,512,512,True,True,True,True,True,False,
g30_secondary_shojo_014,Nadia Chen,V6 Genre 30,secondary,shojo,kaiju,cosmic_horror,sports,cast/v6/g30_secondary_shojo_014.webp,game_source/art_src/cast_v6_genre30_upload_staging/portraits/g30_secondary_shojo_014.webp,GENRE30_CAST_ROSTER.csv sequence 209,209,g30_secondary_shojo_014.webp,g30_secondary_shojo_014.webp,g30_secondary_shojo_014.webp,3cfdede9d76eb42366db22e23d7df939ff86fa82fe9dc02cce97d99362806432,3cfdede9d76eb42366db22e23d7df939ff86fa82fe9dc02cce97d99362806432,7d93d4160785a9cc,512,512,True,True,True,True,True,False,
g30_secondary_shojo_015,Nao Chen,V6 Genre 30,secondary,shojo,monster_taming,crime,cyber,cast/v6/g30_secondary_shojo_015.webp,game_source/art_src/cast_v6_genre30_upload_staging/portraits/g30_secondary_shojo_015.webp,GENRE30_CAST_ROSTER.csv sequence 210,210,g30_secondary_shojo_015.webp,g30_secondary_shojo_015.webp,g30_secondary_shojo_015.webp,98d98c3259877e163a869b6a7ddcbc6312203aafe025c47b8678a6fcc9545556,98d98c3259877e163a869b6a7ddcbc6312203aafe025c47b8678a6fcc9545556,38ce691f66211b72,512,512,True,True,True,True,True,False,
g30_secondary_shojo_016,Niko Chen,V6 Genre 30,secondary,shojo,kaiju,cosmic_horror,cyber,cast/v6/g30_secondary_shojo_016.webp,game_source/art_src/cast_v6_genre30_upload_staging/portraits/g30_secondary_shojo_016.webp,GENRE30_CAST_ROSTER.csv sequence 211,211,g30_secondary_shojo_016.webp,g30_secondary_shojo_016.webp,g30_secondary_shojo_016.webp,fe59931cf4959c731bd88269a3c7d965913758fe27b4ef3a5a9b551af0a4cda9,fe59931cf4959c731bd88269a3c7d965913758fe27b4ef3a5a9b551af0a4cda9,6098e8b337b8f1c4,512,512,True,True,True,True,True,False,
g30_secondary_shojo_017,Noor Chen,V6 Genre 30,secondary,shojo,monster_taming,crime,fantasy,cast/v6/g30_secondary_shojo_017.webp,game_source/art_src/cast_v6_genre30_upload_staging/portraits/g30_secondary_shojo_017.webp,GENRE30_CAST_ROSTER.csv sequence 212,212,g30_secondary_shojo_017.webp,g30_secondary_shojo_017.webp,g30_secondary_shojo_017.webp,9c8c9e864a5749e5a680c89c93dc1a355d243b2c69809573ae797585e7af830b,9c8c9e864a5749e5a680c89c93dc1a355d243b2c69809573ae797585e7af830b,34d65331318d6a9e,512,512,True,True,True,True,True,False,
g30_secondary_shojo_018,Rhea Chen,V6 Genre 30,secondary,shojo,kaiju,cosmic_horror,fantasy,cast/v6/g30_secondary_shojo_018.webp,game_source/art_src/cast_v6_genre30_upload_staging/portraits/g30_secondary_shojo_018.webp,GENRE30_CAST_ROSTER.csv sequence 213,213,g30_secondary_shojo_018.webp,g30_secondary_shojo_018.webp,g30_secondary_shojo_018.webp,670577aadfa27d86ec5bfb3b146475b3b7604d09622992384d8a9405d99a4f1e,670577aadfa27d86ec5bfb3b146475b3b7604d09622992384d8a9405d99a4f1e,19c986ccb0f59c39,512,512,True,True,True,True,True,False,
g30_secondary_shojo_019,Ren Chen,V6 Genre 30,secondary,shojo,monster_taming,crime,idol,cast/v6/g30_secondary_shojo_019.webp,game_source/art_src/cast_v6_genre30_upload_staging/portraits/g30_secondary_shojo_019.webp,GENRE30_CAST_ROSTER.csv sequence 214,214,g30_secondary_shojo_019.webp,g30_secondary_shojo_019.webp,g30_secondary_shojo_019.webp,2c08b3754f4a594a802422a0acff625b79f688dba6265d3bc825814c449a94dc,2c08b3754f4a594a802422a0acff625b79f688dba6265d3bc825814c449a94dc,7a88725317cd8dd0,512,512,True,True,True,True,True,False,
g30_secondary_shojo_020,Rin Chen,V6 Genre 30,secondary,shojo,kaiju,cosmic_horror,idol,cast/v6/g30_secondary_shojo_020.webp,game_source/art_src/cast_v6_genre30_upload_staging/portraits/g30_secondary_shojo_020.webp,GENRE30_CAST_ROSTER.csv sequence 215,215,g30_secondary_shojo_020.webp,g30_secondary_shojo_020.webp,g30_secondary_shojo_020.webp,63352c087d6c5f98248ce64ba9684ab9ca89299d7d233c09b336d425167a7dc5,63352c087d6c5f98248ce64ba9684ab9ca89299d7d233c09b336d425167a7dc5,75c41c28d0ed8f8e,512,512,True,True,True,True,True,False,
g30_secondary_shojo_021,Samira Chen,V6 Genre 30,secondary,shojo,monster_taming,crime,mystery,cast/v6/g30_secondary_shojo_021.webp,game_source/art_src/cast_v6_genre30_upload_staging/portraits/g30_secondary_shojo_021.webp,GENRE30_CAST_ROSTER.csv sequence 216,216,g30_secondary_shojo_021.webp,g30_secondary_shojo_021.webp,g30_secondary_shojo_021.webp,f6f82d11f44c68910999b323b2918dffbab6c57f37923aa2b474ad056649529e,f6f82d11f44c68910999b323b2918dffbab6c57f37923aa2b474ad056649529e,64c30d74630e9bd9,512,512,True,True,True,True,True,False,
g30_secondary_shojo_022,Sana Chen,V6 Genre 30,secondary,shojo,kaiju,cosmic_horror,mystery,cast/v6/g30_secondary_shojo_022.webp,game_source/art_src/cast_v6_genre30_upload_staging/portraits/g30_secondary_shojo_022.webp,GENRE30_CAST_ROSTER.csv sequence 217,217,g30_secondary_shojo_022.webp,g30_secondary_shojo_022.webp,g30_secondary_shojo_022.webp,d546fb3fcf5d090762cf98704d32c1702d93db82aafffbb30993aca9f708d45d,d546fb3fcf5d090762cf98704d32c1702d93db82aafffbb30993aca9f708d45d,39feeaa313198492,512,512,True,True,True,True,True,False,
g30_secondary_shojo_023,Sora Chen,V6 Genre 30,secondary,shojo,monster_taming,crime,comedy,cast/v6/g30_secondary_shojo_023.webp,game_source/art_src/cast_v6_genre30_upload_staging/portraits/g30_secondary_shojo_023.webp,GENRE30_CAST_ROSTER.csv sequence 218,218,g30_secondary_shojo_023.webp,g30_secondary_shojo_023.webp,g30_secondary_shojo_023.webp,8ae65eaa21d99ec7b201567218d4f3bb87a9a240548685ac6564ff5a5164d299,8ae65eaa21d99ec7b201567218d4f3bb87a9a240548685ac6564ff5a5164d299,2cb0e47632cd69cc,512,512,True,True,True,True,True,False,
g30_secondary_shojo_024,Tala Chen,V6 Genre 30,secondary,shojo,kaiju,cosmic_horror,comedy,cast/v6/g30_secondary_shojo_024.webp,game_source/art_src/cast_v6_genre30_upload_staging/portraits/g30_secondary_shojo_024.webp,GENRE30_CAST_ROSTER.csv sequence 219,219,g30_secondary_shojo_024.webp,g30_secondary_shojo_024.webp,g30_secondary_shojo_024.webp,25fad2a748f0f97ab000b66a596e9ae62734f6e3f73519f84171e7cd93668688,25fad2a748f0f97ab000b66a596e9ae62734f6e3f73519f84171e7cd93668688,69a45627b16e5319,512,512,True,True,True,True,True,False,
g30_secondary_shojo_025,Yara Chen,V6 Genre 30,secondary,shojo,monster_taming,crime,cooking,cast/v6/g30_secondary_shojo_025.webp,game_source/art_src/cast_v6_genre30_upload_staging/portraits/g30_secondary_shojo_025.webp,GENRE30_CAST_ROSTER.csv sequence 220,220,g30_secondary_shojo_025.webp,g30_secondary_shojo_025.webp,g30_secondary_shojo_025.webp,abbd94a26ab16d3cea4087ece1f018e73072c8da6ca0145e0e10085abd001978,abbd94a26ab16d3cea4087ece1f018e73072c8da6ca0145e0e10085abd001978,34c7453d6bf10586,512,512,True,True,True,True,True,False,
g30_secondary_shojo_026,Aiko Cho,V6 Genre 30,secondary,shojo,kaiju,cosmic_horror,cooking,cast/v6/g30_secondary_shojo_026.webp,game_source/art_src/cast_v6_genre30_upload_staging/portraits/g30_secondary_shojo_026.webp,GENRE30_CAST_ROSTER.csv sequence 221,221,g30_secondary_shojo_026.webp,g30_secondary_shojo_026.webp,g30_secondary_shojo_026.webp,81a46cb932f868a637149f943001b6eea41a85576194d8da11875a3fc0f1a058,81a46cb932f868a637149f943001b6eea41a85576194d8da11875a3fc0f1a058,7cd50d7ab103c0dc,512,512,True,True,True,True,True,False,
g30_secondary_shojo_027,Amara Cho,V6 Genre 30,secondary,shojo,monster_taming,crime,military,cast/v6/g30_secondary_shojo_027.webp,game_source/art_src/cast_v6_genre30_upload_staging/portraits/g30_secondary_shojo_027.webp,GENRE30_CAST_ROSTER.csv sequence 222,222,g30_secondary_shojo_027.webp,g30_secondary_shojo_027.webp,g30_secondary_shojo_027.webp,32f24214f79b97754f3dfaa45ee46a9db1458f083429dc5044c80dfcc892302a,32f24214f79b97754f3dfaa45ee46a9db1458f083429dc5044c80dfcc892302a,3bde83a26805fa85,512,512,True,True,True,True,True,False,
g30_secondary_shojo_028,Ansel Cho,V6 Genre 30,secondary,shojo,kaiju,cosmic_horror,military,cast/v6/g30_secondary_shojo_028.webp,game_source/art_src/cast_v6_genre30_upload_staging/portraits/g30_secondary_shojo_028.webp,GENRE30_CAST_ROSTER.csv sequence 223,223,g30_secondary_shojo_028.webp,g30_secondary_shojo_028.webp,g30_secondary_shojo_028.webp,a142399c555d02e4169996c1b1956910c5ef88e26436bca43c04c1ed5dd8be4b,a142399c555d02e4169996c1b1956910c5ef88e26436bca43c04c1ed5dd8be4b,29bae267cf8d8484,512,512,True,True,True,True,True,False,
g30_secondary_shojo_029,Arden Cho,V6 Genre 30,secondary,shojo,monster_taming,crime,supernatural,cast/v6/g30_secondary_shojo_029.webp,game_source/art_src/cast_v6_genre30_upload_staging/portraits/g30_secondary_shojo_029.webp,GENRE30_CAST_ROSTER.csv sequence 224,224,g30_secondary_shojo_029.webp,g30_secondary_shojo_029.webp,g30_secondary_shojo_029.webp,5074088b3e16466df72b7958d98569bba15f684cd8a91ddc57162ea309350c79,5074088b3e16466df72b7958d98569bba15f684cd8a91ddc57162ea309350c79,6ac7c02916bb9be0,512,512,True,True,True,True,True,False,
g30_secondary_shojo_030,Ari Cho,V6 Genre 30,secondary,shojo,kaiju,cosmic_horror,supernatural,cast/v6/g30_secondary_shojo_030.webp,game_source/art_src/cast_v6_genre30_upload_staging/portraits/g30_secondary_shojo_030.webp,GENRE30_CAST_ROSTER.csv sequence 225,225,g30_secondary_shojo_030.webp,g30_secondary_shojo_030.webp,g30_secondary_shojo_030.webp,2ec1b87025daa78f7ef0d61954d55d07befc27900bd74c8a839f283bef2eeef3,2ec1b87025daa78f7ef0d61954d55d07befc27900bd74c8a839f283bef2eeef3,535b24e375f88306,512,512,True,True,True,True,True,False,
g30_secondary_shojo_031,Asa Cho,V6 Genre 30,secondary,shojo,monster_taming,crime,space,cast/v6/g30_secondary_shojo_031.webp,game_source/art_src/cast_v6_genre30_upload_staging/portraits/g30_secondary_shojo_031.webp,GENRE30_CAST_ROSTER.csv sequence 226,226,g30_secondary_shojo_031.webp,g30_secondary_shojo_031.webp,g30_secondary_shojo_031.webp,d1506d3b01fc1766b1fbaeb4b4459cfa9ea51eecfb3514822acee7acd217c177,d1506d3b01fc1766b1fbaeb4b4459cfa9ea51eecfb3514822acee7acd217c177,14d1786563e8d9e1,512,512,True,True,True,True,True,False,
g30_secondary_shojo_032,Asha Cho,V6 Genre 30,secondary,shojo,kaiju,cosmic_horror,space,cast/v6/g30_secondary_shojo_032.webp,game_source/art_src/cast_v6_genre30_upload_staging/portraits/g30_secondary_shojo_032.webp,GENRE30_CAST_ROSTER.csv sequence 227,227,g30_secondary_shojo_032.webp,g30_secondary_shojo_032.webp,g30_secondary_shojo_032.webp,aa3a275123fba38023f9a4ee7bb1f6d9ad8fdeb420cd782bf7f71218b7186be0,aa3a275123fba38023f9a4ee7bb1f6d9ad8fdeb420cd782bf7f71218b7186be0,06b0663bb38d6cc5,512,512,True,True,True,True,True,False,
g30_secondary_shojo_033,Cass Cho,V6 Genre 30,secondary,shojo,monster_taming,crime,magical,cast/v6/g30_secondary_shojo_033.webp,game_source/art_src/cast_v6_genre30_upload_staging/portraits/g30_secondary_shojo_033.webp,GENRE30_CAST_ROSTER.csv sequence 228,228,g30_secondary_shojo_033.webp,g30_secondary_shojo_033.webp,g30_secondary_shojo_033.webp,d8e082dba8772b0657b1364b43549799c82f24b67b5b6cfccffeeb9054228135,d8e082dba8772b0657b1364b43549799c82f24b67b5b6cfccffeeb9054228135,29f41a6be3cbc188,512,512,True,True,True,True,True,False,
g30_secondary_shojo_034,Cassia Cho,V6 Genre 30,secondary,shojo,kaiju,cosmic_horror,magical,cast/v6/g30_secondary_shojo_034.webp,game_source/art_src/cast_v6_genre30_upload_staging/portraits/g30_secondary_shojo_034.webp,GENRE30_CAST_ROSTER.csv sequence 229,229,g30_secondary_shojo_034.webp,g30_secondary_shojo_034.webp,g30_secondary_shojo_034.webp,7e16663bd209d6eda18f2da3949e49cdf0664fe4087deceecb8a08c05c83d316,7e16663bd209d6eda18f2da3949e49cdf0664fe4087deceecb8a08c05c83d316,69b4d2e6e211de88,512,512,True,True,True,True,True,False,
g30_secondary_shojo_035,Dara Cho,V6 Genre 30,secondary,shojo,monster_taming,crime,survival,cast/v6/g30_secondary_shojo_035.webp,game_source/art_src/cast_v6_genre30_upload_staging/portraits/g30_secondary_shojo_035.webp,GENRE30_CAST_ROSTER.csv sequence 230,230,g30_secondary_shojo_035.webp,g30_secondary_shojo_035.webp,g30_secondary_shojo_035.webp,ee9298a90018651db4810af4c412487b58cb6c555a8522949cd307ac1dbc6c50,ee9298a90018651db4810af4c412487b58cb6c555a8522949cd307ac1dbc6c50,34acbba5631a4bc1,512,512,True,True,True,True,True,False,
g30_secondary_shojo_036,Eira Cho,V6 Genre 30,secondary,shojo,kaiju,cosmic_horror,survival,cast/v6/g30_secondary_shojo_036.webp,game_source/art_src/cast_v6_genre30_upload_staging/portraits/g30_secondary_shojo_036.webp,GENRE30_CAST_ROSTER.csv sequence 231,231,g30_secondary_shojo_036.webp,g30_secondary_shojo_036.webp,g30_secondary_shojo_036.webp,0b8b0f09a3c38f187747debe3a4615e04e291b208f6e155d8a75d039ca6d713a,0b8b0f09a3c38f187747debe3a4615e04e291b208f6e155d8a75d039ca6d713a,0dce637039229ae7,512,512,True,True,True,True,True,False,
g30_secondary_shojo_037,Elian Cho,V6 Genre 30,secondary,shojo,monster_taming,crime,pirate,cast/v6/g30_secondary_shojo_037.webp,game_source/art_src/cast_v6_genre30_upload_staging/portraits/g30_secondary_shojo_037.webp,GENRE30_CAST_ROSTER.csv sequence 232,232,g30_secondary_shojo_037.webp,g30_secondary_shojo_037.webp,g30_secondary_shojo_037.webp,80eea6677eee864b8d9d41623db9c6f8c64d613a5ab107461c3dbdd2062c7e7f,80eea6677eee864b8d9d41623db9c6f8c64d613a5ab107461c3dbdd2062c7e7f,28f8f0a7a7559183,512,512,True,True,True,True,True,False,
g30_secondary_shojo_038,Emi Cho,V6 Genre 30,secondary,shojo,kaiju,cosmic_horror,pirate,cast/v6/g30_secondary_shojo_038.webp,game_source/art_src/cast_v6_genre30_upload_staging/portraits/g30_secondary_shojo_038.webp,GENRE30_CAST_ROSTER.csv sequence 233,233,g30_secondary_shojo_038.webp,g30_secondary_shojo_038.webp,g30_secondary_shojo_038.webp,dbef4a3a0959a94c49c98308b5d146a4e48367e05fbc9901f3803d5a2d26b635,dbef4a3a0959a94c49c98308b5d146a4e48367e05fbc9901f3803d5a2d26b635,32cac39229f29cce,512,512,True,True,True,True,True,False,
g30_secondary_shojo_039,Farah Cho,V6 Genre 30,secondary,shojo,monster_taming,crime,martial,cast/v6/g30_secondary_shojo_039.webp,game_source/art_src/cast_v6_genre30_upload_staging/portraits/g30_secondary_shojo_039.webp,GENRE30_CAST_ROSTER.csv sequence 234,234,g30_secondary_shojo_039.webp,g30_secondary_shojo_039.webp,g30_secondary_shojo_039.webp,32f4f6191eb21d86d19b2143e5fba22956805433ae9aaac9f95da9f86ccc8d15,32f4f6191eb21d86d19b2143e5fba22956805433ae9aaac9f95da9f86ccc8d15,70d12278253e7cbc,512,512,True,True,True,True,True,False,
g30_secondary_shojo_040,Hana Cho,V6 Genre 30,secondary,shojo,kaiju,cosmic_horror,martial,cast/v6/g30_secondary_shojo_040.webp,game_source/art_src/cast_v6_genre30_upload_staging/portraits/g30_secondary_shojo_040.webp,GENRE30_CAST_ROSTER.csv sequence 235,235,g30_secondary_shojo_040.webp,g30_secondary_shojo_040.webp,g30_secondary_shojo_040.webp,874d390e54ade38e5168046ac4d2bf01c8d793c44466b74ca2f05371532e0a95,874d390e54ade38e5168046ac4d2bf01c8d793c44466b74ca2f05371532e0a95,2e888cbe0b9651bd,512,512,True,True,True,True,True,False,
g30_secondary_shojo_041,Haru Cho,V6 Genre 30,secondary,shojo,monster_taming,crime,mythology,cast/v6/g30_secondary_shojo_041.webp,game_source/art_src/cast_v6_genre30_upload_staging/portraits/g30_secondary_shojo_041.webp,GENRE30_CAST_ROSTER.csv sequence 236,236,g30_secondary_shojo_041.webp,g30_secondary_shojo_041.webp,g30_secondary_shojo_041.webp,c1090d3d7cc3989ef0d87af732cf4c3074c7bf29f3c3be96f6dafef4032c4140,c1090d3d7cc3989ef0d87af732cf4c3074c7bf29f3c3be96f6dafef4032c4140,2bb4976269e0cc96,512,512,True,True,True,True,True,False,
g30_secondary_shojo_042,Idris Cho,V6 Genre 30,secondary,shojo,kaiju,cosmic_horror,mythology,cast/v6/g30_secondary_shojo_042.webp,game_source/art_src/cast_v6_genre30_upload_staging/portraits/g30_secondary_shojo_042.webp,GENRE30_CAST_ROSTER.csv sequence 237,237,g30_secondary_shojo_042.webp,g30_secondary_shojo_042.webp,g30_secondary_shojo_042.webp,b95de41f524fe8be5fc0ccfc705db47663f645dbae3103ed5a53c86b72bb3892,b95de41f524fe8be5fc0ccfc705db47663f645dbae3103ed5a53c86b72bb3892,25c54927622f36ea,512,512,True,True,True,True,True,False,
g30_secondary_shojo_043,Imani Cho,V6 Genre 30,secondary,shojo,monster_taming,crime,nordic,cast/v6/g30_secondary_shojo_043.webp,game_source/art_src/cast_v6_genre30_upload_staging/portraits/g30_secondary_shojo_043.webp,GENRE30_CAST_ROSTER.csv sequence 238,238,g30_secondary_shojo_043.webp,g30_secondary_shojo_043.webp,g30_secondary_shojo_043.webp,efdf50e22695d43b98e062a4642c31e227bbfe4cf3aa35b496e9f998f71d5daa,efdf50e22695d43b98e062a4642c31e227bbfe4cf3aa35b496e9f998f71d5daa,369f4f6c6a1268a8,512,512,True,True,True,True,True,False,
g30_secondary_shojo_044,Jae Cho,V6 Genre 30,secondary,shojo,kaiju,cosmic_horror,nordic,cast/v6/g30_secondary_shojo_044.webp,game_source/art_src/cast_v6_genre30_upload_staging/portraits/g30_secondary_shojo_044.webp,GENRE30_CAST_ROSTER.csv sequence 239,239,g30_secondary_shojo_044.webp,g30_secondary_shojo_044.webp,g30_secondary_shojo_044.webp,5d88c155849963f25331c94499df5e9832287b75985bae2c873abea3268d0bac,5d88c155849963f25331c94499df5e9832287b75985bae2c873abea3268d0bac,27c642af261ed9c8,512,512,True,True,True,True,True,False,
g30_secondary_shojo_045,Jin Cho,V6 Genre 30,secondary,shojo,monster_taming,crime,samurai,cast/v6/g30_secondary_shojo_045.webp,game_source/art_src/cast_v6_genre30_upload_staging/portraits/g30_secondary_shojo_045.webp,GENRE30_CAST_ROSTER.csv sequence 240,240,g30_secondary_shojo_045.webp,g30_secondary_shojo_045.webp,g30_secondary_shojo_045.webp,7129131a438ef91bf8e19b8a590dac7608bcb5c66cce1f6545c6d29d84407d28,7129131a438ef91bf8e19b8a590dac7608bcb5c66cce1f6545c6d29d84407d28,74b4716dc29b3059,512,512,True,True,True,True,True,False,
g30_secondary_shojo_046,Kael Cho,V6 Genre 30,secondary,shojo,kaiju,cosmic_horror,samurai,cast/v6/g30_secondary_shojo_046.webp,game_source/art_src/cast_v6_genre30_upload_staging/portraits/g30_secondary_shojo_046.webp,GENRE30_CAST_ROSTER.csv sequence 241,241,g30_secondary_shojo_046.webp,g30_secondary_shojo_046.webp,g30_secondary_shojo_046.webp,a6e676a7771da1d7b11686f8ac5862182bcc71d619eb69d798cfc75249a79be9,a6e676a7771da1d7b11686f8ac5862182bcc71d619eb69d798cfc75249a79be9,6ed919aea1f19203,512,512,True,True,True,True,True,False,
g30_secondary_shojo_047,Kira Cho,V6 Genre 30,secondary,shojo,monster_taming,crime,shinobi,cast/v6/g30_secondary_shojo_047.webp,game_source/art_src/cast_v6_genre30_upload_staging/portraits/g30_secondary_shojo_047.webp,GENRE30_CAST_ROSTER.csv sequence 242,242,g30_secondary_shojo_047.webp,g30_secondary_shojo_047.webp,g30_secondary_shojo_047.webp,159f341d6dfd35d450d90295b069c5c0338bd7c3ab4346ff09dffbe73c22e3e4,159f341d6dfd35d450d90295b069c5c0338bd7c3ab4346ff09dffbe73c22e3e4,15b4a6b3b60e99c1,512,512,True,True,True,True,True,False,
g30_secondary_shojo_048,Leila Cho,V6 Genre 30,secondary,shojo,kaiju,cosmic_horror,shinobi,cast/v6/g30_secondary_shojo_048.webp,game_source/art_src/cast_v6_genre30_upload_staging/portraits/g30_secondary_shojo_048.webp,GENRE30_CAST_ROSTER.csv sequence 243,243,g30_secondary_shojo_048.webp,g30_secondary_shojo_048.webp,g30_secondary_shojo_048.webp,ea3484ee24459bb9a62c188daa8eafdfe0fbe7234c2f58a50890efba85d5f5fc,ea3484ee24459bb9a62c188daa8eafdfe0fbe7234c2f58a50890efba85d5f5fc,2493394d461f53ce,512,512,True,True,True,True,True,False,
g30_secondary_shojo_049,Lina Cho,V6 Genre 30,secondary,shojo,monster_taming,crime,vampire,cast/v6/g30_secondary_shojo_049.webp,game_source/art_src/cast_v6_genre30_upload_staging/portraits/g30_secondary_shojo_049.webp,GENRE30_CAST_ROSTER.csv sequence 244,244,g30_secondary_shojo_049.webp,g30_secondary_shojo_049.webp,g30_secondary_shojo_049.webp,8596195ca5e7ab898fb20cd2b510db7f92552d58bc8e6cd378907739e1a93a87,8596195ca5e7ab898fb20cd2b510db7f92552d58bc8e6cd378907739e1a93a87,1b8366670917b6ca,512,512,True,True,True,True,True,False,
g30_secondary_shojo_050,Lucan Cho,V6 Genre 30,secondary,shojo,kaiju,cosmic_horror,vampire,cast/v6/g30_secondary_shojo_050.webp,game_source/art_src/cast_v6_genre30_upload_staging/portraits/g30_secondary_shojo_050.webp,GENRE30_CAST_ROSTER.csv sequence 245,245,g30_secondary_shojo_050.webp,g30_secondary_shojo_050.webp,g30_secondary_shojo_050.webp,f4e0f4f32e2022e8642a8d3201125f88a14dd5d0f56c5b6df80b3f1efb9cf5b7,f4e0f4f32e2022e8642a8d3201125f88a14dd5d0f56c5b6df80b3f1efb9cf5b7,0486c630313bfde7,512,512,True,True,True,True,True,False,
g30_secondary_shojo_051,Mara Cho,V6 Genre 30,secondary,shojo,monster_taming,crime,grimdark,cast/v6/g30_secondary_shojo_051.webp,game_source/art_src/cast_v6_genre30_upload_staging/portraits/g30_secondary_shojo_051.webp,GENRE30_CAST_ROSTER.csv sequence 246,246,g30_secondary_shojo_051.webp,g30_secondary_shojo_051.webp,g30_secondary_shojo_051.webp,47faa37721f8b40fdd18ca5d20c9119e046d8302678ba26794ce68da05d7bf1a,47faa37721f8b40fdd18ca5d20c9119e046d8302678ba26794ce68da05d7bf1a,07db188a2f3d98d2,512,512,True,True,True,True,True,False,
g30_secondary_shojo_052,Mika Cho,V6 Genre 30,secondary,shojo,kaiju,cosmic_horror,grimdark,cast/v6/g30_secondary_shojo_052.webp,game_source/art_src/cast_v6_genre30_upload_staging/portraits/g30_secondary_shojo_052.webp,GENRE30_CAST_ROSTER.csv sequence 247,247,g30_secondary_shojo_052.webp,g30_secondary_shojo_052.webp,g30_secondary_shojo_052.webp,e849ef95d8edd06c6a3d5555438db3117a9dc32fd5fa99e10f76ab18cdbe53cd,e849ef95d8edd06c6a3d5555438db3117a9dc32fd5fa99e10f76ab18cdbe53cd,6e91984e2b3713d1,512,512,True,True,True,True,True,False,
g30_secondary_shojo_053,Mina Cho,V6 Genre 30,secondary,shojo,mecha,isekai,monster_taming,cast/v6/g30_secondary_shojo_053.webp,game_source/art_src/cast_v6_genre30_upload_staging/portraits/g30_secondary_shojo_053.webp,GENRE30_CAST_ROSTER.csv sequence 248,248,g30_secondary_shojo_053.webp,g30_secondary_shojo_053.webp,g30_secondary_shojo_053.webp,d00e88877a0d661094ec92382427ff019598090c64c7e683ab883200da94dd60,d00e88877a0d661094ec92382427ff019598090c64c7e683ab883200da94dd60,4eba2de535588392,512,512,True,True,True,True,True,False,
g30_secondary_shojo_054,Nadia Cho,V6 Genre 30,secondary,shojo,slice,horror,arabia,cast/v6/g30_secondary_shojo_054.webp,game_source/art_src/cast_v6_genre30_upload_staging/portraits/g30_secondary_shojo_054.webp,GENRE30_CAST_ROSTER.csv sequence 249,249,g30_secondary_shojo_054.webp,g30_secondary_shojo_054.webp,g30_secondary_shojo_054.webp,bd100e067cd2a6856c630f466cdeef5f3bd2f01a8acf67de5376f50c347728db,bd100e067cd2a6856c630f466cdeef5f3bd2f01a8acf67de5376f50c347728db,644f19246bb44b5b,512,512,True,True,True,True,True,False,
g30_secondary_shojo_055,Nao Cho,V6 Genre 30,secondary,shojo,romance,sports,arabia,cast/v6/g30_secondary_shojo_055.webp,game_source/art_src/cast_v6_genre30_upload_staging/portraits/g30_secondary_shojo_055.webp,GENRE30_CAST_ROSTER.csv sequence 250,250,g30_secondary_shojo_055.webp,g30_secondary_shojo_055.webp,g30_secondary_shojo_055.webp,25611f59ce77b32bca8d49aeddd60e43b0ab203397ae9ff6d751a1370a8cc74b,25611f59ce77b32bca8d49aeddd60e43b0ab203397ae9ff6d751a1370a8cc74b,25c692f0a87e583b,512,512,True,True,True,True,True,False,
g30_secondary_shojo_056,Niko Cho,V6 Genre 30,secondary,shojo,cyber,fantasy,arabia,cast/v6/g30_secondary_shojo_056.webp,game_source/art_src/cast_v6_genre30_upload_staging/portraits/g30_secondary_shojo_056.webp,GENRE30_CAST_ROSTER.csv sequence 251,251,g30_secondary_shojo_056.webp,g30_secondary_shojo_056.webp,g30_secondary_shojo_056.webp,99eb958e7dfcafee25f0eb4b3bea62c95dfff88634863bc92262c6900603a5c6,99eb958e7dfcafee25f0eb4b3bea62c95dfff88634863bc92262c6900603a5c6,1cb393177639c452,512,512,True,True,True,True,True,False,
g30_secondary_shojo_057,Noor Cho,V6 Genre 30,secondary,shojo,idol,mystery,arabia,cast/v6/g30_secondary_shojo_057.webp,game_source/art_src/cast_v6_genre30_upload_staging/portraits/g30_secondary_shojo_057.webp,GENRE30_CAST_ROSTER.csv sequence 252,252,g30_secondary_shojo_057.webp,g30_secondary_shojo_057.webp,g30_secondary_shojo_057.webp,b6e4329d18c755ed6bb42a95fba0fe14b7e98a3170d91a0ef81deb3dd1e85430,b6e4329d18c755ed6bb42a95fba0fe14b7e98a3170d91a0ef81deb3dd1e85430,1548663bb543dcac,512,512,True,True,True,True,True,False,
g30_secondary_shojo_058,Ren Cho,V6 Genre 30,secondary,shojo,comedy,cooking,arabia,cast/v6/g30_secondary_shojo_058.webp,game_source/art_src/cast_v6_genre30_upload_staging/portraits/g30_secondary_shojo_058.webp,GENRE30_CAST_ROSTER.csv sequence 253,253,g30_secondary_shojo_058.webp,g30_secondary_shojo_058.webp,g30_secondary_shojo_058.webp,9e5bb2f0f4342c70feb192443d5a11bcfb18722f218b84373218bc4bc2be34a0,9e5bb2f0f4342c70feb192443d5a11bcfb18722f218b84373218bc4bc2be34a0,60a327df624ad98c,512,512,True,True,True,True,True,False,
g30_secondary_shojo_059,Rin Cho,V6 Genre 30,secondary,shojo,military,supernatural,arabia,cast/v6/g30_secondary_shojo_059.webp,game_source/art_src/cast_v6_genre30_upload_staging/portraits/g30_secondary_shojo_059.webp,GENRE30_CAST_ROSTER.csv sequence 254,254,g30_secondary_shojo_059.webp,g30_secondary_shojo_059.webp,g30_secondary_shojo_059.webp,b958f9ee86cb4c994e4a9e7cb4945d567a24894d540f3a8b7572d55737600832,b958f9ee86cb4c994e4a9e7cb4945d567a24894d540f3a8b7572d55737600832,1d958d2476f27087,512,512,True,True,True,True,True,False,
g30_secondary_shojo_060,Samira Cho,V6 Genre 30,secondary,shojo,space,magical,arabia,cast/v6/g30_secondary_shojo_060.webp,game_source/art_src/cast_v6_genre30_upload_staging/portraits/g30_secondary_shojo_060.webp,GENRE30_CAST_ROSTER.csv sequence 255,255,g30_secondary_shojo_060.webp,g30_secondary_shojo_060.webp,g30_secondary_shojo_060.webp,d509d29be96211d42616a2b63a10f137e520071720d2183928bec496f2dffc59,d509d29be96211d42616a2b63a10f137e520071720d2183928bec496f2dffc59,41167c0d366f3aac,512,512,True,True,True,True,True,False,
g30_secondary_shojo_061,Sana Cho,V6 Genre 30,secondary,shojo,survival,pirate,arabia,cast/v6/g30_secondary_shojo_061.webp,game_source/art_src/cast_v6_genre30_upload_staging/portraits/g30_secondary_shojo_061.webp,GENRE30_CAST_ROSTER.csv sequence 256,256,g30_secondary_shojo_061.webp,g30_secondary_shojo_061.webp,g30_secondary_shojo_061.webp,1c5b1b4fc20548aa5e0801d827cba21984166cb29b944eaf96f2e09e636e6ab2,1c5b1b4fc20548aa5e0801d827cba21984166cb29b944eaf96f2e09e636e6ab2,6ae2017474a8bd97,512,512,True,True,True,True,True,False,
g30_secondary_shojo_062,Sora Cho,V6 Genre 30,secondary,shojo,martial,mythology,arabia,cast/v6/g30_secondary_shojo_062.webp,game_source/art_src/cast_v6_genre30_upload_staging/portraits/g30_secondary_shojo_062.webp,GENRE30_CAST_ROSTER.csv sequence 257,257,g30_secondary_shojo_062.webp,g30_secondary_shojo_062.webp,g30_secondary_shojo_062.webp,82a362fcb97e17c856f921c59306dd1f811312c793a240bdf50ff0c1e28dabdc,82a362fcb97e17c856f921c59306dd1f811312c793a240bdf50ff0c1e28dabdc,35e1a6b7d6c24095,512,512,True,True,True,True,True,False,
g30_secondary_shojo_063,Tala Cho,V6 Genre 30,secondary,shojo,nordic,samurai,arabia,cast/v6/g30_secondary_shojo_063.webp,game_source/art_src/cast_v6_genre30_upload_staging/portraits/g30_secondary_shojo_063.webp,GENRE30_CAST_ROSTER.csv sequence 258,258,g30_secondary_shojo_063.webp,g30_secondary_shojo_063.webp,g30_secondary_shojo_063.webp,53a66975ab5aca97efe551e4f4d24aa050a81b264971e8eb1cba5eaa4be3f6d3,53a66975ab5aca97efe551e4f4d24aa050a81b264971e8eb1cba5eaa4be3f6d3,3bc05b58a15e19f1,512,512,True,True,True,True,True,False,
g30_secondary_shojo_064,Yara Cho,V6 Genre 30,secondary,shojo,shinobi,vampire,arabia,cast/v6/g30_secondary_shojo_064.webp,game_source/art_src/cast_v6_genre30_upload_staging/portraits/g30_secondary_shojo_064.webp,GENRE30_CAST_ROSTER.csv sequence 259,259,g30_secondary_shojo_064.webp,g30_secondary_shojo_064.webp,g30_secondary_shojo_064.webp,2e254c95c9b0dc7ff4680102c89282465cd2fb8730982dc9a6e67a60b87e475e,2e254c95c9b0dc7ff4680102c89282465cd2fb8730982dc9a6e67a60b87e475e,63c2c3696d37129c,512,512,True,True,True,True,True,False,
g30_secondary_shojo_065,Aiko Costa,V6 Genre 30,secondary,shojo,monster_taming,arabia,grimdark,cast/v6/g30_secondary_shojo_065.webp,game_source/art_src/cast_v6_genre30_upload_staging/portraits/g30_secondary_shojo_065.webp,GENRE30_CAST_ROSTER.csv sequence 260,260,g30_secondary_shojo_065.webp,g30_secondary_shojo_065.webp,g30_secondary_shojo_065.webp,d0c7dae7d1ac4fa8c897c22baf9d066ea15c97bb3338d92a4956dc82147464df,d0c7dae7d1ac4fa8c897c22baf9d066ea15c97bb3338d92a4956dc82147464df,1be5da09265837a6,512,512,True,True,True,True,True,False,
g30_pet_shonen_001,Azusnap,V6 Genre 30,pet,shonen,monster_taming,crime,kaiju,cast/v6/g30_pet_shonen_001.webp,game_source/art_src/cast_v6_genre30_upload_staging/portraits/g30_pet_shonen_001.webp,GENRE30_CAST_ROSTER.csv sequence 261,261,g30_pet_shonen_001.webp,g30_pet_shonen_001.webp,g30_pet_shonen_001.webp,909496e4600e3cd0a48893fa6720e2e10d17bca8eb9f6960c0a42f38996e329c,909496e4600e3cd0a48893fa6720e2e10d17bca8eb9f6960c0a42f38996e329c,7293818c498ffd94,512,512,True,True,True,True,True,False,
g30_pet_shonen_002,Bramsnap,V6 Genre 30,pet,shonen,monster_taming,cosmic_horror,arabia,cast/v6/g30_pet_shonen_002.webp,game_source/art_src/cast_v6_genre30_upload_staging/portraits/g30_pet_shonen_002.webp,GENRE30_CAST_ROSTER.csv sequence 262,262,g30_pet_shonen_002.webp,g30_pet_shonen_002.webp,g30_pet_shonen_002.webp,40b77411875c251425f88cc935d2e3852f895934f41931e624a65e56ab9b47f7,40b77411875c251425f88cc935d2e3852f895934f41931e624a65e56ab9b47f7,349c911b976d4671,512,512,True,True,True,True,True,False,
g30_pet_shonen_003,Chaisnap,V6 Genre 30,pet,shonen,crime,cosmic_horror,mecha,cast/v6/g30_pet_shonen_003.webp,game_source/art_src/cast_v6_genre30_upload_staging/portraits/g30_pet_shonen_003.webp,GENRE30_CAST_ROSTER.csv sequence 263,263,g30_pet_shonen_003.webp,g30_pet_shonen_003.webp,g30_pet_shonen_003.webp,526f3acd5635af21fdcc3b0abc1b30c4d3c313ab8245dc520db8283b60149599,526f3acd5635af21fdcc3b0abc1b30c4d3c313ab8245dc520db8283b60149599,0449f2363de5d18e,512,512,True,True,True,True,True,False,
g30_pet_shonen_004,Cindersnap,V6 Genre 30,pet,shonen,kaiju,arabia,mecha,cast/v6/g30_pet_shonen_004.webp,game_source/art_src/cast_v6_genre30_upload_staging/portraits/g30_pet_shonen_004.webp,GENRE30_CAST_ROSTER.csv sequence 264,264,g30_pet_shonen_004.webp,g30_pet_shonen_004.webp,g30_pet_shonen_004.webp,cd855a3ec55e249665dbb7994c1a3a155e4f278d06384195020de0c077cbbd47,cd855a3ec55e249665dbb7994c1a3a155e4f278d06384195020de0c077cbbd47,218a1ece1fb55833,512,512,True,True,True,True,True,False,
g30_pet_shonen_005,Clinksnap,V6 Genre 30,pet,shonen,crime,arabia,isekai,cast/v6/g30_pet_shonen_005.webp,game_source/art_src/cast_v6_genre30_upload_staging/portraits/g30_pet_shonen_005.webp,GENRE30_CAST_ROSTER.csv sequence 265,265,g30_pet_shonen_005.webp,g30_pet_shonen_005.webp,g30_pet_shonen_005.webp,19c355cb4d9f521c9d90928cf86e0235ce2194db40dfb81d426f055f95ca08f2,19c355cb4d9f521c9d90928cf86e0235ce2194db40dfb81d426f055f95ca08f2,06b2f33d85d74864,512,512,True,True,True,True,True,False,
g30_pet_shonen_006,Djinnisnap,V6 Genre 30,pet,shonen,kaiju,cosmic_horror,isekai,cast/v6/g30_pet_shonen_006.webp,game_source/art_src/cast_v6_genre30_upload_staging/portraits/g30_pet_shonen_006.webp,GENRE30_CAST_ROSTER.csv sequence 266,266,g30_pet_shonen_006.webp,g30_pet_shonen_006.webp,g30_pet_shonen_006.webp,b228bf0038f2e3747e1ce6739fa72775485693a6e6f574c11ddc3139f77383eb,b228bf0038f2e3747e1ce6739fa72775485693a6e6f574c11ddc3139f77383eb,31709c3f4e9642ec,512,512,True,True,True,True,True,False,
g30_pet_shonen_007,Embersnap,V6 Genre 30,pet,shonen,monster_taming,crime,slice,cast/v6/g30_pet_shonen_007.webp,game_source/art_src/cast_v6_genre30_upload_staging/portraits/g30_pet_shonen_007.webp,GENRE30_CAST_ROSTER.csv sequence 267,267,g30_pet_shonen_007.webp,g30_pet_shonen_007.webp,g30_pet_shonen_007.webp,3be622149d15977a9ca76e7b981da2f42b4004d648aaaed85138ca7d7c5245f5,3be622149d15977a9ca76e7b981da2f42b4004d648aaaed85138ca7d7c5245f5,3da8c2b0999c45e7,512,512,True,True,True,True,True,False,
g30_pet_shonen_008,Fangsnap,V6 Genre 30,pet,shonen,kaiju,cosmic_horror,slice,cast/v6/g30_pet_shonen_008.webp,game_source/art_src/cast_v6_genre30_upload_staging/portraits/g30_pet_shonen_008.webp,GENRE30_CAST_ROSTER.csv sequence 268,268,g30_pet_shonen_008.webp,g30_pet_shonen_008.webp,g30_pet_shonen_008.webp,15a95a0fac618bc88f2697cce0198fcce8663b73848016b77ef3d02428f9786d,15a95a0fac618bc88f2697cce0198fcce8663b73848016b77ef3d02428f9786d,59ff09a698986463,512,512,True,True,True,True,True,False,
g30_pet_shonen_009,Glimsnap,V6 Genre 30,pet,shonen,monster_taming,crime,horror,cast/v6/g30_pet_shonen_009.webp,game_source/art_src/cast_v6_genre30_upload_staging/portraits/g30_pet_shonen_009.webp,GENRE30_CAST_ROSTER.csv sequence 269,269,g30_pet_shonen_009.webp,g30_pet_shonen_009.webp,g30_pet_shonen_009.webp,3bfeb426db257b072a4021e11c533757a71017ffa530bf4e7865a2e1383f53b7,3bfeb426db257b072a4021e11c533757a71017ffa530bf4e7865a2e1383f53b7,123c34736cd132ee,512,512,True,True,True,True,True,False,
g30_pet_shonen_010,Kikisnap,V6 Genre 30,pet,shonen,kaiju,cosmic_horror,horror,cast/v6/g30_pet_shonen_010.webp,game_source/art_src/cast_v6_genre30_upload_staging/portraits/g30_pet_shonen_010.webp,GENRE30_CAST_ROSTER.csv sequence 270,270,g30_pet_shonen_010.webp,g30_pet_shonen_010.webp,g30_pet_shonen_010.webp,00933f08b8c602ec96ae4a3260140c5782166b616877daf389166345ab855f92,00933f08b8c602ec96ae4a3260140c5782166b616877daf389166345ab855f92,4ebb293014ce5b9c,512,512,True,True,True,True,True,False,
g30_pet_shonen_011,Lumensnap,V6 Genre 30,pet,shonen,monster_taming,crime,romance,cast/v6/g30_pet_shonen_011.webp,game_source/art_src/cast_v6_genre30_upload_staging/portraits/g30_pet_shonen_011.webp,GENRE30_CAST_ROSTER.csv sequence 271,271,g30_pet_shonen_011.webp,g30_pet_shonen_011.webp,g30_pet_shonen_011.webp,d4ae4cf741497e6d2c0f21c61746c8151816433d4fac14cdbcb37d5a8473e56e,d4ae4cf741497e6d2c0f21c61746c8151816433d4fac14cdbcb37d5a8473e56e,51400dda1e9d4fad,512,512,True,True,True,True,True,False,
g30_pet_shonen_012,Mirisnap,V6 Genre 30,pet,shonen,kaiju,cosmic_horror,romance,cast/v6/g30_pet_shonen_012.webp,game_source/art_src/cast_v6_genre30_upload_staging/portraits/g30_pet_shonen_012.webp,GENRE30_CAST_ROSTER.csv sequence 272,272,g30_pet_shonen_012.webp,g30_pet_shonen_012.webp,g30_pet_shonen_012.webp,6d874b807bdb637f7cc674731b8417c7737055cb3abed12053164a3d10353de4,6d874b807bdb637f7cc674731b8417c7737055cb3abed12053164a3d10353de4,107a9743459c3e5e,512,512,True,True,True,True,True,False,
g30_pet_shonen_013,Misosnap,V6 Genre 30,pet,shonen,monster_taming,crime,sports,cast/v6/g30_pet_shonen_013.webp,game_source/art_src/cast_v6_genre30_upload_staging/portraits/g30_pet_shonen_013.webp,GENRE30_CAST_ROSTER.csv sequence 273,273,g30_pet_shonen_013.webp,g30_pet_shonen_013.webp,g30_pet_shonen_013.webp,62f3784849ea5b1c31e712ec19393cfdfea9feac30c5899b2d1c11aaea174c49,62f3784849ea5b1c31e712ec19393cfdfea9feac30c5899b2d1c11aaea174c49,39f0e46d1c5b1b06,512,512,True,True,True,True,True,False,
g30_pet_shonen_014,Mokusnap,V6 Genre 30,pet,shonen,kaiju,cosmic_horror,sports,cast/v6/g30_pet_shonen_014.webp,game_source/art_src/cast_v6_genre30_upload_staging/portraits/g30_pet_shonen_014.webp,GENRE30_CAST_ROSTER.csv sequence 274,274,g30_pet_shonen_014.webp,g30_pet_shonen_014.webp,g30_pet_shonen_014.webp,f272007ab35cfe4bef597b4a0a07006cfc02e484d71842fdd2e3b16f7e82d863,f272007ab35cfe4bef597b4a0a07006cfc02e484d71842fdd2e3b16f7e82d863,24298f2f0b2e78f2,512,512,True,True,True,True,True,False,
g30_pet_shonen_015,Nibsnap,V6 Genre 30,pet,shonen,monster_taming,crime,cyber,cast/v6/g30_pet_shonen_015.webp,game_source/art_src/cast_v6_genre30_upload_staging/portraits/g30_pet_shonen_015.webp,GENRE30_CAST_ROSTER.csv sequence 275,275,g30_pet_shonen_015.webp,g30_pet_shonen_015.webp,g30_pet_shonen_015.webp,09a1b77beba8be85d7e9ff7a3a8e1ef39010c6d7140168a6bba0425d19191480,09a1b77beba8be85d7e9ff7a3a8e1ef39010c6d7140168a6bba0425d19191480,306f641976e2497c,512,512,True,True,True,True,True,False,
g30_pet_shonen_016,Norisnap,V6 Genre 30,pet,shonen,kaiju,cosmic_horror,cyber,cast/v6/g30_pet_shonen_016.webp,game_source/art_src/cast_v6_genre30_upload_staging/portraits/g30_pet_shonen_016.webp,GENRE30_CAST_ROSTER.csv sequence 276,276,g30_pet_shonen_016.webp,g30_pet_shonen_016.webp,g30_pet_shonen_016.webp,2df63f56a31113993c62f95134890aef2b216a43347663faa9b9c544aee4db15,2df63f56a31113993c62f95134890aef2b216a43347663faa9b9c544aee4db15,175629662c7c16e6,512,512,True,True,True,True,True,False,
g30_pet_shonen_017,Orbitsnap,V6 Genre 30,pet,shonen,monster_taming,crime,fantasy,cast/v6/g30_pet_shonen_017.webp,game_source/art_src/cast_v6_genre30_upload_staging/portraits/g30_pet_shonen_017.webp,GENRE30_CAST_ROSTER.csv sequence 277,277,g30_pet_shonen_017.webp,g30_pet_shonen_017.webp,g30_pet_shonen_017.webp,971be7ba23ed1510d63d8da8c1b4d8a7921b4d6f1bc44c38ef9310598cfce32a,971be7ba23ed1510d63d8da8c1b4d8a7921b4d6f1bc44c38ef9310598cfce32a,50ca4fcd38d2943d,512,512,True,True,True,True,True,False,
g30_pet_shonen_018,Pebblesnap,V6 Genre 30,pet,shonen,kaiju,cosmic_horror,fantasy,cast/v6/g30_pet_shonen_018.webp,game_source/art_src/cast_v6_genre30_upload_staging/portraits/g30_pet_shonen_018.webp,GENRE30_CAST_ROSTER.csv sequence 278,278,g30_pet_shonen_018.webp,g30_pet_shonen_018.webp,g30_pet_shonen_018.webp,2c85f58b6a8bef802a90de38f82f50d376e220e6eac1ccdc303c23deb1494f06,2c85f58b6a8bef802a90de38f82f50d376e220e6eac1ccdc303c23deb1494f06,11d84b634f8b68f2,512,512,True,True,True,True,True,False,
g30_pet_shonen_019,Pipsnap,V6 Genre 30,pet,shonen,monster_taming,crime,idol,cast/v6/g30_pet_shonen_019.webp,game_source/art_src/cast_v6_genre30_upload_staging/portraits/g30_pet_shonen_019.webp,GENRE30_CAST_ROSTER.csv sequence 279,279,g30_pet_shonen_019.webp,g30_pet_shonen_019.webp,g30_pet_shonen_019.webp,1406843cfda761b6c0ca5d1af3202d2dd8efde1b0132c46b430292a124c7b4a9,1406843cfda761b6c0ca5d1af3202d2dd8efde1b0132c46b430292a124c7b4a9,076788b03b486dbe,512,512,True,True,True,True,True,False,
g30_pet_shonen_020,Pucksnap,V6 Genre 30,pet,shonen,kaiju,cosmic_horror,idol,cast/v6/g30_pet_shonen_020.webp,game_source/art_src/cast_v6_genre30_upload_staging/portraits/g30_pet_shonen_020.webp,GENRE30_CAST_ROSTER.csv sequence 280,280,g30_pet_shonen_020.webp,g30_pet_shonen_020.webp,g30_pet_shonen_020.webp,39bf14cedf395ab5377b9aaa438bacab24ca474c24174e620e3249bc6dd4290d,39bf14cedf395ab5377b9aaa438bacab24ca474c24174e620e3249bc6dd4290d,313d47ea39a62619,512,512,True,True,True,True,True,False,
g30_pet_shonen_021,Riffsnap,V6 Genre 30,pet,shonen,monster_taming,crime,mystery,cast/v6/g30_pet_shonen_021.webp,game_source/art_src/cast_v6_genre30_upload_staging/portraits/g30_pet_shonen_021.webp,GENRE30_CAST_ROSTER.csv sequence 281,281,g30_pet_shonen_021.webp,g30_pet_shonen_021.webp,g30_pet_shonen_021.webp,ae381f2cca3f013520144bce0c49e68075d08e5b8dd69960bf1a0a0af9f26df0,ae381f2cca3f013520144bce0c49e68075d08e5b8dd69960bf1a0a0af9f26df0,0499bcb5646c31e7,512,512,True,True,True,True,True,False,
g30_pet_shonen_022,Runesnap,V6 Genre 30,pet,shonen,kaiju,cosmic_horror,mystery,cast/v6/g30_pet_shonen_022.webp,game_source/art_src/cast_v6_genre30_upload_staging/portraits/g30_pet_shonen_022.webp,GENRE30_CAST_ROSTER.csv sequence 282,282,g30_pet_shonen_022.webp,g30_pet_shonen_022.webp,g30_pet_shonen_022.webp,2b18451af5755df51fbc4425540d5b6db5c5aa6a64682c1e93ff894a089a0074,2b18451af5755df51fbc4425540d5b6db5c5aa6a64682c1e93ff894a089a0074,5098447c74ec2ef3,512,512,True,True,True,True,True,False,
g30_pet_shonen_023,Sablesnap,V6 Genre 30,pet,shonen,monster_taming,crime,comedy,cast/v6/g30_pet_shonen_023.webp,game_source/art_src/cast_v6_genre30_upload_staging/portraits/g30_pet_shonen_023.webp,GENRE30_CAST_ROSTER.csv sequence 283,283,g30_pet_shonen_023.webp,g30_pet_shonen_023.webp,g30_pet_shonen_023.webp,b838d9f457c6713da439c6a3ab11934874642b2cae34f6955b4a675f6468bdd4,b838d9f457c6713da439c6a3ab11934874642b2cae34f6955b4a675f6468bdd4,18bcc5f31586d964,512,512,True,True,True,True,True,False,
g30_pet_shonen_024,Skiffsnap,V6 Genre 30,pet,shonen,kaiju,cosmic_horror,comedy,cast/v6/g30_pet_shonen_024.webp,game_source/art_src/cast_v6_genre30_upload_staging/portraits/g30_pet_shonen_024.webp,GENRE30_CAST_ROSTER.csv sequence 284,284,g30_pet_shonen_024.webp,g30_pet_shonen_024.webp,g30_pet_shonen_024.webp,d7b4b44bbbd2b3ed33cee0284a9b859473e8566b48cb97988ef54b1ac0ff5641,d7b4b44bbbd2b3ed33cee0284a9b859473e8566b48cb97988ef54b1ac0ff5641,32e1c8bb23688f96,512,512,True,True,True,True,True,False,
g30_pet_shonen_025,Sootsnap,V6 Genre 30,pet,shonen,monster_taming,crime,cooking,cast/v6/g30_pet_shonen_025.webp,game_source/art_src/cast_v6_genre30_upload_staging/portraits/g30_pet_shonen_025.webp,GENRE30_CAST_ROSTER.csv sequence 285,285,g30_pet_shonen_025.webp,g30_pet_shonen_025.webp,g30_pet_shonen_025.webp,e8f8cf74f3df8855cb5864e0f53c3947fede4977664a02a573d319d1047b2646,e8f8cf74f3df8855cb5864e0f53c3947fede4977664a02a573d319d1047b2646,0f13303f208b5f5d,512,512,True,True,True,True,True,False,
g30_pet_shonen_026,Talonsnap,V6 Genre 30,pet,shonen,kaiju,cosmic_horror,cooking,cast/v6/g30_pet_shonen_026.webp,game_source/art_src/cast_v6_genre30_upload_staging/portraits/g30_pet_shonen_026.webp,GENRE30_CAST_ROSTER.csv sequence 286,286,g30_pet_shonen_026.webp,g30_pet_shonen_026.webp,g30_pet_shonen_026.webp,82564f7d6420f2fbef4ef6a46327c85339232862b2a3dc23e8d8b795d1cd0dc0,82564f7d6420f2fbef4ef6a46327c85339232862b2a3dc23e8d8b795d1cd0dc0,05cf470f0f3a3c61,512,512,True,True,True,True,True,False,
g30_pet_shonen_027,Tikasnap,V6 Genre 30,pet,shonen,monster_taming,crime,military,cast/v6/g30_pet_shonen_027.webp,game_source/art_src/cast_v6_genre30_upload_staging/portraits/g30_pet_shonen_027.webp,GENRE30_CAST_ROSTER.csv sequence 287,287,g30_pet_shonen_027.webp,g30_pet_shonen_027.webp,g30_pet_shonen_027.webp,6462903318ef6fa4d1f040d0ec5c26141c4a1e9ddf3284ace68ffcf1b1bae501,6462903318ef6fa4d1f040d0ec5c26141c4a1e9ddf3284ace68ffcf1b1bae501,42369e5d35e249e4,512,512,True,True,True,True,True,False,
g30_pet_shonen_028,Totosnap,V6 Genre 30,pet,shonen,kaiju,cosmic_horror,military,cast/v6/g30_pet_shonen_028.webp,game_source/art_src/cast_v6_genre30_upload_staging/portraits/g30_pet_shonen_028.webp,GENRE30_CAST_ROSTER.csv sequence 288,288,g30_pet_shonen_028.webp,g30_pet_shonen_028.webp,g30_pet_shonen_028.webp,32c41ce8b99392a1f7e6ede0f7feb9b580254f29be52b2868c4a3ca2b4a50fae,32c41ce8b99392a1f7e6ede0f7feb9b580254f29be52b2868c4a3ca2b4a50fae,03c74ddd0696d3c1,512,512,True,True,True,True,True,False,
g30_pet_shonen_029,Vantasnap,V6 Genre 30,pet,shonen,monster_taming,crime,supernatural,cast/v6/g30_pet_shonen_029.webp,game_source/art_src/cast_v6_genre30_upload_staging/portraits/g30_pet_shonen_029.webp,GENRE30_CAST_ROSTER.csv sequence 289,289,g30_pet_shonen_029.webp,g30_pet_shonen_029.webp,g30_pet_shonen_029.webp,8fbeacc24ac97dce88bad7b6fcc5ee8beaf349dbc787861e199017b00061bf8f,8fbeacc24ac97dce88bad7b6fcc5ee8beaf349dbc787861e199017b00061bf8f,1336365692d3cc66,512,512,True,True,True,True,True,False,
g30_pet_shonen_030,Whispsnap,V6 Genre 30,pet,shonen,kaiju,cosmic_horror,supernatural,cast/v6/g30_pet_shonen_030.webp,game_source/art_src/cast_v6_genre30_upload_staging/portraits/g30_pet_shonen_030.webp,GENRE30_CAST_ROSTER.csv sequence 290,290,g30_pet_shonen_030.webp,g30_pet_shonen_030.webp,g30_pet_shonen_030.webp,14b075493a6f7a08e77d824cc8dc5f425f1767522ff3cf685683352feb0d1a51,14b075493a6f7a08e77d824cc8dc5f425f1767522ff3cf685683352feb0d1a51,457231ce343d82e7,512,512,True,True,True,True,True,False,
g30_pet_shonen_031,Azuspark,V6 Genre 30,pet,shonen,monster_taming,crime,space,cast/v6/g30_pet_shonen_031.webp,game_source/art_src/cast_v6_genre30_upload_staging/portraits/g30_pet_shonen_031.webp,GENRE30_CAST_ROSTER.csv sequence 291,291,g30_pet_shonen_031.webp,g30_pet_shonen_031.webp,g30_pet_shonen_031.webp,186af45b36a2939e5266b943898d8059fc3f8211d6054f65cea0253f739de3f8,186af45b36a2939e5266b943898d8059fc3f8211d6054f65cea0253f739de3f8,2bf8c0247a4f2f16,512,512,True,True,True,True,True,False,
g30_pet_shonen_032,Bramspark,V6 Genre 30,pet,shonen,kaiju,cosmic_horror,space,cast/v6/g30_pet_shonen_032.webp,game_source/art_src/cast_v6_genre30_upload_staging/portraits/g30_pet_shonen_032.webp,GENRE30_CAST_ROSTER.csv sequence 292,292,g30_pet_shonen_032.webp,g30_pet_shonen_032.webp,g30_pet_shonen_032.webp,607ba329881754b5d8c8c1ea360673fc97b0ff6f20614c2faabe67ccdd08f5b2,607ba329881754b5d8c8c1ea360673fc97b0ff6f20614c2faabe67ccdd08f5b2,37aa82673be53085,512,512,True,True,True,True,True,False,
g30_pet_shonen_033,Chaispark,V6 Genre 30,pet,shonen,monster_taming,crime,magical,cast/v6/g30_pet_shonen_033.webp,game_source/art_src/cast_v6_genre30_upload_staging/portraits/g30_pet_shonen_033.webp,GENRE30_CAST_ROSTER.csv sequence 293,293,g30_pet_shonen_033.webp,g30_pet_shonen_033.webp,g30_pet_shonen_033.webp,cccceb547c42f1ae3ada9bb3816e267cb748d83c1bef6ab53155507c0716f2ed,cccceb547c42f1ae3ada9bb3816e267cb748d83c1bef6ab53155507c0716f2ed,2cf8c03cb9932e6c,512,512,True,True,True,True,True,False,
g30_pet_shonen_034,Cinderspark,V6 Genre 30,pet,shonen,kaiju,cosmic_horror,magical,cast/v6/g30_pet_shonen_034.webp,game_source/art_src/cast_v6_genre30_upload_staging/portraits/g30_pet_shonen_034.webp,GENRE30_CAST_ROSTER.csv sequence 294,294,g30_pet_shonen_034.webp,g30_pet_shonen_034.webp,g30_pet_shonen_034.webp,696b724942f0b78e929603895f7c7807e6095cccd0a8dc61a62cc81c66fcb490,696b724942f0b78e929603895f7c7807e6095cccd0a8dc61a62cc81c66fcb490,5954a466379dd123,512,512,True,True,True,True,True,False,
g30_pet_shonen_035,Clinkspark,V6 Genre 30,pet,shonen,monster_taming,crime,survival,cast/v6/g30_pet_shonen_035.webp,game_source/art_src/cast_v6_genre30_upload_staging/portraits/g30_pet_shonen_035.webp,GENRE30_CAST_ROSTER.csv sequence 295,295,g30_pet_shonen_035.webp,g30_pet_shonen_035.webp,g30_pet_shonen_035.webp,f4fed95c65ff50d3f353031ed492f8a6046f267718eda6cbd6ef19e72b807f81,f4fed95c65ff50d3f353031ed492f8a6046f267718eda6cbd6ef19e72b807f81,09ba71472638ade6,512,512,True,True,True,True,True,False,
g30_pet_shonen_036,Djinnispark,V6 Genre 30,pet,shonen,kaiju,cosmic_horror,survival,cast/v6/g30_pet_shonen_036.webp,game_source/art_src/cast_v6_genre30_upload_staging/portraits/g30_pet_shonen_036.webp,GENRE30_CAST_ROSTER.csv sequence 296,296,g30_pet_shonen_036.webp,g30_pet_shonen_036.webp,g30_pet_shonen_036.webp,9756bc5d5ca729de05181ff77456f00a4560c08ae072dd336610e179faa7c696,9756bc5d5ca729de05181ff77456f00a4560c08ae072dd336610e179faa7c696,6ef1096e00c2f3bc,512,512,True,True,True,True,True,False,
g30_pet_shonen_037,Emberspark,V6 Genre 30,pet,shonen,monster_taming,crime,pirate,cast/v6/g30_pet_shonen_037.webp,game_source/art_src/cast_v6_genre30_upload_staging/portraits/g30_pet_shonen_037.webp,GENRE30_CAST_ROSTER.csv sequence 297,297,g30_pet_shonen_037.webp,g30_pet_shonen_037.webp,g30_pet_shonen_037.webp,547dbc9cfa9b08d4af240d30b3f0737f0b6bd790b7d2626c600dfd456ac1309e,547dbc9cfa9b08d4af240d30b3f0737f0b6bd790b7d2626c600dfd456ac1309e,3db6f0c5b2c29161,512,512,True,True,True,True,True,False,
g30_pet_shonen_038,Fangspark,V6 Genre 30,pet,shonen,kaiju,cosmic_horror,pirate,cast/v6/g30_pet_shonen_038.webp,game_source/art_src/cast_v6_genre30_upload_staging/portraits/g30_pet_shonen_038.webp,GENRE30_CAST_ROSTER.csv sequence 298,298,g30_pet_shonen_038.webp,g30_pet_shonen_038.webp,g30_pet_shonen_038.webp,8138f2eb5411f6e603cdea62d6eda21bb7680920231dbc75775f7645e9ca5c6d,8138f2eb5411f6e603cdea62d6eda21bb7680920231dbc75775f7645e9ca5c6d,3c24d383ca1fcc1e,512,512,True,True,True,True,True,False,
g30_pet_shonen_039,Glimspark,V6 Genre 30,pet,shonen,monster_taming,crime,martial,cast/v6/g30_pet_shonen_039.webp,game_source/art_src/cast_v6_genre30_upload_staging/portraits/g30_pet_shonen_039.webp,GENRE30_CAST_ROSTER.csv sequence 299,299,g30_pet_shonen_039.webp,g30_pet_shonen_039.webp,g30_pet_shonen_039.webp,f519593663142f876eca501c82bb83081bfb8d0077c8111a9869e613b413a308,f519593663142f876eca501c82bb83081bfb8d0077c8111a9869e613b413a308,1b0b07e96ce77214,512,512,True,True,True,True,True,False,
g30_pet_shonen_040,Kikispark,V6 Genre 30,pet,shonen,kaiju,cosmic_horror,martial,cast/v6/g30_pet_shonen_040.webp,game_source/art_src/cast_v6_genre30_upload_staging/portraits/g30_pet_shonen_040.webp,GENRE30_CAST_ROSTER.csv sequence 300,300,g30_pet_shonen_040.webp,g30_pet_shonen_040.webp,g30_pet_shonen_040.webp,97e339ac47c949c012d5a38bb72d9efb1a364a2a1f132a1fff40a2a69fd856ff,97e339ac47c949c012d5a38bb72d9efb1a364a2a1f132a1fff40a2a69fd856ff,504861719fd636da,512,512,True,True,True,True,True,False,
g30_pet_shonen_041,Lumenspark,V6 Genre 30,pet,shonen,monster_taming,crime,mythology,cast/v6/g30_pet_shonen_041.webp,game_source/art_src/cast_v6_genre30_upload_staging/portraits/g30_pet_shonen_041.webp,GENRE30_CAST_ROSTER.csv sequence 301,301,g30_pet_shonen_041.webp,g30_pet_shonen_041.webp,g30_pet_shonen_041.webp,3439be1bcbdeee877c34f7ee0c1c1ceb3f0d6805d8af38d9e3a1f014bb7d9fd1,3439be1bcbdeee877c34f7ee0c1c1ceb3f0d6805d8af38d9e3a1f014bb7d9fd1,2de3c27e10d1cf42,512,512,True,True,True,True,True,False,
g30_pet_shonen_042,Mirispark,V6 Genre 30,pet,shonen,kaiju,cosmic_horror,mythology,cast/v6/g30_pet_shonen_042.webp,game_source/art_src/cast_v6_genre30_upload_staging/portraits/g30_pet_shonen_042.webp,GENRE30_CAST_ROSTER.csv sequence 302,302,g30_pet_shonen_042.webp,g30_pet_shonen_042.webp,g30_pet_shonen_042.webp,b4c7eb658a4fabfcbd16cfe77a3c9bea933cf8ed1f2f5bcc9a9ec8b0b1960841,b4c7eb658a4fabfcbd16cfe77a3c9bea933cf8ed1f2f5bcc9a9ec8b0b1960841,3b50125b8c754d6e,512,512,True,True,True,True,True,False,
g30_pet_shonen_043,Misospark,V6 Genre 30,pet,shonen,monster_taming,crime,nordic,cast/v6/g30_pet_shonen_043.webp,game_source/art_src/cast_v6_genre30_upload_staging/portraits/g30_pet_shonen_043.webp,GENRE30_CAST_ROSTER.csv sequence 303,303,g30_pet_shonen_043.webp,g30_pet_shonen_043.webp,g30_pet_shonen_043.webp,4eec7896e71d7d3a27ef799325b408243ecb5c191b3f09e1ebaec2857cb52380,4eec7896e71d7d3a27ef799325b408243ecb5c191b3f09e1ebaec2857cb52380,1376c2661e9991ab,512,512,True,True,True,True,True,False,
g30_pet_shonen_044,Mokuspark,V6 Genre 30,pet,shonen,kaiju,cosmic_horror,nordic,cast/v6/g30_pet_shonen_044.webp,game_source/art_src/cast_v6_genre30_upload_staging/portraits/g30_pet_shonen_044.webp,GENRE30_CAST_ROSTER.csv sequence 304,304,g30_pet_shonen_044.webp,g30_pet_shonen_044.webp,g30_pet_shonen_044.webp,de3203dce4b0d7094627b5e577343fc2bdbae777eea6fc9f1273c9a190fc6a84,de3203dce4b0d7094627b5e577343fc2bdbae777eea6fc9f1273c9a190fc6a84,2b478d7c10ee6ab0,512,512,True,True,True,True,True,False,
g30_pet_shonen_045,Nibspark,V6 Genre 30,pet,shonen,monster_taming,crime,samurai,cast/v6/g30_pet_shonen_045.webp,game_source/art_src/cast_v6_genre30_upload_staging/portraits/g30_pet_shonen_045.webp,GENRE30_CAST_ROSTER.csv sequence 305,305,g30_pet_shonen_045.webp,g30_pet_shonen_045.webp,g30_pet_shonen_045.webp,65bd09735fa8556e38e068fd8fa69a79e0a53ec4e94043f98d0170ec89bd3f21,65bd09735fa8556e38e068fd8fa69a79e0a53ec4e94043f98d0170ec89bd3f21,0261277f192f2ed2,512,512,True,True,True,True,True,False,
g30_pet_shonen_046,Norispark,V6 Genre 30,pet,shonen,kaiju,cosmic_horror,samurai,cast/v6/g30_pet_shonen_046.webp,game_source/art_src/cast_v6_genre30_upload_staging/portraits/g30_pet_shonen_046.webp,GENRE30_CAST_ROSTER.csv sequence 306,306,g30_pet_shonen_046.webp,g30_pet_shonen_046.webp,g30_pet_shonen_046.webp,1ea4f5ee28f1a96cf5463903cd1d19d769eb6f97ef0670e392f6d07741cfb904,1ea4f5ee28f1a96cf5463903cd1d19d769eb6f97ef0670e392f6d07741cfb904,17650e5b703689c7,512,512,True,True,True,True,True,False,
g30_pet_shonen_047,Orbitspark,V6 Genre 30,pet,shonen,monster_taming,crime,shinobi,cast/v6/g30_pet_shonen_047.webp,game_source/art_src/cast_v6_genre30_upload_staging/portraits/g30_pet_shonen_047.webp,GENRE30_CAST_ROSTER.csv sequence 307,307,g30_pet_shonen_047.webp,g30_pet_shonen_047.webp,g30_pet_shonen_047.webp,9bf3d99d953fff3d1544e47388a21c9e46bb0d78cab8a39146903d2521cfbabc,9bf3d99d953fff3d1544e47388a21c9e46bb0d78cab8a39146903d2521cfbabc,163616b17d87614b,512,512,True,True,True,True,True,False,
g30_pet_shonen_048,Pebblespark,V6 Genre 30,pet,shonen,kaiju,cosmic_horror,shinobi,cast/v6/g30_pet_shonen_048.webp,game_source/art_src/cast_v6_genre30_upload_staging/portraits/g30_pet_shonen_048.webp,GENRE30_CAST_ROSTER.csv sequence 308,308,g30_pet_shonen_048.webp,g30_pet_shonen_048.webp,g30_pet_shonen_048.webp,458f0bde565f9acf8ca01f86a10138170b72f07382e0c71e4f20a3bed6ef7cc2,458f0bde565f9acf8ca01f86a10138170b72f07382e0c71e4f20a3bed6ef7cc2,163486b634996f4d,512,512,True,True,True,True,True,False,
g30_pet_shonen_049,Pipspark,V6 Genre 30,pet,shonen,monster_taming,crime,vampire,cast/v6/g30_pet_shonen_049.webp,game_source/art_src/cast_v6_genre30_upload_staging/portraits/g30_pet_shonen_049.webp,GENRE30_CAST_ROSTER.csv sequence 309,309,g30_pet_shonen_049.webp,g30_pet_shonen_049.webp,g30_pet_shonen_049.webp,ccdace2f1ea44d6d1d9f4a10d50b5ed1f81de0aad0ed444ff28263fffabbd510,ccdace2f1ea44d6d1d9f4a10d50b5ed1f81de0aad0ed444ff28263fffabbd510,4ede113a46cce951,512,512,True,True,True,True,True,False,
g30_pet_shonen_050,Puckspark,V6 Genre 30,pet,shonen,kaiju,cosmic_horror,vampire,cast/v6/g30_pet_shonen_050.webp,game_source/art_src/cast_v6_genre30_upload_staging/portraits/g30_pet_shonen_050.webp,GENRE30_CAST_ROSTER.csv sequence 310,310,g30_pet_shonen_050.webp,g30_pet_shonen_050.webp,g30_pet_shonen_050.webp,95b92d8f68271237817de89ff4101904f0775618351e7450e79374ab9f70eb89,95b92d8f68271237817de89ff4101904f0775618351e7450e79374ab9f70eb89,13923693b96d6389,512,512,True,True,True,True,True,False,
g30_pet_shonen_051,Riffspark,V6 Genre 30,pet,shonen,monster_taming,crime,grimdark,cast/v6/g30_pet_shonen_051.webp,game_source/art_src/cast_v6_genre30_upload_staging/portraits/g30_pet_shonen_051.webp,GENRE30_CAST_ROSTER.csv sequence 311,311,g30_pet_shonen_051.webp,g30_pet_shonen_051.webp,g30_pet_shonen_051.webp,4f2d0c894aa84c9148229ceda97213ecce937505034606d92d0236224883a3c3,4f2d0c894aa84c9148229ceda97213ecce937505034606d92d0236224883a3c3,05c35a522dc79cbc,512,512,True,True,True,True,True,False,
g30_pet_shonen_052,Runespark,V6 Genre 30,pet,shonen,kaiju,cosmic_horror,grimdark,cast/v6/g30_pet_shonen_052.webp,game_source/art_src/cast_v6_genre30_upload_staging/portraits/g30_pet_shonen_052.webp,GENRE30_CAST_ROSTER.csv sequence 312,312,g30_pet_shonen_052.webp,g30_pet_shonen_052.webp,g30_pet_shonen_052.webp,c7ed32fb111c24c4f7dfb92d4ded32403f51fa5737e74c6d4aab8e341d81269f,c7ed32fb111c24c4f7dfb92d4ded32403f51fa5737e74c6d4aab8e341d81269f,1591db9c3c7102cf,512,512,True,True,True,True,True,False,
g30_pet_shonen_053,Sablespark,V6 Genre 30,pet,shonen,mecha,isekai,monster_taming,cast/v6/g30_pet_shonen_053.webp,game_source/art_src/cast_v6_genre30_upload_staging/portraits/g30_pet_shonen_053.webp,GENRE30_CAST_ROSTER.csv sequence 313,313,g30_pet_shonen_053.webp,g30_pet_shonen_053.webp,g30_pet_shonen_053.webp,25bec16fc3b0e0e2eb12f52e344dee67f0ffe39796abda0daba5841d63b0bd9b,25bec16fc3b0e0e2eb12f52e344dee67f0ffe39796abda0daba5841d63b0bd9b,0e8691e43cd3cef0,512,512,True,True,True,True,True,False,
g30_pet_shonen_054,Skiffspark,V6 Genre 30,pet,shonen,slice,horror,arabia,cast/v6/g30_pet_shonen_054.webp,game_source/art_src/cast_v6_genre30_upload_staging/portraits/g30_pet_shonen_054.webp,GENRE30_CAST_ROSTER.csv sequence 314,314,g30_pet_shonen_054.webp,g30_pet_shonen_054.webp,g30_pet_shonen_054.webp,61ed19bef7b57f7ecf26d56565bb434de85617465297cf7fe6049856a9d90603,61ed19bef7b57f7ecf26d56565bb434de85617465297cf7fe6049856a9d90603,653d9aa429196cb9,512,512,True,True,True,True,True,False,
g30_pet_shonen_055,Sootspark,V6 Genre 30,pet,shonen,romance,sports,arabia,cast/v6/g30_pet_shonen_055.webp,game_source/art_src/cast_v6_genre30_upload_staging/portraits/g30_pet_shonen_055.webp,GENRE30_CAST_ROSTER.csv sequence 315,315,g30_pet_shonen_055.webp,g30_pet_shonen_055.webp,g30_pet_shonen_055.webp,c485d28945a999da18b98248e184a633aa8e755fcd48d4858b84a263ca9c7b6d,c485d28945a999da18b98248e184a633aa8e755fcd48d4858b84a263ca9c7b6d,2db4cb3e124b0ecc,512,512,True,True,True,True,True,False,
g30_pet_shonen_056,Talonspark,V6 Genre 30,pet,shonen,cyber,fantasy,arabia,cast/v6/g30_pet_shonen_056.webp,game_source/art_src/cast_v6_genre30_upload_staging/portraits/g30_pet_shonen_056.webp,GENRE30_CAST_ROSTER.csv sequence 316,316,g30_pet_shonen_056.webp,g30_pet_shonen_056.webp,g30_pet_shonen_056.webp,01de32287c3c7ff72b900e66b5daa9f631236575d3f993dd1728a3281ab74b66,01de32287c3c7ff72b900e66b5daa9f631236575d3f993dd1728a3281ab74b66,1e1e8fa962d21c66,512,512,True,True,True,True,True,False,
g30_pet_shonen_057,Tikaspark,V6 Genre 30,pet,shonen,idol,mystery,arabia,cast/v6/g30_pet_shonen_057.webp,game_source/art_src/cast_v6_genre30_upload_staging/portraits/g30_pet_shonen_057.webp,GENRE30_CAST_ROSTER.csv sequence 317,317,g30_pet_shonen_057.webp,g30_pet_shonen_057.webp,g30_pet_shonen_057.webp,32e829e08ab2acf38e09eca9d615776863ed5766a1f95ad87be29eb85a7a7608,32e829e08ab2acf38e09eca9d615776863ed5766a1f95ad87be29eb85a7a7608,484beb1a4f0e9273,512,512,True,True,True,True,True,False,
g30_pet_shonen_058,Totospark,V6 Genre 30,pet,shonen,comedy,cooking,arabia,cast/v6/g30_pet_shonen_058.webp,game_source/art_src/cast_v6_genre30_upload_staging/portraits/g30_pet_shonen_058.webp,GENRE30_CAST_ROSTER.csv sequence 318,318,g30_pet_shonen_058.webp,g30_pet_shonen_058.webp,g30_pet_shonen_058.webp,936a57a827adb4f360a7b4aa03f7efa24ed49cbfb1f58760934c1e8ebd0edbe9,936a57a827adb4f360a7b4aa03f7efa24ed49cbfb1f58760934c1e8ebd0edbe9,0c93f3aa1a49cc8f,512,512,True,True,True,True,True,False,
g30_pet_shonen_059,Vantaspark,V6 Genre 30,pet,shonen,military,supernatural,arabia,cast/v6/g30_pet_shonen_059.webp,game_source/art_src/cast_v6_genre30_upload_staging/portraits/g30_pet_shonen_059.webp,GENRE30_CAST_ROSTER.csv sequence 319,319,g30_pet_shonen_059.webp,g30_pet_shonen_059.webp,g30_pet_shonen_059.webp,dc35c70f5b4970f40c2618aac799346fd4f4aca78b0819a5f14601f2dd443555,dc35c70f5b4970f40c2618aac799346fd4f4aca78b0819a5f14601f2dd443555,05edc62adc92d6a1,512,512,True,True,True,True,True,False,
g30_pet_shonen_060,Whispspark,V6 Genre 30,pet,shonen,space,magical,arabia,cast/v6/g30_pet_shonen_060.webp,game_source/art_src/cast_v6_genre30_upload_staging/portraits/g30_pet_shonen_060.webp,GENRE30_CAST_ROSTER.csv sequence 320,320,g30_pet_shonen_060.webp,g30_pet_shonen_060.webp,g30_pet_shonen_060.webp,b2765d5e290942b1d1f4337660f6462d6a2dd5c25165eb788903ce64998257f2,b2765d5e290942b1d1f4337660f6462d6a2dd5c25165eb788903ce64998257f2,1829472759de2637,512,512,True,True,True,True,True,False,
g30_pet_shonen_061,Azusprite,V6 Genre 30,pet,shonen,survival,pirate,arabia,cast/v6/g30_pet_shonen_061.webp,game_source/art_src/cast_v6_genre30_upload_staging/portraits/g30_pet_shonen_061.webp,GENRE30_CAST_ROSTER.csv sequence 321,321,g30_pet_shonen_061.webp,g30_pet_shonen_061.webp,g30_pet_shonen_061.webp,bfbc12072dbe86ce79a2a622432e18b18a232c0b7346db7790c5393cd66c2d8f,bfbc12072dbe86ce79a2a622432e18b18a232c0b7346db7790c5393cd66c2d8f,23e3105d97ce5a98,512,512,True,True,True,True,True,False,
g30_pet_shonen_062,Bramsprite,V6 Genre 30,pet,shonen,martial,mythology,arabia,cast/v6/g30_pet_shonen_062.webp,game_source/art_src/cast_v6_genre30_upload_staging/portraits/g30_pet_shonen_062.webp,GENRE30_CAST_ROSTER.csv sequence 322,322,g30_pet_shonen_062.webp,g30_pet_shonen_062.webp,g30_pet_shonen_062.webp,f8e64a7b38932c280faad65f0360d42eba969cdfd5e3ccb52ef696a8efdc0105,f8e64a7b38932c280faad65f0360d42eba969cdfd5e3ccb52ef696a8efdc0105,0d01d76a95bb0eb4,512,512,True,True,True,True,True,False,
g30_pet_shonen_063,Chaisprite,V6 Genre 30,pet,shonen,nordic,samurai,arabia,cast/v6/g30_pet_shonen_063.webp,game_source/art_src/cast_v6_genre30_upload_staging/portraits/g30_pet_shonen_063.webp,GENRE30_CAST_ROSTER.csv sequence 323,323,g30_pet_shonen_063.webp,g30_pet_shonen_063.webp,g30_pet_shonen_063.webp,7a4e3a77e12e7b3a0dcdffa6f49d3dda44175091f22f67c9a666262c44418701,7a4e3a77e12e7b3a0dcdffa6f49d3dda44175091f22f67c9a666262c44418701,0ef688e2338c671d,512,512,True,True,True,True,True,False,
g30_pet_shonen_064,Cindersprite,V6 Genre 30,pet,shonen,shinobi,vampire,arabia,cast/v6/g30_pet_shonen_064.webp,game_source/art_src/cast_v6_genre30_upload_staging/portraits/g30_pet_shonen_064.webp,GENRE30_CAST_ROSTER.csv sequence 324,324,g30_pet_shonen_064.webp,g30_pet_shonen_064.webp,g30_pet_shonen_064.webp,93b7a00832925e78653a99b994194774291b781a3fc83ed3029c5b77269c99b5,93b7a00832925e78653a99b994194774291b781a3fc83ed3029c5b77269c99b5,1494e673791a6a6a,512,512,True,True,True,True,True,False,
g30_pet_shonen_065,Clinksprite,V6 Genre 30,pet,shonen,monster_taming,arabia,grimdark,cast/v6/g30_pet_shonen_065.webp,game_source/art_src/cast_v6_genre30_upload_staging/portraits/g30_pet_shonen_065.webp,GENRE30_CAST_ROSTER.csv sequence 325,325,g30_pet_shonen_065.webp,g30_pet_shonen_065.webp,g30_pet_shonen_065.webp,8cc81acd47c90d32c3e90975609a3da18a00371ddfcf5175c10032c092b9d098,8cc81acd47c90d32c3e90975609a3da18a00371ddfcf5175c10032c092b9d098,1a6a22fc3193cc2f,512,512,True,True,True,True,True,False,
g30_pet_shojo_001,Djinnisprite,V6 Genre 30,pet,shojo,monster_taming,crime,kaiju,cast/v6/g30_pet_shojo_001.webp,game_source/art_src/cast_v6_genre30_upload_staging/portraits/g30_pet_shojo_001.webp,GENRE30_CAST_ROSTER.csv sequence 326,326,g30_pet_shojo_001.webp,g30_pet_shojo_001.webp,g30_pet_shojo_001.webp,a496d3b1bb711ce5461a54a068fcd4be95a621cd7dc00356a8c15818f3cd4874,a496d3b1bb711ce5461a54a068fcd4be95a621cd7dc00356a8c15818f3cd4874,06b1733918c7a637,512,512,True,True,True,True,True,False,
g30_pet_shojo_002,Embersprite,V6 Genre 30,pet,shojo,monster_taming,cosmic_horror,arabia,cast/v6/g30_pet_shojo_002.webp,game_source/art_src/cast_v6_genre30_upload_staging/portraits/g30_pet_shojo_002.webp,GENRE30_CAST_ROSTER.csv sequence 327,327,g30_pet_shojo_002.webp,g30_pet_shojo_002.webp,g30_pet_shojo_002.webp,14300d37aa28ccbcf8576b31563ca6f98f413cb5d3ba40e66428ef2e885edad2,14300d37aa28ccbcf8576b31563ca6f98f413cb5d3ba40e66428ef2e885edad2,7d1d70210fdd2076,512,512,True,True,True,True,True,False,
g30_pet_shojo_003,Fangsprite,V6 Genre 30,pet,shojo,crime,cosmic_horror,mecha,cast/v6/g30_pet_shojo_003.webp,game_source/art_src/cast_v6_genre30_upload_staging/portraits/g30_pet_shojo_003.webp,GENRE30_CAST_ROSTER.csv sequence 328,328,g30_pet_shojo_003.webp,g30_pet_shojo_003.webp,g30_pet_shojo_003.webp,196b49d91cbe2e5fbca4fca484a1b5020968a90b2b0675b226f2a314d55cc790,196b49d91cbe2e5fbca4fca484a1b5020968a90b2b0675b226f2a314d55cc790,3f894c74b131d136,512,512,True,True,True,True,True,False,
g30_pet_shojo_004,Glimsprite,V6 Genre 30,pet,shojo,kaiju,arabia,mecha,cast/v6/g30_pet_shojo_004.webp,game_source/art_src/cast_v6_genre30_upload_staging/portraits/g30_pet_shojo_004.webp,GENRE30_CAST_ROSTER.csv sequence 329,329,g30_pet_shojo_004.webp,g30_pet_shojo_004.webp,g30_pet_shojo_004.webp,e30c976c86b444453a551554b2754ef556180472c1f8ebd920e29b0b120b1435,e30c976c86b444453a551554b2754ef556180472c1f8ebd920e29b0b120b1435,1b49373b2495b970,512,512,True,True,True,True,True,False,
g30_pet_shojo_005,Kikisprite,V6 Genre 30,pet,shojo,crime,arabia,isekai,cast/v6/g30_pet_shojo_005.webp,game_source/art_src/cast_v6_genre30_upload_staging/portraits/g30_pet_shojo_005.webp,GENRE30_CAST_ROSTER.csv sequence 330,330,g30_pet_shojo_005.webp,g30_pet_shojo_005.webp,g30_pet_shojo_005.webp,778895cdf77568dbbfaa8703e8e33b9d3e1ce08b2fd51a99c648c2811ada36fa,778895cdf77568dbbfaa8703e8e33b9d3e1ce08b2fd51a99c648c2811ada36fa,37a19e7638c16465,512,512,True,True,True,True,True,False,
g30_pet_shojo_006,Lumensprite,V6 Genre 30,pet,shojo,kaiju,cosmic_horror,isekai,cast/v6/g30_pet_shojo_006.webp,game_source/art_src/cast_v6_genre30_upload_staging/portraits/g30_pet_shojo_006.webp,GENRE30_CAST_ROSTER.csv sequence 331,331,g30_pet_shojo_006.webp,g30_pet_shojo_006.webp,g30_pet_shojo_006.webp,9fb0ff815c531f15bf58ececc67205827d7975930f476ae789c0c07ea5a1f8b6,9fb0ff815c531f15bf58ececc67205827d7975930f476ae789c0c07ea5a1f8b6,4c5b3336c34c9a1e,512,512,True,True,True,True,True,False,
g30_pet_shojo_007,Mirisprite,V6 Genre 30,pet,shojo,monster_taming,crime,slice,cast/v6/g30_pet_shojo_007.webp,game_source/art_src/cast_v6_genre30_upload_staging/portraits/g30_pet_shojo_007.webp,GENRE30_CAST_ROSTER.csv sequence 332,332,g30_pet_shojo_007.webp,g30_pet_shojo_007.webp,g30_pet_shojo_007.webp,20aca56e6fcb7905afccd417b16730f846c7de85957bcdf29a8e13a00a22f032,20aca56e6fcb7905afccd417b16730f846c7de85957bcdf29a8e13a00a22f032,5046e951ceb963e4,512,512,True,True,True,True,True,False,
g30_pet_shojo_008,Misosprite,V6 Genre 30,pet,shojo,kaiju,cosmic_horror,slice,cast/v6/g30_pet_shojo_008.webp,game_source/art_src/cast_v6_genre30_upload_staging/portraits/g30_pet_shojo_008.webp,GENRE30_CAST_ROSTER.csv sequence 333,333,g30_pet_shojo_008.webp,g30_pet_shojo_008.webp,g30_pet_shojo_008.webp,04892456a53e24d7bef0b47d9fe5224943708d03d93c2f0d12ac01fc107cbab4,04892456a53e24d7bef0b47d9fe5224943708d03d93c2f0d12ac01fc107cbab4,342493db487a7f21,512,512,True,True,True,True,True,False,
g30_pet_shojo_009,Mokusprite,V6 Genre 30,pet,shojo,monster_taming,crime,horror,cast/v6/g30_pet_shojo_009.webp,game_source/art_src/cast_v6_genre30_upload_staging/portraits/g30_pet_shojo_009.webp,GENRE30_CAST_ROSTER.csv sequence 334,334,g30_pet_shojo_009.webp,g30_pet_shojo_009.webp,g30_pet_shojo_009.webp,8a4011b28a0fc1785ab732cf7cf32cf9b2e77048d92d1699c9b158aa80b34635,8a4011b28a0fc1785ab732cf7cf32cf9b2e77048d92d1699c9b158aa80b34635,25ac1c51313ee65e,512,512,True,True,True,True,True,False,
g30_pet_shojo_010,Nibsprite,V6 Genre 30,pet,shojo,kaiju,cosmic_horror,horror,cast/v6/g30_pet_shojo_010.webp,game_source/art_src/cast_v6_genre30_upload_staging/portraits/g30_pet_shojo_010.webp,GENRE30_CAST_ROSTER.csv sequence 335,335,g30_pet_shojo_010.webp,g30_pet_shojo_010.webp,g30_pet_shojo_010.webp,b97ec1b091688d9aba49e90e2a85d1cbde857f62a2c921a449776d4315845113,b97ec1b091688d9aba49e90e2a85d1cbde857f62a2c921a449776d4315845113,46363391b42de3a6,512,512,True,True,True,True,True,False,
g30_pet_shojo_011,Norisprite,V6 Genre 30,pet,shojo,monster_taming,crime,romance,cast/v6/g30_pet_shojo_011.webp,game_source/art_src/cast_v6_genre30_upload_staging/portraits/g30_pet_shojo_011.webp,GENRE30_CAST_ROSTER.csv sequence 336,336,g30_pet_shojo_011.webp,g30_pet_shojo_011.webp,g30_pet_shojo_011.webp,90ced8d09d7fd963b598f784f25bdef14b091f46d8dee6bd07d52bf057417265,90ced8d09d7fd963b598f784f25bdef14b091f46d8dee6bd07d52bf057417265,69dc4e11c7291b72,512,512,True,True,True,True,True,False,
g30_pet_shojo_012,Orbitsprite,V6 Genre 30,pet,shojo,kaiju,cosmic_horror,romance,cast/v6/g30_pet_shojo_012.webp,game_source/art_src/cast_v6_genre30_upload_staging/portraits/g30_pet_shojo_012.webp,GENRE30_CAST_ROSTER.csv sequence 337,337,g30_pet_shojo_012.webp,g30_pet_shojo_012.webp,g30_pet_shojo_012.webp,c8f5c562d49ae5a487e68576f4b6760e4efdd58217ce90f8413d43ecf6c8d982,c8f5c562d49ae5a487e68576f4b6760e4efdd58217ce90f8413d43ecf6c8d982,13939e9b83c54d68,512,512,True,True,True,True,True,False,
g30_pet_shojo_013,Pebblesprite,V6 Genre 30,pet,shojo,monster_taming,crime,sports,cast/v6/g30_pet_shojo_013.webp,game_source/art_src/cast_v6_genre30_upload_staging/portraits/g30_pet_shojo_013.webp,GENRE30_CAST_ROSTER.csv sequence 338,338,g30_pet_shojo_013.webp,g30_pet_shojo_013.webp,g30_pet_shojo_013.webp,f220b10771241bde4c802af9f67ad8359bb9b04af177ad9e76a200df3a8bf9e3,f220b10771241bde4c802af9f67ad8359bb9b04af177ad9e76a200df3a8bf9e3,592d2d3c2783587a,512,512,True,True,True,True,True,False,
g30_pet_shojo_014,Pipsprite,V6 Genre 30,pet,shojo,kaiju,cosmic_horror,sports,cast/v6/g30_pet_shojo_014.webp,game_source/art_src/cast_v6_genre30_upload_staging/portraits/g30_pet_shojo_014.webp,GENRE30_CAST_ROSTER.csv sequence 339,339,g30_pet_shojo_014.webp,g30_pet_shojo_014.webp,g30_pet_shojo_014.webp,ee12983c632d5d3a3ed1b3822d9f789f13b195dfede44fed39baeba63b78ea33,ee12983c632d5d3a3ed1b3822d9f789f13b195dfede44fed39baeba63b78ea33,446070f949c2f27f,512,512,True,True,True,True,True,False,
g30_pet_shojo_015,Pucksprite,V6 Genre 30,pet,shojo,monster_taming,crime,cyber,cast/v6/g30_pet_shojo_015.webp,game_source/art_src/cast_v6_genre30_upload_staging/portraits/g30_pet_shojo_015.webp,GENRE30_CAST_ROSTER.csv sequence 340,340,g30_pet_shojo_015.webp,g30_pet_shojo_015.webp,g30_pet_shojo_015.webp,f76830c9573a74c898e80608fc5817a7d08e5656ea91c5635295e247a8baf3c4,f76830c9573a74c898e80608fc5817a7d08e5656ea91c5635295e247a8baf3c4,2a9f81e52c4ed28b,512,512,True,True,True,True,True,False,
g30_pet_shojo_016,Riffsprite,V6 Genre 30,pet,shojo,kaiju,cosmic_horror,cyber,cast/v6/g30_pet_shojo_016.webp,game_source/art_src/cast_v6_genre30_upload_staging/portraits/g30_pet_shojo_016.webp,GENRE30_CAST_ROSTER.csv sequence 341,341,g30_pet_shojo_016.webp,g30_pet_shojo_016.webp,g30_pet_shojo_016.webp,50236ec4eb8740ed2a3ed6e0dda492b1d915948ed32e0d44ca70327c199834ce,50236ec4eb8740ed2a3ed6e0dda492b1d915948ed32e0d44ca70327c199834ce,10932e6c6117bf3c,512,512,True,True,True,True,True,False,
g30_pet_shojo_017,Runesprite,V6 Genre 30,pet,shojo,monster_taming,crime,fantasy,cast/v6/g30_pet_shojo_017.webp,game_source/art_src/cast_v6_genre30_upload_staging/portraits/g30_pet_shojo_017.webp,GENRE30_CAST_ROSTER.csv sequence 342,342,g30_pet_shojo_017.webp,g30_pet_shojo_017.webp,g30_pet_shojo_017.webp,e892cfaacf1cca626b0bd787b0dc11d8d4b39151eeade3aae00a94970c8a9bec,e892cfaacf1cca626b0bd787b0dc11d8d4b39151eeade3aae00a94970c8a9bec,1054cdb2b4cd3ab3,512,512,True,True,True,True,True,False,
g30_pet_shojo_018,Sablesprite,V6 Genre 30,pet,shojo,kaiju,cosmic_horror,fantasy,cast/v6/g30_pet_shojo_018.webp,game_source/art_src/cast_v6_genre30_upload_staging/portraits/g30_pet_shojo_018.webp,GENRE30_CAST_ROSTER.csv sequence 343,343,g30_pet_shojo_018.webp,g30_pet_shojo_018.webp,g30_pet_shojo_018.webp,3f2958ae839c7870319144a8e76fbe68f91b7f332b366621c1dd4cd4a4c463ac,3f2958ae839c7870319144a8e76fbe68f91b7f332b366621c1dd4cd4a4c463ac,3192c01b9beb5e89,512,512,True,True,True,True,True,False,
g30_pet_shojo_019,Skiffsprite,V6 Genre 30,pet,shojo,monster_taming,crime,idol,cast/v6/g30_pet_shojo_019.webp,game_source/art_src/cast_v6_genre30_upload_staging/portraits/g30_pet_shojo_019.webp,GENRE30_CAST_ROSTER.csv sequence 344,344,g30_pet_shojo_019.webp,g30_pet_shojo_019.webp,g30_pet_shojo_019.webp,866cde9ec0538a96fbd77f4ace24337971a3fa96088405af543f9337e11b729a,866cde9ec0538a96fbd77f4ace24337971a3fa96088405af543f9337e11b729a,13613b4d0f912d67,512,512,True,True,True,True,True,False,
g30_pet_shojo_020,Sootsprite,V6 Genre 30,pet,shojo,kaiju,cosmic_horror,idol,cast/v6/g30_pet_shojo_020.webp,game_source/art_src/cast_v6_genre30_upload_staging/portraits/g30_pet_shojo_020.webp,GENRE30_CAST_ROSTER.csv sequence 345,345,g30_pet_shojo_020.webp,g30_pet_shojo_020.webp,g30_pet_shojo_020.webp,953ee1dac9f5cab4988e2b807707be2a9f2f3b5f8f910a1668a3cee57daa0f12,953ee1dac9f5cab4988e2b807707be2a9f2f3b5f8f910a1668a3cee57daa0f12,0785d65273b14f64,512,512,True,True,True,True,True,False,
g30_pet_shojo_021,Talonsprite,V6 Genre 30,pet,shojo,monster_taming,crime,mystery,cast/v6/g30_pet_shojo_021.webp,game_source/art_src/cast_v6_genre30_upload_staging/portraits/g30_pet_shojo_021.webp,GENRE30_CAST_ROSTER.csv sequence 346,346,g30_pet_shojo_021.webp,g30_pet_shojo_021.webp,g30_pet_shojo_021.webp,fc33d117ff1b0f1a5ed3f69b73044b5a98cb0d05b6409ec62e8dcd290ab5c2a9,fc33d117ff1b0f1a5ed3f69b73044b5a98cb0d05b6409ec62e8dcd290ab5c2a9,70c34cb5031f2f27,512,512,True,True,True,True,True,False,
g30_pet_shojo_022,Tikasprite,V6 Genre 30,pet,shojo,kaiju,cosmic_horror,mystery,cast/v6/g30_pet_shojo_022.webp,game_source/art_src/cast_v6_genre30_upload_staging/portraits/g30_pet_shojo_022.webp,GENRE30_CAST_ROSTER.csv sequence 347,347,g30_pet_shojo_022.webp,g30_pet_shojo_022.webp,g30_pet_shojo_022.webp,57f10d731ec01833932326b93d3549a3497fb82ac6e6dad1e9ae69bf1256fae7,57f10d731ec01833932326b93d3549a3497fb82ac6e6dad1e9ae69bf1256fae7,121a5b8d257bc879,512,512,True,True,True,True,True,False,
g30_pet_shojo_023,Totosprite,V6 Genre 30,pet,shojo,monster_taming,crime,comedy,cast/v6/g30_pet_shojo_023.webp,game_source/art_src/cast_v6_genre30_upload_staging/portraits/g30_pet_shojo_023.webp,GENRE30_CAST_ROSTER.csv sequence 348,348,g30_pet_shojo_023.webp,g30_pet_shojo_023.webp,g30_pet_shojo_023.webp,69e2742a4a69e10dcf9a082d9678f2e186ae160f95734c30069a0071f9843588,69e2742a4a69e10dcf9a082d9678f2e186ae160f95734c30069a0071f9843588,3ab2c1c41af86c76,512,512,True,True,True,True,True,False,
g30_pet_shojo_024,Vantasprite,V6 Genre 30,pet,shojo,kaiju,cosmic_horror,comedy,cast/v6/g30_pet_shojo_024.webp,game_source/art_src/cast_v6_genre30_upload_staging/portraits/g30_pet_shojo_024.webp,GENRE30_CAST_ROSTER.csv sequence 349,349,g30_pet_shojo_024.webp,g30_pet_shojo_024.webp,g30_pet_shojo_024.webp,476d29a260bc3df455ad9aed7df53943703314627cd319b02e3d9c5b22f6d3a2,476d29a260bc3df455ad9aed7df53943703314627cd319b02e3d9c5b22f6d3a2,0d6d45367a713ac2,512,512,True,True,True,True,True,False,
g30_pet_shojo_025,Whispsprite,V6 Genre 30,pet,shojo,monster_taming,crime,cooking,cast/v6/g30_pet_shojo_025.webp,game_source/art_src/cast_v6_genre30_upload_staging/portraits/g30_pet_shojo_025.webp,GENRE30_CAST_ROSTER.csv sequence 350,350,g30_pet_shojo_025.webp,g30_pet_shojo_025.webp,g30_pet_shojo_025.webp,7f98d9303a44a6b54cc17b5f071759e2ad0934247a2645c885b110995acdeb17,7f98d9303a44a6b54cc17b5f071759e2ad0934247a2645c885b110995acdeb17,19cc1c4b31f03d67,512,512,True,True,True,True,True,False,
g30_pet_shojo_026,Azutail,V6 Genre 30,pet,shojo,kaiju,cosmic_horror,cooking,cast/v6/g30_pet_shojo_026.webp,game_source/art_src/cast_v6_genre30_upload_staging/portraits/g30_pet_shojo_026.webp,GENRE30_CAST_ROSTER.csv sequence 351,351,g30_pet_shojo_026.webp,g30_pet_shojo_026.webp,g30_pet_shojo_026.webp,61f8922345e075867d75b0ce231ec806be26a395d45d1774d71f6c18a6791504,61f8922345e075867d75b0ce231ec806be26a395d45d1774d71f6c18a6791504,31e4c49f0f9956a1,512,512,True,True,True,True,True,False,
g30_pet_shojo_027,Bramtail,V6 Genre 30,pet,shojo,monster_taming,crime,military,cast/v6/g30_pet_shojo_027.webp,game_source/art_src/cast_v6_genre30_upload_staging/portraits/g30_pet_shojo_027.webp,GENRE30_CAST_ROSTER.csv sequence 352,352,g30_pet_shojo_027.webp,g30_pet_shojo_027.webp,g30_pet_shojo_027.webp,888529bd892ad8b70882db2811ef310c75a5bd827e092282b724b315d62eefdd,888529bd892ad8b70882db2811ef310c75a5bd827e092282b724b315d62eefdd,44ce953a32db39c1,512,512,True,True,True,True,True,False,
g30_pet_shojo_028,Chaitail,V6 Genre 30,pet,shojo,kaiju,cosmic_horror,military,cast/v6/g30_pet_shojo_028.webp,game_source/art_src/cast_v6_genre30_upload_staging/portraits/g30_pet_shojo_028.webp,GENRE30_CAST_ROSTER.csv sequence 353,353,g30_pet_shojo_028.webp,g30_pet_shojo_028.webp,g30_pet_shojo_028.webp,ba38bc400b6275daae4ec563ad7b37bda3f2b97021f8579b934fcc4e44f565f5,ba38bc400b6275daae4ec563ad7b37bda3f2b97021f8579b934fcc4e44f565f5,129f2d9a691f702c,512,512,True,True,True,True,True,False,
g30_pet_shojo_029,Cindertail,V6 Genre 30,pet,shojo,monster_taming,crime,supernatural,cast/v6/g30_pet_shojo_029.webp,game_source/art_src/cast_v6_genre30_upload_staging/portraits/g30_pet_shojo_029.webp,GENRE30_CAST_ROSTER.csv sequence 354,354,g30_pet_shojo_029.webp,g30_pet_shojo_029.webp,g30_pet_shojo_029.webp,eac83a33dedda6a85c1270c19e2cc8bd97b8d3ac66b6801b4dc7b006dfde17e6,eac83a33dedda6a85c1270c19e2cc8bd97b8d3ac66b6801b4dc7b006dfde17e6,11331a369a9b66b5,512,512,True,True,True,True,True,False,
g30_pet_shojo_030,Clinktail,V6 Genre 30,pet,shojo,kaiju,cosmic_horror,supernatural,cast/v6/g30_pet_shojo_030.webp,game_source/art_src/cast_v6_genre30_upload_staging/portraits/g30_pet_shojo_030.webp,GENRE30_CAST_ROSTER.csv sequence 355,355,g30_pet_shojo_030.webp,g30_pet_shojo_030.webp,g30_pet_shojo_030.webp,5611bfa5cff065af3c8897ac35ca10f26dd051970a3dfee123c39b2a65afb1d8,5611bfa5cff065af3c8897ac35ca10f26dd051970a3dfee123c39b2a65afb1d8,103d64d3976c6593,512,512,True,True,True,True,True,False,
g30_pet_shojo_031,Djinnitail,V6 Genre 30,pet,shojo,monster_taming,crime,space,cast/v6/g30_pet_shojo_031.webp,game_source/art_src/cast_v6_genre30_upload_staging/portraits/g30_pet_shojo_031.webp,GENRE30_CAST_ROSTER.csv sequence 356,356,g30_pet_shojo_031.webp,g30_pet_shojo_031.webp,g30_pet_shojo_031.webp,454a9850cccc6bcea756d11b654c07ec3d387089f9c738691992531245cb92d8,454a9850cccc6bcea756d11b654c07ec3d387089f9c738691992531245cb92d8,1252663970d6cd4f,512,512,True,True,True,True,True,False,
g30_pet_shojo_032,Embertail,V6 Genre 30,pet,shojo,kaiju,cosmic_horror,space,cast/v6/g30_pet_shojo_032.webp,game_source/art_src/cast_v6_genre30_upload_staging/portraits/g30_pet_shojo_032.webp,GENRE30_CAST_ROSTER.csv sequence 357,357,g30_pet_shojo_032.webp,g30_pet_shojo_032.webp,g30_pet_shojo_032.webp,0d9f19b487cef56b13375ecad4862ea068e7718980a19c9562c2d3abb435ebdd,0d9f19b487cef56b13375ecad4862ea068e7718980a19c9562c2d3abb435ebdd,290df53d9505dc15,512,512,True,True,True,True,True,False,
g30_pet_shojo_033,Fangtail,V6 Genre 30,pet,shojo,monster_taming,crime,magical,cast/v6/g30_pet_shojo_033.webp,game_source/art_src/cast_v6_genre30_upload_staging/portraits/g30_pet_shojo_033.webp,GENRE30_CAST_ROSTER.csv sequence 358,358,g30_pet_shojo_033.webp,g30_pet_shojo_033.webp,g30_pet_shojo_033.webp,d3c0c49ea3bb36324427820654c2a73876e98e823fdef1b8080d15cba12ba1e9,d3c0c49ea3bb36324427820654c2a73876e98e823fdef1b8080d15cba12ba1e9,2e6c94a739d0c24f,512,512,True,True,True,True,True,False,
g30_pet_shojo_034,Glimtail,V6 Genre 30,pet,shojo,kaiju,cosmic_horror,magical,cast/v6/g30_pet_shojo_034.webp,game_source/art_src/cast_v6_genre30_upload_staging/portraits/g30_pet_shojo_034.webp,GENRE30_CAST_ROSTER.csv sequence 359,359,g30_pet_shojo_034.webp,g30_pet_shojo_034.webp,g30_pet_shojo_034.webp,824f06e2da1e400bd855a5b4126eef7668a0f2bdeb259071ff016dda77f470b0,824f06e2da1e400bd855a5b4126eef7668a0f2bdeb259071ff016dda77f470b0,0d2e626b2e1793cc,512,512,True,True,True,True,True,False,
g30_pet_shojo_035,Kikitail,V6 Genre 30,pet,shojo,monster_taming,crime,survival,cast/v6/g30_pet_shojo_035.webp,game_source/art_src/cast_v6_genre30_upload_staging/portraits/g30_pet_shojo_035.webp,GENRE30_CAST_ROSTER.csv sequence 360,360,g30_pet_shojo_035.webp,g30_pet_shojo_035.webp,g30_pet_shojo_035.webp,fac2c10c73dc53b67f66cdba8b950293601e34c789df879efea361f4ff774c2b,fac2c10c73dc53b67f66cdba8b950293601e34c789df879efea361f4ff774c2b,41e0278d3eb3d8d2,512,512,True,True,True,True,True,False,
g30_pet_shojo_036,Lumentail,V6 Genre 30,pet,shojo,kaiju,cosmic_horror,survival,cast/v6/g30_pet_shojo_036.webp,game_source/art_src/cast_v6_genre30_upload_staging/portraits/g30_pet_shojo_036.webp,GENRE30_CAST_ROSTER.csv sequence 361,361,g30_pet_shojo_036.webp,g30_pet_shojo_036.webp,g30_pet_shojo_036.webp,7cc38c625f7d7f7c7bca8262f647ebc5d22a7bb076141dfca74785daa2a89f9d,7cc38c625f7d7f7c7bca8262f647ebc5d22a7bb076141dfca74785daa2a89f9d,195b46899666d3a9,512,512,True,True,True,True,True,False,
g30_pet_shojo_037,Miritail,V6 Genre 30,pet,shojo,monster_taming,crime,pirate,cast/v6/g30_pet_shojo_037.webp,game_source/art_src/cast_v6_genre30_upload_staging/portraits/g30_pet_shojo_037.webp,GENRE30_CAST_ROSTER.csv sequence 362,362,g30_pet_shojo_037.webp,g30_pet_shojo_037.webp,g30_pet_shojo_037.webp,afe0f4b7db8902855c01f87078d132c1ddeb2ca9aacb9162a8ed662877997b32,afe0f4b7db8902855c01f87078d132c1ddeb2ca9aacb9162a8ed662877997b32,04b06f3ebb8dcc18,512,512,True,True,True,True,True,False,
g30_pet_shojo_038,Misotail,V6 Genre 30,pet,shojo,kaiju,cosmic_horror,pirate,cast/v6/g30_pet_shojo_038.webp,game_source/art_src/cast_v6_genre30_upload_staging/portraits/g30_pet_shojo_038.webp,GENRE30_CAST_ROSTER.csv sequence 363,363,g30_pet_shojo_038.webp,g30_pet_shojo_038.webp,g30_pet_shojo_038.webp,a05a4a3e7ddf8c83889d505a3752494fb35da16c8ab0439b3a6259081b828192,a05a4a3e7ddf8c83889d505a3752494fb35da16c8ab0439b3a6259081b828192,268ced4f859380fa,512,512,True,True,True,True,True,False,
g30_pet_shojo_039,Mokutail,V6 Genre 30,pet,shojo,monster_taming,crime,martial,cast/v6/g30_pet_shojo_039.webp,game_source/art_src/cast_v6_genre30_upload_staging/portraits/g30_pet_shojo_039.webp,GENRE30_CAST_ROSTER.csv sequence 364,364,g30_pet_shojo_039.webp,g30_pet_shojo_039.webp,g30_pet_shojo_039.webp,7684d82c7cc9fe5fde42b28b5daeb7dcf06e91674bd83738685cfaf094a5e801,7684d82c7cc9fe5fde42b28b5daeb7dcf06e91674bd83738685cfaf094a5e801,131a89651377666d,512,512,True,True,True,True,True,False,
g30_pet_shojo_040,Nibtail,V6 Genre 30,pet,shojo,kaiju,cosmic_horror,martial,cast/v6/g30_pet_shojo_040.webp,game_source/art_src/cast_v6_genre30_upload_staging/portraits/g30_pet_shojo_040.webp,GENRE30_CAST_ROSTER.csv sequence 365,365,g30_pet_shojo_040.webp,g30_pet_shojo_040.webp,g30_pet_shojo_040.webp,d67ba9f8ff2fbce2addf55a1901e03c83cd819f3bbf085f910049f6480b286f7,d67ba9f8ff2fbce2addf55a1901e03c83cd819f3bbf085f910049f6480b286f7,503e7e687169c638,512,512,True,True,True,True,True,False,
g30_pet_shojo_041,Noritail,V6 Genre 30,pet,shojo,monster_taming,crime,mythology,cast/v6/g30_pet_shojo_041.webp,game_source/art_src/cast_v6_genre30_upload_staging/portraits/g30_pet_shojo_041.webp,GENRE30_CAST_ROSTER.csv sequence 366,366,g30_pet_shojo_041.webp,g30_pet_shojo_041.webp,g30_pet_shojo_041.webp,fdde4ce8c3c564d8cda9a0bdc97e3d77840a798caade5ba5d4c3de6c470338fd,fdde4ce8c3c564d8cda9a0bdc97e3d77840a798caade5ba5d4c3de6c470338fd,21ca84379b736726,512,512,True,True,True,True,True,False,
g30_pet_shojo_042,Orbittail,V6 Genre 30,pet,shojo,kaiju,cosmic_horror,mythology,cast/v6/g30_pet_shojo_042.webp,game_source/art_src/cast_v6_genre30_upload_staging/portraits/g30_pet_shojo_042.webp,GENRE30_CAST_ROSTER.csv sequence 367,367,g30_pet_shojo_042.webp,g30_pet_shojo_042.webp,g30_pet_shojo_042.webp,5131f9a3f6300e6d6eb8788def2efb169b9a13292f71b17cd674bd29e2665fbd,5131f9a3f6300e6d6eb8788def2efb169b9a13292f71b17cd674bd29e2665fbd,303dcdc51ad22d6c,512,512,True,True,True,True,True,False,
g30_pet_shojo_043,Pebbletail,V6 Genre 30,pet,shojo,monster_taming,crime,nordic,cast/v6/g30_pet_shojo_043.webp,game_source/art_src/cast_v6_genre30_upload_staging/portraits/g30_pet_shojo_043.webp,GENRE30_CAST_ROSTER.csv sequence 368,368,g30_pet_shojo_043.webp,g30_pet_shojo_043.webp,g30_pet_shojo_043.webp,30eb62d7fd242531a35d5f89033383bfc2f3447b9102fc6a454e3a31f66cfb3c,30eb62d7fd242531a35d5f89033383bfc2f3447b9102fc6a454e3a31f66cfb3c,02ec9d663913c78b,512,512,True,True,True,True,True,False,
g30_pet_shojo_044,Piptail,V6 Genre 30,pet,shojo,kaiju,cosmic_horror,nordic,cast/v6/g30_pet_shojo_044.webp,game_source/art_src/cast_v6_genre30_upload_staging/portraits/g30_pet_shojo_044.webp,GENRE30_CAST_ROSTER.csv sequence 369,369,g30_pet_shojo_044.webp,g30_pet_shojo_044.webp,g30_pet_shojo_044.webp,750e389090a80bbbf20a6a905ec7505b6b3f9a7ed5f9e27b85133000e3365b67,750e389090a80bbbf20a6a905ec7505b6b3f9a7ed5f9e27b85133000e3365b67,453d3f66c0198ce6,512,512,True,True,True,True,True,False,
g30_pet_shojo_045,Pucktail,V6 Genre 30,pet,shojo,monster_taming,crime,samurai,cast/v6/g30_pet_shojo_045.webp,game_source/art_src/cast_v6_genre30_upload_staging/portraits/g30_pet_shojo_045.webp,GENRE30_CAST_ROSTER.csv sequence 370,370,g30_pet_shojo_045.webp,g30_pet_shojo_045.webp,g30_pet_shojo_045.webp,c753b8462c84ad65ec41bca17429f497fa92713aeb366a71281362d4f5be1401,c753b8462c84ad65ec41bca17429f497fa92713aeb366a71281362d4f5be1401,7cbeda5a940c2323,512,512,True,True,True,True,True,False,
g30_pet_shojo_046,Rifftail,V6 Genre 30,pet,shojo,kaiju,cosmic_horror,samurai,cast/v6/g30_pet_shojo_046.webp,game_source/art_src/cast_v6_genre30_upload_staging/portraits/g30_pet_shojo_046.webp,GENRE30_CAST_ROSTER.csv sequence 371,371,g30_pet_shojo_046.webp,g30_pet_shojo_046.webp,g30_pet_shojo_046.webp,ec9e879ffe8b4f6f1d537d1d503f8cc011a2b74557cbdd38f5e655f71fd1e834,ec9e879ffe8b4f6f1d537d1d503f8cc011a2b74557cbdd38f5e655f71fd1e834,59642f0f9f10235e,512,512,True,True,True,True,True,False,
g30_pet_shojo_047,Runetail,V6 Genre 30,pet,shojo,monster_taming,crime,shinobi,cast/v6/g30_pet_shojo_047.webp,game_source/art_src/cast_v6_genre30_upload_staging/portraits/g30_pet_shojo_047.webp,GENRE30_CAST_ROSTER.csv sequence 372,372,g30_pet_shojo_047.webp,g30_pet_shojo_047.webp,g30_pet_shojo_047.webp,d1834aad4874941ba8e2551edd0b691cf728e8884e870c878167cf15f0b72639,d1834aad4874941ba8e2551edd0b691cf728e8884e870c878167cf15f0b72639,1216b2fc96a65aa3,512,512,True,True,True,True,True,False,
g30_pet_shojo_048,Sabletail,V6 Genre 30,pet,shojo,kaiju,cosmic_horror,shinobi,cast/v6/g30_pet_shojo_048.webp,game_source/art_src/cast_v6_genre30_upload_staging/portraits/g30_pet_shojo_048.webp,GENRE30_CAST_ROSTER.csv sequence 373,373,g30_pet_shojo_048.webp,g30_pet_shojo_048.webp,g30_pet_shojo_048.webp,7e269db72fc70b028b9e17f8ad706c6db7bdb5cddb5bf406fa753f244474f953,7e269db72fc70b028b9e17f8ad706c6db7bdb5cddb5bf406fa753f244474f953,139b9bb0907c6c47,512,512,True,True,True,True,True,False,
g30_pet_shojo_049,Skifftail,V6 Genre 30,pet,shojo,monster_taming,crime,vampire,cast/v6/g30_pet_shojo_049.webp,game_source/art_src/cast_v6_genre30_upload_staging/portraits/g30_pet_shojo_049.webp,GENRE30_CAST_ROSTER.csv sequence 374,374,g30_pet_shojo_049.webp,g30_pet_shojo_049.webp,g30_pet_shojo_049.webp,9839e34520717884845f479e4eb1b6adbb3a0d51d25c5663c94931262c0f55a3,9839e34520717884845f479e4eb1b6adbb3a0d51d25c5663c94931262c0f55a3,58c867199b8e6c33,512,512,True,True,True,True,True,False,
g30_pet_shojo_050,Soottail,V6 Genre 30,pet,shojo,kaiju,cosmic_horror,vampire,cast/v6/g30_pet_shojo_050.webp,game_source/art_src/cast_v6_genre30_upload_staging/portraits/g30_pet_shojo_050.webp,GENRE30_CAST_ROSTER.csv sequence 375,375,g30_pet_shojo_050.webp,g30_pet_shojo_050.webp,g30_pet_shojo_050.webp,fda6a11cdcde8f75386455230d181ab07d161a3157b80c44ca299086a3520e0a,fda6a11cdcde8f75386455230d181ab07d161a3157b80c44ca299086a3520e0a,133f25391006dfe3,512,512,True,True,True,True,True,False,
g30_pet_shojo_051,Talontail,V6 Genre 30,pet,shojo,monster_taming,crime,grimdark,cast/v6/g30_pet_shojo_051.webp,game_source/art_src/cast_v6_genre30_upload_staging/portraits/g30_pet_shojo_051.webp,GENRE30_CAST_ROSTER.csv sequence 376,376,g30_pet_shojo_051.webp,g30_pet_shojo_051.webp,g30_pet_shojo_051.webp,a45b7e3eefdebcbbba370870f470c0b1164c15672b972c11e8d42edc8a4e9e69,a45b7e3eefdebcbbba370870f470c0b1164c15672b972c11e8d42edc8a4e9e69,309f1fd41ee8210f,512,512,True,True,True,True,True,False,
g30_pet_shojo_052,Tikatail,V6 Genre 30,pet,shojo,kaiju,cosmic_horror,grimdark,cast/v6/g30_pet_shojo_052.webp,game_source/art_src/cast_v6_genre30_upload_staging/portraits/g30_pet_shojo_052.webp,GENRE30_CAST_ROSTER.csv sequence 377,377,g30_pet_shojo_052.webp,g30_pet_shojo_052.webp,g30_pet_shojo_052.webp,021ab570074df2aea714f68d408ae37274a617ba66f8edeb57a0816338d87888,021ab570074df2aea714f68d408ae37274a617ba66f8edeb57a0816338d87888,12f72bce84933316,512,512,True,True,True,True,True,False,
g30_pet_shojo_053,Tototail,V6 Genre 30,pet,shojo,mecha,isekai,monster_taming,cast/v6/g30_pet_shojo_053.webp,game_source/art_src/cast_v6_genre30_upload_staging/portraits/g30_pet_shojo_053.webp,GENRE30_CAST_ROSTER.csv sequence 378,378,g30_pet_shojo_053.webp,g30_pet_shojo_053.webp,g30_pet_shojo_053.webp,c72f8b85473d9ce346e979e53224b77c7ea033749ecc65aeff6a53b52d0912ba,c72f8b85473d9ce346e979e53224b77c7ea033749ecc65aeff6a53b52d0912ba,22b3a5386a364ebc,512,512,True,True,True,True,True,False,
g30_pet_shojo_054,Vantatail,V6 Genre 30,pet,shojo,slice,horror,arabia,cast/v6/g30_pet_shojo_054.webp,game_source/art_src/cast_v6_genre30_upload_staging/portraits/g30_pet_shojo_054.webp,GENRE30_CAST_ROSTER.csv sequence 379,379,g30_pet_shojo_054.webp,g30_pet_shojo_054.webp,g30_pet_shojo_054.webp,d0d1fb92933b588faf11a6165c77dfde64878c7fcaa0d0751ace6aeb447d75c7,d0d1fb92933b588faf11a6165c77dfde64878c7fcaa0d0751ace6aeb447d75c7,323ec8701b636da5,512,512,True,True,True,True,True,False,
g30_pet_shojo_055,Whisptail,V6 Genre 30,pet,shojo,romance,sports,arabia,cast/v6/g30_pet_shojo_055.webp,game_source/art_src/cast_v6_genre30_upload_staging/portraits/g30_pet_shojo_055.webp,GENRE30_CAST_ROSTER.csv sequence 380,380,g30_pet_shojo_055.webp,g30_pet_shojo_055.webp,g30_pet_shojo_055.webp,9e189f16ec4dc56ec31140cb83192ac3a291eb82b79b0e008e0c78d13e33d436,9e189f16ec4dc56ec31140cb83192ac3a291eb82b79b0e008e0c78d13e33d436,053419d875267b6d,512,512,True,True,True,True,True,False,
g30_pet_shojo_056,Azutooth,V6 Genre 30,pet,shojo,cyber,fantasy,arabia,cast/v6/g30_pet_shojo_056.webp,game_source/art_src/cast_v6_genre30_upload_staging/portraits/g30_pet_shojo_056.webp,GENRE30_CAST_ROSTER.csv sequence 381,381,g30_pet_shojo_056.webp,g30_pet_shojo_056.webp,g30_pet_shojo_056.webp,f2730830cc5fea4bd77b8c467798df9d9c4de466b8c0f56060df8383ac4d3a0f,f2730830cc5fea4bd77b8c467798df9d9c4de466b8c0f56060df8383ac4d3a0f,10b2ce6532d47d36,512,512,True,True,True,True,True,False,
g30_pet_shojo_057,Bramtooth,V6 Genre 30,pet,shojo,idol,mystery,arabia,cast/v6/g30_pet_shojo_057.webp,game_source/art_src/cast_v6_genre30_upload_staging/portraits/g30_pet_shojo_057.webp,GENRE30_CAST_ROSTER.csv sequence 382,382,g30_pet_shojo_057.webp,g30_pet_shojo_057.webp,g30_pet_shojo_057.webp,d40151600bb9052f6dbee626ae821a1f7c54fd3c271f6802a6b00f7501ffc4fd,d40151600bb9052f6dbee626ae821a1f7c54fd3c271f6802a6b00f7501ffc4fd,251848174e7d17ed,512,512,True,True,True,True,True,False,
g30_pet_shojo_058,Chaitooth,V6 Genre 30,pet,shojo,comedy,cooking,arabia,cast/v6/g30_pet_shojo_058.webp,game_source/art_src/cast_v6_genre30_upload_staging/portraits/g30_pet_shojo_058.webp,GENRE30_CAST_ROSTER.csv sequence 383,383,g30_pet_shojo_058.webp,g30_pet_shojo_058.webp,g30_pet_shojo_058.webp,e220c694a405cdace68720b5cd48c0f63769552cbc917e0cb523656667cf89fe,e220c694a405cdace68720b5cd48c0f63769552cbc917e0cb523656667cf89fe,059dd66b10ec6e32,512,512,True,True,True,True,True,False,
g30_pet_shojo_059,Cindertooth,V6 Genre 30,pet,shojo,military,supernatural,arabia,cast/v6/g30_pet_shojo_059.webp,game_source/art_src/cast_v6_genre30_upload_staging/portraits/g30_pet_shojo_059.webp,GENRE30_CAST_ROSTER.csv sequence 384,384,g30_pet_shojo_059.webp,g30_pet_shojo_059.webp,g30_pet_shojo_059.webp,1ed5a090657339ca15487bd61373ffa61e193d86d964b855c878f4a4568add05,1ed5a090657339ca15487bd61373ffa61e193d86d964b855c878f4a4568add05,706b6ea51b986623,512,512,True,True,True,True,True,False,
g30_pet_shojo_060,Clinktooth,V6 Genre 30,pet,shojo,space,magical,arabia,cast/v6/g30_pet_shojo_060.webp,game_source/art_src/cast_v6_genre30_upload_staging/portraits/g30_pet_shojo_060.webp,GENRE30_CAST_ROSTER.csv sequence 385,385,g30_pet_shojo_060.webp,g30_pet_shojo_060.webp,g30_pet_shojo_060.webp,b1a6e084601e3ef9a22bf0420f08b3a85dd157d4aee2db50b599bdaec323fcac,b1a6e084601e3ef9a22bf0420f08b3a85dd157d4aee2db50b599bdaec323fcac,11b46563769a2d2d,512,512,True,True,True,True,True,False,
g30_pet_shojo_061,Djinnitooth,V6 Genre 30,pet,shojo,survival,pirate,arabia,cast/v6/g30_pet_shojo_061.webp,game_source/art_src/cast_v6_genre30_upload_staging/portraits/g30_pet_shojo_061.webp,GENRE30_CAST_ROSTER.csv sequence 386,386,g30_pet_shojo_061.webp,g30_pet_shojo_061.webp,g30_pet_shojo_061.webp,bdddd3d1e8a1cdaa9dc7d622315edfaa5cbb1a5b0ce57414134398801d176515,bdddd3d1e8a1cdaa9dc7d622315edfaa5cbb1a5b0ce57414134398801d176515,257a85ae1f526645,512,512,True,True,True,True,True,False,
g30_pet_shojo_062,Embertooth,V6 Genre 30,pet,shojo,martial,mythology,arabia,cast/v6/g30_pet_shojo_062.webp,game_source/art_src/cast_v6_genre30_upload_staging/portraits/g30_pet_shojo_062.webp,GENRE30_CAST_ROSTER.csv sequence 387,387,g30_pet_shojo_062.webp,g30_pet_shojo_062.webp,g30_pet_shojo_062.webp,5a7c674919c013efd9f933ab8cec6d6d535758512a13ac26a4ba4aac317da6c3,5a7c674919c013efd9f933ab8cec6d6d535758512a13ac26a4ba4aac317da6c3,442a1b6b36a5cf46,512,512,True,True,True,True,True,False,
g30_pet_shojo_063,Fangtooth,V6 Genre 30,pet,shojo,nordic,samurai,arabia,cast/v6/g30_pet_shojo_063.webp,game_source/art_src/cast_v6_genre30_upload_staging/portraits/g30_pet_shojo_063.webp,GENRE30_CAST_ROSTER.csv sequence 388,388,g30_pet_shojo_063.webp,g30_pet_shojo_063.webp,g30_pet_shojo_063.webp,df2e7ea8914662c9bf4aecb0f37eb5a055bc5d98cba7b8c189b8f67998e19f68,df2e7ea8914662c9bf4aecb0f37eb5a055bc5d98cba7b8c189b8f67998e19f68,1dc3e328d49113bd,512,512,True,True,True,True,True,False,
g30_pet_shojo_064,Glimtooth,V6 Genre 30,pet,shojo,shinobi,vampire,arabia,cast/v6/g30_pet_shojo_064.webp,game_source/art_src/cast_v6_genre30_upload_staging/portraits/g30_pet_shojo_064.webp,GENRE30_CAST_ROSTER.csv sequence 389,389,g30_pet_shojo_064.webp,g30_pet_shojo_064.webp,g30_pet_shojo_064.webp,d9b29ed2b8b1004c4d56479d9c1eee2d4796b89b566531a3c9ef25b14cf7508f,d9b29ed2b8b1004c4d56479d9c1eee2d4796b89b566531a3c9ef25b14cf7508f,10941e61339797e7,512,512,True,True,True,True,True,False,
g30_pet_shojo_065,Kikitooth,V6 Genre 30,pet,shojo,monster_taming,arabia,grimdark,cast/v6/g30_pet_shojo_065.webp,game_source/art_src/cast_v6_genre30_upload_staging/portraits/g30_pet_shojo_065.webp,GENRE30_CAST_ROSTER.csv sequence 390,390,g30_pet_shojo_065.webp,g30_pet_shojo_065.webp,g30_pet_shojo_065.webp,8e77c9e3244a86315e0ddb7cea4f21f144e0d61c860c1423446626a230876943,8e77c9e3244a86315e0ddb7cea4f21f144e0d61c860c1423446626a230876943,4d8e67b035c0866f,512,512,True,True,True,True,True,False,
g30_villain_shonen_001,Eira Darzi,V6 Genre 30,villain,shonen,monster_taming,crime,kaiju,cast/v6/g30_villain_shonen_001.webp,game_source/art_src/cast_v6_genre30_upload_staging/portraits/g30_villain_shonen_001.webp,GENRE30_CAST_ROSTER.csv sequence 391,391,g30_villain_shonen_001.webp,g30_villain_shonen_001.webp,g30_villain_shonen_001.webp,5d0841a7d653442c560d10f18513d89a264df536617e19c654fccedfd89fca8f,5d0841a7d653442c560d10f18513d89a264df536617e19c654fccedfd89fca8f,6bc081107f77878e,512,512,True,True,True,True,True,False,
g30_villain_shonen_002,Elian Darzi,V6 Genre 30,villain,shonen,monster_taming,cosmic_horror,arabia,cast/v6/g30_villain_shonen_002.webp,game_source/art_src/cast_v6_genre30_upload_staging/portraits/g30_villain_shonen_002.webp,GENRE30_CAST_ROSTER.csv sequence 392,392,g30_villain_shonen_002.webp,g30_villain_shonen_002.webp,g30_villain_shonen_002.webp,6f46de797780151ede773be1d162a8e7b761a401cdc3cae20eaeba2be157e4d1,6f46de797780151ede773be1d162a8e7b761a401cdc3cae20eaeba2be157e4d1,23144ff84b2ec33c,512,512,True,True,True,True,True,False,
g30_villain_shonen_003,Emi Darzi,V6 Genre 30,villain,shonen,crime,cosmic_horror,mecha,cast/v6/g30_villain_shonen_003.webp,game_source/art_src/cast_v6_genre30_upload_staging/portraits/g30_villain_shonen_003.webp,GENRE30_CAST_ROSTER.csv sequence 393,393,g30_villain_shonen_003.webp,g30_villain_shonen_003.webp,g30_villain_shonen_003.webp,7cedaa72143aa09edfa78f77fe03f993eb60b0230639b08464789bbaf8e377a2,7cedaa72143aa09edfa78f77fe03f993eb60b0230639b08464789bbaf8e377a2,2cd9513a93129e9e,512,512,True,True,True,True,True,False,
g30_villain_shonen_004,Farah Darzi,V6 Genre 30,villain,shonen,kaiju,arabia,mecha,cast/v6/g30_villain_shonen_004.webp,game_source/art_src/cast_v6_genre30_upload_staging/portraits/g30_villain_shonen_004.webp,GENRE30_CAST_ROSTER.csv sequence 394,394,g30_villain_shonen_004.webp,g30_villain_shonen_004.webp,g30_villain_shonen_004.webp,bc153dba772cb178475889c69e54f7d2d9901689aa67ade15f3356ab50f714ca,bc153dba772cb178475889c69e54f7d2d9901689aa67ade15f3356ab50f714ca,3f60968f051c895f,512,512,True,True,True,True,True,False,
g30_villain_shonen_005,Hana Darzi,V6 Genre 30,villain,shonen,crime,arabia,isekai,cast/v6/g30_villain_shonen_005.webp,game_source/art_src/cast_v6_genre30_upload_staging/portraits/g30_villain_shonen_005.webp,GENRE30_CAST_ROSTER.csv sequence 395,395,g30_villain_shonen_005.webp,g30_villain_shonen_005.webp,g30_villain_shonen_005.webp,bad30491a2e5b12d0d000118bf1f7d795564dd4687647446df460b39965bdd7e,bad30491a2e5b12d0d000118bf1f7d795564dd4687647446df460b39965bdd7e,3aa20dd069b58f5c,512,512,True,True,True,True,True,False,
g30_villain_shonen_006,Haru Darzi,V6 Genre 30,villain,shonen,kaiju,cosmic_horror,isekai,cast/v6/g30_villain_shonen_006.webp,game_source/art_src/cast_v6_genre30_upload_staging/portraits/g30_villain_shonen_006.webp,GENRE30_CAST_ROSTER.csv sequence 396,396,g30_villain_shonen_006.webp,g30_villain_shonen_006.webp,g30_villain_shonen_006.webp,7c448d57afd1a5b4f94e1d047b2c57eff25f712ec3fea958d07e899617ed0c8c,7c448d57afd1a5b4f94e1d047b2c57eff25f712ec3fea958d07e899617ed0c8c,7b41460d3632c9ed,512,512,True,True,True,True,True,False,
g30_villain_shonen_007,Idris Darzi,V6 Genre 30,villain,shonen,monster_taming,crime,slice,cast/v6/g30_villain_shonen_007.webp,game_source/art_src/cast_v6_genre30_upload_staging/portraits/g30_villain_shonen_007.webp,GENRE30_CAST_ROSTER.csv sequence 397,397,g30_villain_shonen_007.webp,g30_villain_shonen_007.webp,g30_villain_shonen_007.webp,f9c9a619a396cc38ad48d3eeeab49e5616c578c107484c3d0c696fd40b452195,f9c9a619a396cc38ad48d3eeeab49e5616c578c107484c3d0c696fd40b452195,3db1b3d38a4b0c0d,512,512,True,True,True,True,True,False,
g30_villain_shonen_008,Imani Darzi,V6 Genre 30,villain,shonen,kaiju,cosmic_horror,slice,cast/v6/g30_villain_shonen_008.webp,game_source/art_src/cast_v6_genre30_upload_staging/portraits/g30_villain_shonen_008.webp,GENRE30_CAST_ROSTER.csv sequence 398,398,g30_villain_shonen_008.webp,g30_villain_shonen_008.webp,g30_villain_shonen_008.webp,3e3a37289f3ac2261b7d437016283add719d185b6bbc1862102a4dfe146f9595,3e3a37289f3ac2261b7d437016283add719d185b6bbc1862102a4dfe146f9595,7cf0cc0b0e0f34e6,512,512,True,True,True,True,True,False,
g30_villain_shonen_009,Jae Darzi,V6 Genre 30,villain,shonen,monster_taming,crime,horror,cast/v6/g30_villain_shonen_009.webp,game_source/art_src/cast_v6_genre30_upload_staging/portraits/g30_villain_shonen_009.webp,GENRE30_CAST_ROSTER.csv sequence 399,399,g30_villain_shonen_009.webp,g30_villain_shonen_009.webp,g30_villain_shonen_009.webp,8bce166a4026a0f3bd58f5ec87e8c67a13ba87ca3a0d513beddcdbbbba95d402,8bce166a4026a0f3bd58f5ec87e8c67a13ba87ca3a0d513beddcdbbbba95d402,2db540416b4bd736,512,512,True,True,True,True,True,False,
g30_villain_shonen_010,Jin Darzi,V6 Genre 30,villain,shonen,kaiju,cosmic_horror,horror,cast/v6/g30_villain_shonen_010.webp,game_source/art_src/cast_v6_genre30_upload_staging/portraits/g30_villain_shonen_010.webp,GENRE30_CAST_ROSTER.csv sequence 400,400,g30_villain_shonen_010.webp,g30_villain_shonen_010.webp,g30_villain_shonen_010.webp,14063317453f3a00f6e6ad1d34d2b55f1b6bbde1e78732b7e634e54e646ee0ef,14063317453f3a00f6e6ad1d34d2b55f1b6bbde1e78732b7e634e54e646ee0ef,3409784b771ebe50,512,512,True,True,True,True,True,False,
g30_villain_shonen_011,Kael Darzi,V6 Genre 30,villain,shonen,monster_taming,crime,romance,cast/v6/g30_villain_shonen_011.webp,game_source/art_src/cast_v6_genre30_upload_staging/portraits/g30_villain_shonen_011.webp,GENRE30_CAST_ROSTER.csv sequence 401,401,g30_villain_shonen_011.webp,g30_villain_shonen_011.webp,g30_villain_shonen_011.webp,976d5d14781f3e88ba619937e8d73ddba83426708bc1e360508f0e30f2d9e998,976d5d14781f3e88ba619937e8d73ddba83426708bc1e360508f0e30f2d9e998,3b9494125a6bd38b,512,512,True,True,True,True,True,False,
g30_villain_shonen_012,Kira Darzi,V6 Genre 30,villain,shonen,kaiju,cosmic_horror,romance,cast/v6/g30_villain_shonen_012.webp,game_source/art_src/cast_v6_genre30_upload_staging/portraits/g30_villain_shonen_012.webp,GENRE30_CAST_ROSTER.csv sequence 402,402,g30_villain_shonen_012.webp,g30_villain_shonen_012.webp,g30_villain_shonen_012.webp,8e2f350f5523906c40cf3e85812c509aadf22b7e3439579ea4140bd08bcc316b,8e2f350f5523906c40cf3e85812c509aadf22b7e3439579ea4140bd08bcc316b,14291e69f04f4e3e,512,512,True,True,True,True,True,False,
g30_villain_shonen_013,Leila Darzi,V6 Genre 30,villain,shonen,monster_taming,crime,sports,cast/v6/g30_villain_shonen_013.webp,game_source/art_src/cast_v6_genre30_upload_staging/portraits/g30_villain_shonen_013.webp,GENRE30_CAST_ROSTER.csv sequence 403,403,g30_villain_shonen_013.webp,g30_villain_shonen_013.webp,g30_villain_shonen_013.webp,94c0d5a78428895b447ee03a63fe6993adff9db790fedd12b0abae00ae81365a,94c0d5a78428895b447ee03a63fe6993adff9db790fedd12b0abae00ae81365a,2bc0e1255275d9dc,512,512,True,True,True,True,True,False,
g30_villain_shonen_014,Lina Darzi,V6 Genre 30,villain,shonen,kaiju,cosmic_horror,sports,cast/v6/g30_villain_shonen_014.webp,game_source/art_src/cast_v6_genre30_upload_staging/portraits/g30_villain_shonen_014.webp,GENRE30_CAST_ROSTER.csv sequence 404,404,g30_villain_shonen_014.webp,g30_villain_shonen_014.webp,g30_villain_shonen_014.webp,cab4f7abac1f231bdb31c092a76aaf74df3edf87136b8f5898a9e41761e54a46,cab4f7abac1f231bdb31c092a76aaf74df3edf87136b8f5898a9e41761e54a46,31df4935253525b2,512,512,True,True,True,True,True,False,
g30_villain_shonen_015,Lucan Darzi,V6 Genre 30,villain,shonen,monster_taming,crime,cyber,cast/v6/g30_villain_shonen_015.webp,game_source/art_src/cast_v6_genre30_upload_staging/portraits/g30_villain_shonen_015.webp,GENRE30_CAST_ROSTER.csv sequence 405,405,g30_villain_shonen_015.webp,g30_villain_shonen_015.webp,g30_villain_shonen_015.webp,0e7188030e76cd5e7004ce622005e4547c36c34a41da37ef6c6ffdd0fdb6eca2,0e7188030e76cd5e7004ce622005e4547c36c34a41da37ef6c6ffdd0fdb6eca2,789117198967e64e,512,512,True,True,True,True,True,False,
g30_villain_shonen_016,Mara Darzi,V6 Genre 30,villain,shonen,kaiju,cosmic_horror,cyber,cast/v6/g30_villain_shonen_016.webp,game_source/art_src/cast_v6_genre30_upload_staging/portraits/g30_villain_shonen_016.webp,GENRE30_CAST_ROSTER.csv sequence 406,406,g30_villain_shonen_016.webp,g30_villain_shonen_016.webp,g30_villain_shonen_016.webp,40afa942b9ca9781febb224560c2272e4a2fe284edc36369a84abcdaab881226,40afa942b9ca9781febb224560c2272e4a2fe284edc36369a84abcdaab881226,0714514e78e3cf4b,512,512,True,True,True,True,True,False,
g30_villain_shonen_017,Mika Darzi,V6 Genre 30,villain,shonen,monster_taming,crime,fantasy,cast/v6/g30_villain_shonen_017.webp,game_source/art_src/cast_v6_genre30_upload_staging/portraits/g30_villain_shonen_017.webp,GENRE30_CAST_ROSTER.csv sequence 407,407,g30_villain_shonen_017.webp,g30_villain_shonen_017.webp,g30_villain_shonen_017.webp,7427ad05478c8b0aab10fe6304436920d1ddd93c1ad320a509174c00533c7203,7427ad05478c8b0aab10fe6304436920d1ddd93c1ad320a509174c00533c7203,34c2de94b2ab7252,512,512,True,True,True,True,True,False,v4_villain_shojo_020
g30_villain_shonen_018,Mina Darzi,V6 Genre 30,villain,shonen,kaiju,cosmic_horror,fantasy,cast/v6/g30_villain_shonen_018.webp,game_source/art_src/cast_v6_genre30_upload_staging/portraits/g30_villain_shonen_018.webp,GENRE30_CAST_ROSTER.csv sequence 408,408,g30_villain_shonen_018.webp,g30_villain_shonen_018.webp,g30_villain_shonen_018.webp,0c9e950aca4d94c781cba3a1d11c4904e75744b09d9db6b54149ba488471bc8d,0c9e950aca4d94c781cba3a1d11c4904e75744b09d9db6b54149ba488471bc8d,36d7cd6b10a40b1b,512,512,True,True,True,True,True,False,
g30_villain_shonen_019,Nadia Darzi,V6 Genre 30,villain,shonen,monster_taming,crime,idol,cast/v6/g30_villain_shonen_019.webp,game_source/art_src/cast_v6_genre30_upload_staging/portraits/g30_villain_shonen_019.webp,GENRE30_CAST_ROSTER.csv sequence 409,409,g30_villain_shonen_019.webp,g30_villain_shonen_019.webp,g30_villain_shonen_019.webp,82364c64e73291ae8015e60fa6c32513a565bb6fc499c91d238cfe07ed17ae2a,82364c64e73291ae8015e60fa6c32513a565bb6fc499c91d238cfe07ed17ae2a,39c01c1e3a57836f,512,512,True,True,True,True,True,False,
g30_villain_shonen_020,Nao Darzi,V6 Genre 30,villain,shonen,kaiju,cosmic_horror,idol,cast/v6/g30_villain_shonen_020.webp,game_source/art_src/cast_v6_genre30_upload_staging/portraits/g30_villain_shonen_020.webp,GENRE30_CAST_ROSTER.csv sequence 410,410,g30_villain_shonen_020.webp,g30_villain_shonen_020.webp,g30_villain_shonen_020.webp,ae977b6470cc7a918a74f01531e91067888c58b604c73d1672f2a447da98d710,ae977b6470cc7a918a74f01531e91067888c58b604c73d1672f2a447da98d710,28d4573f63c48c1d,512,512,True,True,True,True,True,False,
g30_villain_shonen_021,Niko Darzi,V6 Genre 30,villain,shonen,monster_taming,crime,mystery,cast/v6/g30_villain_shonen_021.webp,game_source/art_src/cast_v6_genre30_upload_staging/portraits/g30_villain_shonen_021.webp,GENRE30_CAST_ROSTER.csv sequence 411,411,g30_villain_shonen_021.webp,g30_villain_shonen_021.webp,g30_villain_shonen_021.webp,3c136e40779a71e396e3969ffc462c352dca59125300c85c4c25c3b79a74ee84,3c136e40779a71e396e3969ffc462c352dca59125300c85c4c25c3b79a74ee84,3dbcc5d17a621264,512,512,True,True,True,True,True,False,
g30_villain_shonen_022,Noor Darzi,V6 Genre 30,villain,shonen,kaiju,cosmic_horror,mystery,cast/v6/g30_villain_shonen_022.webp,game_source/art_src/cast_v6_genre30_upload_staging/portraits/g30_villain_shonen_022.webp,GENRE30_CAST_ROSTER.csv sequence 412,412,g30_villain_shonen_022.webp,g30_villain_shonen_022.webp,g30_villain_shonen_022.webp,8312750eb7bb4a96c6e4090f4853271a3f9dc87ec0ded1ff24f333c9726392e3,8312750eb7bb4a96c6e4090f4853271a3f9dc87ec0ded1ff24f333c9726392e3,75d3416ce504dac9,512,512,True,True,True,True,True,False,
g30_villain_shonen_023,Rhea Darzi,V6 Genre 30,villain,shonen,monster_taming,crime,comedy,cast/v6/g30_villain_shonen_023.webp,game_source/art_src/cast_v6_genre30_upload_staging/portraits/g30_villain_shonen_023.webp,GENRE30_CAST_ROSTER.csv sequence 413,413,g30_villain_shonen_023.webp,g30_villain_shonen_023.webp,g30_villain_shonen_023.webp,eeccf9ce345076ae72f062dff7388539b67c215702c40cdaa3b9df6f683ae77a,eeccf9ce345076ae72f062dff7388539b67c215702c40cdaa3b9df6f683ae77a,3ca44359393676e4,512,512,True,True,True,True,True,False,
g30_villain_shonen_024,Ren Darzi,V6 Genre 30,villain,shonen,kaiju,cosmic_horror,comedy,cast/v6/g30_villain_shonen_024.webp,game_source/art_src/cast_v6_genre30_upload_staging/portraits/g30_villain_shonen_024.webp,GENRE30_CAST_ROSTER.csv sequence 414,414,g30_villain_shonen_024.webp,g30_villain_shonen_024.webp,g30_villain_shonen_024.webp,76a341aa42266c636b0932efdbb39d9dfe57de1a6abe88ac933f528b3a94b5f8,76a341aa42266c636b0932efdbb39d9dfe57de1a6abe88ac933f528b3a94b5f8,272acac693fba01c,512,512,True,True,True,True,True,False,
g30_villain_shonen_025,Rin Darzi,V6 Genre 30,villain,shonen,monster_taming,crime,cooking,cast/v6/g30_villain_shonen_025.webp,game_source/art_src/cast_v6_genre30_upload_staging/portraits/g30_villain_shonen_025.webp,GENRE30_CAST_ROSTER.csv sequence 415,415,g30_villain_shonen_025.webp,g30_villain_shonen_025.webp,g30_villain_shonen_025.webp,5e8eb4a93cbd9edb0a97b15c3a0c86d1c62b35824a0fbcbd5bb744ba7d07fd0c,5e8eb4a93cbd9edb0a97b15c3a0c86d1c62b35824a0fbcbd5bb744ba7d07fd0c,2cd247ad0d8eb3c8,512,512,True,True,True,True,True,False,
g30_villain_shonen_026,Samira Darzi,V6 Genre 30,villain,shonen,kaiju,cosmic_horror,cooking,cast/v6/g30_villain_shonen_026.webp,game_source/art_src/cast_v6_genre30_upload_staging/portraits/g30_villain_shonen_026.webp,GENRE30_CAST_ROSTER.csv sequence 416,416,g30_villain_shonen_026.webp,g30_villain_shonen_026.webp,g30_villain_shonen_026.webp,3c8bd574a05a750517f460d11da406be79e4cb4830f2d398a5c2707c0789ce78,3c8bd574a05a750517f460d11da406be79e4cb4830f2d398a5c2707c0789ce78,7cbe626d9432b308,512,512,True,True,True,True,True,False,
g30_villain_shonen_027,Sana Darzi,V6 Genre 30,villain,shonen,monster_taming,crime,military,cast/v6/g30_villain_shonen_027.webp,game_source/art_src/cast_v6_genre30_upload_staging/portraits/g30_villain_shonen_027.webp,GENRE30_CAST_ROSTER.csv sequence 417,417,g30_villain_shonen_027.webp,g30_villain_shonen_027.webp,g30_villain_shonen_027.webp,3bed3d6332e6196abf38aa3f42faa8e6ce4faf6a8626b18d3061e267d994d549,3bed3d6332e6196abf38aa3f42faa8e6ce4faf6a8626b18d3061e267d994d549,39d9c0d130333df8,512,512,True,True,True,True,True,False,
g30_villain_shonen_028,Sora Darzi,V6 Genre 30,villain,shonen,kaiju,cosmic_horror,military,cast/v6/g30_villain_shonen_028.webp,game_source/art_src/cast_v6_genre30_upload_staging/portraits/g30_villain_shonen_028.webp,GENRE30_CAST_ROSTER.csv sequence 418,418,g30_villain_shonen_028.webp,g30_villain_shonen_028.webp,g30_villain_shonen_028.webp,dfba416dfb973197e5d8c9d4f1c8d4c45df6427c691d9c766c1c725ac4dc37fe,dfba416dfb973197e5d8c9d4f1c8d4c45df6427c691d9c766c1c725ac4dc37fe,3a93cb4fb196220d,512,512,True,True,True,True,True,False,
g30_villain_shonen_029,Tala Darzi,V6 Genre 30,villain,shonen,monster_taming,crime,supernatural,cast/v6/g30_villain_shonen_029.webp,game_source/art_src/cast_v6_genre30_upload_staging/portraits/g30_villain_shonen_029.webp,GENRE30_CAST_ROSTER.csv sequence 419,419,g30_villain_shonen_029.webp,g30_villain_shonen_029.webp,g30_villain_shonen_029.webp,b57ecf307889dbce2a9c375055def0cab5f608162ff95422f5c1fa1b01a36f94,b57ecf307889dbce2a9c375055def0cab5f608162ff95422f5c1fa1b01a36f94,3fc5892531b8a70b,512,512,True,True,True,True,True,False,
g30_villain_shonen_030,Yara Darzi,V6 Genre 30,villain,shonen,kaiju,cosmic_horror,supernatural,cast/v6/g30_villain_shonen_030.webp,game_source/art_src/cast_v6_genre30_upload_staging/portraits/g30_villain_shonen_030.webp,GENRE30_CAST_ROSTER.csv sequence 420,420,g30_villain_shonen_030.webp,g30_villain_shonen_030.webp,g30_villain_shonen_030.webp,1a396b41d910c626de4f2120aa1a9277b517c774ba8bfacafb4bea9e57c27a26,1a396b41d910c626de4f2120aa1a9277b517c774ba8bfacafb4bea9e57c27a26,69a1e4d92753883d,512,512,True,True,True,True,True,False,
g30_villain_shonen_031,Aiko Diallo,V6 Genre 30,villain,shonen,monster_taming,crime,space,cast/v6/g30_villain_shonen_031.webp,game_source/art_src/cast_v6_genre30_upload_staging/portraits/g30_villain_shonen_031.webp,GENRE30_CAST_ROSTER.csv sequence 421,421,g30_villain_shonen_031.webp,g30_villain_shonen_031.webp,g30_villain_shonen_031.webp,afc9e075d43d5c6e7b72134c23f6f6ad57eb45b2e6425f933b9304c3a4eb801a,afc9e075d43d5c6e7b72134c23f6f6ad57eb45b2e6425f933b9304c3a4eb801a,29f4870f466c7591,512,512,True,True,True,True,True,False,
g30_villain_shonen_032,Amara Diallo,V6 Genre 30,villain,shonen,kaiju,cosmic_horror,space,cast/v6/g30_villain_shonen_032.webp,game_source/art_src/cast_v6_genre30_upload_staging/portraits/g30_villain_shonen_032.webp,GENRE30_CAST_ROSTER.csv sequence 422,422,g30_villain_shonen_032.webp,g30_villain_shonen_032.webp,g30_villain_shonen_032.webp,f78e1e0838c3f11c75ad63106ae91916142c2ddc0779ddeb2cb2ae86df3ca7d4,f78e1e0838c3f11c75ad63106ae91916142c2ddc0779ddeb2cb2ae86df3ca7d4,3e848c3f22733356,512,512,True,True,True,True,True,False,
g30_villain_shonen_033,Ansel Diallo,V6 Genre 30,villain,shonen,monster_taming,crime,magical,cast/v6/g30_villain_shonen_033.webp,game_source/art_src/cast_v6_genre30_upload_staging/portraits/g30_villain_shonen_033.webp,GENRE30_CAST_ROSTER.csv sequence 423,423,g30_villain_shonen_033.webp,g30_villain_shonen_033.webp,g30_villain_shonen_033.webp,88710d0d9cd03f337736c252e1c4a9299352f6a4fb8078b3dcf4588f2489c032,88710d0d9cd03f337736c252e1c4a9299352f6a4fb8078b3dcf4588f2489c032,6b96c04ae5eb9483,512,512,True,True,True,True,True,False,
g30_villain_shonen_034,Arden Diallo,V6 Genre 30,villain,shonen,kaiju,cosmic_horror,magical,cast/v6/g30_villain_shonen_034.webp,game_source/art_src/cast_v6_genre30_upload_staging/portraits/g30_villain_shonen_034.webp,GENRE30_CAST_ROSTER.csv sequence 424,424,g30_villain_shonen_034.webp,g30_villain_shonen_034.webp,g30_villain_shonen_034.webp,098d2d8094b68e785bff243ff018934a2ed6a05d0bf7e32149d28af41ff7badb,098d2d8094b68e785bff243ff018934a2ed6a05d0bf7e32149d28af41ff7badb,6db2c0071ee39b68,512,512,True,True,True,True,True,False,
g30_villain_shonen_035,Ari Diallo,V6 Genre 30,villain,shonen,monster_taming,crime,survival,cast/v6/g30_villain_shonen_035.webp,game_source/art_src/cast_v6_genre30_upload_staging/portraits/g30_villain_shonen_035.webp,GENRE30_CAST_ROSTER.csv sequence 425,425,g30_villain_shonen_035.webp,g30_villain_shonen_035.webp,g30_villain_shonen_035.webp,3caaac28cfa34011e9a979498ea45aeb70170e915f399b927b4cc99aac4a2db4,3caaac28cfa34011e9a979498ea45aeb70170e915f399b927b4cc99aac4a2db4,2a99c36e2c61706f,512,512,True,True,True,True,True,False,
g30_villain_shonen_036,Asa Diallo,V6 Genre 30,villain,shonen,kaiju,cosmic_horror,survival,cast/v6/g30_villain_shonen_036.webp,game_source/art_src/cast_v6_genre30_upload_staging/portraits/g30_villain_shonen_036.webp,GENRE30_CAST_ROSTER.csv sequence 426,426,g30_villain_shonen_036.webp,g30_villain_shonen_036.webp,g30_villain_shonen_036.webp,87514b869c7e520021fd6f38c75287a603971b14a2e4957667808d80dbee6a7e,87514b869c7e520021fd6f38c75287a603971b14a2e4957667808d80dbee6a7e,39414e66b9ecb426,512,512,True,True,True,True,True,False,
g30_villain_shonen_037,Asha Diallo,V6 Genre 30,villain,shonen,monster_taming,crime,pirate,cast/v6/g30_villain_shonen_037.webp,game_source/art_src/cast_v6_genre30_upload_staging/portraits/g30_villain_shonen_037.webp,GENRE30_CAST_ROSTER.csv sequence 427,427,g30_villain_shonen_037.webp,g30_villain_shonen_037.webp,g30_villain_shonen_037.webp,2b6d0f2e72428118eb132f74e5d7b8e242db56f3c871a06a0eca852a02df7f89,2b6d0f2e72428118eb132f74e5d7b8e242db56f3c871a06a0eca852a02df7f89,7ca1a3f613838c27,512,512,True,True,True,True,True,False,
g30_villain_shonen_038,Cass Diallo,V6 Genre 30,villain,shonen,kaiju,cosmic_horror,pirate,cast/v6/g30_villain_shonen_038.webp,game_source/art_src/cast_v6_genre30_upload_staging/portraits/g30_villain_shonen_038.webp,GENRE30_CAST_ROSTER.csv sequence 428,428,g30_villain_shonen_038.webp,g30_villain_shonen_038.webp,g30_villain_shonen_038.webp,7e1efa17d9ca10e9c15bf4e507864161e7d08b161fbd0c3ed262a2511778ebf1,7e1efa17d9ca10e9c15bf4e507864161e7d08b161fbd0c3ed262a2511778ebf1,28b48a561ec6fcc9,512,512,True,True,True,True,True,False,
g30_villain_shonen_039,Cassia Diallo,V6 Genre 30,villain,shonen,monster_taming,crime,martial,cast/v6/g30_villain_shonen_039.webp,game_source/art_src/cast_v6_genre30_upload_staging/portraits/g30_villain_shonen_039.webp,GENRE30_CAST_ROSTER.csv sequence 429,429,g30_villain_shonen_039.webp,g30_villain_shonen_039.webp,g30_villain_shonen_039.webp,84076b60690d6d67a93cf360f33f2046e67d4a9b46cf863e6078b31331af00da,84076b60690d6d67a93cf360f33f2046e67d4a9b46cf863e6078b31331af00da,7b8d99085cb71705,512,512,True,True,True,True,True,False,
g30_villain_shonen_040,Dara Diallo,V6 Genre 30,villain,shonen,kaiju,cosmic_horror,martial,cast/v6/g30_villain_shonen_040.webp,game_source/art_src/cast_v6_genre30_upload_staging/portraits/g30_villain_shonen_040.webp,GENRE30_CAST_ROSTER.csv sequence 430,430,g30_villain_shonen_040.webp,g30_villain_shonen_040.webp,g30_villain_shonen_040.webp,06881d297b512a3c5648ae36ce60ff6d22ab9fc439a469697f08f2819250e07d,06881d297b512a3c5648ae36ce60ff6d22ab9fc439a469697f08f2819250e07d,2453c17996c96eb4,512,512,True,True,True,True,True,False,
g30_villain_shonen_041,Eira Diallo,V6 Genre 30,villain,shonen,monster_taming,crime,mythology,cast/v6/g30_villain_shonen_041.webp,game_source/art_src/cast_v6_genre30_upload_staging/portraits/g30_villain_shonen_041.webp,GENRE30_CAST_ROSTER.csv sequence 431,431,g30_villain_shonen_041.webp,g30_villain_shonen_041.webp,g30_villain_shonen_041.webp,8436307f2852d4984331ef1e4f1334f6241bf298f154eda28000e274fb0399b3,8436307f2852d4984331ef1e4f1334f6241bf298f154eda28000e274fb0399b3,29fd4b2cc23a750c,512,512,True,True,True,True,True,False,
g30_villain_shonen_042,Elian Diallo,V6 Genre 30,villain,shonen,kaiju,cosmic_horror,mythology,cast/v6/g30_villain_shonen_042.webp,game_source/art_src/cast_v6_genre30_upload_staging/portraits/g30_villain_shonen_042.webp,GENRE30_CAST_ROSTER.csv sequence 432,432,g30_villain_shonen_042.webp,g30_villain_shonen_042.webp,g30_villain_shonen_042.webp,f5527d4587d59d7fa4abe42b02854b335fa039525dfbe3b4503ef5750b521443,f5527d4587d59d7fa4abe42b02854b335fa039525dfbe3b4503ef5750b521443,31b4d34c9b8993c6,512,512,True,True,True,True,True,False,
g30_villain_shonen_043,Emi Diallo,V6 Genre 30,villain,shonen,monster_taming,crime,nordic,cast/v6/g30_villain_shonen_043.webp,game_source/art_src/cast_v6_genre30_upload_staging/portraits/g30_villain_shonen_043.webp,GENRE30_CAST_ROSTER.csv sequence 433,433,g30_villain_shonen_043.webp,g30_villain_shonen_043.webp,g30_villain_shonen_043.webp,0a0953c69ef01b4974e7167e81b959e998aa8969b0696cc842dc1e9befe241a9,0a0953c69ef01b4974e7167e81b959e998aa8969b0696cc842dc1e9befe241a9,7a82fb3a415d9690,512,512,True,True,True,True,True,False,
g30_villain_shonen_044,Farah Diallo,V6 Genre 30,villain,shonen,kaiju,cosmic_horror,nordic,cast/v6/g30_villain_shonen_044.webp,game_source/art_src/cast_v6_genre30_upload_staging/portraits/g30_villain_shonen_044.webp,GENRE30_CAST_ROSTER.csv sequence 434,434,g30_villain_shonen_044.webp,g30_villain_shonen_044.webp,g30_villain_shonen_044.webp,739269b81c5b38aa9afe44f33577d605824f7daad5ff188b6340008540681205,739269b81c5b38aa9afe44f33577d605824f7daad5ff188b6340008540681205,6f119c70ce7c0731,512,512,True,True,True,True,True,False,
g30_villain_shonen_045,Hana Diallo,V6 Genre 30,villain,shonen,monster_taming,crime,samurai,cast/v6/g30_villain_shonen_045.webp,game_source/art_src/cast_v6_genre30_upload_staging/portraits/g30_villain_shonen_045.webp,GENRE30_CAST_ROSTER.csv sequence 435,435,g30_villain_shonen_045.webp,g30_villain_shonen_045.webp,g30_villain_shonen_045.webp,41bdfaf39ede50a342f49894a78ab81f993d56f8c1f07ae53e542478287fde93,41bdfaf39ede50a342f49894a78ab81f993d56f8c1f07ae53e542478287fde93,7ee8151af2670c91,512,512,True,True,True,True,True,False,
g30_villain_shonen_046,Haru Diallo,V6 Genre 30,villain,shonen,kaiju,cosmic_horror,samurai,cast/v6/g30_villain_shonen_046.webp,game_source/art_src/cast_v6_genre30_upload_staging/portraits/g30_villain_shonen_046.webp,GENRE30_CAST_ROSTER.csv sequence 436,436,g30_villain_shonen_046.webp,g30_villain_shonen_046.webp,g30_villain_shonen_046.webp,1ae04f2accd0c3ce1c80249bf6207ca4b930dcc67b1064597ee0c70f26f473a0,1ae04f2accd0c3ce1c80249bf6207ca4b930dcc67b1064597ee0c70f26f473a0,78cc4dd60e2e8a9c,512,512,True,True,True,True,True,False,
g30_villain_shonen_047,Idris Diallo,V6 Genre 30,villain,shonen,monster_taming,crime,shinobi,cast/v6/g30_villain_shonen_047.webp,game_source/art_src/cast_v6_genre30_upload_staging/portraits/g30_villain_shonen_047.webp,GENRE30_CAST_ROSTER.csv sequence 437,437,g30_villain_shonen_047.webp,g30_villain_shonen_047.webp,g30_villain_shonen_047.webp,41dfed08f6d4840b0997f31877a2e1b35e1891d94c11becf9051b0b5e016e16a,41dfed08f6d4840b0997f31877a2e1b35e1891d94c11becf9051b0b5e016e16a,3191d9aa27a17a4b,512,512,True,True,True,True,True,False,
g30_villain_shonen_048,Imani Diallo,V6 Genre 30,villain,shonen,kaiju,cosmic_horror,shinobi,cast/v6/g30_villain_shonen_048.webp,game_source/art_src/cast_v6_genre30_upload_staging/portraits/g30_villain_shonen_048.webp,GENRE30_CAST_ROSTER.csv sequence 438,438,g30_villain_shonen_048.webp,g30_villain_shonen_048.webp,g30_villain_shonen_048.webp,fd85907a87fe0b958315d6b45a62519c18ecb1c76d0ab53b011c27f976fdfac0,fd85907a87fe0b958315d6b45a62519c18ecb1c76d0ab53b011c27f976fdfac0,16836d92da6d4c99,512,512,True,True,True,True,True,False,
g30_villain_shonen_049,Jae Diallo,V6 Genre 30,villain,shonen,monster_taming,crime,vampire,cast/v6/g30_villain_shonen_049.webp,game_source/art_src/cast_v6_genre30_upload_staging/portraits/g30_villain_shonen_049.webp,GENRE30_CAST_ROSTER.csv sequence 439,439,g30_villain_shonen_049.webp,g30_villain_shonen_049.webp,g30_villain_shonen_049.webp,e9806b22f25640f19f0f0239798e3ec56e31178ea91d6f1e6f79c1c10509c2c9,e9806b22f25640f19f0f0239798e3ec56e31178ea91d6f1e6f79c1c10509c2c9,169e525372d5861e,512,512,True,True,True,True,True,False,
g30_villain_shonen_050,Jin Diallo,V6 Genre 30,villain,shonen,kaiju,cosmic_horror,vampire,cast/v6/g30_villain_shonen_050.webp,game_source/art_src/cast_v6_genre30_upload_staging/portraits/g30_villain_shonen_050.webp,GENRE30_CAST_ROSTER.csv sequence 440,440,g30_villain_shonen_050.webp,g30_villain_shonen_050.webp,g30_villain_shonen_050.webp,955ee43590640b14690a9ed5f4b111625e9dd819ebaa878bd21c0da5a0b74510,955ee43590640b14690a9ed5f4b111625e9dd819ebaa878bd21c0da5a0b74510,59c7cc66cb720272,512,512,True,True,True,True,True,False,
g30_villain_shonen_051,Kael Diallo,V6 Genre 30,villain,shonen,monster_taming,crime,grimdark,cast/v6/g30_villain_shonen_051.webp,game_source/art_src/cast_v6_genre30_upload_staging/portraits/g30_villain_shonen_051.webp,GENRE30_CAST_ROSTER.csv sequence 441,441,g30_villain_shonen_051.webp,g30_villain_shonen_051.webp,g30_villain_shonen_051.webp,790ef6ceb874565b989db1435298f533a164114a3869aa29d2f8a313ceaeb6e8,790ef6ceb874565b989db1435298f533a164114a3869aa29d2f8a313ceaeb6e8,5185e35282e6d3ad,512,512,True,True,True,True,True,False,
g30_villain_shonen_052,Kira Diallo,V6 Genre 30,villain,shonen,kaiju,cosmic_horror,grimdark,cast/v6/g30_villain_shonen_052.webp,game_source/art_src/cast_v6_genre30_upload_staging/portraits/g30_villain_shonen_052.webp,GENRE30_CAST_ROSTER.csv sequence 442,442,g30_villain_shonen_052.webp,g30_villain_shonen_052.webp,g30_villain_shonen_052.webp,d98af5d1ca760760a1560299966c34956e98e84a60656145236cb812f960e769,d98af5d1ca760760a1560299966c34956e98e84a60656145236cb812f960e769,3ae8e9a6a107623e,512,512,True,True,True,True,True,False,
g30_villain_shonen_053,Leila Diallo,V6 Genre 30,villain,shonen,mecha,isekai,monster_taming,cast/v6/g30_villain_shonen_053.webp,game_source/art_src/cast_v6_genre30_upload_staging/portraits/g30_villain_shonen_053.webp,GENRE30_CAST_ROSTER.csv sequence 443,443,g30_villain_shonen_053.webp,g30_villain_shonen_053.webp,g30_villain_shonen_053.webp,6df064d858cabd9244df03f6def84f79f229475f01430e83c8d72d49e5723153,6df064d858cabd9244df03f6def84f79f229475f01430e83c8d72d49e5723153,2db2cb8593d198d8,512,512,True,True,True,True,True,False,
g30_villain_shonen_054,Lina Diallo,V6 Genre 30,villain,shonen,slice,horror,arabia,cast/v6/g30_villain_shonen_054.webp,game_source/art_src/cast_v6_genre30_upload_staging/portraits/g30_villain_shonen_054.webp,GENRE30_CAST_ROSTER.csv sequence 444,444,g30_villain_shonen_054.webp,g30_villain_shonen_054.webp,g30_villain_shonen_054.webp,8ee142a3d05b5e7e6c85db116532acf2f20b3ca68ddcd255dff885de39e06893,8ee142a3d05b5e7e6c85db116532acf2f20b3ca68ddcd255dff885de39e06893,1595d696c69e1c8c,512,512,True,True,True,True,True,False,
g30_villain_shonen_055,Lucan Diallo,V6 Genre 30,villain,shonen,romance,sports,arabia,cast/v6/g30_villain_shonen_055.webp,game_source/art_src/cast_v6_genre30_upload_staging/portraits/g30_villain_shonen_055.webp,GENRE30_CAST_ROSTER.csv sequence 445,445,g30_villain_shonen_055.webp,g30_villain_shonen_055.webp,g30_villain_shonen_055.webp,2de5dc13e7476e8cfd529666efaeece1e41171b4857a4e01d51a56c4a588779e,2de5dc13e7476e8cfd529666efaeece1e41171b4857a4e01d51a56c4a588779e,63c2b01b2f4ecf48,512,512,True,True,True,True,True,False,
g30_villain_shonen_056,Mara Diallo,V6 Genre 30,villain,shonen,cyber,fantasy,arabia,cast/v6/g30_villain_shonen_056.webp,game_source/art_src/cast_v6_genre30_upload_staging/portraits/g30_villain_shonen_056.webp,GENRE30_CAST_ROSTER.csv sequence 446,446,g30_villain_shonen_056.webp,g30_villain_shonen_056.webp,g30_villain_shonen_056.webp,9ec074619dd0df64ebef5cc844ab868d730c46bab3b939c813f273075ba4dc75,9ec074619dd0df64ebef5cc844ab868d730c46bab3b939c813f273075ba4dc75,25ddc661d22ee318,512,512,True,True,True,True,True,False,
g30_villain_shonen_057,Mika Diallo,V6 Genre 30,villain,shonen,idol,mystery,arabia,cast/v6/g30_villain_shonen_057.webp,game_source/art_src/cast_v6_genre30_upload_staging/portraits/g30_villain_shonen_057.webp,GENRE30_CAST_ROSTER.csv sequence 447,447,g30_villain_shonen_057.webp,g30_villain_shonen_057.webp,g30_villain_shonen_057.webp,07243a2f846ac0012feaf34964c83d8fe99658373f320244837229030f5b6b99,07243a2f846ac0012feaf34964c83d8fe99658373f320244837229030f5b6b99,3c1b1f72e4160d69,512,512,True,True,True,True,True,False,
g30_villain_shonen_058,Mina Diallo,V6 Genre 30,villain,shonen,comedy,cooking,arabia,cast/v6/g30_villain_shonen_058.webp,game_source/art_src/cast_v6_genre30_upload_staging/portraits/g30_villain_shonen_058.webp,GENRE30_CAST_ROSTER.csv sequence 448,448,g30_villain_shonen_058.webp,g30_villain_shonen_058.webp,g30_villain_shonen_058.webp,6aecec03c21f9f384ede20e2b5b5caf5745543806c4e725d8564de368875d595,6aecec03c21f9f384ede20e2b5b5caf5745543806c4e725d8564de368875d595,43882735969e6c9b,512,512,True,True,True,True,True,False,
g30_villain_shonen_059,Nadia Diallo,V6 Genre 30,villain,shonen,military,supernatural,arabia,cast/v6/g30_villain_shonen_059.webp,game_source/art_src/cast_v6_genre30_upload_staging/portraits/g30_villain_shonen_059.webp,GENRE30_CAST_ROSTER.csv sequence 449,449,g30_villain_shonen_059.webp,g30_villain_shonen_059.webp,g30_villain_shonen_059.webp,5effb20b4f436e9c63a20f1fe4a0a6d901c440d0f2b97e44e97bc9a54d238551,5effb20b4f436e9c63a20f1fe4a0a6d901c440d0f2b97e44e97bc9a54d238551,2793c42e27261eda,512,512,True,True,True,True,True,False,v_blackout
g30_villain_shonen_060,Nao Diallo,V6 Genre 30,villain,shonen,space,magical,arabia,cast/v6/g30_villain_shonen_060.webp,game_source/art_src/cast_v6_genre30_upload_staging/portraits/g30_villain_shonen_060.webp,GENRE30_CAST_ROSTER.csv sequence 450,450,g30_villain_shonen_060.webp,g30_villain_shonen_060.webp,g30_villain_shonen_060.webp,cbe61e13dd45d02c47c8b955772afb8fa402cda68178a1fd1235dfdf142e42b8,cbe61e13dd45d02c47c8b955772afb8fa402cda68178a1fd1235dfdf142e42b8,235561f216e6cb0b,512,512,True,True,True,True,True,False,
g30_villain_shonen_061,Niko Diallo,V6 Genre 30,villain,shonen,survival,pirate,arabia,cast/v6/g30_villain_shonen_061.webp,game_source/art_src/cast_v6_genre30_upload_staging/portraits/g30_villain_shonen_061.webp,GENRE30_CAST_ROSTER.csv sequence 451,451,g30_villain_shonen_061.webp,g30_villain_shonen_061.webp,g30_villain_shonen_061.webp,f5b2ea405988f54037fea1be2feae4c3ec2b024c8986a4d58244db73e065eeec,f5b2ea405988f54037fea1be2feae4c3ec2b024c8986a4d58244db73e065eeec,38f1a7a8449303bf,512,512,True,True,True,True,True,False,
g30_villain_shonen_062,Noor Diallo,V6 Genre 30,villain,shonen,martial,mythology,arabia,cast/v6/g30_villain_shonen_062.webp,game_source/art_src/cast_v6_genre30_upload_staging/portraits/g30_villain_shonen_062.webp,GENRE30_CAST_ROSTER.csv sequence 452,452,g30_villain_shonen_062.webp,g30_villain_shonen_062.webp,g30_villain_shonen_062.webp,c5647d94e23cd595bd80b11adb21e09607551105722196767253c63b37817ed1,c5647d94e23cd595bd80b11adb21e09607551105722196767253c63b37817ed1,27b395828b4e1eb8,512,512,True,True,True,True,True,False,
g30_villain_shonen_063,Rhea Diallo,V6 Genre 30,villain,shonen,nordic,samurai,arabia,cast/v6/g30_villain_shonen_063.webp,game_source/art_src/cast_v6_genre30_upload_staging/portraits/g30_villain_shonen_063.webp,GENRE30_CAST_ROSTER.csv sequence 453,453,g30_villain_shonen_063.webp,g30_villain_shonen_063.webp,g30_villain_shonen_063.webp,6bb25a02368b9a0ff687664af39b271dc1f7d09f44c7f98c8cba60771e1d850f,6bb25a02368b9a0ff687664af39b271dc1f7d09f44c7f98c8cba60771e1d850f,3edfc14347492c34,512,512,True,True,True,True,True,False,
g30_villain_shonen_064,Ren Diallo,V6 Genre 30,villain,shonen,shinobi,vampire,arabia,cast/v6/g30_villain_shonen_064.webp,game_source/art_src/cast_v6_genre30_upload_staging/portraits/g30_villain_shonen_064.webp,GENRE30_CAST_ROSTER.csv sequence 454,454,g30_villain_shonen_064.webp,g30_villain_shonen_064.webp,g30_villain_shonen_064.webp,3f8527b8285e9178e2e56e46d9cbd70c11a1a788d22a879671444cc9be7aea86,3f8527b8285e9178e2e56e46d9cbd70c11a1a788d22a879671444cc9be7aea86,37a98d0b856853d6,512,512,True,True,True,True,True,False,
g30_villain_shonen_065,Rin Diallo,V6 Genre 30,villain,shonen,monster_taming,arabia,grimdark,cast/v6/g30_villain_shonen_065.webp,game_source/art_src/cast_v6_genre30_upload_staging/portraits/g30_villain_shonen_065.webp,GENRE30_CAST_ROSTER.csv sequence 455,455,g30_villain_shonen_065.webp,g30_villain_shonen_065.webp,g30_villain_shonen_065.webp,50d9a87523e271b99f44186e2b32bec939b85dd52272251620c493e63fd2e43c,50d9a87523e271b99f44186e2b32bec939b85dd52272251620c493e63fd2e43c,35053ac5d3997478,512,512,True,True,True,True,True,False,
g30_villain_shojo_001,Samira Diallo,V6 Genre 30,villain,shojo,monster_taming,crime,kaiju,cast/v6/g30_villain_shojo_001.webp,game_source/art_src/cast_v6_genre30_upload_staging/portraits/g30_villain_shojo_001.webp,GENRE30_CAST_ROSTER.csv sequence 456,456,g30_villain_shojo_001.webp,g30_villain_shojo_001.webp,g30_villain_shojo_001.webp,1f04ae5b868dcc4e44067f287aa62b20ebd6dc5ccdb1dbda8d48c4eb8cb5023f,1f04ae5b868dcc4e44067f287aa62b20ebd6dc5ccdb1dbda8d48c4eb8cb5023f,3bba8088ae9cd8cd,512,512,True,True,True,True,True,False,
g30_villain_shojo_002,Sana Diallo,V6 Genre 30,villain,shojo,monster_taming,cosmic_horror,arabia,cast/v6/g30_villain_shojo_002.webp,game_source/art_src/cast_v6_genre30_upload_staging/portraits/g30_villain_shojo_002.webp,GENRE30_CAST_ROSTER.csv sequence 457,457,g30_villain_shojo_002.webp,g30_villain_shojo_002.webp,g30_villain_shojo_002.webp,451842076a3e362dba1937d9c6b0fc0c4fe116c4e6bddd27bdf872a7b9526262,451842076a3e362dba1937d9c6b0fc0c4fe116c4e6bddd27bdf872a7b9526262,31db64f02f41bd41,512,512,True,True,True,True,True,False,
g30_villain_shojo_003,Sora Diallo,V6 Genre 30,villain,shojo,crime,cosmic_horror,mecha,cast/v6/g30_villain_shojo_003.webp,game_source/art_src/cast_v6_genre30_upload_staging/portraits/g30_villain_shojo_003.webp,GENRE30_CAST_ROSTER.csv sequence 458,458,g30_villain_shojo_003.webp,g30_villain_shojo_003.webp,g30_villain_shojo_003.webp,968fd06734b2a99ac05b47282cedc974577d73773eeca261b363f034d61ca141,968fd06734b2a99ac05b47282cedc974577d73773eeca261b363f034d61ca141,3cd243076b6e5615,512,512,True,True,True,True,True,False,
g30_villain_shojo_004,Tala Diallo,V6 Genre 30,villain,shojo,kaiju,arabia,mecha,cast/v6/g30_villain_shojo_004.webp,game_source/art_src/cast_v6_genre30_upload_staging/portraits/g30_villain_shojo_004.webp,GENRE30_CAST_ROSTER.csv sequence 459,459,g30_villain_shojo_004.webp,g30_villain_shojo_004.webp,g30_villain_shojo_004.webp,ff41fe10de03a81e9a6032d136d8594643b6e73891e2b4836fe7ca8b9cccc7ae,ff41fe10de03a81e9a6032d136d8594643b6e73891e2b4836fe7ca8b9cccc7ae,679418ca5b386d35,512,512,True,True,True,True,True,False,
g30_villain_shojo_005,Yara Diallo,V6 Genre 30,villain,shojo,crime,arabia,isekai,cast/v6/g30_villain_shojo_005.webp,game_source/art_src/cast_v6_genre30_upload_staging/portraits/g30_villain_shojo_005.webp,GENRE30_CAST_ROSTER.csv sequence 460,460,g30_villain_shojo_005.webp,g30_villain_shojo_005.webp,g30_villain_shojo_005.webp,134dbdc361fbf8de919705976654840fd6cdfcfea77c959b3f08fd7b68c4447d,134dbdc361fbf8de919705976654840fd6cdfcfea77c959b3f08fd7b68c4447d,64af3986374e5819,512,512,True,True,True,True,True,False,
g30_villain_shojo_006,Aiko Duval,V6 Genre 30,villain,shojo,kaiju,cosmic_horror,isekai,cast/v6/g30_villain_shojo_006.webp,game_source/art_src/cast_v6_genre30_upload_staging/portraits/g30_villain_shojo_006.webp,GENRE30_CAST_ROSTER.csv sequence 461,461,g30_villain_shojo_006.webp,g30_villain_shojo_006.webp,g30_villain_shojo_006.webp,28a8bf49d7f3699effbd6a9da9c4dc50128daeb1a28fc26f140d8cb1c62b4dd9,28a8bf49d7f3699effbd6a9da9c4dc50128daeb1a28fc26f140d8cb1c62b4dd9,6bf3da637460a1c0,512,512,True,True,True,True,True,False,
g30_villain_shojo_007,Amara Duval,V6 Genre 30,villain,shojo,monster_taming,crime,slice,cast/v6/g30_villain_shojo_007.webp,game_source/art_src/cast_v6_genre30_upload_staging/portraits/g30_villain_shojo_007.webp,GENRE30_CAST_ROSTER.csv sequence 462,462,g30_villain_shojo_007.webp,g30_villain_shojo_007.webp,g30_villain_shojo_007.webp,17a924836b6d5f3da7d3eafab422f3d30f28d24f9714da0e232be0ae8efa5870,17a924836b6d5f3da7d3eafab422f3d30f28d24f9714da0e232be0ae8efa5870,67c4f2e37a22831c,512,512,True,True,True,True,True,False,
g30_villain_shojo_008,Ansel Duval,V6 Genre 30,villain,shojo,kaiju,cosmic_horror,slice,cast/v6/g30_villain_shojo_008.webp,game_source/art_src/cast_v6_genre30_upload_staging/portraits/g30_villain_shojo_008.webp,GENRE30_CAST_ROSTER.csv sequence 463,463,g30_villain_shojo_008.webp,g30_villain_shojo_008.webp,g30_villain_shojo_008.webp,085aa1a090d740a56831dea06562e5227f848c6124fd38068abde9a78ff2abe8,085aa1a090d740a56831dea06562e5227f848c6124fd38068abde9a78ff2abe8,78b2d0f1091bdb94,512,512,True,True,True,True,True,False,
g30_villain_shojo_009,Arden Duval,V6 Genre 30,villain,shojo,monster_taming,crime,horror,cast/v6/g30_villain_shojo_009.webp,game_source/art_src/cast_v6_genre30_upload_staging/portraits/g30_villain_shojo_009.webp,GENRE30_CAST_ROSTER.csv sequence 464,464,g30_villain_shojo_009.webp,g30_villain_shojo_009.webp,g30_villain_shojo_009.webp,09c46b79dbe5f2346fd62b61dd143e779842f817e20bc5835d7c14828edda83c,09c46b79dbe5f2346fd62b61dd143e779842f817e20bc5835d7c14828edda83c,05ed6a73b1029c9d,512,512,True,True,True,True,True,False,
g30_villain_shojo_010,Ari Duval,V6 Genre 30,villain,shojo,kaiju,cosmic_horror,horror,cast/v6/g30_villain_shojo_010.webp,game_source/art_src/cast_v6_genre30_upload_staging/portraits/g30_villain_shojo_010.webp,GENRE30_CAST_ROSTER.csv sequence 465,465,g30_villain_shojo_010.webp,g30_villain_shojo_010.webp,g30_villain_shojo_010.webp,bb6c2a81b96ac452e25fd5c0563dced0d05945498f04f45dcec5503f7a1daeab,bb6c2a81b96ac452e25fd5c0563dced0d05945498f04f45dcec5503f7a1daeab,0d19544e35cde572,512,512,True,True,True,True,True,False,
g30_villain_shojo_011,Asa Duval,V6 Genre 30,villain,shojo,monster_taming,crime,romance,cast/v6/g30_villain_shojo_011.webp,game_source/art_src/cast_v6_genre30_upload_staging/portraits/g30_villain_shojo_011.webp,GENRE30_CAST_ROSTER.csv sequence 466,466,g30_villain_shojo_011.webp,g30_villain_shojo_011.webp,g30_villain_shojo_011.webp,705583a87d9e6656aad29375b4ddfb611a4d91ba617458ddf63383c19622e1ac,705583a87d9e6656aad29375b4ddfb611a4d91ba617458ddf63383c19622e1ac,5fc6121964601e7f,512,512,True,True,True,True,True,False,
g30_villain_shojo_012,Asha Duval,V6 Genre 30,villain,shojo,kaiju,cosmic_horror,romance,cast/v6/g30_villain_shojo_012.webp,game_source/art_src/cast_v6_genre30_upload_staging/portraits/g30_villain_shojo_012.webp,GENRE30_CAST_ROSTER.csv sequence 467,467,g30_villain_shojo_012.webp,g30_villain_shojo_012.webp,g30_villain_shojo_012.webp,e55d482ee51d59004055dbef0f5e00e8f350eaccd659129955b8009b49537331,e55d482ee51d59004055dbef0f5e00e8f350eaccd659129955b8009b49537331,2f9c79420232f9ec,512,512,True,True,True,True,True,False,
g30_villain_shojo_013,Cass Duval,V6 Genre 30,villain,shojo,monster_taming,crime,sports,cast/v6/g30_villain_shojo_013.webp,game_source/art_src/cast_v6_genre30_upload_staging/portraits/g30_villain_shojo_013.webp,GENRE30_CAST_ROSTER.csv sequence 468,468,g30_villain_shojo_013.webp,g30_villain_shojo_013.webp,g30_villain_shojo_013.webp,4aa7f5cd1bfc4a841c99bc882938c2f53e63fc5fb303cfa25c714af925c3d23b,4aa7f5cd1bfc4a841c99bc882938c2f53e63fc5fb303cfa25c714af925c3d23b,608f4b2335fa28e5,512,512,True,True,True,True,True,False,
g30_villain_shojo_014,Cassia Duval,V6 Genre 30,villain,shojo,kaiju,cosmic_horror,sports,cast/v6/g30_villain_shojo_014.webp,game_source/art_src/cast_v6_genre30_upload_staging/portraits/g30_villain_shojo_014.webp,GENRE30_CAST_ROSTER.csv sequence 469,469,g30_villain_shojo_014.webp,g30_villain_shojo_014.webp,g30_villain_shojo_014.webp,226cd7f987dd2ddb14e26ee8b980bc427fd575618b58198235847473f524ff4a,226cd7f987dd2ddb14e26ee8b980bc427fd575618b58198235847473f524ff4a,38f0d7e562098e5a,512,512,True,True,True,True,True,False,
g30_villain_shojo_015,Dara Duval,V6 Genre 30,villain,shojo,monster_taming,crime,cyber,cast/v6/g30_villain_shojo_015.webp,game_source/art_src/cast_v6_genre30_upload_staging/portraits/g30_villain_shojo_015.webp,GENRE30_CAST_ROSTER.csv sequence 470,470,g30_villain_shojo_015.webp,g30_villain_shojo_015.webp,g30_villain_shojo_015.webp,45b1fa3194206176dc911a9865882afacbed7652d878a3bcc56f690456524e0c,45b1fa3194206176dc911a9865882afacbed7652d878a3bcc56f690456524e0c,7ac8211313f3d8e9,512,512,True,True,True,True,True,False,
g30_villain_shojo_016,Eira Duval,V6 Genre 30,villain,shojo,kaiju,cosmic_horror,cyber,cast/v6/g30_villain_shojo_016.webp,game_source/art_src/cast_v6_genre30_upload_staging/portraits/g30_villain_shojo_016.webp,GENRE30_CAST_ROSTER.csv sequence 471,471,g30_villain_shojo_016.webp,g30_villain_shojo_016.webp,g30_villain_shojo_016.webp,8010c8f84bf32b84fbc1b99e4cc9fe98b62d427d997105c35df339c77f312c98,8010c8f84bf32b84fbc1b99e4cc9fe98b62d427d997105c35df339c77f312c98,0692496e2df8c79c,512,512,True,True,True,True,True,False,
g30_villain_shojo_017,Elian Duval,V6 Genre 30,villain,shojo,monster_taming,crime,fantasy,cast/v6/g30_villain_shojo_017.webp,game_source/art_src/cast_v6_genre30_upload_staging/portraits/g30_villain_shojo_017.webp,GENRE30_CAST_ROSTER.csv sequence 472,472,g30_villain_shojo_017.webp,g30_villain_shojo_017.webp,g30_villain_shojo_017.webp,e4c824a97329ae991636ee58dd9d6d71aa00922e4e68dc9a5f5905afa9199163,e4c824a97329ae991636ee58dd9d6d71aa00922e4e68dc9a5f5905afa9199163,18ce522295333ede,512,512,True,True,True,True,True,False,
g30_villain_shojo_018,Emi Duval,V6 Genre 30,villain,shojo,kaiju,cosmic_horror,fantasy,cast/v6/g30_villain_shojo_018.webp,game_source/art_src/cast_v6_genre30_upload_staging/portraits/g30_villain_shojo_018.webp,GENRE30_CAST_ROSTER.csv sequence 473,473,g30_villain_shojo_018.webp,g30_villain_shojo_018.webp,g30_villain_shojo_018.webp,84c27d566f02a9d10ace4f854d286c72545c39d5ad15155c43ff2f5c5b843fcf,84c27d566f02a9d10ace4f854d286c72545c39d5ad15155c43ff2f5c5b843fcf,1dda4c85929cf8b1,512,512,True,True,True,True,True,False,
g30_villain_shojo_019,Farah Duval,V6 Genre 30,villain,shojo,monster_taming,crime,idol,cast/v6/g30_villain_shojo_019.webp,game_source/art_src/cast_v6_genre30_upload_staging/portraits/g30_villain_shojo_019.webp,GENRE30_CAST_ROSTER.csv sequence 474,474,g30_villain_shojo_019.webp,g30_villain_shojo_019.webp,g30_villain_shojo_019.webp,7c3590491ab3d335f0fc897a7a6e32e35e17aabf4cb44c3490ecd0d7d93ebb2c,7c3590491ab3d335f0fc897a7a6e32e35e17aabf4cb44c3490ecd0d7d93ebb2c,30e81f3671d245dc,512,512,True,True,True,True,True,False,
g30_villain_shojo_020,Hana Duval,V6 Genre 30,villain,shojo,kaiju,cosmic_horror,idol,cast/v6/g30_villain_shojo_020.webp,game_source/art_src/cast_v6_genre30_upload_staging/portraits/g30_villain_shojo_020.webp,GENRE30_CAST_ROSTER.csv sequence 475,475,g30_villain_shojo_020.webp,g30_villain_shojo_020.webp,g30_villain_shojo_020.webp,37c7ef00ebc7a7ef92b1d99950ca70a4cc738ac1f7fbf394b8c6e42b6726c0e4,37c7ef00ebc7a7ef92b1d99950ca70a4cc738ac1f7fbf394b8c6e42b6726c0e4,3d831b2ce6a31c6c,512,512,True,True,True,True,True,False,
g30_villain_shojo_021,Haru Duval,V6 Genre 30,villain,shojo,monster_taming,crime,mystery,cast/v6/g30_villain_shojo_021.webp,game_source/art_src/cast_v6_genre30_upload_staging/portraits/g30_villain_shojo_021.webp,GENRE30_CAST_ROSTER.csv sequence 476,476,g30_villain_shojo_021.webp,g30_villain_shojo_021.webp,g30_villain_shojo_021.webp,935c70517f2826402c1543ce635f11d86eca5d11296fd808eeaaa0524f67713b,935c70517f2826402c1543ce635f11d86eca5d11296fd808eeaaa0524f67713b,34b456627346788f,512,512,True,True,True,True,True,False,
g30_villain_shojo_022,Idris Duval,V6 Genre 30,villain,shojo,kaiju,cosmic_horror,mystery,cast/v6/g30_villain_shojo_022.webp,game_source/art_src/cast_v6_genre30_upload_staging/portraits/g30_villain_shojo_022.webp,GENRE30_CAST_ROSTER.csv sequence 477,477,g30_villain_shojo_022.webp,g30_villain_shojo_022.webp,g30_villain_shojo_022.webp,85314bd5268e089a7a556141b7eced065b9efafb279f7c16415b6c7f661806b2,85314bd5268e089a7a556141b7eced065b9efafb279f7c16415b6c7f661806b2,0ecd00317ce73739,512,512,True,True,True,True,True,False,
g30_villain_shojo_023,Imani Duval,V6 Genre 30,villain,shojo,monster_taming,crime,comedy,cast/v6/g30_villain_shojo_023.webp,game_source/art_src/cast_v6_genre30_upload_staging/portraits/g30_villain_shojo_023.webp,GENRE30_CAST_ROSTER.csv sequence 478,478,g30_villain_shojo_023.webp,g30_villain_shojo_023.webp,g30_villain_shojo_023.webp,99c74338665ea64754e8325a89e2101f779b0ca09c8794e2ba87c32269644d8a,99c74338665ea64754e8325a89e2101f779b0ca09c8794e2ba87c32269644d8a,269df82d1452a78b,512,512,True,True,True,True,True,False,
g30_villain_shojo_024,Jae Duval,V6 Genre 30,villain,shojo,kaiju,cosmic_horror,comedy,cast/v6/g30_villain_shojo_024.webp,game_source/art_src/cast_v6_genre30_upload_staging/portraits/g30_villain_shojo_024.webp,GENRE30_CAST_ROSTER.csv sequence 479,479,g30_villain_shojo_024.webp,g30_villain_shojo_024.webp,g30_villain_shojo_024.webp,532aae4c329bf99748b0920a174cbbf43de2701924e0ba2784a63f3438356ff9,532aae4c329bf99748b0920a174cbbf43de2701924e0ba2784a63f3438356ff9,7cb0b1d2862acdc9,512,512,True,True,True,True,True,False,
g30_villain_shojo_025,Jin Duval,V6 Genre 30,villain,shojo,monster_taming,crime,cooking,cast/v6/g30_villain_shojo_025.webp,game_source/art_src/cast_v6_genre30_upload_staging/portraits/g30_villain_shojo_025.webp,GENRE30_CAST_ROSTER.csv sequence 480,480,g30_villain_shojo_025.webp,g30_villain_shojo_025.webp,g30_villain_shojo_025.webp,8dbb35563fafa1b57be916b065a84e111acd353119d5efa32d9c612eaba64521,8dbb35563fafa1b57be916b065a84e111acd353119d5efa32d9c612eaba64521,24e85b4f37a38856,512,512,True,True,True,True,True,False,
g30_villain_shojo_026,Kael Duval,V6 Genre 30,villain,shojo,kaiju,cosmic_horror,cooking,cast/v6/g30_villain_shojo_026.webp,game_source/art_src/cast_v6_genre30_upload_staging/portraits/g30_villain_shojo_026.webp,GENRE30_CAST_ROSTER.csv sequence 481,481,g30_villain_shojo_026.webp,g30_villain_shojo_026.webp,g30_villain_shojo_026.webp,83d726d374630badf596bba3005bee1273861635387aea4acd6f7fd85773a444,83d726d374630badf596bba3005bee1273861635387aea4acd6f7fd85773a444,2cc6a1037c319e7d,512,512,True,True,True,True,True,False,
g30_villain_shojo_027,Kira Duval,V6 Genre 30,villain,shojo,monster_taming,crime,military,cast/v6/g30_villain_shojo_027.webp,game_source/art_src/cast_v6_genre30_upload_staging/portraits/g30_villain_shojo_027.webp,GENRE30_CAST_ROSTER.csv sequence 482,482,g30_villain_shojo_027.webp,g30_villain_shojo_027.webp,g30_villain_shojo_027.webp,8f258e179c5591f784481423e31261e5d6a64ae0ca3a676d85de85526df8cb74,8f258e179c5591f784481423e31261e5d6a64ae0ca3a676d85de85526df8cb74,6fe9e6e3408485d4,512,512,True,True,True,True,True,False,
g30_villain_shojo_028,Leila Duval,V6 Genre 30,villain,shojo,kaiju,cosmic_horror,military,cast/v6/g30_villain_shojo_028.webp,game_source/art_src/cast_v6_genre30_upload_staging/portraits/g30_villain_shojo_028.webp,GENRE30_CAST_ROSTER.csv sequence 483,483,g30_villain_shojo_028.webp,g30_villain_shojo_028.webp,g30_villain_shojo_028.webp,5fecea8f2d1c85aa2c383ec6c0a93ea718834747df9c193136866de9740ebfa3,5fecea8f2d1c85aa2c383ec6c0a93ea718834747df9c193136866de9740ebfa3,18cc173b70374bc9,512,512,True,True,True,True,True,False,
g30_villain_shojo_029,Lina Duval,V6 Genre 30,villain,shojo,monster_taming,crime,supernatural,cast/v6/g30_villain_shojo_029.webp,game_source/art_src/cast_v6_genre30_upload_staging/portraits/g30_villain_shojo_029.webp,GENRE30_CAST_ROSTER.csv sequence 484,484,g30_villain_shojo_029.webp,g30_villain_shojo_029.webp,g30_villain_shojo_029.webp,139633187c9a13fee8934f677ee72b62a7b6a19f324520d0c639da83a47795f3,139633187c9a13fee8934f677ee72b62a7b6a19f324520d0c639da83a47795f3,19b63c47528c9f4a,512,512,True,True,True,True,True,False,
g30_villain_shojo_030,Lucan Duval,V6 Genre 30,villain,shojo,kaiju,cosmic_horror,supernatural,cast/v6/g30_villain_shojo_030.webp,game_source/art_src/cast_v6_genre30_upload_staging/portraits/g30_villain_shojo_030.webp,GENRE30_CAST_ROSTER.csv sequence 485,485,g30_villain_shojo_030.webp,g30_villain_shojo_030.webp,g30_villain_shojo_030.webp,603e0f880fd2fc7749f3f971bfcbc6132c63459964c145f022cc994c2ac7d313,603e0f880fd2fc7749f3f971bfcbc6132c63459964c145f022cc994c2ac7d313,38b7551d318382db,512,512,True,True,True,True,True,False,
g30_villain_shojo_031,Mara Duval,V6 Genre 30,villain,shojo,monster_taming,crime,space,cast/v6/g30_villain_shojo_031.webp,game_source/art_src/cast_v6_genre30_upload_staging/portraits/g30_villain_shojo_031.webp,GENRE30_CAST_ROSTER.csv sequence 486,486,g30_villain_shojo_031.webp,g30_villain_shojo_031.webp,g30_villain_shojo_031.webp,909033ae0e0b98d3be791066f5a564c969155a8dd514bc054f6cb96d9eeb31b5,909033ae0e0b98d3be791066f5a564c969155a8dd514bc054f6cb96d9eeb31b5,24a7973879616a0f,512,512,True,True,True,True,True,False,
g30_villain_shojo_032,Mika Duval,V6 Genre 30,villain,shojo,kaiju,cosmic_horror,space,cast/v6/g30_villain_shojo_032.webp,game_source/art_src/cast_v6_genre30_upload_staging/portraits/g30_villain_shojo_032.webp,GENRE30_CAST_ROSTER.csv sequence 487,487,g30_villain_shojo_032.webp,g30_villain_shojo_032.webp,g30_villain_shojo_032.webp,fef4110087ee4301e61c394b16d462a6b670fd54df8e3039ae5613c8d590adce,fef4110087ee4301e61c394b16d462a6b670fd54df8e3039ae5613c8d590adce,070d2d655e3934e6,512,512,True,True,True,True,True,False,
g30_villain_shojo_033,Mina Duval,V6 Genre 30,villain,shojo,monster_taming,crime,magical,cast/v6/g30_villain_shojo_033.webp,game_source/art_src/cast_v6_genre30_upload_staging/portraits/g30_villain_shojo_033.webp,GENRE30_CAST_ROSTER.csv sequence 488,488,g30_villain_shojo_033.webp,g30_villain_shojo_033.webp,g30_villain_shojo_033.webp,64930afbfaf4e6675f0e848f0bb43604b1186a032110fbe1350db09500194a41,64930afbfaf4e6675f0e848f0bb43604b1186a032110fbe1350db09500194a41,38b363605387cdcc,512,512,True,True,True,True,True,False,
g30_villain_shojo_034,Nadia Duval,V6 Genre 30,villain,shojo,kaiju,cosmic_horror,magical,cast/v6/g30_villain_shojo_034.webp,game_source/art_src/cast_v6_genre30_upload_staging/portraits/g30_villain_shojo_034.webp,GENRE30_CAST_ROSTER.csv sequence 489,489,g30_villain_shojo_034.webp,g30_villain_shojo_034.webp,g30_villain_shojo_034.webp,11b5507d2fb05809b234510545212ae8f0ced83c9db680420880e06bfe38da6b,11b5507d2fb05809b234510545212ae8f0ced83c9db680420880e06bfe38da6b,3af5026c6932d2d9,512,512,True,True,True,True,True,False,
g30_villain_shojo_035,Nao Duval,V6 Genre 30,villain,shojo,monster_taming,crime,survival,cast/v6/g30_villain_shojo_035.webp,game_source/art_src/cast_v6_genre30_upload_staging/portraits/g30_villain_shojo_035.webp,GENRE30_CAST_ROSTER.csv sequence 490,490,g30_villain_shojo_035.webp,g30_villain_shojo_035.webp,g30_villain_shojo_035.webp,94e84341c3bf3c50c08668c7354ace5435a9705809f59a31c448c1ef280c3a55,94e84341c3bf3c50c08668c7354ace5435a9705809f59a31c448c1ef280c3a55,2797c2fa85c17849,512,512,True,True,True,True,True,False,
g30_villain_shojo_036,Niko Duval,V6 Genre 30,villain,shojo,kaiju,cosmic_horror,survival,cast/v6/g30_villain_shojo_036.webp,game_source/art_src/cast_v6_genre30_upload_staging/portraits/g30_villain_shojo_036.webp,GENRE30_CAST_ROSTER.csv sequence 491,491,g30_villain_shojo_036.webp,g30_villain_shojo_036.webp,g30_villain_shojo_036.webp,0aa0f5119fbf9332c9ab769374b04b62802590a1675d56bada83376aa30fa7e7,0aa0f5119fbf9332c9ab769374b04b62802590a1675d56bada83376aa30fa7e7,35bdf5a84af1c840,512,512,True,True,True,True,True,False,
g30_villain_shojo_037,Noor Duval,V6 Genre 30,villain,shojo,monster_taming,crime,pirate,cast/v6/g30_villain_shojo_037.webp,game_source/art_src/cast_v6_genre30_upload_staging/portraits/g30_villain_shojo_037.webp,GENRE30_CAST_ROSTER.csv sequence 492,492,g30_villain_shojo_037.webp,g30_villain_shojo_037.webp,g30_villain_shojo_037.webp,b3fb6ab756bf9b3481ca8b893e3f142939acace1f86b35dc42cc0f23f4ba2313,b3fb6ab756bf9b3481ca8b893e3f142939acace1f86b35dc42cc0f23f4ba2313,2ab87169ada3aa4c,512,512,True,True,True,True,True,False,
g30_villain_shojo_038,Rhea Duval,V6 Genre 30,villain,shojo,kaiju,cosmic_horror,pirate,cast/v6/g30_villain_shojo_038.webp,game_source/art_src/cast_v6_genre30_upload_staging/portraits/g30_villain_shojo_038.webp,GENRE30_CAST_ROSTER.csv sequence 493,493,g30_villain_shojo_038.webp,g30_villain_shojo_038.webp,g30_villain_shojo_038.webp,d0166bb1fdb7b4664655421ba4c5bd472a80f584de46d4d5d0141e3bc6855558,d0166bb1fdb7b4664655421ba4c5bd472a80f584de46d4d5d0141e3bc6855558,39d26e919f708199,512,512,True,True,True,True,True,False,
g30_villain_shojo_039,Ren Duval,V6 Genre 30,villain,shojo,monster_taming,crime,martial,cast/v6/g30_villain_shojo_039.webp,game_source/art_src/cast_v6_genre30_upload_staging/portraits/g30_villain_shojo_039.webp,GENRE30_CAST_ROSTER.csv sequence 494,494,g30_villain_shojo_039.webp,g30_villain_shojo_039.webp,g30_villain_shojo_039.webp,0d361e2196857dc8e8544652edf901c8529626f32d661edc0adf8b7c943afdf9,0d361e2196857dc8e8544652edf901c8529626f32d661edc0adf8b7c943afdf9,3af2614e8259ed26,512,512,True,True,True,True,True,False,cv3_mascot_041
g30_villain_shojo_040,Rin Duval,V6 Genre 30,villain,shojo,kaiju,cosmic_horror,martial,cast/v6/g30_villain_shojo_040.webp,game_source/art_src/cast_v6_genre30_upload_staging/portraits/g30_villain_shojo_040.webp,GENRE30_CAST_ROSTER.csv sequence 495,495,g30_villain_shojo_040.webp,g30_villain_shojo_040.webp,g30_villain_shojo_040.webp,45e94250eabb5194258ee650b78cb16c6e4de67debd94b4b00e46f8505bde833,45e94250eabb5194258ee650b78cb16c6e4de67debd94b4b00e46f8505bde833,1e885b666fa23465,512,512,True,True,True,True,True,False,
g30_villain_shojo_041,Samira Duval,V6 Genre 30,villain,shojo,monster_taming,crime,mythology,cast/v6/g30_villain_shojo_041.webp,game_source/art_src/cast_v6_genre30_upload_staging/portraits/g30_villain_shojo_041.webp,GENRE30_CAST_ROSTER.csv sequence 496,496,g30_villain_shojo_041.webp,g30_villain_shojo_041.webp,g30_villain_shojo_041.webp,b9866c5039adb58b5d335e55607a280e8487000f599cff7d6d791d5f25aa3309,b9866c5039adb58b5d335e55607a280e8487000f599cff7d6d791d5f25aa3309,26e6f4c03f9418d9,512,512,True,True,True,True,True,False,
g30_villain_shojo_042,Sana Duval,V6 Genre 30,villain,shojo,kaiju,cosmic_horror,mythology,cast/v6/g30_villain_shojo_042.webp,game_source/art_src/cast_v6_genre30_upload_staging/portraits/g30_villain_shojo_042.webp,GENRE30_CAST_ROSTER.csv sequence 497,497,g30_villain_shojo_042.webp,g30_villain_shojo_042.webp,g30_villain_shojo_042.webp,224a76b12050c3ae1b33b646154c219d0ee35d223076d080feac286f5fb3dc33,224a76b12050c3ae1b33b646154c219d0ee35d223076d080feac286f5fb3dc33,46b4cd481633bb3a,512,512,True,True,True,True,True,False,
g30_villain_shojo_043,Sora Duval,V6 Genre 30,villain,shojo,monster_taming,crime,nordic,cast/v6/g30_villain_shojo_043.webp,game_source/art_src/cast_v6_genre30_upload_staging/portraits/g30_villain_shojo_043.webp,GENRE30_CAST_ROSTER.csv sequence 498,498,g30_villain_shojo_043.webp,g30_villain_shojo_043.webp,g30_villain_shojo_043.webp,341df1084edec383114230d3fec7b4e373aac2acc7e2f987c4b4de05098b58cf,341df1084edec383114230d3fec7b4e373aac2acc7e2f987c4b4de05098b58cf,7f8984f0706363c9,512,512,True,True,True,True,True,False,
g30_villain_shojo_044,Tala Duval,V6 Genre 30,villain,shojo,kaiju,cosmic_horror,nordic,cast/v6/g30_villain_shojo_044.webp,game_source/art_src/cast_v6_genre30_upload_staging/portraits/g30_villain_shojo_044.webp,GENRE30_CAST_ROSTER.csv sequence 499,499,g30_villain_shojo_044.webp,g30_villain_shojo_044.webp,g30_villain_shojo_044.webp,167b04dcdc1b0e255e478054f38b84eaf3632c5dfccd48ae499e7eb8df625f67,167b04dcdc1b0e255e478054f38b84eaf3632c5dfccd48ae499e7eb8df625f67,6fb08052d4a1db8f,512,512,True,True,True,True,True,False,
g30_villain_shojo_045,Yara Duval,V6 Genre 30,villain,shojo,monster_taming,crime,samurai,cast/v6/g30_villain_shojo_045.webp,game_source/art_src/cast_v6_genre30_upload_staging/portraits/g30_villain_shojo_045.webp,GENRE30_CAST_ROSTER.csv sequence 500,500,g30_villain_shojo_045.webp,g30_villain_shojo_045.webp,g30_villain_shojo_045.webp,b19cd52d972d55fcc1f73b8e990440341516cf916b680a06eea296efd92754e5,b19cd52d972d55fcc1f73b8e990440341516cf916b680a06eea296efd92754e5,2cb1b4436b8a6ce3,512,512,True,True,True,True,True,False,
g30_villain_shojo_046,Aiko Farouk,V6 Genre 30,villain,shojo,kaiju,cosmic_horror,samurai,cast/v6/g30_villain_shojo_046.webp,game_source/art_src/cast_v6_genre30_upload_staging/portraits/g30_villain_shojo_046.webp,GENRE30_CAST_ROSTER.csv sequence 501,501,g30_villain_shojo_046.webp,g30_villain_shojo_046.webp,g30_villain_shojo_046.webp,e9200962fa1fe9c41fc5541f67578f739273875ba31474011a7abaa7ab0cba18,e9200962fa1fe9c41fc5541f67578f739273875ba31474011a7abaa7ab0cba18,43d0482336f6cb3d,512,512,True,True,True,True,True,False,
g30_villain_shojo_047,Amara Farouk,V6 Genre 30,villain,shojo,monster_taming,crime,shinobi,cast/v6/g30_villain_shojo_047.webp,game_source/art_src/cast_v6_genre30_upload_staging/portraits/g30_villain_shojo_047.webp,GENRE30_CAST_ROSTER.csv sequence 502,502,g30_villain_shojo_047.webp,g30_villain_shojo_047.webp,g30_villain_shojo_047.webp,562d21672b85754f462eb4cfd3cf1186df3fadecc89407761123cd8911c20be1,562d21672b85754f462eb4cfd3cf1186df3fadecc89407761123cd8911c20be1,15c41e35b6b34587,512,512,True,True,True,True,True,False,
g30_villain_shojo_048,Ansel Farouk,V6 Genre 30,villain,shojo,kaiju,cosmic_horror,shinobi,cast/v6/g30_villain_shojo_048.webp,game_source/art_src/cast_v6_genre30_upload_staging/portraits/g30_villain_shojo_048.webp,GENRE30_CAST_ROSTER.csv sequence 503,503,g30_villain_shojo_048.webp,g30_villain_shojo_048.webp,g30_villain_shojo_048.webp,2a7c1f60361e773af56800caa5b21bf843311aa27204f3ae87b9b4c07fcb4906,2a7c1f60361e773af56800caa5b21bf843311aa27204f3ae87b9b4c07fcb4906,199316f3d2529b61,512,512,True,True,True,True,True,False,
g30_villain_shojo_049,Arden Farouk,V6 Genre 30,villain,shojo,monster_taming,crime,vampire,cast/v6/g30_villain_shojo_049.webp,game_source/art_src/cast_v6_genre30_upload_staging/portraits/g30_villain_shojo_049.webp,GENRE30_CAST_ROSTER.csv sequence 504,504,g30_villain_shojo_049.webp,g30_villain_shojo_049.webp,g30_villain_shojo_049.webp,79824221df8d05a784bd8289f1bbfdcce90d89aee54c04d7e26235d9bf46ea52,79824221df8d05a784bd8289f1bbfdcce90d89aee54c04d7e26235d9bf46ea52,2ac5f6779588143a,512,512,True,True,True,True,True,False,
g30_villain_shojo_050,Ari Farouk,V6 Genre 30,villain,shojo,kaiju,cosmic_horror,vampire,cast/v6/g30_villain_shojo_050.webp,game_source/art_src/cast_v6_genre30_upload_staging/portraits/g30_villain_shojo_050.webp,GENRE30_CAST_ROSTER.csv sequence 505,505,g30_villain_shojo_050.webp,g30_villain_shojo_050.webp,g30_villain_shojo_050.webp,51f44d9cc226058eee8f29a7cf2183b1a20091f3aa41d081782eb195d8346f95,51f44d9cc226058eee8f29a7cf2183b1a20091f3aa41d081782eb195d8346f95,513c36b349f48f09,512,512,True,True,True,True,True,False,
g30_villain_shojo_051,Asa Farouk,V6 Genre 30,villain,shojo,monster_taming,crime,grimdark,cast/v6/g30_villain_shojo_051.webp,game_source/art_src/cast_v6_genre30_upload_staging/portraits/g30_villain_shojo_051.webp,GENRE30_CAST_ROSTER.csv sequence 506,506,g30_villain_shojo_051.webp,g30_villain_shojo_051.webp,g30_villain_shojo_051.webp,dc9d5b627272f6626eac72a3f937c8e3ce9baffbf9582e47097fe3483e457e2a,dc9d5b627272f6626eac72a3f937c8e3ce9baffbf9582e47097fe3483e457e2a,2eefd906453c3a11,512,512,True,True,True,True,True,False,
g30_villain_shojo_052,Asha Farouk,V6 Genre 30,villain,shojo,kaiju,cosmic_horror,grimdark,cast/v6/g30_villain_shojo_052.webp,game_source/art_src/cast_v6_genre30_upload_staging/portraits/g30_villain_shojo_052.webp,GENRE30_CAST_ROSTER.csv sequence 507,507,g30_villain_shojo_052.webp,g30_villain_shojo_052.webp,g30_villain_shojo_052.webp,8100d4c4882327ff80d27175cd3d06261baf5b0383e59577baf697e51faacbb4,8100d4c4882327ff80d27175cd3d06261baf5b0383e59577baf697e51faacbb4,21975c2d33f29649,512,512,True,True,True,True,True,False,
g30_villain_shojo_053,Cass Farouk,V6 Genre 30,villain,shojo,mecha,isekai,monster_taming,cast/v6/g30_villain_shojo_053.webp,game_source/art_src/cast_v6_genre30_upload_staging/portraits/g30_villain_shojo_053.webp,GENRE30_CAST_ROSTER.csv sequence 508,508,g30_villain_shojo_053.webp,g30_villain_shojo_053.webp,g30_villain_shojo_053.webp,5666c968c1efecdd1213fb6781378d8d25ebd4ededc9eb25e6b399bf28a7d197,5666c968c1efecdd1213fb6781378d8d25ebd4ededc9eb25e6b399bf28a7d197,30868c93acf993e9,512,512,True,True,True,True,True,False,
g30_villain_shojo_054,Cassia Farouk,V6 Genre 30,villain,shojo,slice,horror,arabia,cast/v6/g30_villain_shojo_054.webp,game_source/art_src/cast_v6_genre30_upload_staging/portraits/g30_villain_shojo_054.webp,GENRE30_CAST_ROSTER.csv sequence 509,509,g30_villain_shojo_054.webp,g30_villain_shojo_054.webp,g30_villain_shojo_054.webp,885603c0bbd6609b044676fd9a518b217f492131771dfa8105ba316733d31653,885603c0bbd6609b044676fd9a518b217f492131771dfa8105ba316733d31653,37e4d60b4f1b0915,512,512,True,True,True,True,True,False,
g30_villain_shojo_055,Dara Farouk,V6 Genre 30,villain,shojo,romance,sports,arabia,cast/v6/g30_villain_shojo_055.webp,game_source/art_src/cast_v6_genre30_upload_staging/portraits/g30_villain_shojo_055.webp,GENRE30_CAST_ROSTER.csv sequence 510,510,g30_villain_shojo_055.webp,g30_villain_shojo_055.webp,g30_villain_shojo_055.webp,fdc45f91ef483b1b8058ea5fbe3de6bb3f8562cfbd9d83875f0e28f1198f51e5,fdc45f91ef483b1b8058ea5fbe3de6bb3f8562cfbd9d83875f0e28f1198f51e5,67f2b5161bc60d05,512,512,True,True,True,True,True,False,
g30_villain_shojo_056,Eira Farouk,V6 Genre 30,villain,shojo,cyber,fantasy,arabia,cast/v6/g30_villain_shojo_056.webp,game_source/art_src/cast_v6_genre30_upload_staging/portraits/g30_villain_shojo_056.webp,GENRE30_CAST_ROSTER.csv sequence 511,511,g30_villain_shojo_056.webp,g30_villain_shojo_056.webp,g30_villain_shojo_056.webp,8670b43bab35014bd0613cc0fc1a14b8a128e56f4f18df1d21ba5f2cb7a5fc2c,8670b43bab35014bd0613cc0fc1a14b8a128e56f4f18df1d21ba5f2cb7a5fc2c,07606967c339e5ca,512,512,True,True,True,True,True,False,
g30_villain_shojo_057,Elian Farouk,V6 Genre 30,villain,shojo,idol,mystery,arabia,cast/v6/g30_villain_shojo_057.webp,game_source/art_src/cast_v6_genre30_upload_staging/portraits/g30_villain_shojo_057.webp,GENRE30_CAST_ROSTER.csv sequence 512,512,g30_villain_shojo_057.webp,g30_villain_shojo_057.webp,g30_villain_shojo_057.webp,999641fb94667fd18ab342d97630ba997a70b88f50d9c6c16f182a0c100de82e,999641fb94667fd18ab342d97630ba997a70b88f50d9c6c16f182a0c100de82e,60b407e975078e3d,512,512,True,True,True,True,True,False,
g30_villain_shojo_058,Emi Farouk,V6 Genre 30,villain,shojo,comedy,cooking,arabia,cast/v6/g30_villain_shojo_058.webp,game_source/art_src/cast_v6_genre30_upload_staging/portraits/g30_villain_shojo_058.webp,GENRE30_CAST_ROSTER.csv sequence 513,513,g30_villain_shojo_058.webp,g30_villain_shojo_058.webp,g30_villain_shojo_058.webp,77c4dbe04841f868a8b993c69b3cf5bd158b9099bfca6a167d70da1f1ef5a1d8,77c4dbe04841f868a8b993c69b3cf5bd158b9099bfca6a167d70da1f1ef5a1d8,1192f3e0523f9d07,512,512,True,True,True,True,True,False,
g30_villain_shojo_059,Farah Farouk,V6 Genre 30,villain,shojo,military,supernatural,arabia,cast/v6/g30_villain_shojo_059.webp,game_source/art_src/cast_v6_genre30_upload_staging/portraits/g30_villain_shojo_059.webp,GENRE30_CAST_ROSTER.csv sequence 514,514,g30_villain_shojo_059.webp,g30_villain_shojo_059.webp,g30_villain_shojo_059.webp,439014c7ac0fa4bdec1324561f46d6f92086a3407015bc302e58ed1b81e75894,439014c7ac0fa4bdec1324561f46d6f92086a3407015bc302e58ed1b81e75894,2f0228b9a5e117bb,512,512,True,True,True,True,True,False,
g30_villain_shojo_060,Hana Farouk,V6 Genre 30,villain,shojo,space,magical,arabia,cast/v6/g30_villain_shojo_060.webp,game_source/art_src/cast_v6_genre30_upload_staging/portraits/g30_villain_shojo_060.webp,GENRE30_CAST_ROSTER.csv sequence 515,515,g30_villain_shojo_060.webp,g30_villain_shojo_060.webp,g30_villain_shojo_060.webp,fdf56d9e251a98a03d59d382e58d454a89face0a38a45a02cb2ef9b275c10e62,fdf56d9e251a98a03d59d382e58d454a89face0a38a45a02cb2ef9b275c10e62,31474b373d1a6474,512,512,True,True,True,True,True,False,
g30_villain_shojo_061,Haru Farouk,V6 Genre 30,villain,shojo,survival,pirate,arabia,cast/v6/g30_villain_shojo_061.webp,game_source/art_src/cast_v6_genre30_upload_staging/portraits/g30_villain_shojo_061.webp,GENRE30_CAST_ROSTER.csv sequence 516,516,g30_villain_shojo_061.webp,g30_villain_shojo_061.webp,g30_villain_shojo_061.webp,3da6f7e0f0fd50075c37f57f07d4c05d69788bf53363ed8cc0d598017557f2a1,3da6f7e0f0fd50075c37f57f07d4c05d69788bf53363ed8cc0d598017557f2a1,36ba2e31c9e1a558,512,512,True,True,True,True,True,False,
g30_villain_shojo_062,Idris Farouk,V6 Genre 30,villain,shojo,martial,mythology,arabia,cast/v6/g30_villain_shojo_062.webp,game_source/art_src/cast_v6_genre30_upload_staging/portraits/g30_villain_shojo_062.webp,GENRE30_CAST_ROSTER.csv sequence 517,517,g30_villain_shojo_062.webp,g30_villain_shojo_062.webp,g30_villain_shojo_062.webp,2b2da8a4bc62c05b6713afe41237e6e02d7a5efb919c036282e7f704fe2cc2da,2b2da8a4bc62c05b6713afe41237e6e02d7a5efb919c036282e7f704fe2cc2da,1973b1418d855eda,512,512,True,True,True,True,True,False,
g30_villain_shojo_063,Imani Farouk,V6 Genre 30,villain,shojo,nordic,samurai,arabia,cast/v6/g30_villain_shojo_063.webp,game_source/art_src/cast_v6_genre30_upload_staging/portraits/g30_villain_shojo_063.webp,GENRE30_CAST_ROSTER.csv sequence 518,518,g30_villain_shojo_063.webp,g30_villain_shojo_063.webp,g30_villain_shojo_063.webp,3dc71292eb9d4aa73872bf22926f68cd10c837aab1bad72f6fb4f38ba4f5aa9d,3dc71292eb9d4aa73872bf22926f68cd10c837aab1bad72f6fb4f38ba4f5aa9d,2789c15b2f3a496c,512,512,True,True,True,True,True,False,
g30_villain_shojo_064,Jae Farouk,V6 Genre 30,villain,shojo,shinobi,vampire,arabia,cast/v6/g30_villain_shojo_064.webp,game_source/art_src/cast_v6_genre30_upload_staging/portraits/g30_villain_shojo_064.webp,GENRE30_CAST_ROSTER.csv sequence 519,519,g30_villain_shojo_064.webp,g30_villain_shojo_064.webp,g30_villain_shojo_064.webp,b412e74312348c2c9f2914600e04dae6aa6a404fb26f53be584f9fa934fb1ae7,b412e74312348c2c9f2914600e04dae6aa6a404fb26f53be584f9fa934fb1ae7,35b4f5608686ca8f,512,512,True,True,True,True,True,False,vg_lead_shonen_survival
g30_villain_shojo_065,Jin Farouk,V6 Genre 30,villain,shojo,monster_taming,arabia,grimdark,cast/v6/g30_villain_shojo_065.webp,game_source/art_src/cast_v6_genre30_upload_staging/portraits/g30_villain_shojo_065.webp,GENRE30_CAST_ROSTER.csv sequence 520,520,g30_villain_shojo_065.webp,g30_villain_shojo_065.webp,g30_villain_shojo_065.webp,e81b38a3037dc2f09196e320754257549c9645a8a1ada741bbf7ea06a8f3db83,e81b38a3037dc2f09196e320754257549c9645a8a1ada741bbf7ea06a8f3db83,1a560d35f269631d,512,512,True,True,True,True,True,False,
