"id","name","length","order","family","rawQuality","rawFanBonus","arcIds","arcNames"
"rivalry","Rivalry Saga","2","unordered","","3","0.025","tournament > origin","Tournament Arc > Villain Origin"
"heart","Heartfelt Trilogy","3","unordered","","5","0.035","beach > festival > confession","Beach Episode > Festival Episode > Confession Episode"
"suspense","Suspense Engine","3","unordered","","5","0.035","case > twist > cliffhanger","Phantom Case > Tragic Twist > Mid-Season Cliffhanger"
"spectacle","Sakuga Spectacle","3","unordered","","5","0.035","launch > sakuga > war","Mecha Launch > Sakuga Showcase > All-Out War"
"music","Song & Dance","2","unordered","","3","0.025","live > musical","Idol Live > Full Musical Episode"
"gold","Franchise Gold","3","unordered","","5","0.035","crossover > ova > finale","Crossover Special > OVA Special > Finale Climax"
"blitz","Merch Blitz","2","unordered","","3","0.025","mascot > collab","Mascot Episode > Merch Collab"
"road","Redemption Road","3","ordered","","5","0.035","origin > redemption > finale","Villain Origin > Villain Redemption > Finale Climax"
"gag","Gag Reel","2","unordered","","-1","0.03","filler > beach","Filler Saga > Beach Episode"
"deep","Deep Lore","2","unordered","","3","0.025","lore > twist","Worldbuilding Dive > Tragic Twist"
"speed","Need for Speed","2","unordered","","3","0.025","grandprix > montage","Grand Prix > Training Montage"
"haunted","Haunted Case Files","2","unordered","","3","0.025","ghosthunt > case","Ghost Hunt > Phantom Case"
"feast","Feast & Merch","2","unordered","","3","0.025","cookingbattle > collab","Cooking Battle > Merch Collab"
"orbit","Orbital Launch","2","unordered","","3","0.025","orbital > launch","Orbital Rescue > Mecha Launch"
"crime","Crime & Rain","3","unordered","","5","0.035","raincity > case > twist","Rain City Chase > Phantom Case > Tragic Twist"
"magicgirl","Magical Rising","3","unordered","","5","0.035","transformation > live > confession","Transformation Test > Idol Live > Confession Episode"
"earned_victory","Earned Victory","3","ordered","","5","0.035","montage > tournament > finale","Training Montage > Tournament Arc > Finale Climax"
"rival_payoff","Rivalry Payoff","3","ordered","","5","0.04","narr_rivalintro > tournament > finale","Rival Introduction > Tournament Arc > Finale Climax"
"mentor_legacy","Mentor's Legacy","3","ordered","","5","0.035","narr_mentor > narr_sacrifice > finale","Mentor Arc > Heroic Sacrifice > Finale Climax"
"mystery_reveal","The Long Reveal","4","ordered","","7","0.045","hook > case > narr_villainreveal > twist","Cold Open Hook > Phantom Case > Villain Reveal > Tragic Twist"
"false_betrayal","Victory Was a Lie","3","ordered","","5","0.035","narr_falsewin > narr_betrayal > finale","False Victory > Betrayal > Finale Climax"
"journey_family","Road Becomes Home","3","ordered","","5","0.04","narr_journey > narr_foundfamily > finale","Journey Arc > Found Family > Finale Climax"
"political_siege","War by Other Means","3","ordered","","5","0.035","narr_politics > narr_siege > war","Political Intrigue > Siege Arc > All-Out War"
"identity_confession","Mask Comes Off","2","ordered","","3","0.03","narr_secretid > confession","Secret Identity > Confession Episode"
"survival_rescue","No One Left Behind","3","ordered","","5","0.035","narr_survival > narr_rescue > finale","Survival Game > Rescue Mission > Finale Climax"
"revenge_redemption","Break the Cycle","3","ordered","","5","0.035","narr_revenge > redemption > finale","Revenge Arc > Villain Redemption > Finale Climax"
"slowburn_payoff","Slow Fuse","3","ordered","","5","0.035","narr_slowburn > twist > finale","Slow-Burn Introduction > Tragic Twist > Finale Climax"
"pov_mystery","Other Side of the Case","3","ordered","","5","0.035","narr_pov > case > twist","POV Switch > Phantom Case > Tragic Twist"
"flashforward_loop","Promise Kept","3","ordered","","5","0.035","narr_flashforward > origin > finale","Flash-Forward Teaser > Villain Origin > Finale Climax"
"v3_oathcost","The Cost of an Oath","3","ordered","","5","0.035","v3_swornoath > v3_clanhearing > v3_brokenstandard","The Sworn Oath > The Clan Hearing > The Broken Standard"
"v3_crossingpayoff","A Blade Put Down","3","ordered","","5","0.035","v3_crossroadsduel > v3_duelwithoutblades > finale","Duel at the Crossing > A Duel Without Blades > Finale Climax"
"v3_couriertruth","What the Message Cost","3","ordered","","5","0.035","v3_deadletter > v3_silententry > v3_doubleagent","The Dead Letter > The Silent Entry > The Double Agent"
"v3_networkhome","A Name Worth Keeping","3","ordered","","5","0.035","v3_doubleagent > v3_burnednetwork > v3_unmaskedhome","The Double Agent > The Burned Network > Home Without a Mask"
"v3_smallroute","The Smallest Way Through","2","ordered","","3","0.025","v3_roofcourier > narr_rescue","The Rooftop Courier > Rescue Mission"
"v3_retainerlegacy","Duty After the Banner","2","ordered","","3","0.025","v3_swornoath > v3_lastretainer","The Sworn Oath > The Last Retainer"
"v3_snowpassage","No Harbour Left Behind","2","ordered","","3","0.025","v3_winterharbour > v3_chartedescape","Winter Harbour > The Charted Escape"
"v3_borrowedcustom","Learn Before You Rule","3","ordered","","5","0.035","v3_borrowedworld > v3_emptythrone > finale","A Borrowed World > The Empty Throne > Finale Climax"
"v3_tabletruth","A Place at the Table","2","ordered","","3","0.03","v3_sharedtable > confession","The Shared Table > Confession Episode"
"v3_lastvoice","The Voice Comes Home","2","ordered","","3","0.025","v3_lastbroadcast > narr_quiet","The Last Broadcast > Quiet Character Episode"
"v3_recordschool","The Rules We Keep","3","ordered","","5","0.035","v3_brokenrecord > v3_schoolwithoutmaster > finale","The Broken Record > A School Without Masters > Finale Climax"
"v3_masklegacy","A Different Ending","2","ordered","","3","0.025","v3_inheritedmask > redemption","The Inherited Mask > Villain Redemption"
"v3_thresholdcase","Trust the Small Witness","3","ordered","","5","0.035","v3_roomthatwaits > case > narr_villainreveal","The Room That Waits > Phantom Case > Villain Reveal"
"v3_festivalcover","The Perfect Distraction","2","ordered","","3","0.025","v3_falsefestival > v3_silententry","The False Festival > The Silent Entry"
"v3_offduty","People Behind the Uniform","2","unordered","","3","0.025","v3_retainersday > v3_sharedtable","A Retainer’s Day Off > The Shared Table"
"v3_lateoath","An Oath After Abandonment","2","ordered","","-2","-0.01","v3_brokenstandard > v3_swornoath","The Broken Standard > The Sworn Oath"
"v3_latecover","Cover After Exposure","2","ordered","","-3","-0.01","v3_burnednetwork > v3_silententry","The Burned Network > The Silent Entry"
"v3_emptycomfort","Comfort Before Consequences","2","ordered","","-2","-0.01","v3_burnednetwork > beach","The Burned Network > Beach Episode"
"vg_bloodline_reckoning","The Bloodline Reckoning","3","ordered","","5","0.035","vg_blooddebt > vg_falseheartbeat > vg_crimsontruce","Blood Debt > The False Heartbeat > Crimson Truce"
"vg_hunter_daybreak","Until Daybreak","3","ordered","","5","0.035","vg_hunterswarrant > vg_daybreaksiege > finale","The Hunter's Warrant > Daybreak Siege > Finale Climax"
"vg_invitation_confession","Accept the Invitation","2","ordered","","3","0.03","vg_lastinvitation > confession","The Last Invitation > Confession Episode"
"vg_coffin_void","Wake What Was Buried","2","ordered","","4","0.025","vg_coffinprotocol > vg_chaosstars","Coffin Protocol > Chaos Beyond the Stars"
"vg_midnight_mask","The Audience Learns","2","unordered","","3","0.03","vg_midnightencore > vg_falseheartbeat","Midnight Encore > The False Heartbeat"
"vg_familiar_truth","Trust the Familiar","2","ordered","","3","0.025","vg_familiarchoice > case","The Familiar Chooses > Phantom Case"
"vg_blackmarch_ash","Ash After Victory","3","ordered","","5","0.035","vg_blackmarch > vg_priceofvictory > vg_ashkingdom","The Black March > The Price of Victory > Kingdom of Ash"
"vg_demon_saint","Faith After the Gate","3","ordered","","5","0.035","vg_demonatthegate > vg_brokensaint > redemption","Demon at the Gate > The Broken Saint > Villain Redemption"
"vg_pit_price","Nobody Wins Cleanly","2","unordered","","3","0.025","vg_pitwithoutcheers > vg_priceofvictory","The Pit Without Cheers > The Price of Victory"
"vg_lastmeal_rescue","One Meal Before Dawn","2","ordered","","3","0.03","vg_lastgoodmeal > narr_rescue","The Last Good Meal > Rescue Mission"
"vg_iron_gate","The Witness at the Gate","2","ordered","","4","0.025","vg_ironwitness > vg_demonatthegate","The Iron Witness > Demon at the Gate"
"vg_two_monsters_finale","Choose the Lesser Monster","3","ordered","","5","0.035","vg_twomonsters > vg_nocleanhands > finale","Night of Two Monsters > No Clean Hands > Finale Climax"
"g30_combo_tamer_journey","Partners, Rivals, Freedom","4","ordered","","7","0.045","g30_mt_firstbond > g30_mt_rivaltamer > g30_mt_evolutioncrisis > g30_mt_releasechoice","The First Bond > Rival Tamer > Evolution Crisis > Set Them Free"
"g30_combo_crime_empire","Build It, Rob It, Burn It","4","ordered","","7","0.045","g30_cr_firstscore > g30_cr_heistblueprint > g30_cr_burnedinformant > g30_cr_kingpinfall","The First Score > The Heist Blueprint > Burned Informant > Fall of the Kingpin"
"g30_combo_kaiju_escalation","Siren to Colossus","4","ordered","","7","0.045","g30_kj_firstsiren > g30_kj_defenseforce > g30_kj_weaponfails > g30_kj_finalcolossus","The First Siren > Defence Force Mobilises > The Weapon That Fails > Final Colossus"
"g30_combo_cosmic_descent","Read, Dream, Understand, Regret","4","ordered","","7","0.045","g30_ch_forbiddentext > g30_ch_dreamsignal > g30_ch_geometrybreaks > g30_ch_wrongsky","The Forbidden Text > Signal in the Dream > When Geometry Breaks > The Sky Is Wrong"
"g30_combo_arabian_odyssey","Oath of the Open Road","4","ordered","","7","0.05","g30_ar_caravanoath > g30_ar_djinnbargain > g30_ar_lostcity > g30_ar_voyagedunes","Caravan Oath > The Djinn Bargain > The Lost City > Voyage Beyond the Dunes"
"g30_combo_mt_crime","Partners Are Not Property","3","ordered","","5","0.035","g30_mt_sanctuaryraid > g30_x_blackmarketbeast > g30_cr_kingpinfall","Sanctuary Raid > Black-Market Beast > Fall of the Kingpin"
"g30_combo_mt_kaiju","The Biggest Partner","3","ordered","","5","0.04","g30_kj_hatchling > g30_x_colossusbond > g30_kj_finalcolossus","The Hatchling > Bond With a Colossus > Final Colossus"
"g30_combo_mt_cosmic","Can the Unknowable Bond?","3","ordered","","5","0.035","g30_mt_firstbond > g30_x_abyssalpet > g30_ch_sanitybargain","The First Bond > The Unknowable Companion > A Bargain With Sanity"
"g30_combo_mt_arabia","Spirit of the Caravan","3","ordered","","5","0.05","g30_ar_caravanoath > g30_x_djinncompanion > g30_mt_releasechoice","Caravan Oath > Djinn Companion > Set Them Free"
"g30_combo_crime_kaiju","The Monster Trade","3","ordered","","5","0.035","g30_cr_heistblueprint > g30_x_kaijusmuggling > g30_kj_citybreaker","The Heist Blueprint > Kaiju Smuggling Ring > City Breaker"
"g30_combo_crime_cosmic","Contraband From Beyond","3","ordered","","5","0.035","g30_cr_firstscore > g30_x_occultsyndicate > g30_ch_forbiddentext","The First Score > Occult Syndicate > The Forbidden Text"
"g30_combo_crime_arabia","Palace Job","3","ordered","","5","0.04","g30_ar_palacecoup > g30_x_desertheist > g30_cr_burnedinformant","Palace Coup > The Desert Heist > Burned Informant"
"g30_combo_kaiju_cosmic","The Thing Between Stars","3","ordered","","6","0.035","g30_kj_ecology > g30_x_stardevourer > g30_ch_wrongsky","Monster Ecology > Star-Devourer > The Sky Is Wrong"
"g30_combo_kaiju_arabia","Giant Beneath the Sand","3","ordered","","5","0.04","g30_ar_lostcity > g30_x_sandcolossus > g30_kj_finalcolossus","The Lost City > The Sand Colossus > Final Colossus"
"g30_combo_cosmic_arabia","What the Ruins Remember","3","ordered","","6","0.035","g30_ar_lostcity > g30_x_citybeneathdunes > g30_ch_unspeakablename","The Lost City > City Beneath the Dunes > The Name That Should Not Be Spoken"
"g30_combo_mt_sports","Champion Bond","3","ordered","","5","0.05","g30_mt_rivaltamer > g30_mt_tournamentcircuit > g30_mt_releasechoice","Rival Tamer > Tournament Circuit > Set Them Free"
"g30_combo_mt_slice","Raise Them Together","3","ordered","","5","0.05","g30_mt_firstbond > g30_mt_lineageegg > g30_mt_releasechoice","The First Bond > The Lineage Egg > Set Them Free"
"g30_combo_crime_mystery","Case Against the Crew","3","ordered","","5","0.035","g30_cr_undercoverbadge > g30_cr_evidencelocker > case","Undercover Badge > Evidence Locker > Phantom Case"
"g30_combo_crime_romance","Love on the Ledger","3","ordered","","5","0.035","g30_cr_familydebt > g30_cr_burnedinformant > confession","Family Debt > Burned Informant > Confession Episode"
"g30_combo_crime_vampire","Night Syndicate","3","ordered","","5","0.035","vg_hunterswarrant > g30_x_occultsyndicate > g30_cr_kingpinfall","The Hunter's Warrant > Occult Syndicate > Fall of the Kingpin"
"g30_combo_kaiju_mecha","Steel Against Scale","3","ordered","","5","0.035","g30_kj_defenseforce > g30_kj_weaponfails > g30_kj_finalcolossus","Defence Force Mobilises > The Weapon That Fails > Final Colossus"
"g30_combo_kaiju_survival","Get Them Out Alive","3","ordered","","5","0.035","g30_kj_firstsiren > g30_kj_evacline > g30_kj_citybreaker","The First Siren > The Evacuation Line > City Breaker"
"g30_combo_kaiju_myth","The Old Monster Was a Warning","3","ordered","","5","0.035","g30_kj_ecology > g30_x_sandcolossus > g30_kj_finalcolossus","Monster Ecology > The Sand Colossus > Final Colossus"
"g30_combo_cosmic_mystery","The Case That Should Stay Closed","3","ordered","","5","0.035","g30_ch_forbiddentext > g30_ch_cultplain > case","The Forbidden Text > The Cult in Plain Sight > Phantom Case"
"g30_combo_cosmic_space","Signal Beyond the Map","3","ordered","","6","0.035","g30_ch_dreamsignal > g30_x_stardevourer > g30_ch_wrongsky","Signal in the Dream > Star-Devourer > The Sky Is Wrong"
"g30_combo_cosmic_grimdark","No Victory Under This Sky","3","ordered","","6","0.035","vg_chaosstars > g30_ch_sanitybargain > g30_ch_wrongsky","Chaos Beyond the Stars > A Bargain With Sanity > The Sky Is Wrong"
"g30_combo_arabia_pirate","Voyage of Brass and Salt","3","ordered","","5","0.05","g30_ar_brassthief > g30_ar_voyagedunes > g30_ar_masterlesslamp","The Thief of Brass > Voyage Beyond the Dunes > The Masterless Lamp"
"g30_combo_arabia_romance","A Wish Worth Refusing","3","ordered","","5","0.05","g30_ar_caravanoath > g30_ar_djinnbargain > confession","Caravan Oath > The Djinn Bargain > Confession Episode"
"g30_combo_arabia_myth","Kingdom of Old Names","3","ordered","","5","0.035","g30_ar_lostcity > g30_x_citybeneathdunes > g30_ar_masterlesslamp","The Lost City > City Beneath the Dunes > The Masterless Lamp"
"g30_combo_arabia_grimdark","Ash Across the Dunes","3","ordered","","5","0.035","vg_ashkingdom > g30_x_sandcolossus > g30_ar_palacecoup","Kingdom of Ash > The Sand Colossus > Palace Coup"
"combo_ip_arc_001","Crystal Pilgrimage + Worldbuilding Dive","2","unordered","","3","0.025","ip_arc_001 > lore","Crystal Pilgrimage > Worldbuilding Dive"
"combo_ip_arc_002","Broken World Reunion + Launch Arc","2","unordered","","3","0.025","ip_arc_002 > launch","Broken World Reunion > Mecha Launch"
"combo_ip_arc_003","Relic Dungeon Cycle + Worldbuilding Dive","2","unordered","","3","0.025","ip_arc_003 > lore","Relic Dungeon Cycle > Worldbuilding Dive"
"combo_ip_arc_004","Exiled Heir Campaign + War Arc","2","unordered","","3","0.025","ip_arc_004 > war","Exiled Heir Campaign > All-Out War"
"combo_ip_arc_005","Academy Route Split + War Arc","2","unordered","","3","0.025","ip_arc_005 > war","Academy Route Split > All-Out War"
"combo_ip_arc_006","Mindgame Pursuit + Plot Twist","2","unordered","","3","0.025","ip_arc_006 > twist","Mindgame Pursuit > Tragic Twist"
"combo_ip_arc_007","Ascension Battle + Origin Story","2","unordered","","3","0.025","ip_arc_007 > origin","Ascension Battle > Villain Origin"
"combo_ip_arc_008","Cosmic Dragon Hunt + Origin Story","2","unordered","","3","0.025","ip_arc_008 > origin","Cosmic Dragon Hunt > Villain Origin"
"combo_ip_arc_009","Equivalent Exchange + War Arc","2","unordered","","3","0.025","ip_arc_009 > war","Equivalent Exchange > All-Out War"
"combo_ip_arc_010","Demon Contract Hunt + Cliffhanger","2","unordered","","3","0.025","ip_arc_010 > cliffhanger","Demon Contract Hunt > Mid-Season Cliffhanger"
"combo_ip_arc_011","Psychological Pursuit + Plot Twist","2","unordered","","3","0.025","ip_arc_011 > twist","Psychological Pursuit > Tragic Twist"
"combo_ip_arc_012","Ritual Grail War + Cliffhanger","2","unordered","","3","0.025","ip_arc_012 > cliffhanger","Ritual Grail War > Mid-Season Cliffhanger"
"combo_ip_arc_013","Battle School Command + War Arc","2","unordered","","3","0.025","ip_arc_013 > war","Battle School Command > All-Out War"
"combo_ip_arc_014","Career Breakthrough + Tournament Arc","2","unordered","","3","0.025","ip_arc_014 > tournament","Career Breakthrough > Tournament Arc"
"combo_ip_arc_015","Mercenary Mech Contract + War Arc","2","unordered","","3","0.025","ip_arc_015 > war","Mercenary Mech Contract > All-Out War"
"combo_ip_arc_016","Crusade of Attrition + Launch Arc","2","unordered","","3","0.025","ip_arc_016 > launch","Crusade of Attrition > Mecha Launch"
"combo_ip_arc_017","Rebel Rescue + Launch Arc","2","unordered","","3","0.025","ip_arc_017 > launch","Rebel Rescue > Mecha Launch"
"combo_ip_arc_018","Labyrinth Bargain + Worldbuilding Dive","2","unordered","","3","0.025","ip_arc_018 > lore","Labyrinth Bargain > Worldbuilding Dive"
"combo_ip_arc_019","Creature League + Tournament Arc","2","unordered","","3","0.025","ip_arc_019 > tournament","Creature League > Tournament Arc"
"combo_ip_arc_020","Digital Evolution + Launch Arc","2","unordered","","3","0.025","ip_arc_020 > launch","Digital Evolution > Mecha Launch"
"combo_ip_arc_021","Spirit Realm Rescue + Origin Story","2","unordered","","3","0.025","ip_arc_021 > origin","Spirit Realm Rescue > Villain Origin"
"combo_ip_arc_022","Clan Examination + Origin Story","2","unordered","","3","0.025","ip_arc_022 > origin","Clan Examination > Villain Origin"
"combo_ip_arc_023","Island Liberation + Origin Story","2","unordered","","3","0.025","ip_arc_023 > origin","Island Liberation > Villain Origin"
"combo_ip_arc_024","Sphere League Tournament + Tournament Arc","2","unordered","","3","0.025","ip_arc_024 > tournament","Sphere League Tournament > Tournament Arc"
"combo_ip_arc_025","Three Kingdom Stratagem + War Arc","2","unordered","","3","0.025","ip_arc_025 > war","Three Kingdom Stratagem > All-Out War"
"combo_ip_arc_026","Second Chance Timeline + Confession","2","unordered","","3","0.025","ip_arc_026 > confession","Second Chance Timeline > Confession Episode"
"combo_ip_arc_027","Dragon Siege + Cliffhanger","2","unordered","","3","0.025","ip_arc_027 > cliffhanger","Dragon Siege > Mid-Season Cliffhanger"
"combo_ip_arc_028","Saga Voyage + War Arc","2","unordered","","3","0.025","ip_arc_028 > war","Saga Voyage > All-Out War"
"combo_ip_arc_029","Winter Invitation + Cliffhanger","2","unordered","","3","0.025","ip_arc_029 > cliffhanger","Winter Invitation > Mid-Season Cliffhanger"
"combo_ip_arc_030","Pirate Broadcast + Live Performance","2","unordered","","3","0.025","ip_arc_030 > live","Pirate Broadcast > Idol Live"
"combo_ip_arc_031","Band Reunites + Live Performance","2","unordered","","3","0.025","ip_arc_031 > live","Band Reunites > Idol Live"
"combo_ip_arc_032","Seven Clue Countdown + Plot Twist","2","unordered","","3","0.025","ip_arc_032 > twist","Seven Clue Countdown > Tragic Twist"
"combo_ip_arc_033","Unreliable Lineup + Plot Twist","2","unordered","","3","0.025","ip_arc_033 > twist","Unreliable Lineup > Tragic Twist"
"combo_ip_arc_034","Predator’s Table + Plot Twist","2","unordered","","3","0.025","ip_arc_034 > twist","Predator’s Table > Tragic Twist"
"combo_ip_arc_035","Crest War + War Arc","2","unordered","","3","0.025","ip_arc_035 > war","Crest War > All-Out War"
"combo_ip_arc_036","Hidden Identity Season + Confession","2","unordered","","3","0.025","ip_arc_036 > confession","Hidden Identity Season > Confession Episode"
"combo_ip_arc_037","Last Stand of the Old Guard + Origin Story","2","unordered","","3","0.025","ip_arc_037 > origin","Last Stand of the Old Guard > Villain Origin"
"combo_ip_arc_038","Broadcast Meltdown + Festival Episode","2","unordered","","3","0.025","ip_arc_038 > festival","Broadcast Meltdown > Festival Episode"
"combo_ip_arc_039","Ancient Monster Pact + Cliffhanger","2","unordered","","3","0.025","ip_arc_039 > cliffhanger","Ancient Monster Pact > Mid-Season Cliffhanger"
"combo_ip_arc_040","Awakening Ensemble + Plot Twist","2","unordered","","3","0.025","ip_arc_040 > twist","Awakening Ensemble > Tragic Twist"
"combo_ip_arc_041","Mirror World Incursion + Cliffhanger","2","unordered","","3","0.025","ip_arc_041 > cliffhanger","Mirror World Incursion > Mid-Season Cliffhanger"
"combo_ip_arc_042","Stealth Infiltration + War Arc","2","unordered","","3","0.025","ip_arc_042 > war","Stealth Infiltration > All-Out War"
"combo_ip_arc_043","Drag House Rivalry + Live Performance","2","unordered","","3","0.025","ip_arc_043 > live","Drag House Rivalry > Idol Live"
"combo_ip_arc_044","Anonymous Scandal + Plot Twist","2","unordered","","3","0.025","ip_arc_044 > twist","Anonymous Scandal > Tragic Twist"
"combo_ip_arc_045","Coastal Love Triangle + Confession","2","unordered","","3","0.025","ip_arc_045 > confession","Coastal Love Triangle > Confession Episode"
"combo_ip_arc_046","Succession War + War Arc","2","unordered","","3","0.025","ip_arc_046 > war","Succession War > All-Out War"
"combo_ip_arc_047","Turning Wheel Prophecy + Worldbuilding Dive","2","unordered","","3","0.025","ip_arc_047 > lore","Turning Wheel Prophecy > Worldbuilding Dive"
"combo_ip_arc_048","Road Duel + Origin Story","2","unordered","","3","0.025","ip_arc_048 > origin","Road Duel > Villain Origin"
"combo_ip_arc_049","Bounty of the Week + Launch Arc","2","unordered","","3","0.025","ip_arc_049 > launch","Bounty of the Week > Mecha Launch"
"combo_ip_arc_050","Tower Pilgrimage + Cliffhanger","2","unordered","","3","0.025","ip_arc_050 > cliffhanger","Tower Pilgrimage > Mid-Season Cliffhanger"
"combo_ip_arc_051","Revenge Duel + Launch Arc","2","unordered","","3","0.025","ip_arc_051 > launch","Revenge Duel > Mecha Launch"
"combo_ip_arc_052","Forbidden Technology Exodus + Launch Arc","2","unordered","","3","0.025","ip_arc_052 > launch","Forbidden Technology Exodus > Mecha Launch"
"combo_ip_arc_053","Keyed Door Mystery + Plot Twist","2","unordered","","3","0.025","ip_arc_053 > twist","Keyed Door Mystery > Tragic Twist"
"combo_ip_arc_054","Abbey Siege + War Arc","2","unordered","","3","0.025","ip_arc_054 > war","Abbey Siege > All-Out War"
"combo_ip_arc_055","Dungeon Meal Expedition + Worldbuilding Dive","2","unordered","","3","0.025","ip_arc_055 > lore","Dungeon Meal Expedition > Worldbuilding Dive"
"combo_ip_arc_056","Pressure Kitchen Elimination + Cold Open Hook","2","unordered","","3","0.025","ip_arc_056 > hook","Pressure Kitchen Elimination > Cold Open Hook"
"combo_ip_arc_057","Impossible Food Challenge + Festival Episode","2","unordered","","3","0.025","ip_arc_057 > festival","Impossible Food Challenge > Festival Episode"
"combo_ip_arc_058","Elimination Game + Plot Twist","2","unordered","","3","0.025","ip_arc_058 > twist","Elimination Game > Tragic Twist"
"combo_ip_arc_059","Impossible Teacher Mission + Festival Episode","2","unordered","","3","0.025","ip_arc_059 > festival","Impossible Teacher Mission > Festival Episode"
"combo_ip_arc_060","Death-Game Floor + Launch Arc","2","unordered","","3","0.025","ip_arc_060 > launch","Death-Game Floor > Mecha Launch"
"combo_ip_arc_061","Summoner Pilgrimage + Confession","2","unordered","","3","0.025","ip_arc_061 > confession","Summoner Pilgrimage > Confession Episode"
"combo_ip_arc_062","Secret Agency Case + Festival Episode","2","unordered","","3","0.025","ip_arc_062 > festival","Secret Agency Case > Festival Episode"
"combo_ip_arc_063","Social Clique Coup + Festival Episode","2","unordered","","3","0.025","ip_arc_063 > festival","Social Clique Coup > Festival Episode"
"combo_ip_arc_064","Deadly Popularity Pact + Festival Episode","2","unordered","","3","0.025","ip_arc_064 > festival","Deadly Popularity Pact > Festival Episode"
"combo_ip_arc_065","Pack Survival + Cold Open Hook","2","unordered","","3","0.025","ip_arc_065 > hook","Pack Survival > Cold Open Hook"
"combo_ip_arc_066","Absurd Frontier Deathtrap + Festival Episode","2","unordered","","3","0.025","ip_arc_066 > festival","Absurd Frontier Deathtrap > Festival Episode"
"combo_ip_arc_067","Impossible Stunt + Tournament Arc","2","unordered","","3","0.025","ip_arc_067 > tournament","Impossible Stunt > Tournament Arc"
"combo_ip_arc_068","Demon Realm Breach + Cliffhanger","2","unordered","","3","0.025","ip_arc_068 > cliffhanger","Demon Realm Breach > Mid-Season Cliffhanger"
"combo_ip_arc_069","Moving Castle Bargain + Confession","2","unordered","","3","0.025","ip_arc_069 > confession","Moving Castle Bargain > Confession Episode"
"combo_ip_arc_070","Storybook Rescue + Confession","2","unordered","","3","0.025","ip_arc_070 > confession","Storybook Rescue > Confession Episode"
"combo_ip_arc_071","Tactical Succession War + War Arc","2","unordered","","3","0.025","ip_arc_071 > war","Tactical Succession War > All-Out War"
"combo_ip_arc_072","Statement Casefile + Plot Twist","2","unordered","","3","0.025","ip_arc_072 > twist","Statement Casefile > Tragic Twist"
"combo_ip_arc_073","Nonlinear Romance + Confession","2","unordered","","3","0.025","ip_arc_073 > confession","Nonlinear Romance > Confession Episode"
"combo_ip_arc_074","Monster of the Week + Origin Story","2","unordered","","3","0.025","ip_arc_074 > origin","Monster of the Week > Villain Origin"
"combo_ip_arc_075","Apocalypse Family + Plot Twist","2","unordered","","3","0.025","ip_arc_075 > twist","Apocalypse Family > Tragic Twist"
"combo_ip_arc_076","Awake Alone + Confession","2","unordered","","3","0.025","ip_arc_076 > confession","Awake Alone > Confession Episode"
"combo_ip_arc_077","Synthetic Intimacy + Confession","2","unordered","","3","0.025","ip_arc_077 > confession","Synthetic Intimacy > Confession Episode"
"combo_ip_arc_078","Memory Love Story + Confession","2","unordered","","3","0.025","ip_arc_078 > confession","Memory Love Story > Confession Episode"
"combo_ip_arc_079","Wuxia Forbidden Love + Confession","2","unordered","","3","0.025","ip_arc_079 > confession","Wuxia Forbidden Love > Confession Episode"
"combo_ip_arc_080","Noir Bullet Time + Plot Twist","2","unordered","","3","0.025","ip_arc_080 > twist","Noir Bullet Time > Tragic Twist"
"combo_ip_arc_081","World Rebuilding Quest + Worldbuilding Dive","2","unordered","","3","0.025","ip_arc_081 > lore","World Rebuilding Quest > Worldbuilding Dive"
"combo_ip_arc_082","Collectathon World Hop + Worldbuilding Dive","2","unordered","","3","0.025","ip_arc_082 > lore","Collectathon World Hop > Worldbuilding Dive"
"combo_ip_arc_083","Bad-Day Escalation + Cliffhanger","2","unordered","","3","0.025","ip_arc_083 > cliffhanger","Bad-Day Escalation > Mid-Season Cliffhanger"
"combo_ip_arc_084","Psychic Blacksite Conspiracy + Plot Twist","2","unordered","","3","0.025","ip_arc_084 > twist","Psychic Blacksite Conspiracy > Tragic Twist"
"combo_ip_arc_085","Castaway Faith Voyage + Worldbuilding Dive","2","unordered","","3","0.025","ip_arc_085 > lore","Castaway Faith Voyage > Worldbuilding Dive"
"combo_ip_arc_086","Parent-and-Child Pilgrimage + Cliffhanger","2","unordered","","3","0.025","ip_arc_086 > cliffhanger","Parent-and-Child Pilgrimage > Mid-Season Cliffhanger"
"combo_ip_arc_087","Oceanic Settlement Siege + War Arc","2","unordered","","3","0.025","ip_arc_087 > war","Oceanic Settlement Siege > All-Out War"
"combo_ip_arc_088","Dance Ban Rebellion + Live Performance","2","unordered","","3","0.025","ip_arc_088 > live","Dance Ban Rebellion > Idol Live"
"combo_ip_arc_089","Reluctant Prodigy Mentorship + Confession","2","unordered","","3","0.025","ip_arc_089 > confession","Reluctant Prodigy Mentorship > Confession Episode"
"combo_ip_arc_090","Family Reinvention + Origin Story","2","unordered","","3","0.025","ip_arc_090 > origin","Family Reinvention > Villain Origin"
"combo_ip_arc_091","Culture-First Underdog Season + Tournament Arc","2","unordered","","3","0.025","ip_arc_091 > tournament","Culture-First Underdog Season > Tournament Arc"
"combo_ip_arc_092","Time-Hopping Primate Hunt + Launch Arc","2","unordered","","3","0.025","ip_arc_092 > launch","Time-Hopping Primate Hunt > Mecha Launch"
"combo_ip_arc_093","Small-Town Nuclear Aftermath + War Arc","2","unordered","","3","0.025","ip_arc_093 > war","Small-Town Nuclear Aftermath > All-Out War"
"combo_ip_arc_094","Imaginary Sidekick Investigation + Plot Twist","2","unordered","","3","0.025","ip_arc_094 > twist","Imaginary Sidekick Investigation > Tragic Twist"
"combo_ip_arc_095","Memory Rewrite Cascade + Plot Twist","2","unordered","","3","0.025","ip_arc_095 > twist","Memory Rewrite Cascade > Tragic Twist"
"combo_ip_arc_096","Criminal Transformation + Origin Story","2","unordered","","3","0.025","ip_arc_096 > origin","Criminal Transformation > Villain Origin"
"combo_ip_arc_097","Four Nations Journey + Worldbuilding Dive","2","unordered","","3","0.025","ip_arc_097 > lore","Four Nations Journey > Worldbuilding Dive"
"combo_ip_arc_098","Twin City Revolution + War Arc","2","unordered","","3","0.025","ip_arc_098 > war","Twin City Revolution > All-Out War"
"combo_ip_arc_099","Found-Family Job + Launch Arc","2","unordered","","3","0.025","ip_arc_099 > launch","Found-Family Job > Mecha Launch"
"combo_ip_arc_100","Dream Logic Investigation + Plot Twist","2","unordered","","3","0.025","ip_arc_100 > twist","Dream Logic Investigation > Tragic Twist"
"combo_ip_arc_101","Ember Succession Campaign + War Arc","2","unordered","","3","0.025","ip_arc_101 > war","Ember Succession Campaign > All-Out War"
"combo_ip_arc_102","Mercenary Liberation March + War Arc","2","unordered","","3","0.025","ip_arc_102 > war","Mercenary Liberation March > All-Out War"
"combo_ip_arc_103","Basement Band Breakthrough + Live Performance","2","unordered","","3","0.025","ip_arc_103 > live","Basement Band Breakthrough > Idol Live"
"combo_ip_arc_104","Twin Blades at the Summit + Cliffhanger","2","unordered","","3","0.025","ip_arc_104 > cliffhanger","Twin Blades at the Summit > Mid-Season Cliffhanger"
"combo_ip_arc_105","Contaminated Expedition + Worldbuilding Dive","2","unordered","","3","0.025","ip_arc_105 > lore","Contaminated Expedition > Worldbuilding Dive"
"combo_ip_arc_106","Forbidden Second Act + Plot Twist","2","unordered","","3","0.025","ip_arc_106 > twist","Forbidden Second Act > Tragic Twist"
"combo_ip_arc_107","Solar Galleon Mutiny + Launch Arc","2","unordered","","3","0.025","ip_arc_107 > launch","Solar Galleon Mutiny > Mecha Launch"
"combo_ip_arc_108","Stolen Mind Heist + Plot Twist","2","unordered","","3","0.025","ip_arc_108 > twist","Stolen Mind Heist > Tragic Twist"
"combo_ip_arc_109","Mismatched Partner Chase + Cold Open Hook","2","unordered","","3","0.025","ip_arc_109 > hook","Mismatched Partner Chase > Cold Open Hook"
"combo_ip_arc_110","Naming the Unseen Wind + Worldbuilding Dive","2","unordered","","3","0.025","ip_arc_110 > lore","Naming the Unseen Wind > Worldbuilding Dive"
"combo_ip_arc_111","Oathbound Storm Ascension + Origin Story","2","unordered","","3","0.025","ip_arc_111 > origin","Oathbound Storm Ascension > Villain Origin"
"combo_ip_arc_112","Branded Sanctuary Pilgrimage + Cliffhanger","2","unordered","","3","0.025","ip_arc_112 > cliffhanger","Branded Sanctuary Pilgrimage > Mid-Season Cliffhanger"
"combo_ip_arc_113","Devouring Fleet Defence + War Arc","2","unordered","","3","0.025","ip_arc_113 > war","Devouring Fleet Defence > All-Out War"
"combo_ip_arc_114","Partner Evolution Homecoming + Origin Story","2","unordered","","3","0.025","ip_arc_114 > origin","Partner Evolution Homecoming > Villain Origin"
"combo_ip_arc_115","Lynx School Blood Contract + Plot Twist","2","unordered","","3","0.025","ip_arc_115 > twist","Lynx School Blood Contract > Tragic Twist"
"combo_ip_arc_116","Forbidden Script Erasure + Confession","2","unordered","","3","0.025","ip_arc_116 > confession","Forbidden Script Erasure > Confession Episode"
"combo_ip_arc_117","Seven Labyrinths of Fortune + Worldbuilding Dive","2","unordered","","3","0.025","ip_arc_117 > lore","Seven Labyrinths of Fortune > Worldbuilding Dive"
"combo_ip_arc_118","Borrowed Studio Duet + Live Performance","2","unordered","","3","0.025","ip_arc_118 > live","Borrowed Studio Duet > Idol Live"
"combo_ip_arc_119","Cabaret Patron Triangle + Confession","2","unordered","","3","0.025","ip_arc_119 > confession","Cabaret Patron Triangle > Confession Episode"
"combo_ip_arc_120","Tour Bus Truth Ledger + Plot Twist","2","unordered","","3","0.025","ip_arc_120 > twist","Tour Bus Truth Ledger > Tragic Twist"
"combo_ip_arc_121","Recovered Disaster Footage + Plot Twist","2","unordered","","3","0.025","ip_arc_121 > twist","Recovered Disaster Footage > Tragic Twist"
"combo_ip_arc_122","Mutant City Redline + War Arc","2","unordered","","3","0.025","ip_arc_122 > war","Mutant City Redline > All-Out War"
"combo_ip_arc_123","Chitin Planet Boot Camp + War Arc","2","unordered","","3","0.025","ip_arc_123 > war","Chitin Planet Boot Camp > All-Out War"
"combo_ip_arc_124","Broken Heart Familiar Quest + Worldbuilding Dive","2","unordered","","3","0.025","ip_arc_124 > lore","Broken Heart Familiar Quest > Worldbuilding Dive"
"combo_ip_arc_125","Kinship Against the Blight + Origin Story","2","unordered","","3","0.025","ip_arc_125 > origin","Kinship Against the Blight > Villain Origin"
"combo_ip_arc_126","Undead Workplace Exit + Festival Episode","2","unordered","","3","0.025","ip_arc_126 > festival","Undead Workplace Exit > Festival Episode"
"combo_ip_arc_127","Paid Date Honest Confession + Confession","2","unordered","","3","0.025","ip_arc_127 > confession","Paid Date Honest Confession > Confession Episode"
"combo_ip_arc_128","Last Bell Rooftop Escape + Cliffhanger","2","unordered","","3","0.025","ip_arc_128 > cliffhanger","Last Bell Rooftop Escape > Mid-Season Cliffhanger"
"combo_ip_arc_129","Travelling Troupe Blood Pact + Origin Story","2","unordered","","3","0.025","ip_arc_129 > origin","Travelling Troupe Blood Pact > Villain Origin"
"combo_ip_arc_130","Month Without a Sunrise + Cliffhanger","2","unordered","","3","0.025","ip_arc_130 > cliffhanger","Month Without a Sunrise > Mid-Season Cliffhanger"
"combo_ip_arc_131","Chrome Cathedral Pursuit + War Arc","2","unordered","","3","0.025","ip_arc_131 > war","Chrome Cathedral Pursuit > All-Out War"
"combo_ip_arc_132","Contradictory Tracker Testimony + Plot Twist","2","unordered","","3","0.025","ip_arc_132 > twist","Contradictory Tracker Testimony > Tragic Twist"
"combo_ip_arc_133","Forgotten Author’s Double Life + Plot Twist","2","unordered","","3","0.025","ip_arc_133 > twist","Forgotten Author’s Double Life > Tragic Twist"
"combo_ip_arc_134","Demigod Relic Road Trip + Worldbuilding Dive","2","unordered","","3","0.025","ip_arc_134 > lore","Demigod Relic Road Trip > Worldbuilding Dive"
"combo_ip_arc_135","Synthetic Witness Awakening + Plot Twist","2","unordered","","3","0.025","ip_arc_135 > twist","Synthetic Witness Awakening > Tragic Twist"
"combo_ip_arc_136","Roadside Apocalypse Wards + Origin Story","2","unordered","","3","0.025","ip_arc_136 > origin","Roadside Apocalypse Wards > Villain Origin"
"combo_ip_arc_137","Realm Card Settlement Voyage + Worldbuilding Dive","2","unordered","","3","0.025","ip_arc_137 > lore","Realm Card Settlement Voyage > Worldbuilding Dive"
"failed_retrieval","Failed Retrieval","2","ordered","","4","0.03","narr_rescue > narr_betrayal","Rescue Mission > Betrayal"
"personal_vendetta","Personal Vendetta","2","ordered","","4","0.03","narr_betrayal > narr_revenge","Betrayal > Revenge Arc"
"retrieval_crisis","Retrieval Crisis","3","ordered","","5","0.04","narr_rivalintro > narr_rescue > narr_betrayal","Rival Introduction > Rescue Mission > Betrayal"
"lie_becomes_personal","The Lie Becomes Personal","3","ordered","","6","0.04","narr_falsewin > narr_betrayal > narr_revenge","False Victory > Betrayal > Revenge Arc"
"avenge_the_mentor","Avenge the Mentor","3","ordered","","6","0.035","narr_mentor > narr_sacrifice > narr_revenge","Mentor Arc > Heroic Sacrifice > Revenge Arc"
"bring_them_home","Bring Them Home","3","ordered","","5","0.05","narr_foundfamily > narr_betrayal > narr_rescue","Found Family > Betrayal > Rescue Mission"
"mask_was_threat","The Mask Was the Threat","2","ordered","","4","0.03","narr_secretid > narr_villainreveal","Secret Identity > Villain Reveal"
"exp_structure_0","Students Become Soldiers","3","ordered","","5","0.035","narr_mentor > timeskip > war","Mentor Arc > Timeskip Reboot > All-Out War"
"exp_structure_1","An Ordinary Night Matters","3","ordered","","5","0.035","narr_slowburn > movienight > narr_quiet","Slow-Burn Introduction > Movie Night Special > Quiet Character Episode"
"exp_structure_2","The Job Comes Apart","3","ordered","","5","0.035","g30_cr_heistblueprint > heist > narr_betrayal","The Heist Blueprint > Heist Caper > Betrayal"
"exp_structure_3","Recruits Hold the Line","3","ordered","","5","0.035","bootcamp > narr_rivalintro > narr_siege","Boot Camp > Rival Introduction > Siege Arc"
"exp_structure_4","The Missing Perspective","3","ordered","","5","0.035","case > directorscut > narr_pov","Phantom Case > Director's Cut > POV Switch"
"exp_structure_5","Beyond Familiar Faces","3","ordered","","5","0.035","fanservice > narr_quiet > confession","Fan Service Deluxe > Quiet Character Episode > Confession Episode"
"exp_structure_6","Worlds Answer Together","3","ordered","","5","0.035","crossover > mega > finale","Crossover Special > Mega Crossover > Finale Climax"
"exp_structure_7","Recognition Earned","3","ordered","","5","0.035","live > awardpush > finale","Idol Live > Award Season Push > Finale Climax"
"exp_structure_8","Orders or Loyalty","3","ordered","","5","0.035","narr_politics > guildwar > v3_brokenstandard","Political Intrigue > Guild War > The Broken Standard"
"exp_structure_9","A Home Worth Growing","3","ordered","","5","0.035","narr_foundfamily > expansion > v3_sharedtable","Found Family > Studio Expansion Arc > The Shared Table"
"exp_structure_10","Rivals Share the Stage","3","ordered","","5","0.035","narr_rivalintro > idolfest > live","Rival Introduction > Idol Festival > Idol Live"
"exp_structure_11","Everyone Is a Suspect","3","ordered","","5","0.035","case > bottle_episode > narr_villainreveal","Phantom Case > Bottle Episode > Villain Reveal"
"exp_structure_12","Bring Them Back","3","ordered","","5","0.035","narr_journey > underworld_journey > narr_rescue","Journey Arc > Underworld Journey > Rescue Mission"
"exp_structure_13","Living Another Life","3","ordered","","5","0.035","body_swap > narr_quiet > confession","Body Swap > Quiet Character Episode > Confession Episode"
"exp_structure_14","The Hero Behind the Mask","3","ordered","","5","0.035","narr_secretid > corruption > narr_villainreveal","Secret Identity > Corruption Arc > Villain Reveal"
"exp_structure_15","Together After Goodbye","3","ordered","","5","0.035","narr_foundfamily > graduation > confession","Found Family > Graduation Arc > Confession Episode"
"exp_structure_16","One World Must Be Saved","3","ordered","","5","0.035","lore > multiverse > narr_sacrifice","Worldbuilding Dive > Multiverse Arc > Heroic Sacrifice"
"exp_structure_17","How We Reached This Moment","3","ordered","","5","0.035","narr_mediasres > narr_pov > twist","In Medias Res > POV Switch > Tragic Twist"
"exp_structure_18","Discovery Was the Trap","3","ordered","","5","0.035","narr_explore > lore > narr_falsewin","Exploration Expedition > Worldbuilding Dive > False Victory"
"exp_structure_19","Care Beyond Control","3","ordered","","5","0.035","g30_mt_firstbond > g30_mt_runawayapex > g30_mt_releasechoice","The First Bond > Runaway Apex > Set Them Free"
"exp_structure_20","Family Becomes an Empire","3","ordered","","5","0.035","g30_cr_familydebt > g30_cr_turfwar > vg_nocleanhands","Family Debt > Turf War > No Clean Hands"
"exp_structure_21","Beneath Forbidden Knowledge","3","ordered","","5","0.035","g30_ch_forbiddentext > g30_ch_belowexpedition > g30_ch_geometrybreaks","The Forbidden Text > The Expedition Below > When Geometry Breaks"
"exp_structure_22","Honour Without Ownership","3","ordered","","5","0.035","g30_ar_caravanoath > g30_ar_desertduel > g30_ar_masterlesslamp","Caravan Oath > Duel at High Sun > The Masterless Lamp"
"exp_structure_23","A Meal Beyond Competition","3","ordered","","5","0.035","cookingbattle > v3_sharedtable > finale","Cooking Battle > The Shared Table > Finale Climax"
"exp_structure_24","Strength Without Revenge","3","ordered","","5","0.035","montage > v3_crossroadsduel > redemption","Training Montage > Duel at the Crossing > Villain Redemption"
"exp_structure_25","The Rival Sets the Pace","3","ordered","","5","0.035","narr_rivalintro > montage > grandprix","Rival Introduction > Training Montage > Grand Prix"
"exp_structure_26","Shelter Before the Crossing","3","ordered","","5","0.035","v3_winterharbour > vg_lastgoodmeal > v3_chartedescape","Winter Harbour > The Last Good Meal > The Charted Escape"
"exp_structure_27","The Hunter Changes Sides","3","ordered","","5","0.035","vg_hunterswarrant > g30_cr_undercoverbadge > vg_crimsontruce","The Hunter's Warrant > Undercover Badge > Crimson Truce"
"exp_structure_28","Save the Creature Save the City","3","ordered","","5","0.035","g30_kj_hatchling > g30_kj_evacline > g30_x_colossusbond","The Hatchling > The Evacuation Line > Bond With a Colossus"
"exp_structure_29","Love Without the Bargain","3","ordered","","5","0.035","g30_ar_djinnbargain > narr_secretid > confession","The Djinn Bargain > Secret Identity > Confession Episode"
"exp_structure_30","Learn From Failure","3","ordered","","5","0.035","ip_arc_026 > montage > tournament","Second Chance Timeline > Training Montage > Tournament Arc"
"exp_structure_31","Save Them This Time","3","ordered","","5","0.035","ip_arc_026 > narr_rescue > finale","Second Chance Timeline > Rescue Mission > Finale Climax"
"exp_structure_32","The Repeated Crime","3","ordered","","5","0.035","case > ip_arc_026 > narr_villainreveal","Phantom Case > Second Chance Timeline > Villain Reveal"
"exp_structure_33","Choose a Different Life","3","ordered","","5","0.035","corruption > ip_arc_026 > redemption","Corruption Arc > Second Chance Timeline > Villain Redemption"
"exp_structure_34","An Ordinary Day Is Enough","3","ordered","","5","0.035","ip_arc_026 > narr_quiet > graduation","Second Chance Timeline > Quiet Character Episode > Graduation Arc"
"exp_structure_35","Prevent the Betrayal","3","ordered","","5","0.035","ip_arc_026 > v3_doubleagent > narr_betrayal","Second Chance Timeline > The Double Agent > Betrayal"
"exp_structure_36","Escape the Same Disaster","3","ordered","","5","0.035","ip_arc_026 > narr_survival > v3_chartedescape","Second Chance Timeline > Survival Game > The Charted Escape"
"exp_structure_37","A Promise Across Time","3","ordered","","5","0.035","v3_swornoath > ip_arc_026 > narr_sacrifice","The Sworn Oath > Second Chance Timeline > Heroic Sacrifice"
"exp_structure_38","The Second Heist","3","ordered","","5","0.035","g30_cr_heistblueprint > ip_arc_026 > heist","The Heist Blueprint > Second Chance Timeline > Heist Caper"
"exp_structure_39","History Refuses to Change","3","ordered","","5","0.035","ip_arc_026 > narr_falsewin > twist","Second Chance Timeline > False Victory > Tragic Twist"
"exp_ip_arc_001_development","Crystal Pilgrimage: Development","3","ordered","ip_ip_arc_001","5","0.035","narr_politics > ip_arc_001 > v3_brokenstandard","Political Intrigue > Crystal Pilgrimage > The Broken Standard"
"exp_ip_arc_001_resolution","Crystal Pilgrimage: Resolution","4","ordered","ip_ip_arc_001","8","0.045","narr_politics > ip_arc_001 > narr_siege > v3_brokenstandard","Political Intrigue > Crystal Pilgrimage > Siege Arc > The Broken Standard"
"exp_ip_arc_002_development","Broken World Reunion: Development","3","ordered","ip_ip_arc_002","5","0.035","narr_slowburn > ip_arc_002 > confession","Slow-Burn Introduction > Broken World Reunion > Confession Episode"
"exp_ip_arc_002_resolution","Broken World Reunion: Resolution","4","ordered","ip_ip_arc_002","8","0.045","narr_slowburn > ip_arc_002 > narr_quiet > confession","Slow-Burn Introduction > Broken World Reunion > Quiet Character Episode > Confession Episode"
"exp_ip_arc_003_development","Relic Dungeon Cycle: Development","3","ordered","ip_ip_arc_003","5","0.035","narr_foundfamily > ip_arc_003 > v3_chartedescape","Found Family > Relic Dungeon Cycle > The Charted Escape"
"exp_ip_arc_003_resolution","Relic Dungeon Cycle: Resolution","4","ordered","ip_ip_arc_003","8","0.045","narr_foundfamily > ip_arc_003 > narr_rescue > v3_chartedescape","Found Family > Relic Dungeon Cycle > Rescue Mission > The Charted Escape"
"exp_ip_arc_004_development","Exiled Heir Campaign: Development","3","ordered","ip_ip_arc_004","5","0.035","narr_politics > ip_arc_004 > v3_brokenstandard","Political Intrigue > Exiled Heir Campaign > The Broken Standard"
"exp_ip_arc_004_resolution","Exiled Heir Campaign: Resolution","4","ordered","ip_ip_arc_004","8","0.045","narr_politics > ip_arc_004 > narr_siege > v3_brokenstandard","Political Intrigue > Exiled Heir Campaign > Siege Arc > The Broken Standard"
"exp_ip_arc_005_development","Academy Route Split: Development","3","ordered","ip_ip_arc_005","5","0.035","narr_journey > ip_arc_005 > finale","Journey Arc > Academy Route Split > Finale Climax"
"exp_ip_arc_005_resolution","Academy Route Split: Resolution","4","ordered","ip_ip_arc_005","8","0.045","narr_journey > ip_arc_005 > lore > finale","Journey Arc > Academy Route Split > Worldbuilding Dive > Finale Climax"
"exp_ip_arc_006_development","Mindgame Pursuit: Development","3","ordered","ip_ip_arc_006","5","0.035","case > ip_arc_006 > twist","Phantom Case > Mindgame Pursuit > Tragic Twist"
"exp_ip_arc_006_resolution","Mindgame Pursuit: Resolution","4","ordered","ip_ip_arc_006","8","0.045","case > ip_arc_006 > narr_pov > twist","Phantom Case > Mindgame Pursuit > POV Switch > Tragic Twist"
"exp_ip_arc_007_development","Ascension Battle: Development","3","ordered","ip_ip_arc_007","5","0.035","narr_journey > ip_arc_007 > finale","Journey Arc > Ascension Battle > Finale Climax"
"exp_ip_arc_007_resolution","Ascension Battle: Resolution","4","ordered","ip_ip_arc_007","8","0.045","narr_journey > ip_arc_007 > lore > finale","Journey Arc > Ascension Battle > Worldbuilding Dive > Finale Climax"
"exp_ip_arc_008_development","Cosmic Dragon Hunt: Development","3","ordered","ip_ip_arc_008","5","0.035","case > ip_arc_008 > twist","Phantom Case > Cosmic Dragon Hunt > Tragic Twist"
"exp_ip_arc_008_resolution","Cosmic Dragon Hunt: Resolution","4","ordered","ip_ip_arc_008","8","0.045","case > ip_arc_008 > narr_pov > twist","Phantom Case > Cosmic Dragon Hunt > POV Switch > Tragic Twist"
"exp_ip_arc_009_development","Equivalent Exchange: Development","3","ordered","ip_ip_arc_009","5","0.035","narr_journey > ip_arc_009 > finale","Journey Arc > Equivalent Exchange > Finale Climax"
"exp_ip_arc_009_resolution","Equivalent Exchange: Resolution","4","ordered","ip_ip_arc_009","8","0.045","narr_journey > ip_arc_009 > lore > finale","Journey Arc > Equivalent Exchange > Worldbuilding Dive > Finale Climax"
"exp_ip_arc_010_development","Demon Contract Hunt: Development","3","ordered","ip_ip_arc_010","5","0.035","narr_journey > ip_arc_010 > finale","Journey Arc > Demon Contract Hunt > Finale Climax"
"exp_ip_arc_010_resolution","Demon Contract Hunt: Resolution","4","ordered","ip_ip_arc_010","8","0.045","narr_journey > ip_arc_010 > lore > finale","Journey Arc > Demon Contract Hunt > Worldbuilding Dive > Finale Climax"
"exp_ip_arc_011_development","Psychological Pursuit: Development","3","ordered","ip_ip_arc_011","5","0.035","case > ip_arc_011 > twist","Phantom Case > Psychological Pursuit > Tragic Twist"
"exp_ip_arc_011_resolution","Psychological Pursuit: Resolution","4","ordered","ip_ip_arc_011","8","0.045","case > ip_arc_011 > narr_pov > twist","Phantom Case > Psychological Pursuit > POV Switch > Tragic Twist"
"exp_ip_arc_012_development","Ritual Grail War: Development","3","ordered","ip_ip_arc_012","5","0.035","narr_rivalintro > ip_arc_012 > tournament","Rival Introduction > Ritual Grail War > Tournament Arc"
"exp_ip_arc_012_resolution","Ritual Grail War: Resolution","4","ordered","ip_ip_arc_012","8","0.045","narr_rivalintro > ip_arc_012 > montage > tournament","Rival Introduction > Ritual Grail War > Training Montage > Tournament Arc"
"exp_ip_arc_013_development","Battle School Command: Development","3","ordered","ip_ip_arc_013","5","0.035","narr_journey > ip_arc_013 > finale","Journey Arc > Battle School Command > Finale Climax"
"exp_ip_arc_013_resolution","Battle School Command: Resolution","4","ordered","ip_ip_arc_013","8","0.045","narr_journey > ip_arc_013 > lore > finale","Journey Arc > Battle School Command > Worldbuilding Dive > Finale Climax"
"exp_ip_arc_014_development","Career Breakthrough: Development","3","ordered","ip_ip_arc_014","5","0.035","narr_quiet > ip_arc_014 > live","Quiet Character Episode > Career Breakthrough > Idol Live"
"exp_ip_arc_014_resolution","Career Breakthrough: Resolution","4","ordered","ip_ip_arc_014","8","0.045","narr_quiet > ip_arc_014 > idolfest > live","Quiet Character Episode > Career Breakthrough > Idol Festival > Idol Live"
"exp_ip_arc_015_development","Mercenary Mech Contract: Development","3","ordered","ip_ip_arc_015","5","0.035","narr_journey > ip_arc_015 > finale","Journey Arc > Mercenary Mech Contract > Finale Climax"
"exp_ip_arc_015_resolution","Mercenary Mech Contract: Resolution","4","ordered","ip_ip_arc_015","8","0.045","narr_journey > ip_arc_015 > lore > finale","Journey Arc > Mercenary Mech Contract > Worldbuilding Dive > Finale Climax"
"exp_ip_arc_016_development","Crusade of Attrition: Development","3","ordered","ip_ip_arc_016","5","0.035","narr_politics > ip_arc_016 > v3_brokenstandard","Political Intrigue > Crusade of Attrition > The Broken Standard"
"exp_ip_arc_016_resolution","Crusade of Attrition: Resolution","4","ordered","ip_ip_arc_016","8","0.045","narr_politics > ip_arc_016 > narr_siege > v3_brokenstandard","Political Intrigue > Crusade of Attrition > Siege Arc > The Broken Standard"
"exp_ip_arc_017_development","Rebel Rescue: Development","3","ordered","ip_ip_arc_017","5","0.035","narr_foundfamily > ip_arc_017 > v3_chartedescape","Found Family > Rebel Rescue > The Charted Escape"
"exp_ip_arc_017_resolution","Rebel Rescue: Resolution","4","ordered","ip_ip_arc_017","8","0.045","narr_foundfamily > ip_arc_017 > narr_rescue > v3_chartedescape","Found Family > Rebel Rescue > Rescue Mission > The Charted Escape"
"exp_ip_arc_018_development","Labyrinth Bargain: Development","3","ordered","ip_ip_arc_018","5","0.035","narr_journey > ip_arc_018 > finale","Journey Arc > Labyrinth Bargain > Finale Climax"
"exp_ip_arc_018_resolution","Labyrinth Bargain: Resolution","4","ordered","ip_ip_arc_018","8","0.045","narr_journey > ip_arc_018 > lore > finale","Journey Arc > Labyrinth Bargain > Worldbuilding Dive > Finale Climax"
"exp_ip_arc_019_development","Creature League: Development","3","ordered","ip_ip_arc_019","5","0.035","narr_rivalintro > ip_arc_019 > tournament","Rival Introduction > Creature League > Tournament Arc"
"exp_ip_arc_019_resolution","Creature League: Resolution","4","ordered","ip_ip_arc_019","8","0.045","narr_rivalintro > ip_arc_019 > montage > tournament","Rival Introduction > Creature League > Training Montage > Tournament Arc"
"exp_ip_arc_020_development","Digital Evolution: Development","3","ordered","ip_ip_arc_020","5","0.035","g30_mt_firstbond > ip_arc_020 > g30_mt_releasechoice","The First Bond > Digital Evolution > Set Them Free"
"exp_ip_arc_020_resolution","Digital Evolution: Resolution","4","ordered","ip_ip_arc_020","8","0.045","g30_mt_firstbond > ip_arc_020 > g30_mt_evolutioncrisis > g30_mt_releasechoice","The First Bond > Digital Evolution > Evolution Crisis > Set Them Free"
"exp_ip_arc_021_development","Spirit Realm Rescue: Development","3","ordered","ip_ip_arc_021","5","0.035","narr_foundfamily > ip_arc_021 > v3_chartedescape","Found Family > Spirit Realm Rescue > The Charted Escape"
"exp_ip_arc_021_resolution","Spirit Realm Rescue: Resolution","4","ordered","ip_ip_arc_021","8","0.045","narr_foundfamily > ip_arc_021 > narr_rescue > v3_chartedescape","Found Family > Spirit Realm Rescue > Rescue Mission > The Charted Escape"
"exp_ip_arc_022_development","Clan Examination: Development","3","ordered","ip_ip_arc_022","5","0.035","narr_rivalintro > ip_arc_022 > tournament","Rival Introduction > Clan Examination > Tournament Arc"
"exp_ip_arc_022_resolution","Clan Examination: Resolution","4","ordered","ip_ip_arc_022","8","0.045","narr_rivalintro > ip_arc_022 > montage > tournament","Rival Introduction > Clan Examination > Training Montage > Tournament Arc"
"exp_ip_arc_023_development","Island Liberation: Development","3","ordered","ip_ip_arc_023","5","0.035","narr_politics > ip_arc_023 > v3_brokenstandard","Political Intrigue > Island Liberation > The Broken Standard"
"exp_ip_arc_023_resolution","Island Liberation: Resolution","4","ordered","ip_ip_arc_023","8","0.045","narr_politics > ip_arc_023 > narr_siege > v3_brokenstandard","Political Intrigue > Island Liberation > Siege Arc > The Broken Standard"
"exp_ip_arc_024_development","Sphere League Tournament: Development","3","ordered","ip_ip_arc_024","5","0.035","narr_rivalintro > ip_arc_024 > tournament","Rival Introduction > Sphere League Tournament > Tournament Arc"
"exp_ip_arc_024_resolution","Sphere League Tournament: Resolution","4","ordered","ip_ip_arc_024","8","0.045","narr_rivalintro > ip_arc_024 > montage > tournament","Rival Introduction > Sphere League Tournament > Training Montage > Tournament Arc"
"exp_ip_arc_025_development","Three Kingdom Stratagem: Development","3","ordered","ip_ip_arc_025","5","0.035","narr_rivalintro > ip_arc_025 > tournament","Rival Introduction > Three Kingdom Stratagem > Tournament Arc"
"exp_ip_arc_025_resolution","Three Kingdom Stratagem: Resolution","4","ordered","ip_ip_arc_025","8","0.045","narr_rivalintro > ip_arc_025 > montage > tournament","Rival Introduction > Three Kingdom Stratagem > Training Montage > Tournament Arc"
"exp_ip_arc_026_development","Second Chance Timeline: Development","3","ordered","ip_ip_arc_026","5","0.035","narr_journey > ip_arc_026 > finale","Journey Arc > Second Chance Timeline > Finale Climax"
"exp_ip_arc_026_resolution","Second Chance Timeline: Resolution","4","ordered","ip_ip_arc_026","8","0.045","narr_journey > ip_arc_026 > lore > finale","Journey Arc > Second Chance Timeline > Worldbuilding Dive > Finale Climax"
"exp_ip_arc_027_development","Dragon Siege: Development","3","ordered","ip_ip_arc_027","5","0.035","narr_politics > ip_arc_027 > v3_brokenstandard","Political Intrigue > Dragon Siege > The Broken Standard"
"exp_ip_arc_027_resolution","Dragon Siege: Resolution","4","ordered","ip_ip_arc_027","8","0.045","narr_politics > ip_arc_027 > narr_siege > v3_brokenstandard","Political Intrigue > Dragon Siege > Siege Arc > The Broken Standard"
"exp_ip_arc_028_development","Saga Voyage: Development","3","ordered","ip_ip_arc_028","5","0.035","narr_politics > ip_arc_028 > v3_brokenstandard","Political Intrigue > Saga Voyage > The Broken Standard"
"exp_ip_arc_028_resolution","Saga Voyage: Resolution","4","ordered","ip_ip_arc_028","8","0.045","narr_politics > ip_arc_028 > narr_siege > v3_brokenstandard","Political Intrigue > Saga Voyage > Siege Arc > The Broken Standard"
"exp_ip_arc_029_development","Winter Invitation: Development","3","ordered","ip_ip_arc_029","5","0.035","narr_journey > ip_arc_029 > finale","Journey Arc > Winter Invitation > Finale Climax"
"exp_ip_arc_029_resolution","Winter Invitation: Resolution","4","ordered","ip_ip_arc_029","8","0.045","narr_journey > ip_arc_029 > lore > finale","Journey Arc > Winter Invitation > Worldbuilding Dive > Finale Climax"
"exp_ip_arc_030_development","Pirate Broadcast: Development","3","ordered","ip_ip_arc_030","5","0.035","narr_quiet > ip_arc_030 > live","Quiet Character Episode > Pirate Broadcast > Idol Live"
"exp_ip_arc_030_resolution","Pirate Broadcast: Resolution","4","ordered","ip_ip_arc_030","8","0.045","narr_quiet > ip_arc_030 > idolfest > live","Quiet Character Episode > Pirate Broadcast > Idol Festival > Idol Live"
"exp_ip_arc_031_development","Band Reunites: Development","3","ordered","ip_ip_arc_031","5","0.035","narr_quiet > ip_arc_031 > live","Quiet Character Episode > Band Reunites > Idol Live"
"exp_ip_arc_031_resolution","Band Reunites: Resolution","4","ordered","ip_ip_arc_031","8","0.045","narr_quiet > ip_arc_031 > idolfest > live","Quiet Character Episode > Band Reunites > Idol Festival > Idol Live"
"exp_ip_arc_032_development","Seven Clue Countdown: Development","3","ordered","ip_ip_arc_032","5","0.035","case > ip_arc_032 > twist","Phantom Case > Seven Clue Countdown > Tragic Twist"
"exp_ip_arc_032_resolution","Seven Clue Countdown: Resolution","4","ordered","ip_ip_arc_032","8","0.045","case > ip_arc_032 > narr_pov > twist","Phantom Case > Seven Clue Countdown > POV Switch > Tragic Twist"
"exp_ip_arc_033_development","Unreliable Lineup: Development","3","ordered","ip_ip_arc_033","5","0.035","case > ip_arc_033 > twist","Phantom Case > Unreliable Lineup > Tragic Twist"
"exp_ip_arc_033_resolution","Unreliable Lineup: Resolution","4","ordered","ip_ip_arc_033","8","0.045","case > ip_arc_033 > narr_pov > twist","Phantom Case > Unreliable Lineup > POV Switch > Tragic Twist"
"exp_ip_arc_034_development","Predator’s Table: Development","3","ordered","ip_ip_arc_034","5","0.035","narr_journey > ip_arc_034 > finale","Journey Arc > Predator’s Table > Finale Climax"
"exp_ip_arc_034_resolution","Predator’s Table: Resolution","4","ordered","ip_ip_arc_034","8","0.045","narr_journey > ip_arc_034 > lore > finale","Journey Arc > Predator’s Table > Worldbuilding Dive > Finale Climax"
"exp_ip_arc_035_development","Crest War: Development","3","ordered","ip_ip_arc_035","5","0.035","narr_politics > ip_arc_035 > v3_brokenstandard","Political Intrigue > Crest War > The Broken Standard"
"exp_ip_arc_035_resolution","Crest War: Resolution","4","ordered","ip_ip_arc_035","8","0.045","narr_politics > ip_arc_035 > narr_siege > v3_brokenstandard","Political Intrigue > Crest War > Siege Arc > The Broken Standard"
"exp_ip_arc_036_development","Hidden Identity Season: Development","3","ordered","ip_ip_arc_036","5","0.035","narr_slowburn > ip_arc_036 > confession","Slow-Burn Introduction > Hidden Identity Season > Confession Episode"
"exp_ip_arc_036_resolution","Hidden Identity Season: Resolution","4","ordered","ip_ip_arc_036","8","0.045","narr_slowburn > ip_arc_036 > narr_quiet > confession","Slow-Burn Introduction > Hidden Identity Season > Quiet Character Episode > Confession Episode"
"exp_ip_arc_037_development","Last Stand of the Old Guard: Development","3","ordered","ip_ip_arc_037","5","0.035","narr_journey > ip_arc_037 > finale","Journey Arc > Last Stand of the Old Guard > Finale Climax"
"exp_ip_arc_037_resolution","Last Stand of the Old Guard: Resolution","4","ordered","ip_ip_arc_037","8","0.045","narr_journey > ip_arc_037 > lore > finale","Journey Arc > Last Stand of the Old Guard > Worldbuilding Dive > Finale Climax"
"exp_ip_arc_038_development","Broadcast Meltdown: Development","3","ordered","ip_ip_arc_038","5","0.035","narr_journey > ip_arc_038 > finale","Journey Arc > Broadcast Meltdown > Finale Climax"
"exp_ip_arc_038_resolution","Broadcast Meltdown: Resolution","4","ordered","ip_ip_arc_038","8","0.045","narr_journey > ip_arc_038 > lore > finale","Journey Arc > Broadcast Meltdown > Worldbuilding Dive > Finale Climax"
"exp_ip_arc_039_development","Ancient Monster Pact: Development","3","ordered","ip_ip_arc_039","5","0.035","narr_journey > ip_arc_039 > finale","Journey Arc > Ancient Monster Pact > Finale Climax"
"exp_ip_arc_039_resolution","Ancient Monster Pact: Resolution","4","ordered","ip_ip_arc_039","8","0.045","narr_journey > ip_arc_039 > lore > finale","Journey Arc > Ancient Monster Pact > Worldbuilding Dive > Finale Climax"
"exp_ip_arc_040_development","Awakening Ensemble: Development","3","ordered","ip_ip_arc_040","5","0.035","narr_journey > ip_arc_040 > finale","Journey Arc > Awakening Ensemble > Finale Climax"
"exp_ip_arc_040_resolution","Awakening Ensemble: Resolution","4","ordered","ip_ip_arc_040","8","0.045","narr_journey > ip_arc_040 > lore > finale","Journey Arc > Awakening Ensemble > Worldbuilding Dive > Finale Climax"
"exp_ip_arc_041_development","Mirror World Incursion: Development","3","ordered","ip_ip_arc_041","5","0.035","narr_journey > ip_arc_041 > finale","Journey Arc > Mirror World Incursion > Finale Climax"
"exp_ip_arc_041_resolution","Mirror World Incursion: Resolution","4","ordered","ip_ip_arc_041","8","0.045","narr_journey > ip_arc_041 > lore > finale","Journey Arc > Mirror World Incursion > Worldbuilding Dive > Finale Climax"
"exp_ip_arc_042_development","Stealth Infiltration: Development","3","ordered","ip_ip_arc_042","5","0.035","narr_foundfamily > ip_arc_042 > v3_chartedescape","Found Family > Stealth Infiltration > The Charted Escape"
"exp_ip_arc_042_resolution","Stealth Infiltration: Resolution","4","ordered","ip_ip_arc_042","8","0.045","narr_foundfamily > ip_arc_042 > narr_rescue > v3_chartedescape","Found Family > Stealth Infiltration > Rescue Mission > The Charted Escape"
"exp_ip_arc_043_development","Drag House Rivalry: Development","3","ordered","ip_ip_arc_043","5","0.035","case > ip_arc_043 > twist","Phantom Case > Drag House Rivalry > Tragic Twist"
"exp_ip_arc_043_resolution","Drag House Rivalry: Resolution","4","ordered","ip_ip_arc_043","8","0.045","case > ip_arc_043 > narr_pov > twist","Phantom Case > Drag House Rivalry > POV Switch > Tragic Twist"
"exp_ip_arc_044_development","Anonymous Scandal: Development","3","ordered","ip_ip_arc_044","5","0.035","narr_slowburn > ip_arc_044 > confession","Slow-Burn Introduction > Anonymous Scandal > Confession Episode"
"exp_ip_arc_044_resolution","Anonymous Scandal: Resolution","4","ordered","ip_ip_arc_044","8","0.045","narr_slowburn > ip_arc_044 > narr_quiet > confession","Slow-Burn Introduction > Anonymous Scandal > Quiet Character Episode > Confession Episode"
"exp_ip_arc_045_development","Coastal Love Triangle: Development","3","ordered","ip_ip_arc_045","5","0.035","narr_slowburn > ip_arc_045 > confession","Slow-Burn Introduction > Coastal Love Triangle > Confession Episode"
"exp_ip_arc_045_resolution","Coastal Love Triangle: Resolution","4","ordered","ip_ip_arc_045","8","0.045","narr_slowburn > ip_arc_045 > narr_quiet > confession","Slow-Burn Introduction > Coastal Love Triangle > Quiet Character Episode > Confession Episode"
"exp_ip_arc_046_development","Succession War: Development","3","ordered","ip_ip_arc_046","5","0.035","narr_politics > ip_arc_046 > v3_brokenstandard","Political Intrigue > Succession War > The Broken Standard"
"exp_ip_arc_046_resolution","Succession War: Resolution","4","ordered","ip_ip_arc_046","8","0.045","narr_politics > ip_arc_046 > narr_siege > v3_brokenstandard","Political Intrigue > Succession War > Siege Arc > The Broken Standard"
"exp_ip_arc_047_development","Turning Wheel Prophecy: Development","3","ordered","ip_ip_arc_047","5","0.035","narr_journey > ip_arc_047 > finale","Journey Arc > Turning Wheel Prophecy > Finale Climax"
"exp_ip_arc_047_resolution","Turning Wheel Prophecy: Resolution","4","ordered","ip_ip_arc_047","8","0.045","narr_journey > ip_arc_047 > lore > finale","Journey Arc > Turning Wheel Prophecy > Worldbuilding Dive > Finale Climax"
"exp_ip_arc_048_development","Road Duel: Development","3","ordered","ip_ip_arc_048","5","0.035","narr_slowburn > ip_arc_048 > confession","Slow-Burn Introduction > Road Duel > Confession Episode"
"exp_ip_arc_048_resolution","Road Duel: Resolution","4","ordered","ip_ip_arc_048","8","0.045","narr_slowburn > ip_arc_048 > narr_quiet > confession","Slow-Burn Introduction > Road Duel > Quiet Character Episode > Confession Episode"
"exp_ip_arc_049_development","Bounty of the Week: Development","3","ordered","ip_ip_arc_049","5","0.035","narr_journey > ip_arc_049 > finale","Journey Arc > Bounty of the Week > Finale Climax"
"exp_ip_arc_049_resolution","Bounty of the Week: Resolution","4","ordered","ip_ip_arc_049","8","0.045","narr_journey > ip_arc_049 > lore > finale","Journey Arc > Bounty of the Week > Worldbuilding Dive > Finale Climax"
"exp_ip_arc_050_development","Tower Pilgrimage: Development","3","ordered","ip_ip_arc_050","5","0.035","narr_politics > ip_arc_050 > v3_brokenstandard","Political Intrigue > Tower Pilgrimage > The Broken Standard"
"exp_ip_arc_050_resolution","Tower Pilgrimage: Resolution","4","ordered","ip_ip_arc_050","8","0.045","narr_politics > ip_arc_050 > narr_siege > v3_brokenstandard","Political Intrigue > Tower Pilgrimage > Siege Arc > The Broken Standard"
"exp_ip_arc_051_development","Revenge Duel: Development","3","ordered","ip_ip_arc_051","5","0.035","narr_journey > ip_arc_051 > finale","Journey Arc > Revenge Duel > Finale Climax"
"exp_ip_arc_051_resolution","Revenge Duel: Resolution","4","ordered","ip_ip_arc_051","8","0.045","narr_journey > ip_arc_051 > lore > finale","Journey Arc > Revenge Duel > Worldbuilding Dive > Finale Climax"
"exp_ip_arc_052_development","Forbidden Technology Exodus: Development","3","ordered","ip_ip_arc_052","5","0.035","narr_explore > ip_arc_052 > twist","Exploration Expedition > Forbidden Technology Exodus > Tragic Twist"
"exp_ip_arc_052_resolution","Forbidden Technology Exodus: Resolution","4","ordered","ip_ip_arc_052","8","0.045","narr_explore > ip_arc_052 > g30_ch_sanitybargain > twist","Exploration Expedition > Forbidden Technology Exodus > A Bargain With Sanity > Tragic Twist"
"exp_ip_arc_053_development","Keyed Door Mystery: Development","3","ordered","ip_ip_arc_053","5","0.035","case > ip_arc_053 > twist","Phantom Case > Keyed Door Mystery > Tragic Twist"
"exp_ip_arc_053_resolution","Keyed Door Mystery: Resolution","4","ordered","ip_ip_arc_053","8","0.045","case > ip_arc_053 > narr_pov > twist","Phantom Case > Keyed Door Mystery > POV Switch > Tragic Twist"
"exp_ip_arc_054_development","Abbey Siege: Development","3","ordered","ip_ip_arc_054","5","0.035","narr_politics > ip_arc_054 > v3_brokenstandard","Political Intrigue > Abbey Siege > The Broken Standard"
"exp_ip_arc_054_resolution","Abbey Siege: Resolution","4","ordered","ip_ip_arc_054","8","0.045","narr_politics > ip_arc_054 > narr_siege > v3_brokenstandard","Political Intrigue > Abbey Siege > Siege Arc > The Broken Standard"
"exp_ip_arc_055_development","Dungeon Meal Expedition: Development","3","ordered","ip_ip_arc_055","5","0.035","g30_mt_firstbond > ip_arc_055 > g30_mt_releasechoice","The First Bond > Dungeon Meal Expedition > Set Them Free"
"exp_ip_arc_055_resolution","Dungeon Meal Expedition: Resolution","4","ordered","ip_ip_arc_055","8","0.045","g30_mt_firstbond > ip_arc_055 > g30_mt_evolutioncrisis > g30_mt_releasechoice","The First Bond > Dungeon Meal Expedition > Evolution Crisis > Set Them Free"
"exp_ip_arc_056_development","Pressure Kitchen Elimination: Development","3","ordered","ip_ip_arc_056","5","0.035","narr_quiet > ip_arc_056 > live","Quiet Character Episode > Pressure Kitchen Elimination > Idol Live"
"exp_ip_arc_056_resolution","Pressure Kitchen Elimination: Resolution","4","ordered","ip_ip_arc_056","8","0.045","narr_quiet > ip_arc_056 > idolfest > live","Quiet Character Episode > Pressure Kitchen Elimination > Idol Festival > Idol Live"
"exp_ip_arc_057_development","Impossible Food Challenge: Development","3","ordered","ip_ip_arc_057","5","0.035","narr_journey > ip_arc_057 > finale","Journey Arc > Impossible Food Challenge > Finale Climax"
"exp_ip_arc_057_resolution","Impossible Food Challenge: Resolution","4","ordered","ip_ip_arc_057","8","0.045","narr_journey > ip_arc_057 > lore > finale","Journey Arc > Impossible Food Challenge > Worldbuilding Dive > Finale Climax"
"exp_ip_arc_058_development","Elimination Game: Development","3","ordered","ip_ip_arc_058","5","0.035","narr_rivalintro > ip_arc_058 > tournament","Rival Introduction > Elimination Game > Tournament Arc"
"exp_ip_arc_058_resolution","Elimination Game: Resolution","4","ordered","ip_ip_arc_058","8","0.045","narr_rivalintro > ip_arc_058 > montage > tournament","Rival Introduction > Elimination Game > Training Montage > Tournament Arc"
"exp_ip_arc_059_development","Impossible Teacher Mission: Development","3","ordered","ip_ip_arc_059","5","0.035","narr_journey > ip_arc_059 > finale","Journey Arc > Impossible Teacher Mission > Finale Climax"
"exp_ip_arc_059_resolution","Impossible Teacher Mission: Resolution","4","ordered","ip_ip_arc_059","8","0.045","narr_journey > ip_arc_059 > lore > finale","Journey Arc > Impossible Teacher Mission > Worldbuilding Dive > Finale Climax"
"exp_ip_arc_060_development","Death-Game Floor: Development","3","ordered","ip_ip_arc_060","5","0.035","narr_foundfamily > ip_arc_060 > v3_chartedescape","Found Family > Death-Game Floor > The Charted Escape"
"exp_ip_arc_060_resolution","Death-Game Floor: Resolution","4","ordered","ip_ip_arc_060","8","0.045","narr_foundfamily > ip_arc_060 > narr_rescue > v3_chartedescape","Found Family > Death-Game Floor > Rescue Mission > The Charted Escape"
"exp_ip_arc_061_development","Summoner Pilgrimage: Development","3","ordered","ip_ip_arc_061","5","0.035","narr_politics > ip_arc_061 > v3_brokenstandard","Political Intrigue > Summoner Pilgrimage > The Broken Standard"
"exp_ip_arc_061_resolution","Summoner Pilgrimage: Resolution","4","ordered","ip_ip_arc_061","8","0.045","narr_politics > ip_arc_061 > narr_siege > v3_brokenstandard","Political Intrigue > Summoner Pilgrimage > Siege Arc > The Broken Standard"
"exp_ip_arc_062_development","Secret Agency Case: Development","3","ordered","ip_ip_arc_062","5","0.035","case > ip_arc_062 > twist","Phantom Case > Secret Agency Case > Tragic Twist"
"exp_ip_arc_062_resolution","Secret Agency Case: Resolution","4","ordered","ip_ip_arc_062","8","0.045","case > ip_arc_062 > narr_pov > twist","Phantom Case > Secret Agency Case > POV Switch > Tragic Twist"
"exp_ip_arc_063_development","Social Clique Coup: Development","3","ordered","ip_ip_arc_063","5","0.035","narr_journey > ip_arc_063 > finale","Journey Arc > Social Clique Coup > Finale Climax"
"exp_ip_arc_063_resolution","Social Clique Coup: Resolution","4","ordered","ip_ip_arc_063","8","0.045","narr_journey > ip_arc_063 > lore > finale","Journey Arc > Social Clique Coup > Worldbuilding Dive > Finale Climax"
"exp_ip_arc_064_development","Deadly Popularity Pact: Development","3","ordered","ip_ip_arc_064","5","0.035","narr_journey > ip_arc_064 > finale","Journey Arc > Deadly Popularity Pact > Finale Climax"
"exp_ip_arc_064_resolution","Deadly Popularity Pact: Resolution","4","ordered","ip_ip_arc_064","8","0.045","narr_journey > ip_arc_064 > lore > finale","Journey Arc > Deadly Popularity Pact > Worldbuilding Dive > Finale Climax"
"exp_ip_arc_065_development","Pack Survival: Development","3","ordered","ip_ip_arc_065","5","0.035","narr_journey > ip_arc_065 > finale","Journey Arc > Pack Survival > Finale Climax"
"exp_ip_arc_065_resolution","Pack Survival: Resolution","4","ordered","ip_ip_arc_065","8","0.045","narr_journey > ip_arc_065 > lore > finale","Journey Arc > Pack Survival > Worldbuilding Dive > Finale Climax"
"exp_ip_arc_066_development","Absurd Frontier Deathtrap: Development","3","ordered","ip_ip_arc_066","5","0.035","narr_journey > ip_arc_066 > finale","Journey Arc > Absurd Frontier Deathtrap > Finale Climax"
"exp_ip_arc_066_resolution","Absurd Frontier Deathtrap: Resolution","4","ordered","ip_ip_arc_066","8","0.045","narr_journey > ip_arc_066 > lore > finale","Journey Arc > Absurd Frontier Deathtrap > Worldbuilding Dive > Finale Climax"
"exp_ip_arc_067_development","Impossible Stunt: Development","3","ordered","ip_ip_arc_067","5","0.035","narr_journey > ip_arc_067 > finale","Journey Arc > Impossible Stunt > Finale Climax"
"exp_ip_arc_067_resolution","Impossible Stunt: Resolution","4","ordered","ip_ip_arc_067","8","0.045","narr_journey > ip_arc_067 > lore > finale","Journey Arc > Impossible Stunt > Worldbuilding Dive > Finale Climax"
"exp_ip_arc_068_development","Demon Realm Breach: Development","3","ordered","ip_ip_arc_068","5","0.035","narr_journey > ip_arc_068 > finale","Journey Arc > Demon Realm Breach > Finale Climax"
"exp_ip_arc_068_resolution","Demon Realm Breach: Resolution","4","ordered","ip_ip_arc_068","8","0.045","narr_journey > ip_arc_068 > lore > finale","Journey Arc > Demon Realm Breach > Worldbuilding Dive > Finale Climax"
"exp_ip_arc_069_development","Moving Castle Bargain: Development","3","ordered","ip_ip_arc_069","5","0.035","narr_journey > ip_arc_069 > finale","Journey Arc > Moving Castle Bargain > Finale Climax"
"exp_ip_arc_069_resolution","Moving Castle Bargain: Resolution","4","ordered","ip_ip_arc_069","8","0.045","narr_journey > ip_arc_069 > lore > finale","Journey Arc > Moving Castle Bargain > Worldbuilding Dive > Finale Climax"
"exp_ip_arc_070_development","Storybook Rescue: Development","3","ordered","ip_ip_arc_070","5","0.035","narr_foundfamily > ip_arc_070 > v3_chartedescape","Found Family > Storybook Rescue > The Charted Escape"
"exp_ip_arc_070_resolution","Storybook Rescue: Resolution","4","ordered","ip_ip_arc_070","8","0.045","narr_foundfamily > ip_arc_070 > narr_rescue > v3_chartedescape","Found Family > Storybook Rescue > Rescue Mission > The Charted Escape"
"exp_ip_arc_071_development","Tactical Succession War: Development","3","ordered","ip_ip_arc_071","5","0.035","narr_politics > ip_arc_071 > v3_brokenstandard","Political Intrigue > Tactical Succession War > The Broken Standard"
"exp_ip_arc_071_resolution","Tactical Succession War: Resolution","4","ordered","ip_ip_arc_071","8","0.045","narr_politics > ip_arc_071 > narr_siege > v3_brokenstandard","Political Intrigue > Tactical Succession War > Siege Arc > The Broken Standard"
"exp_ip_arc_072_development","Statement Casefile: Development","3","ordered","ip_ip_arc_072","5","0.035","case > ip_arc_072 > twist","Phantom Case > Statement Casefile > Tragic Twist"
"exp_ip_arc_072_resolution","Statement Casefile: Resolution","4","ordered","ip_ip_arc_072","8","0.045","case > ip_arc_072 > narr_pov > twist","Phantom Case > Statement Casefile > POV Switch > Tragic Twist"
"exp_ip_arc_073_development","Nonlinear Romance: Development","3","ordered","ip_ip_arc_073","5","0.035","narr_slowburn > ip_arc_073 > confession","Slow-Burn Introduction > Nonlinear Romance > Confession Episode"
"exp_ip_arc_073_resolution","Nonlinear Romance: Resolution","4","ordered","ip_ip_arc_073","8","0.045","narr_slowburn > ip_arc_073 > narr_quiet > confession","Slow-Burn Introduction > Nonlinear Romance > Quiet Character Episode > Confession Episode"
"exp_ip_arc_074_development","Monster of the Week: Development","3","ordered","ip_ip_arc_074","5","0.035","g30_mt_firstbond > ip_arc_074 > g30_mt_releasechoice","The First Bond > Monster of the Week > Set Them Free"
"exp_ip_arc_074_resolution","Monster of the Week: Resolution","4","ordered","ip_ip_arc_074","8","0.045","g30_mt_firstbond > ip_arc_074 > g30_mt_evolutioncrisis > g30_mt_releasechoice","The First Bond > Monster of the Week > Evolution Crisis > Set Them Free"
"exp_ip_arc_075_development","Apocalypse Family: Development","3","ordered","ip_ip_arc_075","5","0.035","narr_slowburn > ip_arc_075 > confession","Slow-Burn Introduction > Apocalypse Family > Confession Episode"
"exp_ip_arc_075_resolution","Apocalypse Family: Resolution","4","ordered","ip_ip_arc_075","8","0.045","narr_slowburn > ip_arc_075 > narr_quiet > confession","Slow-Burn Introduction > Apocalypse Family > Quiet Character Episode > Confession Episode"
"exp_ip_arc_076_development","Awake Alone: Development","3","ordered","ip_ip_arc_076","5","0.035","narr_slowburn > ip_arc_076 > confession","Slow-Burn Introduction > Awake Alone > Confession Episode"
"exp_ip_arc_076_resolution","Awake Alone: Resolution","4","ordered","ip_ip_arc_076","8","0.045","narr_slowburn > ip_arc_076 > narr_quiet > confession","Slow-Burn Introduction > Awake Alone > Quiet Character Episode > Confession Episode"
"exp_ip_arc_077_development","Synthetic Intimacy: Development","3","ordered","ip_ip_arc_077","5","0.035","narr_slowburn > ip_arc_077 > confession","Slow-Burn Introduction > Synthetic Intimacy > Confession Episode"
"exp_ip_arc_077_resolution","Synthetic Intimacy: Resolution","4","ordered","ip_ip_arc_077","8","0.045","narr_slowburn > ip_arc_077 > narr_quiet > confession","Slow-Burn Introduction > Synthetic Intimacy > Quiet Character Episode > Confession Episode"
"exp_ip_arc_078_development","Memory Love Story: Development","3","ordered","ip_ip_arc_078","5","0.035","case > ip_arc_078 > twist","Phantom Case > Memory Love Story > Tragic Twist"
"exp_ip_arc_078_resolution","Memory Love Story: Resolution","4","ordered","ip_ip_arc_078","8","0.045","case > ip_arc_078 > narr_pov > twist","Phantom Case > Memory Love Story > POV Switch > Tragic Twist"
"exp_ip_arc_079_development","Wuxia Forbidden Love: Development","3","ordered","ip_ip_arc_079","5","0.035","narr_slowburn > ip_arc_079 > confession","Slow-Burn Introduction > Wuxia Forbidden Love > Confession Episode"
"exp_ip_arc_079_resolution","Wuxia Forbidden Love: Resolution","4","ordered","ip_ip_arc_079","8","0.045","narr_slowburn > ip_arc_079 > narr_quiet > confession","Slow-Burn Introduction > Wuxia Forbidden Love > Quiet Character Episode > Confession Episode"
"exp_ip_arc_080_development","Noir Bullet Time: Development","3","ordered","ip_ip_arc_080","5","0.035","case > ip_arc_080 > twist","Phantom Case > Noir Bullet Time > Tragic Twist"
"exp_ip_arc_080_resolution","Noir Bullet Time: Resolution","4","ordered","ip_ip_arc_080","8","0.045","case > ip_arc_080 > narr_pov > twist","Phantom Case > Noir Bullet Time > POV Switch > Tragic Twist"
"exp_ip_arc_081_development","World Rebuilding Quest: Development","3","ordered","ip_ip_arc_081","5","0.035","narr_journey > ip_arc_081 > finale","Journey Arc > World Rebuilding Quest > Finale Climax"
"exp_ip_arc_081_resolution","World Rebuilding Quest: Resolution","4","ordered","ip_ip_arc_081","8","0.045","narr_journey > ip_arc_081 > lore > finale","Journey Arc > World Rebuilding Quest > Worldbuilding Dive > Finale Climax"
"exp_ip_arc_082_development","Collectathon World Hop: Development","3","ordered","ip_ip_arc_082","5","0.035","narr_journey > ip_arc_082 > finale","Journey Arc > Collectathon World Hop > Finale Climax"
"exp_ip_arc_082_resolution","Collectathon World Hop: Resolution","4","ordered","ip_ip_arc_082","8","0.045","narr_journey > ip_arc_082 > lore > finale","Journey Arc > Collectathon World Hop > Worldbuilding Dive > Finale Climax"
"exp_ip_arc_083_development","Bad-Day Escalation: Development","3","ordered","ip_ip_arc_083","5","0.035","narr_journey > ip_arc_083 > finale","Journey Arc > Bad-Day Escalation > Finale Climax"
"exp_ip_arc_083_resolution","Bad-Day Escalation: Resolution","4","ordered","ip_ip_arc_083","8","0.045","narr_journey > ip_arc_083 > lore > finale","Journey Arc > Bad-Day Escalation > Worldbuilding Dive > Finale Climax"
"exp_ip_arc_084_development","Psychic Blacksite Conspiracy: Development","3","ordered","ip_ip_arc_084","5","0.035","narr_politics > ip_arc_084 > v3_brokenstandard","Political Intrigue > Psychic Blacksite Conspiracy > The Broken Standard"
"exp_ip_arc_084_resolution","Psychic Blacksite Conspiracy: Resolution","4","ordered","ip_ip_arc_084","8","0.045","narr_politics > ip_arc_084 > narr_siege > v3_brokenstandard","Political Intrigue > Psychic Blacksite Conspiracy > Siege Arc > The Broken Standard"
"exp_ip_arc_085_development","Castaway Faith Voyage: Development","3","ordered","ip_ip_arc_085","5","0.035","narr_politics > ip_arc_085 > v3_brokenstandard","Political Intrigue > Castaway Faith Voyage > The Broken Standard"
"exp_ip_arc_085_resolution","Castaway Faith Voyage: Resolution","4","ordered","ip_ip_arc_085","8","0.045","narr_politics > ip_arc_085 > narr_siege > v3_brokenstandard","Political Intrigue > Castaway Faith Voyage > Siege Arc > The Broken Standard"
"exp_ip_arc_086_development","Parent-and-Child Pilgrimage: Development","3","ordered","ip_ip_arc_086","5","0.035","narr_politics > ip_arc_086 > v3_brokenstandard","Political Intrigue > Parent-and-Child Pilgrimage > The Broken Standard"
"exp_ip_arc_086_resolution","Parent-and-Child Pilgrimage: Resolution","4","ordered","ip_ip_arc_086","8","0.045","narr_politics > ip_arc_086 > narr_siege > v3_brokenstandard","Political Intrigue > Parent-and-Child Pilgrimage > Siege Arc > The Broken Standard"
"exp_ip_arc_087_development","Oceanic Settlement Siege: Development","3","ordered","ip_ip_arc_087","5","0.035","narr_politics > ip_arc_087 > v3_brokenstandard","Political Intrigue > Oceanic Settlement Siege > The Broken Standard"
"exp_ip_arc_087_resolution","Oceanic Settlement Siege: Resolution","4","ordered","ip_ip_arc_087","8","0.045","narr_politics > ip_arc_087 > narr_siege > v3_brokenstandard","Political Intrigue > Oceanic Settlement Siege > Siege Arc > The Broken Standard"
"exp_ip_arc_088_development","Dance Ban Rebellion: Development","3","ordered","ip_ip_arc_088","5","0.035","narr_quiet > ip_arc_088 > live","Quiet Character Episode > Dance Ban Rebellion > Idol Live"
"exp_ip_arc_088_resolution","Dance Ban Rebellion: Resolution","4","ordered","ip_ip_arc_088","8","0.045","narr_quiet > ip_arc_088 > idolfest > live","Quiet Character Episode > Dance Ban Rebellion > Idol Festival > Idol Live"
"exp_ip_arc_089_development","Reluctant Prodigy Mentorship: Development","3","ordered","ip_ip_arc_089","5","0.035","narr_quiet > ip_arc_089 > live","Quiet Character Episode > Reluctant Prodigy Mentorship > Idol Live"
"exp_ip_arc_089_resolution","Reluctant Prodigy Mentorship: Resolution","4","ordered","ip_ip_arc_089","8","0.045","narr_quiet > ip_arc_089 > idolfest > live","Quiet Character Episode > Reluctant Prodigy Mentorship > Idol Festival > Idol Live"
"exp_ip_arc_090_development","Family Reinvention: Development","3","ordered","ip_ip_arc_090","5","0.035","narr_politics > ip_arc_090 > v3_brokenstandard","Political Intrigue > Family Reinvention > The Broken Standard"
"exp_ip_arc_090_resolution","Family Reinvention: Resolution","4","ordered","ip_ip_arc_090","8","0.045","narr_politics > ip_arc_090 > narr_siege > v3_brokenstandard","Political Intrigue > Family Reinvention > Siege Arc > The Broken Standard"
"exp_ip_arc_091_development","Culture-First Underdog Season: Development","3","ordered","ip_ip_arc_091","5","0.035","narr_journey > ip_arc_091 > finale","Journey Arc > Culture-First Underdog Season > Finale Climax"
"exp_ip_arc_091_resolution","Culture-First Underdog Season: Resolution","4","ordered","ip_ip_arc_091","8","0.045","narr_journey > ip_arc_091 > lore > finale","Journey Arc > Culture-First Underdog Season > Worldbuilding Dive > Finale Climax"
"exp_ip_arc_092_development","Time-Hopping Primate Hunt: Development","3","ordered","ip_ip_arc_092","5","0.035","case > ip_arc_092 > twist","Phantom Case > Time-Hopping Primate Hunt > Tragic Twist"
"exp_ip_arc_092_resolution","Time-Hopping Primate Hunt: Resolution","4","ordered","ip_ip_arc_092","8","0.045","case > ip_arc_092 > narr_pov > twist","Phantom Case > Time-Hopping Primate Hunt > POV Switch > Tragic Twist"
"exp_ip_arc_093_development","Small-Town Nuclear Aftermath: Development","3","ordered","ip_ip_arc_093","5","0.035","narr_explore > ip_arc_093 > twist","Exploration Expedition > Small-Town Nuclear Aftermath > Tragic Twist"
"exp_ip_arc_093_resolution","Small-Town Nuclear Aftermath: Resolution","4","ordered","ip_ip_arc_093","8","0.045","narr_explore > ip_arc_093 > g30_ch_sanitybargain > twist","Exploration Expedition > Small-Town Nuclear Aftermath > A Bargain With Sanity > Tragic Twist"
"exp_ip_arc_094_development","Imaginary Sidekick Investigation: Development","3","ordered","ip_ip_arc_094","5","0.035","case > ip_arc_094 > twist","Phantom Case > Imaginary Sidekick Investigation > Tragic Twist"
"exp_ip_arc_094_resolution","Imaginary Sidekick Investigation: Resolution","4","ordered","ip_ip_arc_094","8","0.045","case > ip_arc_094 > narr_pov > twist","Phantom Case > Imaginary Sidekick Investigation > POV Switch > Tragic Twist"
"exp_ip_arc_095_development","Memory Rewrite Cascade: Development","3","ordered","ip_ip_arc_095","5","0.035","case > ip_arc_095 > twist","Phantom Case > Memory Rewrite Cascade > Tragic Twist"
"exp_ip_arc_095_resolution","Memory Rewrite Cascade: Resolution","4","ordered","ip_ip_arc_095","8","0.045","case > ip_arc_095 > narr_pov > twist","Phantom Case > Memory Rewrite Cascade > POV Switch > Tragic Twist"
"exp_ip_arc_096_development","Criminal Transformation: Development","3","ordered","ip_ip_arc_096","5","0.035","g30_cr_heistblueprint > ip_arc_096 > v3_chartedescape","The Heist Blueprint > Criminal Transformation > The Charted Escape"
"exp_ip_arc_096_resolution","Criminal Transformation: Resolution","4","ordered","ip_ip_arc_096","8","0.045","g30_cr_heistblueprint > ip_arc_096 > narr_betrayal > v3_chartedescape","The Heist Blueprint > Criminal Transformation > Betrayal > The Charted Escape"
"exp_ip_arc_097_development","Four Nations Journey: Development","3","ordered","ip_ip_arc_097","5","0.035","narr_politics > ip_arc_097 > v3_brokenstandard","Political Intrigue > Four Nations Journey > The Broken Standard"
"exp_ip_arc_097_resolution","Four Nations Journey: Resolution","4","ordered","ip_ip_arc_097","8","0.045","narr_politics > ip_arc_097 > narr_siege > v3_brokenstandard","Political Intrigue > Four Nations Journey > Siege Arc > The Broken Standard"
"exp_ip_arc_098_development","Twin City Revolution: Development","3","ordered","ip_ip_arc_098","5","0.035","narr_politics > ip_arc_098 > v3_brokenstandard","Political Intrigue > Twin City Revolution > The Broken Standard"
"exp_ip_arc_098_resolution","Twin City Revolution: Resolution","4","ordered","ip_ip_arc_098","8","0.045","narr_politics > ip_arc_098 > narr_siege > v3_brokenstandard","Political Intrigue > Twin City Revolution > Siege Arc > The Broken Standard"
"exp_ip_arc_099_development","Found-Family Job: Development","3","ordered","ip_ip_arc_099","5","0.035","narr_slowburn > ip_arc_099 > confession","Slow-Burn Introduction > Found-Family Job > Confession Episode"
"exp_ip_arc_099_resolution","Found-Family Job: Resolution","4","ordered","ip_ip_arc_099","8","0.045","narr_slowburn > ip_arc_099 > narr_quiet > confession","Slow-Burn Introduction > Found-Family Job > Quiet Character Episode > Confession Episode"
"exp_ip_arc_100_development","Dream Logic Investigation: Development","3","ordered","ip_ip_arc_100","5","0.035","case > ip_arc_100 > twist","Phantom Case > Dream Logic Investigation > Tragic Twist"
"exp_ip_arc_100_resolution","Dream Logic Investigation: Resolution","4","ordered","ip_ip_arc_100","8","0.045","case > ip_arc_100 > narr_pov > twist","Phantom Case > Dream Logic Investigation > POV Switch > Tragic Twist"
"exp_ip_arc_101_development","Ember Succession Campaign: Development","3","ordered","ip_ip_arc_101","5","0.035","narr_politics > ip_arc_101 > v3_brokenstandard","Political Intrigue > Ember Succession Campaign > The Broken Standard"
"exp_ip_arc_101_resolution","Ember Succession Campaign: Resolution","4","ordered","ip_ip_arc_101","8","0.045","narr_politics > ip_arc_101 > narr_siege > v3_brokenstandard","Political Intrigue > Ember Succession Campaign > Siege Arc > The Broken Standard"
"exp_ip_arc_102_development","Mercenary Liberation March: Development","3","ordered","ip_ip_arc_102","5","0.035","narr_politics > ip_arc_102 > v3_brokenstandard","Political Intrigue > Mercenary Liberation March > The Broken Standard"
"exp_ip_arc_102_resolution","Mercenary Liberation March: Resolution","4","ordered","ip_ip_arc_102","8","0.045","narr_politics > ip_arc_102 > narr_siege > v3_brokenstandard","Political Intrigue > Mercenary Liberation March > Siege Arc > The Broken Standard"
"exp_ip_arc_103_development","Basement Band Breakthrough: Development","3","ordered","ip_ip_arc_103","5","0.035","narr_quiet > ip_arc_103 > live","Quiet Character Episode > Basement Band Breakthrough > Idol Live"
"exp_ip_arc_103_resolution","Basement Band Breakthrough: Resolution","4","ordered","ip_ip_arc_103","8","0.045","narr_quiet > ip_arc_103 > idolfest > live","Quiet Character Episode > Basement Band Breakthrough > Idol Festival > Idol Live"
"exp_ip_arc_104_development","Twin Blades at the Summit: Development","3","ordered","ip_ip_arc_104","5","0.035","narr_slowburn > ip_arc_104 > confession","Slow-Burn Introduction > Twin Blades at the Summit > Confession Episode"
"exp_ip_arc_104_resolution","Twin Blades at the Summit: Resolution","4","ordered","ip_ip_arc_104","8","0.045","narr_slowburn > ip_arc_104 > narr_quiet > confession","Slow-Burn Introduction > Twin Blades at the Summit > Quiet Character Episode > Confession Episode"
"exp_ip_arc_105_development","Contaminated Expedition: Development","3","ordered","ip_ip_arc_105","5","0.035","narr_explore > ip_arc_105 > twist","Exploration Expedition > Contaminated Expedition > Tragic Twist"
"exp_ip_arc_105_resolution","Contaminated Expedition: Resolution","4","ordered","ip_ip_arc_105","8","0.045","narr_explore > ip_arc_105 > g30_ch_sanitybargain > twist","Exploration Expedition > Contaminated Expedition > A Bargain With Sanity > Tragic Twist"
"exp_ip_arc_106_development","Forbidden Second Act: Development","3","ordered","ip_ip_arc_106","5","0.035","case > ip_arc_106 > twist","Phantom Case > Forbidden Second Act > Tragic Twist"
"exp_ip_arc_106_resolution","Forbidden Second Act: Resolution","4","ordered","ip_ip_arc_106","8","0.045","case > ip_arc_106 > narr_pov > twist","Phantom Case > Forbidden Second Act > POV Switch > Tragic Twist"
"exp_ip_arc_107_development","Solar Galleon Mutiny: Development","3","ordered","ip_ip_arc_107","5","0.035","narr_journey > ip_arc_107 > finale","Journey Arc > Solar Galleon Mutiny > Finale Climax"
"exp_ip_arc_107_resolution","Solar Galleon Mutiny: Resolution","4","ordered","ip_ip_arc_107","8","0.045","narr_journey > ip_arc_107 > lore > finale","Journey Arc > Solar Galleon Mutiny > Worldbuilding Dive > Finale Climax"
"exp_ip_arc_108_development","Stolen Mind Heist: Development","3","ordered","ip_ip_arc_108","5","0.035","g30_cr_heistblueprint > ip_arc_108 > v3_chartedescape","The Heist Blueprint > Stolen Mind Heist > The Charted Escape"
"exp_ip_arc_108_resolution","Stolen Mind Heist: Resolution","4","ordered","ip_ip_arc_108","8","0.045","g30_cr_heistblueprint > ip_arc_108 > narr_betrayal > v3_chartedescape","The Heist Blueprint > Stolen Mind Heist > Betrayal > The Charted Escape"
"exp_ip_arc_109_development","Mismatched Partner Chase: Development","3","ordered","ip_ip_arc_109","5","0.035","case > ip_arc_109 > twist","Phantom Case > Mismatched Partner Chase > Tragic Twist"
"exp_ip_arc_109_resolution","Mismatched Partner Chase: Resolution","4","ordered","ip_ip_arc_109","8","0.045","case > ip_arc_109 > narr_pov > twist","Phantom Case > Mismatched Partner Chase > POV Switch > Tragic Twist"
"exp_ip_arc_110_development","Naming the Unseen Wind: Development","3","ordered","ip_ip_arc_110","5","0.035","narr_quiet > ip_arc_110 > live","Quiet Character Episode > Naming the Unseen Wind > Idol Live"
"exp_ip_arc_110_resolution","Naming the Unseen Wind: Resolution","4","ordered","ip_ip_arc_110","8","0.045","narr_quiet > ip_arc_110 > idolfest > live","Quiet Character Episode > Naming the Unseen Wind > Idol Festival > Idol Live"
"exp_ip_arc_111_development","Oathbound Storm Ascension: Development","3","ordered","ip_ip_arc_111","5","0.035","narr_politics > ip_arc_111 > v3_brokenstandard","Political Intrigue > Oathbound Storm Ascension > The Broken Standard"
"exp_ip_arc_111_resolution","Oathbound Storm Ascension: Resolution","4","ordered","ip_ip_arc_111","8","0.045","narr_politics > ip_arc_111 > narr_siege > v3_brokenstandard","Political Intrigue > Oathbound Storm Ascension > Siege Arc > The Broken Standard"
"exp_ip_arc_112_development","Branded Sanctuary Pilgrimage: Development","3","ordered","ip_ip_arc_112","5","0.035","narr_politics > ip_arc_112 > v3_brokenstandard","Political Intrigue > Branded Sanctuary Pilgrimage > The Broken Standard"
"exp_ip_arc_112_resolution","Branded Sanctuary Pilgrimage: Resolution","4","ordered","ip_ip_arc_112","8","0.045","narr_politics > ip_arc_112 > narr_siege > v3_brokenstandard","Political Intrigue > Branded Sanctuary Pilgrimage > Siege Arc > The Broken Standard"
"exp_ip_arc_113_development","Devouring Fleet Defence: Development","3","ordered","ip_ip_arc_113","5","0.035","narr_politics > ip_arc_113 > v3_brokenstandard","Political Intrigue > Devouring Fleet Defence > The Broken Standard"
"exp_ip_arc_113_resolution","Devouring Fleet Defence: Resolution","4","ordered","ip_ip_arc_113","8","0.045","narr_politics > ip_arc_113 > narr_siege > v3_brokenstandard","Political Intrigue > Devouring Fleet Defence > Siege Arc > The Broken Standard"
"exp_ip_arc_114_development","Partner Evolution Homecoming: Development","3","ordered","ip_ip_arc_114","5","0.035","narr_foundfamily > ip_arc_114 > v3_chartedescape","Found Family > Partner Evolution Homecoming > The Charted Escape"
"exp_ip_arc_114_resolution","Partner Evolution Homecoming: Resolution","4","ordered","ip_ip_arc_114","8","0.045","narr_foundfamily > ip_arc_114 > narr_rescue > v3_chartedescape","Found Family > Partner Evolution Homecoming > Rescue Mission > The Charted Escape"
"exp_ip_arc_115_development","Lynx School Blood Contract: Development","3","ordered","ip_ip_arc_115","5","0.035","narr_journey > ip_arc_115 > finale","Journey Arc > Lynx School Blood Contract > Finale Climax"
"exp_ip_arc_115_resolution","Lynx School Blood Contract: Resolution","4","ordered","ip_ip_arc_115","8","0.045","narr_journey > ip_arc_115 > lore > finale","Journey Arc > Lynx School Blood Contract > Worldbuilding Dive > Finale Climax"
"exp_ip_arc_116_development","Forbidden Script Erasure: Development","3","ordered","ip_ip_arc_116","5","0.035","narr_politics > ip_arc_116 > v3_brokenstandard","Political Intrigue > Forbidden Script Erasure > The Broken Standard"
"exp_ip_arc_116_resolution","Forbidden Script Erasure: Resolution","4","ordered","ip_ip_arc_116","8","0.045","narr_politics > ip_arc_116 > narr_siege > v3_brokenstandard","Political Intrigue > Forbidden Script Erasure > Siege Arc > The Broken Standard"
"exp_ip_arc_117_development","Seven Labyrinths of Fortune: Development","3","ordered","ip_ip_arc_117","5","0.035","narr_foundfamily > ip_arc_117 > v3_chartedescape","Found Family > Seven Labyrinths of Fortune > The Charted Escape"
"exp_ip_arc_117_resolution","Seven Labyrinths of Fortune: Resolution","4","ordered","ip_ip_arc_117","8","0.045","narr_foundfamily > ip_arc_117 > narr_rescue > v3_chartedescape","Found Family > Seven Labyrinths of Fortune > Rescue Mission > The Charted Escape"
"exp_ip_arc_118_development","Borrowed Studio Duet: Development","3","ordered","ip_ip_arc_118","5","0.035","narr_quiet > ip_arc_118 > live","Quiet Character Episode > Borrowed Studio Duet > Idol Live"
"exp_ip_arc_118_resolution","Borrowed Studio Duet: Resolution","4","ordered","ip_ip_arc_118","8","0.045","narr_quiet > ip_arc_118 > idolfest > live","Quiet Character Episode > Borrowed Studio Duet > Idol Festival > Idol Live"
"exp_ip_arc_119_development","Cabaret Patron Triangle: Development","3","ordered","ip_ip_arc_119","5","0.035","narr_quiet > ip_arc_119 > live","Quiet Character Episode > Cabaret Patron Triangle > Idol Live"
"exp_ip_arc_119_resolution","Cabaret Patron Triangle: Resolution","4","ordered","ip_ip_arc_119","8","0.045","narr_quiet > ip_arc_119 > idolfest > live","Quiet Character Episode > Cabaret Patron Triangle > Idol Festival > Idol Live"
"exp_ip_arc_120_development","Tour Bus Truth Ledger: Development","3","ordered","ip_ip_arc_120","5","0.035","narr_quiet > ip_arc_120 > live","Quiet Character Episode > Tour Bus Truth Ledger > Idol Live"
"exp_ip_arc_120_resolution","Tour Bus Truth Ledger: Resolution","4","ordered","ip_ip_arc_120","8","0.045","narr_quiet > ip_arc_120 > idolfest > live","Quiet Character Episode > Tour Bus Truth Ledger > Idol Festival > Idol Live"
"exp_ip_arc_121_development","Recovered Disaster Footage: Development","3","ordered","ip_ip_arc_121","5","0.035","narr_foundfamily > ip_arc_121 > v3_chartedescape","Found Family > Recovered Disaster Footage > The Charted Escape"
"exp_ip_arc_121_resolution","Recovered Disaster Footage: Resolution","4","ordered","ip_ip_arc_121","8","0.045","narr_foundfamily > ip_arc_121 > narr_rescue > v3_chartedescape","Found Family > Recovered Disaster Footage > Rescue Mission > The Charted Escape"
"exp_ip_arc_122_development","Mutant City Redline: Development","3","ordered","ip_ip_arc_122","5","0.035","narr_politics > ip_arc_122 > v3_brokenstandard","Political Intrigue > Mutant City Redline > The Broken Standard"
"exp_ip_arc_122_resolution","Mutant City Redline: Resolution","4","ordered","ip_ip_arc_122","8","0.045","narr_politics > ip_arc_122 > narr_siege > v3_brokenstandard","Political Intrigue > Mutant City Redline > Siege Arc > The Broken Standard"
"exp_ip_arc_123_development","Chitin Planet Boot Camp: Development","3","ordered","ip_ip_arc_123","5","0.035","narr_politics > ip_arc_123 > v3_brokenstandard","Political Intrigue > Chitin Planet Boot Camp > The Broken Standard"
"exp_ip_arc_123_resolution","Chitin Planet Boot Camp: Resolution","4","ordered","ip_ip_arc_123","8","0.045","narr_politics > ip_arc_123 > narr_siege > v3_brokenstandard","Political Intrigue > Chitin Planet Boot Camp > Siege Arc > The Broken Standard"
"exp_ip_arc_124_development","Broken Heart Familiar Quest: Development","3","ordered","ip_ip_arc_124","5","0.035","g30_mt_firstbond > ip_arc_124 > g30_mt_releasechoice","The First Bond > Broken Heart Familiar Quest > Set Them Free"
"exp_ip_arc_124_resolution","Broken Heart Familiar Quest: Resolution","4","ordered","ip_ip_arc_124","8","0.045","g30_mt_firstbond > ip_arc_124 > g30_mt_evolutioncrisis > g30_mt_releasechoice","The First Bond > Broken Heart Familiar Quest > Evolution Crisis > Set Them Free"
"exp_ip_arc_125_development","Kinship Against the Blight: Development","3","ordered","ip_ip_arc_125","5","0.035","g30_mt_firstbond > ip_arc_125 > g30_mt_releasechoice","The First Bond > Kinship Against the Blight > Set Them Free"
"exp_ip_arc_125_resolution","Kinship Against the Blight: Resolution","4","ordered","ip_ip_arc_125","8","0.045","g30_mt_firstbond > ip_arc_125 > g30_mt_evolutioncrisis > g30_mt_releasechoice","The First Bond > Kinship Against the Blight > Evolution Crisis > Set Them Free"
"exp_ip_arc_126_development","Undead Workplace Exit: Development","3","ordered","ip_ip_arc_126","5","0.035","narr_slowburn > ip_arc_126 > confession","Slow-Burn Introduction > Undead Workplace Exit > Confession Episode"
"exp_ip_arc_126_resolution","Undead Workplace Exit: Resolution","4","ordered","ip_ip_arc_126","8","0.045","narr_slowburn > ip_arc_126 > narr_quiet > confession","Slow-Burn Introduction > Undead Workplace Exit > Quiet Character Episode > Confession Episode"
"exp_ip_arc_127_development","Paid Date Honest Confession: Development","3","ordered","ip_ip_arc_127","5","0.035","narr_slowburn > ip_arc_127 > confession","Slow-Burn Introduction > Paid Date Honest Confession > Confession Episode"
"exp_ip_arc_127_resolution","Paid Date Honest Confession: Resolution","4","ordered","ip_ip_arc_127","8","0.045","narr_slowburn > ip_arc_127 > narr_quiet > confession","Slow-Burn Introduction > Paid Date Honest Confession > Quiet Character Episode > Confession Episode"
"exp_ip_arc_128_development","Last Bell Rooftop Escape: Development","3","ordered","ip_ip_arc_128","5","0.035","narr_foundfamily > ip_arc_128 > v3_chartedescape","Found Family > Last Bell Rooftop Escape > The Charted Escape"
"exp_ip_arc_128_resolution","Last Bell Rooftop Escape: Resolution","4","ordered","ip_ip_arc_128","8","0.045","narr_foundfamily > ip_arc_128 > narr_rescue > v3_chartedescape","Found Family > Last Bell Rooftop Escape > Rescue Mission > The Charted Escape"
"exp_ip_arc_129_development","Travelling Troupe Blood Pact: Development","3","ordered","ip_ip_arc_129","5","0.035","narr_journey > ip_arc_129 > finale","Journey Arc > Travelling Troupe Blood Pact > Finale Climax"
"exp_ip_arc_129_resolution","Travelling Troupe Blood Pact: Resolution","4","ordered","ip_ip_arc_129","8","0.045","narr_journey > ip_arc_129 > lore > finale","Journey Arc > Travelling Troupe Blood Pact > Worldbuilding Dive > Finale Climax"
"exp_ip_arc_130_development","Month Without a Sunrise: Development","3","ordered","ip_ip_arc_130","5","0.035","narr_journey > ip_arc_130 > finale","Journey Arc > Month Without a Sunrise > Finale Climax"
"exp_ip_arc_130_resolution","Month Without a Sunrise: Resolution","4","ordered","ip_ip_arc_130","8","0.045","narr_journey > ip_arc_130 > lore > finale","Journey Arc > Month Without a Sunrise > Worldbuilding Dive > Finale Climax"
"exp_ip_arc_131_development","Chrome Cathedral Pursuit: Development","3","ordered","ip_ip_arc_131","5","0.035","narr_foundfamily > ip_arc_131 > v3_chartedescape","Found Family > Chrome Cathedral Pursuit > The Charted Escape"
"exp_ip_arc_131_resolution","Chrome Cathedral Pursuit: Resolution","4","ordered","ip_ip_arc_131","8","0.045","narr_foundfamily > ip_arc_131 > narr_rescue > v3_chartedescape","Found Family > Chrome Cathedral Pursuit > Rescue Mission > The Charted Escape"
"exp_ip_arc_132_development","Contradictory Tracker Testimony: Development","3","ordered","ip_ip_arc_132","5","0.035","case > ip_arc_132 > twist","Phantom Case > Contradictory Tracker Testimony > Tragic Twist"
"exp_ip_arc_132_resolution","Contradictory Tracker Testimony: Resolution","4","ordered","ip_ip_arc_132","8","0.045","case > ip_arc_132 > narr_pov > twist","Phantom Case > Contradictory Tracker Testimony > POV Switch > Tragic Twist"
"exp_ip_arc_133_development","Forgotten Author’s Double Life: Development","3","ordered","ip_ip_arc_133","5","0.035","case > ip_arc_133 > twist","Phantom Case > Forgotten Author’s Double Life > Tragic Twist"
"exp_ip_arc_133_resolution","Forgotten Author’s Double Life: Resolution","4","ordered","ip_ip_arc_133","8","0.045","case > ip_arc_133 > narr_pov > twist","Phantom Case > Forgotten Author’s Double Life > POV Switch > Tragic Twist"
"exp_ip_arc_134_development","Demigod Relic Road Trip: Development","3","ordered","ip_ip_arc_134","5","0.035","narr_journey > ip_arc_134 > finale","Journey Arc > Demigod Relic Road Trip > Finale Climax"
"exp_ip_arc_134_resolution","Demigod Relic Road Trip: Resolution","4","ordered","ip_ip_arc_134","8","0.045","narr_journey > ip_arc_134 > lore > finale","Journey Arc > Demigod Relic Road Trip > Worldbuilding Dive > Finale Climax"
"exp_ip_arc_135_development","Synthetic Witness Awakening: Development","3","ordered","ip_ip_arc_135","5","0.035","case > ip_arc_135 > twist","Phantom Case > Synthetic Witness Awakening > Tragic Twist"
"exp_ip_arc_135_resolution","Synthetic Witness Awakening: Resolution","4","ordered","ip_ip_arc_135","8","0.045","case > ip_arc_135 > narr_pov > twist","Phantom Case > Synthetic Witness Awakening > POV Switch > Tragic Twist"
"exp_ip_arc_136_development","Roadside Apocalypse Wards: Development","3","ordered","ip_ip_arc_136","5","0.035","narr_politics > ip_arc_136 > v3_brokenstandard","Political Intrigue > Roadside Apocalypse Wards > The Broken Standard"
"exp_ip_arc_136_resolution","Roadside Apocalypse Wards: Resolution","4","ordered","ip_ip_arc_136","8","0.045","narr_politics > ip_arc_136 > narr_siege > v3_brokenstandard","Political Intrigue > Roadside Apocalypse Wards > Siege Arc > The Broken Standard"
"exp_ip_arc_137_development","Realm Card Settlement Voyage: Development","3","ordered","ip_ip_arc_137","5","0.035","narr_foundfamily > ip_arc_137 > v3_chartedescape","Found Family > Realm Card Settlement Voyage > The Charted Escape"
"exp_ip_arc_137_resolution","Realm Card Settlement Voyage: Resolution","4","ordered","ip_ip_arc_137","8","0.045","narr_foundfamily > ip_arc_137 > narr_rescue > v3_chartedescape","Found Family > Realm Card Settlement Voyage > Rescue Mission > The Charted Escape"
"exp_family_0_4","Underdog Championship (4 arcs)","4","ordered","complete_0","8","0.045","narr_rivalintro > montage > tournament > finale","Rival Introduction > Training Montage > Tournament Arc > Finale Climax"
"exp_family_0_5","Underdog Championship (5 arcs)","5","ordered","complete_0","10","0.055","narr_rivalintro > narr_mentor > montage > tournament > finale","Rival Introduction > Mentor Arc > Training Montage > Tournament Arc > Finale Climax"
"exp_family_0_6","Underdog Championship (6 arcs)","6","ordered","complete_0","12","0.065","narr_rivalintro > narr_mentor > montage > tournament > v3_duelwithoutblades > finale","Rival Introduction > Mentor Arc > Training Montage > Tournament Arc > A Duel Without Blades > Finale Climax"
"exp_family_1_4","Defenders Become Family (4 arcs)","4","ordered","complete_1","8","0.045","narr_foundfamily > bootcamp > narr_siege > finale","Found Family > Boot Camp > Siege Arc > Finale Climax"
"exp_family_1_5","Defenders Become Family (5 arcs)","5","ordered","complete_1","10","0.055","narr_foundfamily > bootcamp > narr_politics > narr_siege > finale","Found Family > Boot Camp > Political Intrigue > Siege Arc > Finale Climax"
"exp_family_1_6","Defenders Become Family (6 arcs)","6","ordered","complete_1","12","0.065","narr_foundfamily > bootcamp > narr_politics > narr_siege > narr_sacrifice > finale","Found Family > Boot Camp > Political Intrigue > Siege Arc > Heroic Sacrifice > Finale Climax"
"exp_family_2_4","Perfect Job Falls Apart (4 arcs)","4","ordered","complete_2","8","0.045","g30_cr_heistblueprint > heist > narr_betrayal > v3_chartedescape","The Heist Blueprint > Heist Caper > Betrayal > The Charted Escape"
"exp_family_2_5","Perfect Job Falls Apart (5 arcs)","5","ordered","complete_2","10","0.055","g30_cr_heistblueprint > v3_silententry > heist > narr_betrayal > v3_chartedescape","The Heist Blueprint > The Silent Entry > Heist Caper > Betrayal > The Charted Escape"
"exp_family_2_6","Perfect Job Falls Apart (6 arcs)","6","ordered","complete_2","12","0.065","g30_cr_heistblueprint > v3_silententry > heist > narr_betrayal > v3_chartedescape > finale","The Heist Blueprint > The Silent Entry > Heist Caper > Betrayal > The Charted Escape > Finale Climax"
"exp_family_3_4","Life Beyond Revenge (4 arcs)","4","ordered","complete_3","8","0.045","narr_revenge > v3_crossroadsduel > redemption > finale","Revenge Arc > Duel at the Crossing > Villain Redemption > Finale Climax"
"exp_family_3_5","Life Beyond Revenge (5 arcs)","5","ordered","complete_3","10","0.055","origin > narr_revenge > v3_crossroadsduel > redemption > finale","Villain Origin > Revenge Arc > Duel at the Crossing > Villain Redemption > Finale Climax"
"exp_family_3_6","Life Beyond Revenge (6 arcs)","6","ordered","complete_3","12","0.065","origin > narr_revenge > v3_crossroadsduel > narr_quiet > redemption > finale","Villain Origin > Revenge Arc > Duel at the Crossing > Quiet Character Episode > Villain Redemption > Finale Climax"
"exp_family_4_4","Truth Has Many Witnesses (4 arcs)","4","ordered","complete_4","8","0.045","case > narr_pov > narr_villainreveal > twist","Phantom Case > POV Switch > Villain Reveal > Tragic Twist"
"exp_family_4_5","Truth Has Many Witnesses (5 arcs)","5","ordered","complete_4","10","0.055","hook > case > narr_pov > narr_villainreveal > twist","Cold Open Hook > Phantom Case > POV Switch > Villain Reveal > Tragic Twist"
"exp_family_4_6","Truth Has Many Witnesses (6 arcs)","6","ordered","complete_4","12","0.065","hook > case > narr_pov > directorscut > narr_villainreveal > twist","Cold Open Hook > Phantom Case > POV Switch > Director's Cut > Villain Reveal > Tragic Twist"
"exp_family_5_4","Family Breaks the Curse (4 arcs)","4","ordered","complete_5","8","0.045","narr_foundfamily > narr_secretid > transformation > confession","Found Family > Secret Identity > Transformation Test > Confession Episode"
"exp_family_5_5","Family Breaks the Curse (5 arcs)","5","ordered","complete_5","10","0.055","narr_slowburn > narr_foundfamily > narr_secretid > transformation > confession","Slow-Burn Introduction > Found Family > Secret Identity > Transformation Test > Confession Episode"
"exp_family_5_6","Family Breaks the Curse (6 arcs)","6","ordered","complete_5","12","0.065","narr_slowburn > narr_foundfamily > narr_secretid > transformation > narr_quiet > confession","Slow-Burn Introduction > Found Family > Secret Identity > Transformation Test > Quiet Character Episode > Confession Episode"
"exp_family_6_4","A Race Worth Returning To (4 arcs)","4","ordered","complete_6","8","0.045","narr_rivalintro > montage > grandprix > finale","Rival Introduction > Training Montage > Grand Prix > Finale Climax"
"exp_family_6_5","A Race Worth Returning To (5 arcs)","5","ordered","complete_6","10","0.055","narr_rivalintro > montage > grandprix > timeskip > finale","Rival Introduction > Training Montage > Grand Prix > Timeskip Reboot > Finale Climax"
"exp_family_6_6","A Race Worth Returning To (6 arcs)","6","ordered","complete_6","12","0.065","narr_rivalintro > montage > grandprix > timeskip > v3_duelwithoutblades > finale","Rival Introduction > Training Montage > Grand Prix > Timeskip Reboot > A Duel Without Blades > Finale Climax"
"exp_family_7_4","The Last Safe Harbour (4 arcs)","4","ordered","complete_7","8","0.045","narr_explore > v3_winterharbour > narr_siege > v3_chartedescape","Exploration Expedition > Winter Harbour > Siege Arc > The Charted Escape"
"exp_family_7_5","The Last Safe Harbour (5 arcs)","5","ordered","complete_7","10","0.055","narr_explore > v3_winterharbour > vg_lastgoodmeal > narr_siege > v3_chartedescape","Exploration Expedition > Winter Harbour > The Last Good Meal > Siege Arc > The Charted Escape"
"exp_family_7_6","The Last Safe Harbour (6 arcs)","6","ordered","complete_7","12","0.065","narr_explore > v3_winterharbour > vg_lastgoodmeal > narr_siege > v3_chartedescape > graduation","Exploration Expedition > Winter Harbour > The Last Good Meal > Siege Arc > The Charted Escape > Graduation Arc"
"exp_family_8_4","A Meal That Changes the House (4 arcs)","4","ordered","complete_8","8","0.045","narr_mentor > cookingbattle > v3_sharedtable > confession","Mentor Arc > Cooking Battle > The Shared Table > Confession Episode"
"exp_family_8_5","A Meal That Changes the House (5 arcs)","5","ordered","complete_8","10","0.055","narr_mentor > cookingbattle > narr_rivalintro > v3_sharedtable > confession","Mentor Arc > Cooking Battle > Rival Introduction > The Shared Table > Confession Episode"
"exp_family_8_6","A Meal That Changes the House (6 arcs)","6","ordered","complete_8","12","0.065","narr_mentor > cookingbattle > narr_rivalintro > v3_sharedtable > narr_quiet > confession","Mentor Arc > Cooking Battle > Rival Introduction > The Shared Table > Quiet Character Episode > Confession Episode"
"exp_family_9_4","The Hunter and the Hunted (4 arcs)","4","ordered","complete_9","8","0.045","vg_hunterswarrant > case > vg_falseheartbeat > vg_crimsontruce","The Hunter's Warrant > Phantom Case > The False Heartbeat > Crimson Truce"
"exp_family_9_5","The Hunter and the Hunted (5 arcs)","5","ordered","complete_9","10","0.055","vg_hunterswarrant > ghosthunt > case > vg_falseheartbeat > vg_crimsontruce","The Hunter's Warrant > Ghost Hunt > Phantom Case > The False Heartbeat > Crimson Truce"
"exp_family_9_6","The Hunter and the Hunted (6 arcs)","6","ordered","complete_9","12","0.065","vg_hunterswarrant > ghosthunt > case > vg_falseheartbeat > vg_crimsontruce > redemption","The Hunter's Warrant > Ghost Hunt > Phantom Case > The False Heartbeat > Crimson Truce > Villain Redemption"
"exp_family_10_4","The City and Its Creature (4 arcs)","4","ordered","complete_10","8","0.045","g30_kj_firstsiren > g30_kj_hatchling > g30_kj_evacline > g30_x_colossusbond","The First Siren > The Hatchling > The Evacuation Line > Bond With a Colossus"
"exp_family_10_5","The City and Its Creature (5 arcs)","5","ordered","complete_10","10","0.055","g30_kj_firstsiren > g30_kj_ecology > g30_kj_hatchling > g30_kj_evacline > g30_x_colossusbond","The First Siren > Monster Ecology > The Hatchling > The Evacuation Line > Bond With a Colossus"
"exp_family_10_6","The City and Its Creature (6 arcs)","6","ordered","complete_10","12","0.065","g30_kj_firstsiren > g30_kj_ecology > g30_kj_hatchling > g30_kj_evacline > g30_x_colossusbond > finale","The First Siren > Monster Ecology > The Hatchling > The Evacuation Line > Bond With a Colossus > Finale Climax"
"exp_family_11_4","The Bargain Without a Master (4 arcs)","4","ordered","complete_11","8","0.045","g30_ar_caravanoath > g30_ar_djinnbargain > g30_ar_lostcity > g30_ar_masterlesslamp","Caravan Oath > The Djinn Bargain > The Lost City > The Masterless Lamp"
"exp_family_11_5","The Bargain Without a Master (5 arcs)","5","ordered","complete_11","10","0.055","g30_ar_caravanoath > g30_ar_djinnbargain > g30_ar_lostcity > g30_ar_desertduel > g30_ar_masterlesslamp","Caravan Oath > The Djinn Bargain > The Lost City > Duel at High Sun > The Masterless Lamp"
"exp_family_11_6","The Bargain Without a Master (6 arcs)","6","ordered","complete_11","12","0.065","g30_ar_caravanoath > g30_ar_djinnbargain > g30_ar_lostcity > g30_ar_desertduel > g30_ar_masterlesslamp > narr_quiet","Caravan Oath > The Djinn Bargain > The Lost City > Duel at High Sun > The Masterless Lamp > Quiet Character Episode"
"exp_family_12_4","The Crown Costs Everything (4 arcs)","4","ordered","complete_12","8","0.045","ip_arc_101 > narr_politics > v3_brokenstandard > finale","Ember Succession Campaign > Political Intrigue > The Broken Standard > Finale Climax"
"exp_family_12_5","The Crown Costs Everything (5 arcs)","5","ordered","complete_12","10","0.055","narr_mentor > ip_arc_101 > narr_politics > v3_brokenstandard > finale","Mentor Arc > Ember Succession Campaign > Political Intrigue > The Broken Standard > Finale Climax"
"exp_family_12_6","The Crown Costs Everything (6 arcs)","6","ordered","complete_12","12","0.065","narr_mentor > ip_arc_101 > narr_politics > narr_betrayal > v3_brokenstandard > finale","Mentor Arc > Ember Succession Campaign > Political Intrigue > Betrayal > The Broken Standard > Finale Climax"
"exp_family_13_4","Liberation Beyond Victory (4 arcs)","4","ordered","complete_13","8","0.045","narr_foundfamily > ip_arc_102 > narr_siege > finale","Found Family > Mercenary Liberation March > Siege Arc > Finale Climax"
"exp_family_13_5","Liberation Beyond Victory (5 arcs)","5","ordered","complete_13","10","0.055","narr_foundfamily > ip_arc_102 > narr_siege > narr_falsewin > finale","Found Family > Mercenary Liberation March > Siege Arc > False Victory > Finale Climax"
"exp_family_13_6","Liberation Beyond Victory (6 arcs)","6","ordered","complete_13","12","0.065","narr_foundfamily > ip_arc_102 > narr_siege > narr_falsewin > narr_sacrifice > finale","Found Family > Mercenary Liberation March > Siege Arc > False Victory > Heroic Sacrifice > Finale Climax"
"exp_family_14_4","The Band Finds Its Voice (4 arcs)","4","ordered","complete_14","8","0.045","ip_arc_103 > narr_quiet > live > graduation","Basement Band Breakthrough > Quiet Character Episode > Idol Live > Graduation Arc"
"exp_family_14_5","The Band Finds Its Voice (5 arcs)","5","ordered","complete_14","10","0.055","narr_rivalintro > ip_arc_103 > narr_quiet > live > graduation","Rival Introduction > Basement Band Breakthrough > Quiet Character Episode > Idol Live > Graduation Arc"
"exp_family_14_6","The Band Finds Its Voice (6 arcs)","6","ordered","complete_14","12","0.065","narr_rivalintro > ip_arc_103 > narr_quiet > idolfest > live > graduation","Rival Introduction > Basement Band Breakthrough > Quiet Character Episode > Idol Festival > Idol Live > Graduation Arc"
"exp_family_15_4","Who Owns Your Mind (4 arcs)","4","ordered","complete_15","8","0.045","narr_secretid > ip_arc_108 > ip_arc_135 > finale","Secret Identity > Stolen Mind Heist > Synthetic Witness Awakening > Finale Climax"
"exp_family_15_5","Who Owns Your Mind (5 arcs)","5","ordered","complete_15","10","0.055","narr_secretid > g30_cr_heistblueprint > ip_arc_108 > ip_arc_135 > finale","Secret Identity > The Heist Blueprint > Stolen Mind Heist > Synthetic Witness Awakening > Finale Climax"
"exp_family_15_6","Who Owns Your Mind (6 arcs)","6","ordered","complete_15","12","0.065","narr_secretid > g30_cr_heistblueprint > ip_arc_108 > narr_betrayal > ip_arc_135 > finale","Secret Identity > The Heist Blueprint > Stolen Mind Heist > Betrayal > Synthetic Witness Awakening > Finale Climax"
"exp_family_16_4","Partner Not Weapon (4 arcs)","4","ordered","complete_16","8","0.045","g30_mt_firstbond > ip_arc_114 > g30_mt_evolutioncrisis > g30_mt_releasechoice","The First Bond > Partner Evolution Homecoming > Evolution Crisis > Set Them Free"
"exp_family_16_5","Partner Not Weapon (5 arcs)","5","ordered","complete_16","10","0.055","g30_mt_firstbond > g30_mt_rivaltamer > ip_arc_114 > g30_mt_evolutioncrisis > g30_mt_releasechoice","The First Bond > Rival Tamer > Partner Evolution Homecoming > Evolution Crisis > Set Them Free"
"exp_family_16_6","Partner Not Weapon (6 arcs)","6","ordered","complete_16","12","0.065","g30_mt_firstbond > g30_mt_rivaltamer > ip_arc_114 > g30_mt_evolutioncrisis > g30_mt_releasechoice > finale","The First Bond > Rival Tamer > Partner Evolution Homecoming > Evolution Crisis > Set Them Free > Finale Climax"
"exp_family_17_4","The Expedition Changes Everyone (4 arcs)","4","ordered","complete_17","8","0.045","narr_explore > ip_arc_105 > g30_ch_geometrybreaks > v3_chartedescape","Exploration Expedition > Contaminated Expedition > When Geometry Breaks > The Charted Escape"
"exp_family_17_5","The Expedition Changes Everyone (5 arcs)","5","ordered","complete_17","10","0.055","narr_explore > ip_arc_105 > lore > g30_ch_geometrybreaks > v3_chartedescape","Exploration Expedition > Contaminated Expedition > Worldbuilding Dive > When Geometry Breaks > The Charted Escape"
"exp_family_17_6","The Expedition Changes Everyone (6 arcs)","6","ordered","complete_17","12","0.065","narr_explore > ip_arc_105 > lore > g30_ch_geometrybreaks > g30_ch_sanitybargain > v3_chartedescape","Exploration Expedition > Contaminated Expedition > Worldbuilding Dive > When Geometry Breaks > A Bargain With Sanity > The Charted Escape"
"exp_family_18_4","Blood Contract Reckoning (4 arcs)","4","ordered","complete_18","8","0.045","narr_journey > ip_arc_115 > case > redemption","Journey Arc > Lynx School Blood Contract > Phantom Case > Villain Redemption"
"exp_family_18_5","Blood Contract Reckoning (5 arcs)","5","ordered","complete_18","10","0.055","narr_journey > ip_arc_115 > case > narr_villainreveal > redemption","Journey Arc > Lynx School Blood Contract > Phantom Case > Villain Reveal > Villain Redemption"
"exp_family_18_6","Blood Contract Reckoning (6 arcs)","6","ordered","complete_18","12","0.065","narr_journey > ip_arc_115 > case > narr_villainreveal > v3_duelwithoutblades > redemption","Journey Arc > Lynx School Blood Contract > Phantom Case > Villain Reveal > A Duel Without Blades > Villain Redemption"
"exp_family_19_4","Until the Sun Returns (4 arcs)","4","ordered","complete_19","8","0.045","hook > ip_arc_130 > narr_survival > v3_chartedescape","Cold Open Hook > Month Without a Sunrise > Survival Game > The Charted Escape"
"exp_family_19_5","Until the Sun Returns (5 arcs)","5","ordered","complete_19","10","0.055","hook > ip_arc_130 > vg_daybreaksiege > narr_survival > v3_chartedescape","Cold Open Hook > Month Without a Sunrise > Daybreak Siege > Survival Game > The Charted Escape"
"exp_family_19_6","Until the Sun Returns (6 arcs)","6","ordered","complete_19","12","0.065","hook > ip_arc_130 > vg_daybreaksiege > narr_survival > narr_sacrifice > v3_chartedescape","Cold Open Hook > Month Without a Sunrise > Daybreak Siege > Survival Game > Heroic Sacrifice > The Charted Escape"
"exp_family_20_4","The Troupe Becomes Home (4 arcs)","4","ordered","complete_20","8","0.045","ip_arc_129 > vg_midnightencore > narr_quiet > narr_foundfamily","Travelling Troupe Blood Pact > Midnight Encore > Quiet Character Episode > Found Family"
"exp_family_20_5","The Troupe Becomes Home (5 arcs)","5","ordered","complete_20","10","0.055","narr_slowburn > ip_arc_129 > vg_midnightencore > narr_quiet > narr_foundfamily","Slow-Burn Introduction > Travelling Troupe Blood Pact > Midnight Encore > Quiet Character Episode > Found Family"
"exp_family_20_6","The Troupe Becomes Home (6 arcs)","6","ordered","complete_20","12","0.065","narr_slowburn > ip_arc_129 > vg_midnightencore > narr_secretid > narr_quiet > narr_foundfamily","Slow-Burn Introduction > Travelling Troupe Blood Pact > Midnight Encore > Secret Identity > Quiet Character Episode > Found Family"
"exp_family_21_4","A Settlement Beyond the Map (4 arcs)","4","ordered","complete_21","8","0.045","narr_explore > ip_arc_137 > expansion > graduation","Exploration Expedition > Realm Card Settlement Voyage > Studio Expansion Arc > Graduation Arc"
"exp_family_21_5","A Settlement Beyond the Map (5 arcs)","5","ordered","complete_21","10","0.055","narr_explore > ip_arc_137 > lore > expansion > graduation","Exploration Expedition > Realm Card Settlement Voyage > Worldbuilding Dive > Studio Expansion Arc > Graduation Arc"
"exp_family_21_6","A Settlement Beyond the Map (6 arcs)","6","ordered","complete_21","12","0.065","narr_explore > ip_arc_137 > lore > expansion > v3_sharedtable > graduation","Exploration Expedition > Realm Card Settlement Voyage > Worldbuilding Dive > Studio Expansion Arc > The Shared Table > Graduation Arc"
"exp_family_22_4","The Record of a Disaster (4 arcs)","4","ordered","complete_22","8","0.045","hook > ip_arc_121 > narr_pov > twist","Cold Open Hook > Recovered Disaster Footage > POV Switch > Tragic Twist"
"exp_family_22_5","The Record of a Disaster (5 arcs)","5","ordered","complete_22","10","0.055","hook > ip_arc_121 > narr_pov > g30_kj_ecology > twist","Cold Open Hook > Recovered Disaster Footage > POV Switch > Monster Ecology > Tragic Twist"
"exp_family_22_6","The Record of a Disaster (6 arcs)","6","ordered","complete_22","12","0.065","hook > ip_arc_121 > narr_pov > g30_kj_ecology > twist > v3_lastbroadcast","Cold Open Hook > Recovered Disaster Footage > POV Switch > Monster Ecology > Tragic Twist > The Last Broadcast"
"exp_family_23_4","The Road Through the Apocalypse (4 arcs)","4","ordered","complete_23","8","0.045","narr_foundfamily > ip_arc_136 > narr_rescue > finale","Found Family > Roadside Apocalypse Wards > Rescue Mission > Finale Climax"
"exp_family_23_5","The Road Through the Apocalypse (5 arcs)","5","ordered","complete_23","10","0.055","narr_foundfamily > ip_arc_136 > ghosthunt > narr_rescue > finale","Found Family > Roadside Apocalypse Wards > Ghost Hunt > Rescue Mission > Finale Climax"
"exp_family_23_6","The Road Through the Apocalypse (6 arcs)","6","ordered","complete_23","12","0.065","narr_foundfamily > ip_arc_136 > ghosthunt > narr_rescue > narr_sacrifice > finale","Found Family > Roadside Apocalypse Wards > Ghost Hunt > Rescue Mission > Heroic Sacrifice > Finale Climax"
