id,name,epithet,role,roleLabel,type,visibleAff,hiddenAff,pairEdges,existingGapsSupplied,firstAssignedGaps,archetype,personality,gender,species,ageBand,culturalBasis,visualConcept,costumeNotes,poseAction,backgroundConcept,portraitPrompt,spoilerConstraints,img,status,productionAdaptation
cv3_lead_001,Hajime Suda,The Laughing Banquet,protag,Lead,shonen,"[""comedy"", ""cooking""]",pirate,"[""comedy|cooking"", ""comedy|pirate"", ""cooking|pirate""]","[""comedy|cooking"", ""comedy|pirate"", ""cooking|pirate""]","[""comedy|cooking"", ""comedy|pirate"", ""cooking|pirate""]",misrule performer caught in a cooking conflict,Keeps every promise in a pocket ledger. Chooses responsibility over the easy victory.,male,human,20–29,"Japanese fictional setting; costume follows the visible genre setting, not a claim of historical authenticity","male adult with short tousled black hair, warm brown skin; misrule performer caught in a cooking conflict",saffron jacket with an asymmetric cuff; a restrained secondary cue from rolled sleeves and a burgundy cross-back apron,"pivoting into the light with a determined sideways glance, a folding fan caught mid-flourish",a festival rehearsal courtyard; secondary environment cue: a tiled open kitchen beside a market,"One standalone square premium anime game portrait. Subject: male adult with short tousled black hair, warm brown skin; misrule performer caught in a cooking conflict. Costume: saffron jacket with an asymmetric cuff; a restrained secondary cue from rolled sleeves and a burgundy cross-back apron. Action: pivoting into the light with a determined sideways glance, a folding fan caught mid-flourish. Setting: a festival rehearsal courtyard; secondary environment cue: a tiled open kitchen beside a market. Exactly one main character, face clear; rich painted material light and fine anime contours matching audited current cast; strong diagonal composition, warm focal light, cooler background depth; no text, logos, labels, UI or borders. Only depict the two visible concepts comedy and cooking. No robots, mechs, powered armour or cockpit. No katana or samurai clan costume. No ninja costume or covert-clan insignia.","Hidden affinity pirate is internal metadata only: do not name, draw or hint at it in public art or epithet. Secondary cues must remain within visible affinities.",cast/v3/cv3_lead_001.webp,ART_EXPORTED_ASSET_QC_COMPLETE_ENGINE_REVIEW_PENDING,
cv3_lead_002,Nao Suda,Supper Among Stars,protag,Lead,shonen,"[""cooking"", ""space""]",comedy,"[""comedy|cooking"", ""comedy|space"", ""cooking|space""]","[""comedy|cooking"", ""comedy|space"", ""cooking|space""]","[""comedy|space"", ""cooking|space""]",culinary challenger caught in a space conflict,Repairs things while thinking through an apology. Chooses responsibility over the easy victory.,female,human,30–39,"Japanese fictional setting; costume follows the visible genre setting, not a claim of historical authenticity","female adult with chestnut bob with a side clip, deep brown skin; culinary challenger caught in a space conflict",rolled sleeves and a burgundy cross-back apron; a restrained secondary cue from white-and-navy pressure-suit layers with orange seals,"taking one measured step toward the viewer, a steaming pan tilted into the light",a tiled open kitchen beside a market; secondary environment cue: a station observation deck overlooking a planet,"One standalone square premium anime game portrait. Subject: female adult with chestnut bob with a side clip, deep brown skin; culinary challenger caught in a space conflict. Costume: rolled sleeves and a burgundy cross-back apron; a restrained secondary cue from white-and-navy pressure-suit layers with orange seals. Action: taking one measured step toward the viewer, a steaming pan tilted into the light. Setting: a tiled open kitchen beside a market; secondary environment cue: a station observation deck overlooking a planet. Exactly one main character, face clear; rich painted material light and fine anime contours matching audited current cast; strong diagonal composition, warm focal light, cooler background depth; no text, logos, labels, UI or borders. Only depict the two visible concepts cooking and space. No robots, mechs, powered armour or cockpit. No katana or samurai clan costume. No ninja costume or covert-clan insignia.","Hidden affinity comedy is internal metadata only: do not name, draw or hint at it in public art or epithet. Secondary cues must remain within visible affinities.",cast/v3/cv3_lead_002.webp,ART_EXPORTED_ASSET_QC_COMPLETE_ENGINE_REVIEW_PENDING,
cv3_lead_003,Isamu Kishi,The Vanishing Punchline,protag,Lead,shonen,"[""shinobi"", ""comedy""]",magical,"[""comedy|magical"", ""comedy|shinobi"", ""magical|shinobi""]","[""comedy|magical"", ""comedy|shinobi"", ""magical|shinobi""]","[""comedy|magical"", ""comedy|shinobi"", ""magical|shinobi""]",covert operative refusing a disposable mission caught in a comedy conflict,Asks the quietest person for their view first. Chooses responsibility over the easy victory.,male,human,40–49,"Japanese fictional setting; costume follows the visible genre setting, not a claim of historical authenticity","male adult with close-cropped dark hair with a shaved part, light warm skin; covert operative refusing a disposable mission caught in a comedy conflict","smoke-blue fitted field layers, cloth wraps and a compact tool pouch; a restrained secondary cue from saffron jacket with an asymmetric cuff","turning sharply as fabric trails behind, a climbing cord and compact grappling hook",a tiled roof above a guarded archive at dusk; secondary environment cue: a festival rehearsal courtyard,"One standalone square premium anime game portrait. Subject: male adult with close-cropped dark hair with a shaved part, light warm skin; covert operative refusing a disposable mission caught in a comedy conflict. Costume: smoke-blue fitted field layers, cloth wraps and a compact tool pouch; a restrained secondary cue from saffron jacket with an asymmetric cuff. Action: turning sharply as fabric trails behind, a climbing cord and compact grappling hook. Setting: a tiled roof above a guarded archive at dusk; secondary environment cue: a festival rehearsal courtyard. Exactly one main character, face clear; rich painted material light and fine anime contours matching audited current cast; strong diagonal composition, warm focal light, cooler background depth; no text, logos, labels, UI or borders. Only depict the two visible concepts shinobi and comedy. Show covert positioning, a cord/tool pouch or stealth route; no branded headband or franchise symbols. No robots, mechs, powered armour or cockpit. No katana or samurai clan costume.","Hidden affinity magical is internal metadata only: do not name, draw or hint at it in public art or epithet. Secondary cues must remain within visible affinities.",cast/v3/cv3_lead_003.webp,ART_EXPORTED_ASSET_QC_COMPLETE_ENGINE_REVIEW_PENDING,
cv3_lead_004,Chiyo Kishi,Laughing Steel,protag,Lead,shonen,"[""mecha"", ""comedy""]",sports,"[""comedy|mecha"", ""comedy|sports"", ""mecha|sports""]","[""comedy|mecha"", ""comedy|sports"", ""mecha|sports""]","[""comedy|mecha"", ""comedy|sports"", ""mecha|sports""]",test-rig pilot caught in a comedy conflict,Practises difficult conversations before dawn. Chooses responsibility over the easy victory.,female,human,20–29,"Japanese fictional setting; costume follows the visible genre setting, not a claim of historical authenticity","female adult with long black braid, olive skin; test-rig pilot caught in a comedy conflict",practical flight suit with harness and work gloves; a restrained secondary cue from saffron jacket with an asymmetric cuff,"kneeling to inspect an important detail, a cockpit control grip",an open cockpit with a large mech shoulder in the hangar beyond; secondary environment cue: a festival rehearsal courtyard,"One standalone square premium anime game portrait. Subject: female adult with long black braid, olive skin; test-rig pilot caught in a comedy conflict. Costume: practical flight suit with harness and work gloves; a restrained secondary cue from saffron jacket with an asymmetric cuff. Action: kneeling to inspect an important detail, a cockpit control grip. Setting: an open cockpit with a large mech shoulder in the hangar beyond; secondary environment cue: a festival rehearsal courtyard. Exactly one main character, face clear; rich painted material light and fine anime contours matching audited current cast; strong diagonal composition, warm focal light, cooler background depth; no text, logos, labels, UI or borders. Only depict the two visible concepts mecha and comedy. Show unmistakable functional cockpit, mech shoulder or support rig; keep the character as the focus. No katana or samurai clan costume. No ninja costume or covert-clan insignia.","Hidden affinity sports is internal metadata only: do not name, draw or hint at it in public art or epithet. Secondary cues must remain within visible affinities.",cast/v3/cv3_lead_004.webp,ART_EXPORTED_ASSET_QC_COMPLETE_ENGINE_REVIEW_PENDING,
cv3_lead_005,Renzo Naruse,Witness Under Fire,protag,Lead,shonen,"[""military"", ""mystery""]",comedy,"[""comedy|military"", ""comedy|mystery"", ""military|mystery""]","[""comedy|military"", ""comedy|mystery"", ""military|mystery""]","[""comedy|military"", ""comedy|mystery"", ""military|mystery""]",officer protecting a divided unit caught in a mystery conflict,Remembers kindness longer than insults. Chooses responsibility over the easy victory.,male,human,20–29,"Japanese fictional setting; costume follows the visible genre setting, not a claim of historical authenticity","male adult with silver-streaked swept-back hair, warm brown skin; officer protecting a divided unit caught in a mystery conflict",olive field jacket with blank unit tabs and practical boots; a restrained secondary cue from slate tailored coat with a mustard scarf,"bracing against a gust with steady eye contact, a folded unlettered field map",a floodlit logistics yard with supply vehicles; secondary environment cue: a rainlit archive doorway,"One standalone square premium anime game portrait. Subject: male adult with silver-streaked swept-back hair, warm brown skin; officer protecting a divided unit caught in a mystery conflict. Costume: olive field jacket with blank unit tabs and practical boots; a restrained secondary cue from slate tailored coat with a mustard scarf. Action: bracing against a gust with steady eye contact, a folded unlettered field map. Setting: a floodlit logistics yard with supply vehicles; secondary environment cue: a rainlit archive doorway. Exactly one main character, face clear; rich painted material light and fine anime contours matching audited current cast; strong diagonal composition, warm focal light, cooler background depth; no text, logos, labels, UI or borders. Only depict the two visible concepts military and mystery. No robots, mechs, powered armour or cockpit. No katana or samurai clan costume. No ninja costume or covert-clan insignia.","Hidden affinity comedy is internal metadata only: do not name, draw or hint at it in public art or epithet. Secondary cues must remain within visible affinities.",cast/v3/cv3_lead_005.webp,ART_EXPORTED_ASSET_QC_COMPLETE_ENGINE_REVIEW_PENDING,
cv3_lead_006,Ayame Naruse,Small Everyday Wonders,protag,Lead,shonen,"[""slice"", ""comedy""]",romance,"[""comedy|romance"", ""comedy|slice"", ""romance|slice""]","[""comedy|romance"", ""comedy|slice"", ""romance|slice""]","[""comedy|romance"", ""comedy|slice"", ""romance|slice""]",neighbour holding a community together caught in a comedy conflict,Cannot resist improving a badly made plan. Chooses responsibility over the easy victory.,female,human,30–39,"Japanese fictional setting; costume follows the visible genre setting, not a claim of historical authenticity","female adult with dark auburn wavy shoulder-length hair, deep brown skin; neighbour holding a community together caught in a comedy conflict","moss cardigan, canvas trousers and comfortable shoes; a restrained secondary cue from saffron jacket with an asymmetric cuff","leaning over a low rail while extending the main prop, a ceramic mug and a small notebook without writing",a sunlit neighbourhood courtyard; secondary environment cue: a festival rehearsal courtyard,"One standalone square premium anime game portrait. Subject: female adult with dark auburn wavy shoulder-length hair, deep brown skin; neighbour holding a community together caught in a comedy conflict. Costume: moss cardigan, canvas trousers and comfortable shoes; a restrained secondary cue from saffron jacket with an asymmetric cuff. Action: leaning over a low rail while extending the main prop, a ceramic mug and a small notebook without writing. Setting: a sunlit neighbourhood courtyard; secondary environment cue: a festival rehearsal courtyard. Exactly one main character, face clear; rich painted material light and fine anime contours matching audited current cast; strong diagonal composition, warm focal light, cooler background depth; no text, logos, labels, UI or borders. Only depict the two visible concepts slice and comedy. No robots, mechs, powered armour or cockpit. No katana or samurai clan costume. No ninja costume or covert-clan insignia.","Hidden affinity romance is internal metadata only: do not name, draw or hint at it in public art or epithet. Secondary cues must remain within visible affinities.",cast/v3/cv3_lead_006.webp,ART_EXPORTED_ASSET_QC_COMPLETE_ENGINE_REVIEW_PENDING,
cv3_lead_007,Toma Teshima,The Grinning Ronin,protag,Lead,shonen,"[""samurai"", ""comedy""]",supernatural,"[""comedy|samurai"", ""comedy|supernatural"", ""samurai|supernatural""]","[""comedy|samurai"", ""comedy|supernatural"", ""samurai|supernatural""]","[""comedy|samurai"", ""comedy|supernatural"", ""samurai|supernatural""]",ronin questioning a sworn duty caught in a comedy conflict,"Laughs when nervous, then does the difficult thing. Chooses responsibility over the easy victory.",male,human,40–49,"Japanese fictional setting; costume follows the visible genre setting, not a claim of historical authenticity","male adult with curly dark hair, light warm skin; ronin questioning a sworn duty caught in a comedy conflict",muted ochre haori over indigo hakama with a plain clan clasp; a restrained secondary cue from saffron jacket with an asymmetric cuff,"moving laterally across the scene in a controlled stride, a sheathed katana with visible hilt",a feudal gatehouse with a windswept stone approach; secondary environment cue: a festival rehearsal courtyard,"One standalone square premium anime game portrait. Subject: male adult with curly dark hair, light warm skin; ronin questioning a sworn duty caught in a comedy conflict. Costume: muted ochre haori over indigo hakama with a plain clan clasp; a restrained secondary cue from saffron jacket with an asymmetric cuff. Action: moving laterally across the scene in a controlled stride, a sheathed katana with visible hilt. Setting: a feudal gatehouse with a windswept stone approach; secondary environment cue: a festival rehearsal courtyard. Exactly one main character, face clear; rich painted material light and fine anime contours matching audited current cast; strong diagonal composition, warm focal light, cooler background depth; no text, logos, labels, UI or borders. Only depict the two visible concepts samurai and comedy. Show a sheathed or carefully controlled sword, haori/hakama or retainer cue appropriate to the subject; no generic ninja substitution. No robots, mechs, powered armour or cockpit. No ninja costume or covert-clan insignia.","Hidden affinity supernatural is internal metadata only: do not name, draw or hint at it in public art or epithet. Secondary cues must remain within visible affinities.",cast/v3/cv3_lead_007.webp,ART_EXPORTED_ASSET_QC_COMPLETE_ENGINE_REVIEW_PENDING,
cv3_lead_008,Eri Teshima,Neon Afterlife,protag,Lead,shonen,"[""cyber"", ""supernatural""]",cooking,"[""cooking|cyber"", ""cooking|supernatural"", ""cyber|supernatural""]","[""cooking|cyber"", ""cooking|supernatural"", ""cyber|supernatural""]","[""cooking|cyber"", ""cooking|supernatural"", ""cyber|supernatural""]",network whistleblower caught in a supernatural conflict,Collects small gifts for people far from home. Chooses responsibility over the easy victory.,female,human,20–29,"Japanese fictional setting; costume follows the visible genre setting, not a claim of historical authenticity","female adult with short asymmetric brown cut, olive skin; network whistleblower caught in a supernatural conflict",graphite utility coat with restrained teal seams; a restrained secondary cue from deep-violet everyday layers with pale cord fastenings,"standing calmly while the environment moves around them, a handheld diagnostic slate",a rainlit cable-lined transit arcade; secondary environment cue: an old city lane with subtle impossible reflections,"One standalone square premium anime game portrait. Subject: female adult with short asymmetric brown cut, olive skin; network whistleblower caught in a supernatural conflict. Costume: graphite utility coat with restrained teal seams; a restrained secondary cue from deep-violet everyday layers with pale cord fastenings. Action: standing calmly while the environment moves around them, a handheld diagnostic slate. Setting: a rainlit cable-lined transit arcade; secondary environment cue: an old city lane with subtle impossible reflections. Exactly one main character, face clear; rich painted material light and fine anime contours matching audited current cast; strong diagonal composition, warm focal light, cooler background depth; no text, logos, labels, UI or borders. Only depict the two visible concepts cyber and supernatural. No robots, mechs, powered armour or cockpit. No katana or samurai clan costume. No ninja costume or covert-clan insignia.","Hidden affinity cooking is internal metadata only: do not name, draw or hint at it in public art or epithet. Secondary cues must remain within visible affinities.",cast/v3/cv3_lead_008.webp,ART_EXPORTED_ASSET_QC_COMPLETE_ENGINE_REVIEW_PENDING,
cv3_lead_009,Naoki Hoshino,The Midnight Menu,protag,Lead,shonen,"[""idol"", ""cooking""]",fantasy,"[""cooking|fantasy"", ""cooking|idol"", ""fantasy|idol""]","[""cooking|fantasy"", ""cooking|idol"", ""fantasy|idol""]","[""cooking|fantasy"", ""cooking|idol"", ""fantasy|idol""]",performer reclaiming the stage caught in a cooking conflict,Refuses credit until the whole team is named. Chooses responsibility over the easy victory.,male,human,20–29,"Japanese fictional setting; costume follows the visible genre setting, not a claim of historical authenticity","male adult with short tousled black hair, warm brown skin; performer reclaiming the stage caught in a cooking conflict",ink-blue stage jacket with silver geometric piping; a restrained secondary cue from rolled sleeves and a burgundy cross-back apron,"pivoting into the light with a determined sideways glance, a wireless microphone",a rehearsal stage with blurred amber footlights; secondary environment cue: a tiled open kitchen beside a market,"One standalone square premium anime game portrait. Subject: male adult with short tousled black hair, warm brown skin; performer reclaiming the stage caught in a cooking conflict. Costume: ink-blue stage jacket with silver geometric piping; a restrained secondary cue from rolled sleeves and a burgundy cross-back apron. Action: pivoting into the light with a determined sideways glance, a wireless microphone. Setting: a rehearsal stage with blurred amber footlights; secondary environment cue: a tiled open kitchen beside a market. Exactly one main character, face clear; rich painted material light and fine anime contours matching audited current cast; strong diagonal composition, warm focal light, cooler background depth; no text, logos, labels, UI or borders. Only depict the two visible concepts idol and cooking. No robots, mechs, powered armour or cockpit. No katana or samurai clan costume. No ninja costume or covert-clan insignia.","Hidden affinity fantasy is internal metadata only: do not name, draw or hint at it in public art or epithet. Secondary cues must remain within visible affinities.",cast/v3/cv3_lead_009.webp,ART_EXPORTED_ASSET_QC_COMPLETE_ENGINE_REVIEW_PENDING,
cv3_lead_010,Fumika Hoshino,Feast Without Footprints,protag,Lead,shonen,"[""shinobi"", ""cooking""]",mystery,"[""cooking|mystery"", ""cooking|shinobi"", ""mystery|shinobi""]","[""cooking|mystery"", ""cooking|shinobi"", ""mystery|shinobi""]","[""cooking|mystery"", ""cooking|shinobi"", ""mystery|shinobi""]",covert operative refusing a disposable mission caught in a cooking conflict,Takes enormous care with other people’s belongings. Chooses responsibility over the easy victory.,female,human,30–39,"Japanese fictional setting; costume follows the visible genre setting, not a claim of historical authenticity","female adult with chestnut bob with a side clip, deep brown skin; covert operative refusing a disposable mission caught in a cooking conflict","smoke-blue fitted field layers, cloth wraps and a compact tool pouch; a restrained secondary cue from rolled sleeves and a burgundy cross-back apron","taking one measured step toward the viewer, a climbing cord and compact grappling hook",a tiled roof above a guarded archive at dusk; secondary environment cue: a tiled open kitchen beside a market,"One standalone square premium anime game portrait. Subject: female adult with chestnut bob with a side clip, deep brown skin; covert operative refusing a disposable mission caught in a cooking conflict. Costume: smoke-blue fitted field layers, cloth wraps and a compact tool pouch; a restrained secondary cue from rolled sleeves and a burgundy cross-back apron. Action: taking one measured step toward the viewer, a climbing cord and compact grappling hook. Setting: a tiled roof above a guarded archive at dusk; secondary environment cue: a tiled open kitchen beside a market. Exactly one main character, face clear; rich painted material light and fine anime contours matching audited current cast; strong diagonal composition, warm focal light, cooler background depth; no text, logos, labels, UI or borders. Only depict the two visible concepts shinobi and cooking. Show covert positioning, a cord/tool pouch or stealth route; no branded headband or franchise symbols. No robots, mechs, powered armour or cockpit. No katana or samurai clan costume.","Hidden affinity mystery is internal metadata only: do not name, draw or hint at it in public art or epithet. Secondary cues must remain within visible affinities.",cast/v3/cv3_lead_010.webp,ART_EXPORTED_ASSET_QC_COMPLETE_ENGINE_REVIEW_PENDING,
cv3_lead_011,Akio Arata,Rice Before Honour,protag,Lead,shonen,"[""samurai"", ""cooking""]",mythology,"[""cooking|mythology"", ""cooking|samurai"", ""mythology|samurai""]","[""cooking|mythology"", ""cooking|samurai"", ""mythology|samurai""]","[""cooking|mythology"", ""cooking|samurai"", ""mythology|samurai""]",ronin questioning a sworn duty caught in a cooking conflict,Turns every failure into a new rehearsal. Chooses responsibility over the easy victory.,male,human,40–49,"Japanese fictional setting; costume follows the visible genre setting, not a claim of historical authenticity","male adult with close-cropped dark hair with a shaved part, light warm skin; ronin questioning a sworn duty caught in a cooking conflict",muted ochre haori over indigo hakama with a plain clan clasp; a restrained secondary cue from rolled sleeves and a burgundy cross-back apron,"turning sharply as fabric trails behind, a sheathed katana with visible hilt",a feudal gatehouse with a windswept stone approach; secondary environment cue: a tiled open kitchen beside a market,"One standalone square premium anime game portrait. Subject: male adult with close-cropped dark hair with a shaved part, light warm skin; ronin questioning a sworn duty caught in a cooking conflict. Costume: muted ochre haori over indigo hakama with a plain clan clasp; a restrained secondary cue from rolled sleeves and a burgundy cross-back apron. Action: turning sharply as fabric trails behind, a sheathed katana with visible hilt. Setting: a feudal gatehouse with a windswept stone approach; secondary environment cue: a tiled open kitchen beside a market. Exactly one main character, face clear; rich painted material light and fine anime contours matching audited current cast; strong diagonal composition, warm focal light, cooler background depth; no text, logos, labels, UI or borders. Only depict the two visible concepts samurai and cooking. Show a sheathed or carefully controlled sword, haori/hakama or retainer cue appropriate to the subject; no generic ninja substitution. No robots, mechs, powered armour or cockpit. No ninja costume or covert-clan insignia.","Hidden affinity mythology is internal metadata only: do not name, draw or hint at it in public art or epithet. Secondary cues must remain within visible affinities.",cast/v3/cv3_lead_011.webp,ART_EXPORTED_ASSET_QC_COMPLETE_ENGINE_REVIEW_PENDING,
cv3_lead_012,Hotaru Arata,A Table for Two,protag,Lead,shonen,"[""romance"", ""cooking""]",nordic,"[""cooking|nordic"", ""cooking|romance"", ""nordic|romance""]","[""cooking|nordic"", ""cooking|romance"", ""nordic|romance""]","[""cooking|nordic"", ""cooking|romance"", ""nordic|romance""]",guarded heart learning reciprocity caught in a cooking conflict,Needs solitude after appearing fearless. Chooses responsibility over the easy victory.,female,human,20–29,"Japanese fictional setting; costume follows the visible genre setting, not a claim of historical authenticity","female adult with long black braid, olive skin; guarded heart learning reciprocity caught in a cooking conflict",rose-lined everyday jacket and a carefully mended scarf; a restrained secondary cue from rolled sleeves and a burgundy cross-back apron,"kneeling to inspect an important detail, a small unopened gift without lettering",a station garden in late afternoon; secondary environment cue: a tiled open kitchen beside a market,"One standalone square premium anime game portrait. Subject: female adult with long black braid, olive skin; guarded heart learning reciprocity caught in a cooking conflict. Costume: rose-lined everyday jacket and a carefully mended scarf; a restrained secondary cue from rolled sleeves and a burgundy cross-back apron. Action: kneeling to inspect an important detail, a small unopened gift without lettering. Setting: a station garden in late afternoon; secondary environment cue: a tiled open kitchen beside a market. Exactly one main character, face clear; rich painted material light and fine anime contours matching audited current cast; strong diagonal composition, warm focal light, cooler background depth; no text, logos, labels, UI or borders. Only depict the two visible concepts romance and cooking. No robots, mechs, powered armour or cockpit. No katana or samurai clan costume. No ninja costume or covert-clan insignia.","Hidden affinity nordic is internal metadata only: do not name, draw or hint at it in public art or epithet. Secondary cues must remain within visible affinities.",cast/v3/cv3_lead_012.webp,ART_EXPORTED_ASSET_QC_COMPLETE_ENGINE_REVIEW_PENDING,
cv3_lead_013,Keisuke Mizuno,The Circuitbound Promise,protag,Lead,shonen,"[""cyber"", ""fantasy""]",sports,"[""cyber|fantasy"", ""cyber|sports"", ""fantasy|sports""]","[""cyber|fantasy"", ""cyber|sports"", ""fantasy|sports""]","[""cyber|fantasy"", ""cyber|sports"", ""fantasy|sports""]",network whistleblower caught in a fantasy conflict,Shares food before sharing a secret. Chooses responsibility over the easy victory.,male,human,20–29,"Japanese fictional setting; costume follows the visible genre setting, not a claim of historical authenticity","male adult with silver-streaked swept-back hair, warm brown skin; network whistleblower caught in a fantasy conflict",graphite utility coat with restrained teal seams; a restrained secondary cue from layered forest-green travelling clothes and weathered leather,"bracing against a gust with steady eye contact, a handheld diagnostic slate",a rainlit cable-lined transit arcade; secondary environment cue: a terraced stone city beneath high aqueducts,"One standalone square premium anime game portrait. Subject: male adult with silver-streaked swept-back hair, warm brown skin; network whistleblower caught in a fantasy conflict. Costume: graphite utility coat with restrained teal seams; a restrained secondary cue from layered forest-green travelling clothes and weathered leather. Action: bracing against a gust with steady eye contact, a handheld diagnostic slate. Setting: a rainlit cable-lined transit arcade; secondary environment cue: a terraced stone city beneath high aqueducts. Exactly one main character, face clear; rich painted material light and fine anime contours matching audited current cast; strong diagonal composition, warm focal light, cooler background depth; no text, logos, labels, UI or borders. Only depict the two visible concepts cyber and fantasy. No robots, mechs, powered armour or cockpit. No katana or samurai clan costume. No ninja costume or covert-clan insignia.","Hidden affinity sports is internal metadata only: do not name, draw or hint at it in public art or epithet. Secondary cues must remain within visible affinities.",cast/v3/cv3_lead_013.webp,ART_EXPORTED_ASSET_QC_COMPLETE_ENGINE_REVIEW_PENDING,
cv3_lead_014,Izumi Mizuno,Shelter Beyond Worlds,protag,Lead,shonen,"[""isekai"", ""survival""]",cyber,"[""cyber|isekai"", ""cyber|survival"", ""isekai|survival""]","[""cyber|isekai"", ""cyber|survival"", ""isekai|survival""]","[""cyber|isekai"", ""cyber|survival"", ""isekai|survival""]",outsider rewriting the quest caught in a survival conflict,Notices the missing chair before the guest arrives. Chooses responsibility over the easy victory.,female,human,30–39,"Japanese fictional setting; costume follows the visible genre setting, not a claim of historical authenticity","female adult with dark auburn wavy shoulder-length hair, deep brown skin; outsider rewriting the quest caught in a survival conflict",modern travel layer over locally repaired woven clothing; a restrained secondary cue from sand-coloured weather shell with a compact rescue pack,"leaning over a low rail while extending the main prop, an ordinary satchel beside an unfamiliar gate token",a foreign city gate with a quiet portal far behind; secondary environment cue: a broken mountain footbridge under clearing storm light,"One standalone square premium anime game portrait. Subject: female adult with dark auburn wavy shoulder-length hair, deep brown skin; outsider rewriting the quest caught in a survival conflict. Costume: modern travel layer over locally repaired woven clothing; a restrained secondary cue from sand-coloured weather shell with a compact rescue pack. Action: leaning over a low rail while extending the main prop, an ordinary satchel beside an unfamiliar gate token. Setting: a foreign city gate with a quiet portal far behind; secondary environment cue: a broken mountain footbridge under clearing storm light. Exactly one main character, face clear; rich painted material light and fine anime contours matching audited current cast; strong diagonal composition, warm focal light, cooler background depth; no text, logos, labels, UI or borders. Only depict the two visible concepts isekai and survival. No robots, mechs, powered armour or cockpit. No katana or samurai clan costume. No ninja costume or covert-clan insignia.","Hidden affinity cyber is internal metadata only: do not name, draw or hint at it in public art or epithet. Secondary cues must remain within visible affinities.",cast/v3/cv3_lead_014.webp,ART_EXPORTED_ASSET_QC_COMPLETE_ENGINE_REVIEW_PENDING,
cv3_lead_015,Makoto Sakuma,Blade Through Static,protag,Lead,shonen,"[""samurai"", ""cyber""]",pirate,"[""cyber|pirate"", ""cyber|samurai"", ""pirate|samurai""]","[""cyber|pirate"", ""cyber|samurai"", ""pirate|samurai""]","[""cyber|pirate"", ""cyber|samurai"", ""pirate|samurai""]",ronin questioning a sworn duty caught in a cyber conflict,Always prepares a way back. Chooses responsibility over the easy victory.,male,human,40–49,"Japanese fictional setting; costume follows the visible genre setting, not a claim of historical authenticity","male adult with curly dark hair, light warm skin; ronin questioning a sworn duty caught in a cyber conflict",muted ochre haori over indigo hakama with a plain clan clasp; a restrained secondary cue from graphite utility coat with restrained teal seams,"moving laterally across the scene in a controlled stride, a sheathed katana with visible hilt",a feudal gatehouse with a windswept stone approach; secondary environment cue: a rainlit cable-lined transit arcade,"One standalone square premium anime game portrait. Subject: male adult with curly dark hair, light warm skin; ronin questioning a sworn duty caught in a cyber conflict. Costume: muted ochre haori over indigo hakama with a plain clan clasp; a restrained secondary cue from graphite utility coat with restrained teal seams. Action: moving laterally across the scene in a controlled stride, a sheathed katana with visible hilt. Setting: a feudal gatehouse with a windswept stone approach; secondary environment cue: a rainlit cable-lined transit arcade. Exactly one main character, face clear; rich painted material light and fine anime contours matching audited current cast; strong diagonal composition, warm focal light, cooler background depth; no text, logos, labels, UI or borders. Only depict the two visible concepts samurai and cyber. Show a sheathed or carefully controlled sword, haori/hakama or retainer cue appropriate to the subject; no generic ninja substitution. No robots, mechs, powered armour or cockpit. No ninja costume or covert-clan insignia.","Hidden affinity pirate is internal metadata only: do not name, draw or hint at it in public art or epithet. Secondary cues must remain within visible affinities.",cast/v3/cv3_lead_015.webp,ART_EXPORTED_ASSET_QC_COMPLETE_ENGINE_REVIEW_PENDING,
cv3_lead_016,Junko Sakuma,The Untraceable Signal,protag,Lead,shonen,"[""shinobi"", ""cyber""]",space,"[""cyber|shinobi"", ""cyber|space"", ""shinobi|space""]","[""cyber|shinobi"", ""cyber|space"", ""shinobi|space""]","[""cyber|shinobi"", ""cyber|space"", ""shinobi|space""]",covert operative refusing a disposable mission caught in a cyber conflict,Counts steps to settle a racing mind. Chooses responsibility over the easy victory.,female,human,20–29,"Japanese fictional setting; costume follows the visible genre setting, not a claim of historical authenticity","female adult with short asymmetric brown cut, olive skin; covert operative refusing a disposable mission caught in a cyber conflict","smoke-blue fitted field layers, cloth wraps and a compact tool pouch; a restrained secondary cue from graphite utility coat with restrained teal seams","standing calmly while the environment moves around them, a climbing cord and compact grappling hook",a tiled roof above a guarded archive at dusk; secondary environment cue: a rainlit cable-lined transit arcade,"One standalone square premium anime game portrait. Subject: female adult with short asymmetric brown cut, olive skin; covert operative refusing a disposable mission caught in a cyber conflict. Costume: smoke-blue fitted field layers, cloth wraps and a compact tool pouch; a restrained secondary cue from graphite utility coat with restrained teal seams. Action: standing calmly while the environment moves around them, a climbing cord and compact grappling hook. Setting: a tiled roof above a guarded archive at dusk; secondary environment cue: a rainlit cable-lined transit arcade. Exactly one main character, face clear; rich painted material light and fine anime contours matching audited current cast; strong diagonal composition, warm focal light, cooler background depth; no text, logos, labels, UI or borders. Only depict the two visible concepts shinobi and cyber. Show covert positioning, a cord/tool pouch or stealth route; no branded headband or franchise symbols. No robots, mechs, powered armour or cockpit. No katana or samurai clan costume.","Hidden affinity space is internal metadata only: do not name, draw or hint at it in public art or epithet. Secondary cues must remain within visible affinities.",cast/v3/cv3_lead_016.webp,ART_EXPORTED_ASSET_QC_COMPLETE_ENGINE_REVIEW_PENDING,
cv3_lead_017,Ritsu Ueda,Song Beyond Death,protag,Lead,shonen,"[""idol"", ""supernatural""]",fantasy,"[""fantasy|idol"", ""fantasy|supernatural"", ""idol|supernatural""]","[""fantasy|idol"", ""fantasy|supernatural"", ""idol|supernatural""]","[""fantasy|supernatural"", ""idol|supernatural""]",performer reclaiming the stage caught in a supernatural conflict,Trusts actions more than titles. Chooses responsibility over the easy victory.,male,human,20–29,"Japanese fictional setting; costume follows the visible genre setting, not a claim of historical authenticity","male adult with short tousled black hair, warm brown skin; performer reclaiming the stage caught in a supernatural conflict",ink-blue stage jacket with silver geometric piping; a restrained secondary cue from deep-violet everyday layers with pale cord fastenings,"pivoting into the light with a determined sideways glance, a wireless microphone",a rehearsal stage with blurred amber footlights; secondary environment cue: an old city lane with subtle impossible reflections,"One standalone square premium anime game portrait. Subject: male adult with short tousled black hair, warm brown skin; performer reclaiming the stage caught in a supernatural conflict. Costume: ink-blue stage jacket with silver geometric piping; a restrained secondary cue from deep-violet everyday layers with pale cord fastenings. Action: pivoting into the light with a determined sideways glance, a wireless microphone. Setting: a rehearsal stage with blurred amber footlights; secondary environment cue: an old city lane with subtle impossible reflections. Exactly one main character, face clear; rich painted material light and fine anime contours matching audited current cast; strong diagonal composition, warm focal light, cooler background depth; no text, logos, labels, UI or borders. Only depict the two visible concepts idol and supernatural. No robots, mechs, powered armour or cockpit. No katana or samurai clan costume. No ninja costume or covert-clan insignia.","Hidden affinity fantasy is internal metadata only: do not name, draw or hint at it in public art or epithet. Secondary cues must remain within visible affinities.",cast/v3/cv3_lead_017.webp,ART_EXPORTED_ASSET_QC_COMPLETE_ENGINE_REVIEW_PENDING,
cv3_lead_018,Koharu Ueda,The Everyday Enchantment,protag,Lead,shonen,"[""slice"", ""fantasy""]",magical,"[""fantasy|magical"", ""fantasy|slice"", ""magical|slice""]","[""fantasy|magical"", ""fantasy|slice"", ""magical|slice""]","[""fantasy|magical"", ""fantasy|slice"", ""magical|slice""]",neighbour holding a community together caught in a fantasy conflict,Makes room for a rival to change. Chooses responsibility over the easy victory.,female,human,30–39,"Japanese fictional setting; costume follows the visible genre setting, not a claim of historical authenticity","female adult with chestnut bob with a side clip, deep brown skin; neighbour holding a community together caught in a fantasy conflict","moss cardigan, canvas trousers and comfortable shoes; a restrained secondary cue from layered forest-green travelling clothes and weathered leather","taking one measured step toward the viewer, a ceramic mug and a small notebook without writing",a sunlit neighbourhood courtyard; secondary environment cue: a terraced stone city beneath high aqueducts,"One standalone square premium anime game portrait. Subject: female adult with chestnut bob with a side clip, deep brown skin; neighbour holding a community together caught in a fantasy conflict. Costume: moss cardigan, canvas trousers and comfortable shoes; a restrained secondary cue from layered forest-green travelling clothes and weathered leather. Action: taking one measured step toward the viewer, a ceramic mug and a small notebook without writing. Setting: a sunlit neighbourhood courtyard; secondary environment cue: a terraced stone city beneath high aqueducts. Exactly one main character, face clear; rich painted material light and fine anime contours matching audited current cast; strong diagonal composition, warm focal light, cooler background depth; no text, logos, labels, UI or borders. Only depict the two visible concepts slice and fantasy. No robots, mechs, powered armour or cockpit. No katana or samurai clan costume. No ninja costume or covert-clan insignia.","Hidden affinity magical is internal metadata only: do not name, draw or hint at it in public art or epithet. Secondary cues must remain within visible affinities.",cast/v3/cv3_lead_018.webp,ART_EXPORTED_ASSET_QC_COMPLETE_ENGINE_REVIEW_PENDING,
cv3_lead_019,Shun Fujise,The Oathless Blade,protag,Lead,shonen,"[""samurai"", ""fantasy""]",space,"[""fantasy|samurai"", ""fantasy|space"", ""samurai|space""]","[""fantasy|samurai"", ""fantasy|space"", ""samurai|space""]","[""fantasy|samurai"", ""fantasy|space"", ""samurai|space""]",ronin questioning a sworn duty caught in a fantasy conflict,Keeps a repaired object as a reminder. Chooses responsibility over the easy victory.,male,human,40–49,"Japanese fictional setting; costume follows the visible genre setting, not a claim of historical authenticity","male adult with close-cropped dark hair with a shaved part, light warm skin; ronin questioning a sworn duty caught in a fantasy conflict",muted ochre haori over indigo hakama with a plain clan clasp; a restrained secondary cue from layered forest-green travelling clothes and weathered leather,"turning sharply as fabric trails behind, a sheathed katana with visible hilt",a feudal gatehouse with a windswept stone approach; secondary environment cue: a terraced stone city beneath high aqueducts,"One standalone square premium anime game portrait. Subject: male adult with close-cropped dark hair with a shaved part, light warm skin; ronin questioning a sworn duty caught in a fantasy conflict. Costume: muted ochre haori over indigo hakama with a plain clan clasp; a restrained secondary cue from layered forest-green travelling clothes and weathered leather. Action: turning sharply as fabric trails behind, a sheathed katana with visible hilt. Setting: a feudal gatehouse with a windswept stone approach; secondary environment cue: a terraced stone city beneath high aqueducts. Exactly one main character, face clear; rich painted material light and fine anime contours matching audited current cast; strong diagonal composition, warm focal light, cooler background depth; no text, logos, labels, UI or borders. Only depict the two visible concepts samurai and fantasy. Show a sheathed or carefully controlled sword, haori/hakama or retainer cue appropriate to the subject; no generic ninja substitution. No robots, mechs, powered armour or cockpit. No ninja costume or covert-clan insignia.","Hidden affinity space is internal metadata only: do not name, draw or hint at it in public art or epithet. Secondary cues must remain within visible affinities.",cast/v3/cv3_lead_019.webp,ART_EXPORTED_ASSET_QC_COMPLETE_ENGINE_REVIEW_PENDING,
cv3_lead_020,Mai Fujise,The Unseen Spell,protag,Lead,shonen,"[""shinobi"", ""fantasy""]",survival,"[""fantasy|shinobi"", ""fantasy|survival"", ""shinobi|survival""]","[""fantasy|shinobi"", ""fantasy|survival"", ""shinobi|survival""]","[""fantasy|shinobi"", ""fantasy|survival"", ""shinobi|survival""]",covert operative refusing a disposable mission caught in a fantasy conflict,Asks permission even when in command. Chooses responsibility over the easy victory.,female,human,20–29,"Japanese fictional setting; costume follows the visible genre setting, not a claim of historical authenticity","female adult with long black braid, olive skin; covert operative refusing a disposable mission caught in a fantasy conflict","smoke-blue fitted field layers, cloth wraps and a compact tool pouch; a restrained secondary cue from layered forest-green travelling clothes and weathered leather","kneeling to inspect an important detail, a climbing cord and compact grappling hook",a tiled roof above a guarded archive at dusk; secondary environment cue: a terraced stone city beneath high aqueducts,"One standalone square premium anime game portrait. Subject: female adult with long black braid, olive skin; covert operative refusing a disposable mission caught in a fantasy conflict. Costume: smoke-blue fitted field layers, cloth wraps and a compact tool pouch; a restrained secondary cue from layered forest-green travelling clothes and weathered leather. Action: kneeling to inspect an important detail, a climbing cord and compact grappling hook. Setting: a tiled roof above a guarded archive at dusk; secondary environment cue: a terraced stone city beneath high aqueducts. Exactly one main character, face clear; rich painted material light and fine anime contours matching audited current cast; strong diagonal composition, warm focal light, cooler background depth; no text, logos, labels, UI or borders. Only depict the two visible concepts shinobi and fantasy. Show covert positioning, a cord/tool pouch or stealth route; no branded headband or franchise symbols. No robots, mechs, powered armour or cockpit. No katana or samurai clan costume.","Hidden affinity survival is internal metadata only: do not name, draw or hint at it in public art or epithet. Secondary cues must remain within visible affinities.",cast/v3/cv3_lead_020.webp,ART_EXPORTED_ASSET_QC_COMPLETE_ENGINE_REVIEW_PENDING,
cv3_lead_021,Taichi Natori,Footsteps After Midnight,protag,Lead,shonen,"[""shinobi"", ""horror""]",isekai,"[""horror|isekai"", ""horror|shinobi"", ""isekai|shinobi""]","[""horror|isekai"", ""horror|shinobi"", ""isekai|shinobi""]","[""horror|isekai"", ""horror|shinobi"", ""isekai|shinobi""]",covert operative refusing a disposable mission caught in a horror conflict,Hides worry behind meticulous preparation. Chooses responsibility over the easy victory.,male,human,20–29,"Japanese fictional setting; costume follows the visible genre setting, not a claim of historical authenticity","male adult with silver-streaked swept-back hair, warm brown skin; covert operative refusing a disposable mission caught in a horror conflict","smoke-blue fitted field layers, cloth wraps and a compact tool pouch; a restrained secondary cue from charcoal raincoat with a single pale lining","bracing against a gust with steady eye contact, a climbing cord and compact grappling hook",a tiled roof above a guarded archive at dusk; secondary environment cue: an abandoned station with a single lit doorway,"One standalone square premium anime game portrait. Subject: male adult with silver-streaked swept-back hair, warm brown skin; covert operative refusing a disposable mission caught in a horror conflict. Costume: smoke-blue fitted field layers, cloth wraps and a compact tool pouch; a restrained secondary cue from charcoal raincoat with a single pale lining. Action: bracing against a gust with steady eye contact, a climbing cord and compact grappling hook. Setting: a tiled roof above a guarded archive at dusk; secondary environment cue: an abandoned station with a single lit doorway. Exactly one main character, face clear; rich painted material light and fine anime contours matching audited current cast; strong diagonal composition, warm focal light, cooler background depth; no text, logos, labels, UI or borders. Only depict the two visible concepts shinobi and horror. Show covert positioning, a cord/tool pouch or stealth route; no branded headband or franchise symbols. No robots, mechs, powered armour or cockpit. No katana or samurai clan costume.","Hidden affinity isekai is internal metadata only: do not name, draw or hint at it in public art or epithet. Secondary cues must remain within visible affinities.",cast/v3/cv3_lead_021.webp,ART_EXPORTED_ASSET_QC_COMPLETE_ENGINE_REVIEW_PENDING,
cv3_lead_022,Natsuki Natori,Duel with Dread,protag,Lead,shonen,"[""samurai"", ""horror""]",magical,"[""horror|magical"", ""horror|samurai"", ""magical|samurai""]","[""horror|magical"", ""horror|samurai"", ""magical|samurai""]","[""horror|magical"", ""horror|samurai"", ""magical|samurai""]",ronin questioning a sworn duty caught in a horror conflict,Writes down the questions nobody answered. Chooses responsibility over the easy victory.,female,human,30–39,"Japanese fictional setting; costume follows the visible genre setting, not a claim of historical authenticity","female adult with dark auburn wavy shoulder-length hair, deep brown skin; ronin questioning a sworn duty caught in a horror conflict",muted ochre haori over indigo hakama with a plain clan clasp; a restrained secondary cue from charcoal raincoat with a single pale lining,"leaning over a low rail while extending the main prop, a sheathed katana with visible hilt",a feudal gatehouse with a windswept stone approach; secondary environment cue: an abandoned station with a single lit doorway,"One standalone square premium anime game portrait. Subject: female adult with dark auburn wavy shoulder-length hair, deep brown skin; ronin questioning a sworn duty caught in a horror conflict. Costume: muted ochre haori over indigo hakama with a plain clan clasp; a restrained secondary cue from charcoal raincoat with a single pale lining. Action: leaning over a low rail while extending the main prop, a sheathed katana with visible hilt. Setting: a feudal gatehouse with a windswept stone approach; secondary environment cue: an abandoned station with a single lit doorway. Exactly one main character, face clear; rich painted material light and fine anime contours matching audited current cast; strong diagonal composition, warm focal light, cooler background depth; no text, logos, labels, UI or borders. Only depict the two visible concepts samurai and horror. Show a sheathed or carefully controlled sword, haori/hakama or retainer cue appropriate to the subject; no generic ninja substitution. No robots, mechs, powered armour or cockpit. No ninja costume or covert-clan insignia.","Hidden affinity magical is internal metadata only: do not name, draw or hint at it in public art or epithet. Secondary cues must remain within visible affinities.",cast/v3/cv3_lead_022.webp,ART_EXPORTED_ASSET_QC_COMPLETE_ENGINE_REVIEW_PENDING,
cv3_lead_023,Yuto Asano,The Starlit Haunting,protag,Lead,shonen,"[""magical"", ""supernatural""]",horror,"[""horror|magical"", ""horror|supernatural"", ""magical|supernatural""]","[""horror|magical"", ""horror|supernatural"", ""magical|supernatural""]","[""horror|supernatural"", ""magical|supernatural""]",transformation guardian caught in a supernatural conflict,Finds courage in small routines. Chooses responsibility over the easy victory.,male,human,40–49,"Japanese fictional setting; costume follows the visible genre setting, not a claim of historical authenticity","male adult with curly dark hair, light warm skin; transformation guardian caught in a supernatural conflict",plum layered costume with one geometric brooch; a restrained secondary cue from deep-violet everyday layers with pale cord fastenings,"moving laterally across the scene in a controlled stride, a compact luminous focus",a twilight plaza with a controlled halo of light; secondary environment cue: an old city lane with subtle impossible reflections,"One standalone square premium anime game portrait. Subject: male adult with curly dark hair, light warm skin; transformation guardian caught in a supernatural conflict. Costume: plum layered costume with one geometric brooch; a restrained secondary cue from deep-violet everyday layers with pale cord fastenings. Action: moving laterally across the scene in a controlled stride, a compact luminous focus. Setting: a twilight plaza with a controlled halo of light; secondary environment cue: an old city lane with subtle impossible reflections. Exactly one main character, face clear; rich painted material light and fine anime contours matching audited current cast; strong diagonal composition, warm focal light, cooler background depth; no text, logos, labels, UI or borders. Only depict the two visible concepts magical and supernatural. No robots, mechs, powered armour or cockpit. No katana or samurai clan costume. No ninja costume or covert-clan insignia.","Hidden affinity horror is internal metadata only: do not name, draw or hint at it in public art or epithet. Secondary cues must remain within visible affinities.",cast/v3/cv3_lead_023.webp,ART_EXPORTED_ASSET_QC_COMPLETE_ENGINE_REVIEW_PENDING,
cv3_lead_024,Rena Asano,Courage After Dark,protag,Lead,shonen,"[""military"", ""horror""]",martial,"[""horror|martial"", ""horror|military"", ""martial|military""]","[""horror|martial"", ""horror|military""]","[""horror|martial"", ""horror|military""]",officer protecting a divided unit caught in a horror conflict,Remembers the weather on important days. Chooses responsibility over the easy victory.,female,human,20–29,"Japanese fictional setting; costume follows the visible genre setting, not a claim of historical authenticity","female adult with short asymmetric brown cut, olive skin; officer protecting a divided unit caught in a horror conflict",olive field jacket with blank unit tabs and practical boots; a restrained secondary cue from charcoal raincoat with a single pale lining,"standing calmly while the environment moves around them, a folded unlettered field map",a floodlit logistics yard with supply vehicles; secondary environment cue: an abandoned station with a single lit doorway,"One standalone square premium anime game portrait. Subject: female adult with short asymmetric brown cut, olive skin; officer protecting a divided unit caught in a horror conflict. Costume: olive field jacket with blank unit tabs and practical boots; a restrained secondary cue from charcoal raincoat with a single pale lining. Action: standing calmly while the environment moves around them, a folded unlettered field map. Setting: a floodlit logistics yard with supply vehicles; secondary environment cue: an abandoned station with a single lit doorway. Exactly one main character, face clear; rich painted material light and fine anime contours matching audited current cast; strong diagonal composition, warm focal light, cooler background depth; no text, logos, labels, UI or borders. Only depict the two visible concepts military and horror. No robots, mechs, powered armour or cockpit. No katana or samurai clan costume. No ninja costume or covert-clan insignia.","Hidden affinity martial is internal metadata only: do not name, draw or hint at it in public art or epithet. Secondary cues must remain within visible affinities.",cast/v3/cv3_lead_024.webp,ART_EXPORTED_ASSET_QC_COMPLETE_ENGINE_REVIEW_PENDING,
cv3_lead_025,Kazuma Komori,The Unburied Legend,protag,Lead,shonen,"[""horror"", ""mythology""]",pirate,"[""horror|mythology"", ""horror|pirate"", ""mythology|pirate""]","[""horror|mythology"", ""horror|pirate"", ""mythology|pirate""]","[""horror|mythology"", ""horror|pirate"", ""mythology|pirate""]",survivor confronting the source caught in a mythology conflict,Will cross a city to return a borrowed tool. Chooses responsibility over the easy victory.,male,human,20–29,"Japanese fictional setting; costume follows the visible genre setting, not a claim of historical authenticity","male adult with short tousled black hair, warm brown skin; survivor confronting the source caught in a mythology conflict",charcoal raincoat with a single pale lining; a restrained secondary cue from cream woven layers with bronze abstract motifs,"pivoting into the light with a determined sideways glance, a shaded lantern held away from the face",an abandoned station with a single lit doorway; secondary environment cue: a hilltop sanctuary with uninscribed stone reliefs,"One standalone square premium anime game portrait. Subject: male adult with short tousled black hair, warm brown skin; survivor confronting the source caught in a mythology conflict. Costume: charcoal raincoat with a single pale lining; a restrained secondary cue from cream woven layers with bronze abstract motifs. Action: pivoting into the light with a determined sideways glance, a shaded lantern held away from the face. Setting: an abandoned station with a single lit doorway; secondary environment cue: a hilltop sanctuary with uninscribed stone reliefs. Exactly one main character, face clear; rich painted material light and fine anime contours matching audited current cast; strong diagonal composition, warm focal light, cooler background depth; no text, logos, labels, UI or borders. Only depict the two visible concepts horror and mythology. No robots, mechs, powered armour or cockpit. No katana or samurai clan costume. No ninja costume or covert-clan insignia.","Hidden affinity pirate is internal metadata only: do not name, draw or hint at it in public art or epithet. Secondary cues must remain within visible affinities.",cast/v3/cv3_lead_025.webp,ART_EXPORTED_ASSET_QC_COMPLETE_ENGINE_REVIEW_PENDING,
cv3_lead_026,Sayuri Komori,Tea Beneath Saturn,protag,Lead,shonen,"[""slice"", ""space""]",horror,"[""horror|slice"", ""horror|space"", ""slice|space""]","[""horror|slice"", ""horror|space"", ""slice|space""]","[""horror|slice"", ""horror|space"", ""slice|space""]",neighbour holding a community together caught in a space conflict,Refuses to confuse obedience with loyalty. Chooses responsibility over the easy victory.,female,human,30–39,"Japanese fictional setting; costume follows the visible genre setting, not a claim of historical authenticity","female adult with chestnut bob with a side clip, deep brown skin; neighbour holding a community together caught in a space conflict","moss cardigan, canvas trousers and comfortable shoes; a restrained secondary cue from white-and-navy pressure-suit layers with orange seals","taking one measured step toward the viewer, a ceramic mug and a small notebook without writing",a sunlit neighbourhood courtyard; secondary environment cue: a station observation deck overlooking a planet,"One standalone square premium anime game portrait. Subject: female adult with chestnut bob with a side clip, deep brown skin; neighbour holding a community together caught in a space conflict. Costume: moss cardigan, canvas trousers and comfortable shoes; a restrained secondary cue from white-and-navy pressure-suit layers with orange seals. Action: taking one measured step toward the viewer, a ceramic mug and a small notebook without writing. Setting: a sunlit neighbourhood courtyard; secondary environment cue: a station observation deck overlooking a planet. Exactly one main character, face clear; rich painted material light and fine anime contours matching audited current cast; strong diagonal composition, warm focal light, cooler background depth; no text, logos, labels, UI or borders. Only depict the two visible concepts slice and space. No robots, mechs, powered armour or cockpit. No katana or samurai clan costume. No ninja costume or covert-clan insignia.","Hidden affinity horror is internal metadata only: do not name, draw or hint at it in public art or epithet. Secondary cues must remain within visible affinities.",cast/v3/cv3_lead_026.webp,ART_EXPORTED_ASSET_QC_COMPLETE_ENGINE_REVIEW_PENDING,
cv3_lead_027,Masato Takase,The Singing Retainer,protag,Lead,shojo,"[""samurai"", ""idol""]",nordic,"[""idol|nordic"", ""idol|samurai"", ""nordic|samurai""]","[""idol|nordic"", ""idol|samurai"", ""nordic|samurai""]","[""idol|nordic"", ""idol|samurai"", ""nordic|samurai""]",ronin questioning a sworn duty caught in a idol conflict,Keeps every promise in a pocket ledger. Chooses responsibility over the easy victory.,male,human,40–49,"Japanese fictional setting; costume follows the visible genre setting, not a claim of historical authenticity","male adult with close-cropped dark hair with a shaved part, light warm skin; ronin questioning a sworn duty caught in a idol conflict",muted ochre haori over indigo hakama with a plain clan clasp; a restrained secondary cue from ink-blue stage jacket with silver geometric piping,"turning sharply as fabric trails behind, a sheathed katana with visible hilt",a feudal gatehouse with a windswept stone approach; secondary environment cue: a rehearsal stage with blurred amber footlights,"One standalone square premium anime game portrait. Subject: male adult with close-cropped dark hair with a shaved part, light warm skin; ronin questioning a sworn duty caught in a idol conflict. Costume: muted ochre haori over indigo hakama with a plain clan clasp; a restrained secondary cue from ink-blue stage jacket with silver geometric piping. Action: turning sharply as fabric trails behind, a sheathed katana with visible hilt. Setting: a feudal gatehouse with a windswept stone approach; secondary environment cue: a rehearsal stage with blurred amber footlights. Exactly one main character, face clear; rich painted material light and fine anime contours matching audited current cast; strong diagonal composition, warm focal light, cooler background depth; no text, logos, labels, UI or borders. Only depict the two visible concepts samurai and idol. Show a sheathed or carefully controlled sword, haori/hakama or retainer cue appropriate to the subject; no generic ninja substitution. No robots, mechs, powered armour or cockpit. No ninja costume or covert-clan insignia.","Hidden affinity nordic is internal metadata only: do not name, draw or hint at it in public art or epithet. Secondary cues must remain within visible affinities.",cast/v3/cv3_lead_027.webp,ART_EXPORTED_ASSET_QC_COMPLETE_ENGINE_REVIEW_PENDING,
cv3_lead_028,Tomoe Takase,Encore in Shadow,protag,Lead,shojo,"[""shinobi"", ""idol""]",slice,"[""idol|shinobi"", ""idol|slice"", ""shinobi|slice""]","[""idol|shinobi"", ""idol|slice"", ""shinobi|slice""]","[""idol|shinobi"", ""idol|slice"", ""shinobi|slice""]",covert operative refusing a disposable mission caught in a idol conflict,Repairs things while thinking through an apology. Chooses responsibility over the easy victory.,female,human,20–29,"Japanese fictional setting; costume follows the visible genre setting, not a claim of historical authenticity","female adult with long black braid, olive skin; covert operative refusing a disposable mission caught in a idol conflict","smoke-blue fitted field layers, cloth wraps and a compact tool pouch; a restrained secondary cue from ink-blue stage jacket with silver geometric piping","kneeling to inspect an important detail, a climbing cord and compact grappling hook",a tiled roof above a guarded archive at dusk; secondary environment cue: a rehearsal stage with blurred amber footlights,"One standalone square premium anime game portrait. Subject: female adult with long black braid, olive skin; covert operative refusing a disposable mission caught in a idol conflict. Costume: smoke-blue fitted field layers, cloth wraps and a compact tool pouch; a restrained secondary cue from ink-blue stage jacket with silver geometric piping. Action: kneeling to inspect an important detail, a climbing cord and compact grappling hook. Setting: a tiled roof above a guarded archive at dusk; secondary environment cue: a rehearsal stage with blurred amber footlights. Exactly one main character, face clear; rich painted material light and fine anime contours matching audited current cast; strong diagonal composition, warm focal light, cooler background depth; no text, logos, labels, UI or borders. Only depict the two visible concepts shinobi and idol. Show covert positioning, a cord/tool pouch or stealth route; no branded headband or franchise symbols. No robots, mechs, powered armour or cockpit. No katana or samurai clan costume.","Hidden affinity slice is internal metadata only: do not name, draw or hint at it in public art or epithet. Secondary cues must remain within visible affinities.",cast/v3/cv3_lead_028.webp,ART_EXPORTED_ASSET_QC_COMPLETE_ENGINE_REVIEW_PENDING,
cv3_lead_029,Noboru Sugita,Steel Against Steel,protag,Lead,shojo,"[""mecha"", ""samurai""]",isekai,"[""isekai|mecha"", ""isekai|samurai"", ""mecha|samurai""]","[""isekai|mecha"", ""isekai|samurai"", ""mecha|samurai""]","[""isekai|mecha"", ""isekai|samurai"", ""mecha|samurai""]",test-rig pilot caught in a samurai conflict,Asks the quietest person for their view first. Chooses responsibility over the easy victory.,male,human,20–29,"Japanese fictional setting; costume follows the visible genre setting, not a claim of historical authenticity","male adult with silver-streaked swept-back hair, warm brown skin; test-rig pilot caught in a samurai conflict",practical flight suit with harness and work gloves; a restrained secondary cue from muted ochre haori over indigo hakama with a plain clan clasp,"bracing against a gust with steady eye contact, a cockpit control grip",an open cockpit with a large mech shoulder in the hangar beyond; secondary environment cue: a feudal gatehouse with a windswept stone approach,"One standalone square premium anime game portrait. Subject: male adult with silver-streaked swept-back hair, warm brown skin; test-rig pilot caught in a samurai conflict. Costume: practical flight suit with harness and work gloves; a restrained secondary cue from muted ochre haori over indigo hakama with a plain clan clasp. Action: bracing against a gust with steady eye contact, a cockpit control grip. Setting: an open cockpit with a large mech shoulder in the hangar beyond; secondary environment cue: a feudal gatehouse with a windswept stone approach. Exactly one main character, face clear; rich painted material light and fine anime contours matching audited current cast; strong diagonal composition, warm focal light, cooler background depth; no text, logos, labels, UI or borders. Only depict the two visible concepts mecha and samurai. Show unmistakable functional cockpit, mech shoulder or support rig; keep the character as the focus. Show a sheathed or carefully controlled sword, haori/hakama or retainer cue appropriate to the subject; no generic ninja substitution. No ninja costume or covert-clan insignia.","Hidden affinity isekai is internal metadata only: do not name, draw or hint at it in public art or epithet. Secondary cues must remain within visible affinities.",cast/v3/cv3_lead_029.webp,ART_EXPORTED_ASSET_QC_COMPLETE_ENGINE_REVIEW_PENDING,
cv3_lead_030,Wakana Sugita,The Impossible Starting Line,protag,Lead,shojo,"[""sports"", ""isekai""]",mystery,"[""isekai|mystery"", ""isekai|sports"", ""mystery|sports""]","[""isekai|mystery"", ""isekai|sports"", ""mystery|sports""]","[""isekai|mystery"", ""isekai|sports"", ""mystery|sports""]",contender rebuilding a team caught in a isekai conflict,Practises difficult conversations before dawn. Chooses responsibility over the easy victory.,female,human,30–39,"Japanese fictional setting; costume follows the visible genre setting, not a claim of historical authenticity","female adult with dark auburn wavy shoulder-length hair, deep brown skin; contender rebuilding a team caught in a isekai conflict",teal training jacket with blank panels and sports shoes; a restrained secondary cue from modern travel layer over locally repaired woven clothing,"leaning over a low rail while extending the main prop, a relay baton",an empty athletics track at golden hour; secondary environment cue: a foreign city gate with a quiet portal far behind,"One standalone square premium anime game portrait. Subject: female adult with dark auburn wavy shoulder-length hair, deep brown skin; contender rebuilding a team caught in a isekai conflict. Costume: teal training jacket with blank panels and sports shoes; a restrained secondary cue from modern travel layer over locally repaired woven clothing. Action: leaning over a low rail while extending the main prop, a relay baton. Setting: an empty athletics track at golden hour; secondary environment cue: a foreign city gate with a quiet portal far behind. Exactly one main character, face clear; rich painted material light and fine anime contours matching audited current cast; strong diagonal composition, warm focal light, cooler background depth; no text, logos, labels, UI or borders. Only depict the two visible concepts sports and isekai. No robots, mechs, powered armour or cockpit. No katana or samurai clan costume. No ninja costume or covert-clan insignia.","Hidden affinity mystery is internal metadata only: do not name, draw or hint at it in public art or epithet. Secondary cues must remain within visible affinities.",cast/v3/cv3_lead_030.webp,ART_EXPORTED_ASSET_QC_COMPLETE_ENGINE_REVIEW_PENDING,
cv3_lead_031,Osamu Matsuba,Sunday Beyond Worlds,protag,Lead,shojo,"[""isekai"", ""slice""]",supernatural,"[""isekai|slice"", ""isekai|supernatural"", ""slice|supernatural""]","[""isekai|slice"", ""isekai|supernatural"", ""slice|supernatural""]","[""isekai|slice"", ""isekai|supernatural"", ""slice|supernatural""]",outsider rewriting the quest caught in a slice conflict,Remembers kindness longer than insults. Chooses responsibility over the easy victory.,male,human,40–49,"Japanese fictional setting; costume follows the visible genre setting, not a claim of historical authenticity","male adult with curly dark hair, light warm skin; outsider rewriting the quest caught in a slice conflict","modern travel layer over locally repaired woven clothing; a restrained secondary cue from moss cardigan, canvas trousers and comfortable shoes","moving laterally across the scene in a controlled stride, an ordinary satchel beside an unfamiliar gate token",a foreign city gate with a quiet portal far behind; secondary environment cue: a sunlit neighbourhood courtyard,"One standalone square premium anime game portrait. Subject: male adult with curly dark hair, light warm skin; outsider rewriting the quest caught in a slice conflict. Costume: modern travel layer over locally repaired woven clothing; a restrained secondary cue from moss cardigan, canvas trousers and comfortable shoes. Action: moving laterally across the scene in a controlled stride, an ordinary satchel beside an unfamiliar gate token. Setting: a foreign city gate with a quiet portal far behind; secondary environment cue: a sunlit neighbourhood courtyard. Exactly one main character, face clear; rich painted material light and fine anime contours matching audited current cast; strong diagonal composition, warm focal light, cooler background depth; no text, logos, labels, UI or borders. Only depict the two visible concepts isekai and slice. No robots, mechs, powered armour or cockpit. No katana or samurai clan costume. No ninja costume or covert-clan insignia.","Hidden affinity supernatural is internal metadata only: do not name, draw or hint at it in public art or epithet. Secondary cues must remain within visible affinities.",cast/v3/cv3_lead_031.webp,ART_EXPORTED_ASSET_QC_COMPLETE_ENGINE_REVIEW_PENDING,
cv3_lead_032,Yae Matsuba,Ghosts Among Stars,protag,Lead,shojo,"[""space"", ""supernatural""]",isekai,"[""isekai|space"", ""isekai|supernatural"", ""space|supernatural""]","[""isekai|space"", ""isekai|supernatural"", ""space|supernatural""]","[""isekai|space"", ""space|supernatural""]",orbital rescue pathfinder caught in a supernatural conflict,Cannot resist improving a badly made plan. Chooses responsibility over the easy victory.,female,human,20–29,"Japanese fictional setting; costume follows the visible genre setting, not a claim of historical authenticity","female adult with short asymmetric brown cut, olive skin; orbital rescue pathfinder caught in a supernatural conflict",white-and-navy pressure-suit layers with orange seals; a restrained secondary cue from deep-violet everyday layers with pale cord fastenings,"standing calmly while the environment moves around them, a compact tether reel",a station observation deck overlooking a planet; secondary environment cue: an old city lane with subtle impossible reflections,"One standalone square premium anime game portrait. Subject: female adult with short asymmetric brown cut, olive skin; orbital rescue pathfinder caught in a supernatural conflict. Costume: white-and-navy pressure-suit layers with orange seals; a restrained secondary cue from deep-violet everyday layers with pale cord fastenings. Action: standing calmly while the environment moves around them, a compact tether reel. Setting: a station observation deck overlooking a planet; secondary environment cue: an old city lane with subtle impossible reflections. Exactly one main character, face clear; rich painted material light and fine anime contours matching audited current cast; strong diagonal composition, warm focal light, cooler background depth; no text, logos, labels, UI or borders. Only depict the two visible concepts space and supernatural. No robots, mechs, powered armour or cockpit. No katana or samurai clan costume. No ninja costume or covert-clan insignia.","Hidden affinity isekai is internal metadata only: do not name, draw or hint at it in public art or epithet. Secondary cues must remain within visible affinities.",cast/v3/cv3_lead_032.webp,ART_EXPORTED_ASSET_QC_COMPLETE_ENGINE_REVIEW_PENDING,
cv3_lead_033,Haruki Mizuhara,The Last Bright Wish,protag,Lead,shojo,"[""survival"", ""magical""]",mythology,"[""magical|mythology"", ""magical|survival"", ""mythology|survival""]","[""magical|mythology"", ""magical|survival"", ""mythology|survival""]","[""magical|mythology"", ""magical|survival"", ""mythology|survival""]",pathfinder refusing to abandon anyone caught in a magical conflict,"Laughs when nervous, then does the difficult thing. Chooses responsibility over the easy victory.",male,human,20–29,"Japanese; fictional crossover setting. Cultural basis guides identity, not a compulsory costume stereotype.","Japanese man, visibly aged 20–29; light ivory skin with a cool undertone; straight blue-black hair, cropped close with a clean taper; a broad nose and strong jaw, solid muscular build; pathfinder refusing to abandon anyone caught in a magical conflict",sand-coloured weather shell with a compact rescue pack; a restrained secondary cue from plum layered costume with one geometric brooch,"pivoting into the light with a determined sideways glance, a coil of rope and a carabiner",a broken mountain footbridge under clearing storm light; secondary environment cue: a twilight plaza with a controlled halo of light,"One standalone square premium anime game portrait. Subject: Japanese man, visibly aged 20–29; light ivory skin with a cool undertone; straight blue-black hair, cropped close with a clean taper; a broad nose and strong jaw, solid muscular build; pathfinder refusing to abandon anyone caught in a magical conflict. Costume: sand-coloured weather shell with a compact rescue pack; a restrained secondary cue from plum layered costume with one geometric brooch. Action: pivoting into the light with a determined sideways glance, a coil of rope and a carabiner. Setting: a broken mountain footbridge under clearing storm light; secondary environment cue: a twilight plaza with a controlled halo of light. Exactly one main character, face clear; rich painted material light and fine anime contours matching audited current cast; strong diagonal composition, warm focal light, cooler background depth; no text, logos, labels, UI or borders. Only depict the two visible concepts survival and magical. No robots, mechs, powered armour or cockpit. No katana or samurai clan costume. No ninja costume or covert-clan insignia. This is a distinct new person: do not reuse the reference face, olive complexion, hairstyle or previous-sheet identity. Render the specified skin tone clearly under neutral facial fill light; warm environmental light must not turn every face olive or tan. This is a distinct new person: do not reuse the reference face, olive complexion, hairstyle or previous-sheet identity. Render the specified skin tone clearly under neutral facial fill light; warm environmental light must not turn every face olive or tan.","Hidden affinity mythology is internal metadata only: do not name, draw or hint at it in public art or epithet. Secondary cues must remain within visible affinities.",cast/v3/cv3_lead_033.webp,ART_EXPORTED_ASSET_QC_COMPLETE_ENGINE_REVIEW_PENDING,
cv3_lead_034,Abena Mensah,Aurora Heartfire,protag,Lead,shojo,"[""magical"", ""nordic""]",pirate,"[""magical|nordic"", ""magical|pirate"", ""nordic|pirate""]","[""magical|nordic"", ""magical|pirate"", ""nordic|pirate""]","[""magical|nordic"", ""magical|pirate"", ""nordic|pirate""]",transformation guardian caught in a nordic conflict,Collects small gifts for people far from home. Chooses responsibility over the easy victory.,female,human,30–39,"Ghanaian-British diaspora; fictional crossover setting. Cultural basis guides identity, not a compulsory costume stereotype.","Ghanaian-British woman, visibly aged 30–39; very deep brown skin with warm highlights; tightly coiled black hair, cropped close with a clean taper; a square face and heavy brows, broad-shouldered build; transformation guardian caught in a nordic conflict",plum layered costume with one geometric brooch; a restrained secondary cue from weatherproof navy wool layers with simple leather fastenings,"taking one measured step toward the viewer, a compact luminous focus",a twilight plaza with a controlled halo of light; secondary environment cue: a working northern harbour under cold daylight,"One standalone square premium anime game portrait. Subject: Ghanaian-British woman, visibly aged 30–39; very deep brown skin with warm highlights; tightly coiled black hair, cropped close with a clean taper; a square face and heavy brows, broad-shouldered build; transformation guardian caught in a nordic conflict. Costume: plum layered costume with one geometric brooch; a restrained secondary cue from weatherproof navy wool layers with simple leather fastenings. Action: taking one measured step toward the viewer, a compact luminous focus. Setting: a twilight plaza with a controlled halo of light; secondary environment cue: a working northern harbour under cold daylight. Exactly one main character, face clear; rich painted material light and fine anime contours matching audited current cast; strong diagonal composition, warm focal light, cooler background depth; no text, logos, labels, UI or borders. Only depict the two visible concepts magical and nordic. Northern maritime realism; no horned helmets, rune magic or automatic Viking costume. No robots, mechs, powered armour or cockpit. No katana or samurai clan costume. No ninja costume or covert-clan insignia. This is a distinct new person: do not reuse the reference face, olive complexion, hairstyle or previous-sheet identity. Render the specified skin tone clearly under neutral facial fill light; warm environmental light must not turn every face olive or tan. This is a distinct new person: do not reuse the reference face, olive complexion, hairstyle or previous-sheet identity. Render the specified skin tone clearly under neutral facial fill light; warm environmental light must not turn every face olive or tan.","Hidden affinity pirate is internal metadata only: do not name, draw or hint at it in public art or epithet. Secondary cues must remain within visible affinities.",cast/v3/cv3_lead_034.webp,ART_EXPORTED_ASSET_QC_COMPLETE_ENGINE_REVIEW_PENDING,
cv3_lead_035,Cian Byrne,The Open-Handed Duel,protag,Lead,shojo,"[""samurai"", ""martial""]",mystery,"[""martial|mystery"", ""martial|samurai"", ""mystery|samurai""]","[""martial|mystery"", ""martial|samurai"", ""mystery|samurai""]","[""martial|mystery"", ""martial|samurai"", ""mystery|samurai""]",ronin questioning a sworn duty caught in a martial conflict,Refuses credit until the whole team is named. Chooses responsibility over the easy victory.,male,human,40–49,"Irish diaspora; fictional crossover setting. Cultural basis guides identity, not a compulsory costume stereotype.","Irish man, visibly aged 40–49; very fair pink-toned skin with conspicuous natural freckles; copper-red hair, worn in a high loose bun; a softly angular face, full lips and a strong neck, stocky build; ronin questioning a sworn duty caught in a martial conflict","muted ochre haori over indigo hakama with a plain clan clasp; a restrained secondary cue from indigo training wrap, hand wraps and flexible trousers","turning sharply as fabric trails behind, a sheathed katana with visible hilt",a feudal gatehouse with a windswept stone approach; secondary environment cue: a timber-floored training hall,"One standalone square premium anime game portrait. Subject: Irish man, visibly aged 40–49; very fair pink-toned skin with conspicuous natural freckles; copper-red hair, worn in a high loose bun; a softly angular face, full lips and a strong neck, stocky build; ronin questioning a sworn duty caught in a martial conflict. Costume: muted ochre haori over indigo hakama with a plain clan clasp; a restrained secondary cue from indigo training wrap, hand wraps and flexible trousers. Action: turning sharply as fabric trails behind, a sheathed katana with visible hilt. Setting: a feudal gatehouse with a windswept stone approach; secondary environment cue: a timber-floored training hall. Exactly one main character, face clear; rich painted material light and fine anime contours matching audited current cast; strong diagonal composition, warm focal light, cooler background depth; no text, logos, labels, UI or borders. Only depict the two visible concepts samurai and martial. Show a sheathed or carefully controlled sword, haori/hakama or retainer cue appropriate to the subject; no generic ninja substitution. No robots, mechs, powered armour or cockpit. No ninja costume or covert-clan insignia. This is a distinct new person: do not reuse the reference face, olive complexion, hairstyle or previous-sheet identity. Render the specified skin tone clearly under neutral facial fill light; warm environmental light must not turn every face olive or tan. This is a distinct new person: do not reuse the reference face, olive complexion, hairstyle or previous-sheet identity. Render the specified skin tone clearly under neutral facial fill light; warm environmental light must not turn every face olive or tan.","Hidden affinity mystery is internal metadata only: do not name, draw or hint at it in public art or epithet. Secondary cues must remain within visible affinities.",cast/v3/cv3_lead_035.webp,ART_EXPORTED_ASSET_QC_COMPLETE_ENGINE_REVIEW_PENDING,
cv3_lead_036,Leela Rao,The Hidden Fist,protag,Lead,shojo,"[""shinobi"", ""martial""]",supernatural,"[""martial|shinobi"", ""martial|supernatural"", ""shinobi|supernatural""]","[""martial|shinobi"", ""martial|supernatural"", ""shinobi|supernatural""]","[""martial|shinobi"", ""martial|supernatural"", ""shinobi|supernatural""]",covert operative refusing a disposable mission caught in a martial conflict,Takes enormous care with other people’s belongings. Chooses responsibility over the easy victory.,female,human,50–59,"Indian diaspora; fictional crossover setting. Cultural basis guides identity, not a compulsory costume stereotype.","Indian woman, visibly aged 50–59; medium-deep warm brown skin; thick dark hair, worn in a high loose bun; a mature face with crow’s-feet and a strong jaw, average build; covert operative refusing a disposable mission caught in a martial conflict","smoke-blue fitted field layers, cloth wraps and a compact tool pouch; a restrained secondary cue from indigo training wrap, hand wraps and flexible trousers","kneeling to inspect an important detail, a climbing cord and compact grappling hook",a tiled roof above a guarded archive at dusk; secondary environment cue: a timber-floored training hall,"One standalone square premium anime game portrait. Subject: Indian woman, visibly aged 50–59; medium-deep warm brown skin; thick dark hair, worn in a high loose bun; a mature face with crow’s-feet and a strong jaw, average build; covert operative refusing a disposable mission caught in a martial conflict. Costume: smoke-blue fitted field layers, cloth wraps and a compact tool pouch; a restrained secondary cue from indigo training wrap, hand wraps and flexible trousers. Action: kneeling to inspect an important detail, a climbing cord and compact grappling hook. Setting: a tiled roof above a guarded archive at dusk; secondary environment cue: a timber-floored training hall. Exactly one main character, face clear; rich painted material light and fine anime contours matching audited current cast; strong diagonal composition, warm focal light, cooler background depth; no text, logos, labels, UI or borders. Only depict the two visible concepts shinobi and martial. Show covert positioning, a cord/tool pouch or stealth route; no branded headband or franchise symbols. No robots, mechs, powered armour or cockpit. No katana or samurai clan costume. This is a distinct new person: do not reuse the reference face, olive complexion, hairstyle or previous-sheet identity. Render the specified skin tone clearly under neutral facial fill light; warm environmental light must not turn every face olive or tan. This is a distinct new person: do not reuse the reference face, olive complexion, hairstyle or previous-sheet identity. Render the specified skin tone clearly under neutral facial fill light; warm environmental light must not turn every face olive or tan.","Hidden affinity supernatural is internal metadata only: do not name, draw or hint at it in public art or epithet. Secondary cues must remain within visible affinities.",cast/v3/cv3_lead_036.webp,ART_EXPORTED_ASSET_QC_COMPLETE_ENGINE_REVIEW_PENDING,
cv3_lead_037,Minjun Seo,Ghost in Armour,protag,Lead,shojo,"[""mecha"", ""shinobi""]",mythology,"[""mecha|mythology"", ""mecha|shinobi"", ""mythology|shinobi""]","[""mecha|mythology"", ""mecha|shinobi"", ""mythology|shinobi""]","[""mecha|mythology"", ""mecha|shinobi"", ""mythology|shinobi""]",test-rig pilot caught in a shinobi conflict,Turns every failure into a new rehearsal. Chooses responsibility over the easy victory.,male,human,20–29,"Korean diaspora; fictional crossover setting. Cultural basis guides identity, not a compulsory costume stereotype.","Korean man, visibly aged 20–29; fair beige skin with a neutral undertone; straight dark brown hair, shoulder-length and swept to one side; a calm oval face and broad nose, average build; test-rig pilot caught in a shinobi conflict","practical flight suit with harness and work gloves; a restrained secondary cue from smoke-blue fitted field layers, cloth wraps and a compact tool pouch","bracing against a gust with steady eye contact, a cockpit control grip",an open cockpit with a large mech shoulder in the hangar beyond; secondary environment cue: a tiled roof above a guarded archive at dusk,"One standalone square premium anime game portrait. Subject: Korean man, visibly aged 20–29; fair beige skin with a neutral undertone; straight dark brown hair, shoulder-length and swept to one side; a calm oval face and broad nose, average build; test-rig pilot caught in a shinobi conflict. Costume: practical flight suit with harness and work gloves; a restrained secondary cue from smoke-blue fitted field layers, cloth wraps and a compact tool pouch. Action: bracing against a gust with steady eye contact, a cockpit control grip. Setting: an open cockpit with a large mech shoulder in the hangar beyond; secondary environment cue: a tiled roof above a guarded archive at dusk. Exactly one main character, face clear; rich painted material light and fine anime contours matching audited current cast; strong diagonal composition, warm focal light, cooler background depth; no text, logos, labels, UI or borders. Only depict the two visible concepts mecha and shinobi. Show unmistakable functional cockpit, mech shoulder or support rig; keep the character as the focus. Show covert positioning, a cord/tool pouch or stealth route; no branded headband or franchise symbols. No katana or samurai clan costume. This is a distinct new person: do not reuse the reference face, olive complexion, hairstyle or previous-sheet identity. Render the specified skin tone clearly under neutral facial fill light; warm environmental light must not turn every face olive or tan. This is a distinct new person: do not reuse the reference face, olive complexion, hairstyle or previous-sheet identity. Render the specified skin tone clearly under neutral facial fill light; warm environmental light must not turn every face olive or tan.","Hidden affinity mythology is internal metadata only: do not name, draw or hint at it in public art or epithet. Secondary cues must remain within visible affinities.",cast/v3/cv3_lead_037.webp,ART_EXPORTED_ASSET_QC_COMPLETE_ENGINE_REVIEW_PENDING,
cv3_lead_038,Adaeze Okoye,The Iron Corsair,protag,Lead,shojo,"[""mecha"", ""pirate""]",supernatural,"[""mecha|pirate"", ""mecha|supernatural"", ""pirate|supernatural""]","[""mecha|pirate"", ""mecha|supernatural"", ""pirate|supernatural""]","[""mecha|pirate"", ""mecha|supernatural"", ""pirate|supernatural""]",test-rig pilot caught in a pirate conflict,Needs solitude after appearing fearless. Chooses responsibility over the easy victory.,female,human,30–39,"Nigerian diaspora; fictional crossover setting. Cultural basis guides identity, not a compulsory costume stereotype.","Nigerian woman, visibly aged 30–39; rich dark brown skin; dense natural black curls, shoulder-length and swept to one side; a long narrow face and prominent nose, tall lean build; test-rig pilot caught in a pirate conflict","practical flight suit with harness and work gloves; a restrained secondary cue from sea-green deck coat, sash and salt-worn boots","leaning over a low rail while extending the main prop, a cockpit control grip",an open cockpit with a large mech shoulder in the hangar beyond; secondary environment cue: a working ship deck beside a busy harbour,"One standalone square premium anime game portrait. Subject: Nigerian woman, visibly aged 30–39; rich dark brown skin; dense natural black curls, shoulder-length and swept to one side; a long narrow face and prominent nose, tall lean build; test-rig pilot caught in a pirate conflict. Costume: practical flight suit with harness and work gloves; a restrained secondary cue from sea-green deck coat, sash and salt-worn boots. Action: leaning over a low rail while extending the main prop, a cockpit control grip. Setting: an open cockpit with a large mech shoulder in the hangar beyond; secondary environment cue: a working ship deck beside a busy harbour. Exactly one main character, face clear; rich painted material light and fine anime contours matching audited current cast; strong diagonal composition, warm focal light, cooler background depth; no text, logos, labels, UI or borders. Only depict the two visible concepts mecha and pirate. Show unmistakable functional cockpit, mech shoulder or support rig; keep the character as the focus. No katana or samurai clan costume. No ninja costume or covert-clan insignia. This is a distinct new person: do not reuse the reference face, olive complexion, hairstyle or previous-sheet identity. Render the specified skin tone clearly under neutral facial fill light; warm environmental light must not turn every face olive or tan. This is a distinct new person: do not reuse the reference face, olive complexion, hairstyle or previous-sheet identity. Render the specified skin tone clearly under neutral facial fill light; warm environmental light must not turn every face olive or tan.","Hidden affinity supernatural is internal metadata only: do not name, draw or hint at it in public art or epithet. Secondary cues must remain within visible affinities.",cast/v3/cv3_lead_038.webp,ART_EXPORTED_ASSET_QC_COMPLETE_ENGINE_REVIEW_PENDING,
cv3_lead_039,Elias Lind,The Northward Banner,protag,Lead,shojo,"[""nordic"", ""military""]",mythology,"[""military|mythology"", ""military|nordic"", ""mythology|nordic""]","[""military|mythology"", ""military|nordic"", ""mythology|nordic""]","[""military|mythology"", ""military|nordic"", ""mythology|nordic""]",northern community defender caught in a military conflict,Shares food before sharing a secret. Chooses responsibility over the easy victory.,male,human,60–69,"Swedish northern coastal community; fictional crossover setting. Cultural basis guides identity, not a compulsory costume stereotype.","Swedish man, visibly aged 60–69; pale cool skin; flaxen blond hair, cut into a blunt chin-length bob; a long face with fine smile lines, slim build; northern community defender caught in a military conflict",weatherproof navy wool layers with simple leather fastenings; a restrained secondary cue from olive field jacket with blank unit tabs and practical boots,"moving laterally across the scene in a controlled stride, a coiled rescue rope",a working northern harbour under cold daylight; secondary environment cue: a floodlit logistics yard with supply vehicles,"One standalone square premium anime game portrait. Subject: Swedish man, visibly aged 60–69; pale cool skin; flaxen blond hair, cut into a blunt chin-length bob; a long face with fine smile lines, slim build; northern community defender caught in a military conflict. Costume: weatherproof navy wool layers with simple leather fastenings; a restrained secondary cue from olive field jacket with blank unit tabs and practical boots. Action: moving laterally across the scene in a controlled stride, a coiled rescue rope. Setting: a working northern harbour under cold daylight; secondary environment cue: a floodlit logistics yard with supply vehicles. Exactly one main character, face clear; rich painted material light and fine anime contours matching audited current cast; strong diagonal composition, warm focal light, cooler background depth; no text, logos, labels, UI or borders. Only depict the two visible concepts nordic and military. Northern maritime realism; no horned helmets, rune magic or automatic Viking costume. No robots, mechs, powered armour or cockpit. No katana or samurai clan costume. No ninja costume or covert-clan insignia. This is a distinct new person: do not reuse the reference face, olive complexion, hairstyle or previous-sheet identity. Render the specified skin tone clearly under neutral facial fill light; warm environmental light must not turn every face olive or tan. This is a distinct new person: do not reuse the reference face, olive complexion, hairstyle or previous-sheet identity. Render the specified skin tone clearly under neutral facial fill light; warm environmental light must not turn every face olive or tan.","Hidden affinity mythology is internal metadata only: do not name, draw or hint at it in public art or epithet. Secondary cues must remain within visible affinities.",cast/v3/cv3_lead_039.webp,ART_EXPORTED_ASSET_QC_COMPLETE_ENGINE_REVIEW_PENDING,
cv3_lead_040,Lucia Vega,The Unseen Vanguard,protag,Lead,shojo,"[""shinobi"", ""military""]",pirate,"[""military|pirate"", ""military|shinobi"", ""pirate|shinobi""]","[""military|pirate"", ""military|shinobi"", ""pirate|shinobi""]","[""military|pirate"", ""military|shinobi"", ""pirate|shinobi""]",covert operative refusing a disposable mission caught in a military conflict,Notices the missing chair before the guest arrives. Chooses responsibility over the easy victory.,female,human,20–29,"Mexican diaspora; fictional crossover setting. Cultural basis guides identity, not a compulsory costume stereotype.","Mexican woman, visibly aged 20–29; medium tan skin with a warm golden undertone; dark wavy hair, cut into a blunt chin-length bob; a small chin and rounded cheeks, short slight build; covert operative refusing a disposable mission caught in a military conflict","smoke-blue fitted field layers, cloth wraps and a compact tool pouch; a restrained secondary cue from olive field jacket with blank unit tabs and practical boots","standing calmly while the environment moves around them, a climbing cord and compact grappling hook",a tiled roof above a guarded archive at dusk; secondary environment cue: a floodlit logistics yard with supply vehicles,"One standalone square premium anime game portrait. Subject: Mexican woman, visibly aged 20–29; medium tan skin with a warm golden undertone; dark wavy hair, cut into a blunt chin-length bob; a small chin and rounded cheeks, short slight build; covert operative refusing a disposable mission caught in a military conflict. Costume: smoke-blue fitted field layers, cloth wraps and a compact tool pouch; a restrained secondary cue from olive field jacket with blank unit tabs and practical boots. Action: standing calmly while the environment moves around them, a climbing cord and compact grappling hook. Setting: a tiled roof above a guarded archive at dusk; secondary environment cue: a floodlit logistics yard with supply vehicles. Exactly one main character, face clear; rich painted material light and fine anime contours matching audited current cast; strong diagonal composition, warm focal light, cooler background depth; no text, logos, labels, UI or borders. Only depict the two visible concepts shinobi and military. Show covert positioning, a cord/tool pouch or stealth route; no branded headband or franchise symbols. No robots, mechs, powered armour or cockpit. No katana or samurai clan costume. This is a distinct new person: do not reuse the reference face, olive complexion, hairstyle or previous-sheet identity. Render the specified skin tone clearly under neutral facial fill light; warm environmental light must not turn every face olive or tan. This is a distinct new person: do not reuse the reference face, olive complexion, hairstyle or previous-sheet identity. Render the specified skin tone clearly under neutral facial fill light; warm environmental light must not turn every face olive or tan.","Hidden affinity pirate is internal metadata only: do not name, draw or hint at it in public art or epithet. Secondary cues must remain within visible affinities.",cast/v3/cv3_lead_040.webp,ART_EXPORTED_ASSET_QC_COMPLETE_ENGINE_REVIEW_PENDING,
cv3_lead_041,Jian Zhou,The Reluctant Standard,protag,Lead,shojo,"[""samurai"", ""military""]",slice,"[""military|samurai"", ""military|slice"", ""samurai|slice""]","[""military|samurai"", ""military|slice"", ""samurai|slice""]","[""military|samurai"", ""military|slice"", ""samurai|slice""]",ronin questioning a sworn duty caught in a military conflict,Always prepares a way back. Chooses responsibility over the easy victory.,male,human,20–29,"Chinese diaspora; fictional crossover setting. Cultural basis guides identity, not a compulsory costume stereotype.","Chinese man, visibly aged 20–29; light warm beige skin; straight jet-black hair, short and windswept; a pointed chin and prominent cheekbones, wiry build; ronin questioning a sworn duty caught in a military conflict",muted ochre haori over indigo hakama with a plain clan clasp; a restrained secondary cue from olive field jacket with blank unit tabs and practical boots,"pivoting into the light with a determined sideways glance, a sheathed katana with visible hilt",a feudal gatehouse with a windswept stone approach; secondary environment cue: a floodlit logistics yard with supply vehicles,"One standalone square premium anime game portrait. Subject: Chinese man, visibly aged 20–29; light warm beige skin; straight jet-black hair, short and windswept; a pointed chin and prominent cheekbones, wiry build; ronin questioning a sworn duty caught in a military conflict. Costume: muted ochre haori over indigo hakama with a plain clan clasp; a restrained secondary cue from olive field jacket with blank unit tabs and practical boots. Action: pivoting into the light with a determined sideways glance, a sheathed katana with visible hilt. Setting: a feudal gatehouse with a windswept stone approach; secondary environment cue: a floodlit logistics yard with supply vehicles. Exactly one main character, face clear; rich painted material light and fine anime contours matching audited current cast; strong diagonal composition, warm focal light, cooler background depth; no text, logos, labels, UI or borders. Only depict the two visible concepts samurai and military. Show a sheathed or carefully controlled sword, haori/hakama or retainer cue appropriate to the subject; no generic ninja substitution. No robots, mechs, powered armour or cockpit. No ninja costume or covert-clan insignia. This is a distinct new person: do not reuse the reference face, olive complexion, hairstyle or previous-sheet identity. Render the specified skin tone clearly under neutral facial fill light; warm environmental light must not turn every face olive or tan. This is a distinct new person: do not reuse the reference face, olive complexion, hairstyle or previous-sheet identity. Render the specified skin tone clearly under neutral facial fill light; warm environmental light must not turn every face olive or tan.","Hidden affinity slice is internal metadata only: do not name, draw or hint at it in public art or epithet. Secondary cues must remain within visible affinities.",cast/v3/cv3_lead_041.webp,ART_EXPORTED_ASSET_QC_COMPLETE_ENGINE_REVIEW_PENDING,
cv3_lead_042,Simone Campbell,The Last Witness,protag,Lead,shojo,"[""survival"", ""mystery""]",space,"[""mystery|space"", ""mystery|survival"", ""space|survival""]","[""mystery|space"", ""mystery|survival"", ""space|survival""]","[""mystery|space"", ""mystery|survival"", ""space|survival""]",pathfinder refusing to abandon anyone caught in a mystery conflict,Counts steps to settle a racing mind. Chooses responsibility over the easy victory.,female,human,30–39,"Jamaican-British diaspora; fictional crossover setting. Cultural basis guides identity, not a compulsory costume stereotype.","Jamaican-British woman, visibly aged 30–39; deep brown skin; black locs, short and windswept; a round face and soft cheeks, sturdy build; pathfinder refusing to abandon anyone caught in a mystery conflict",sand-coloured weather shell with a compact rescue pack; a restrained secondary cue from slate tailored coat with a mustard scarf,"taking one measured step toward the viewer, a coil of rope and a carabiner",a broken mountain footbridge under clearing storm light; secondary environment cue: a rainlit archive doorway,"One standalone square premium anime game portrait. Subject: Jamaican-British woman, visibly aged 30–39; deep brown skin; black locs, short and windswept; a round face and soft cheeks, sturdy build; pathfinder refusing to abandon anyone caught in a mystery conflict. Costume: sand-coloured weather shell with a compact rescue pack; a restrained secondary cue from slate tailored coat with a mustard scarf. Action: taking one measured step toward the viewer, a coil of rope and a carabiner. Setting: a broken mountain footbridge under clearing storm light; secondary environment cue: a rainlit archive doorway. Exactly one main character, face clear; rich painted material light and fine anime contours matching audited current cast; strong diagonal composition, warm focal light, cooler background depth; no text, logos, labels, UI or borders. Only depict the two visible concepts survival and mystery. No robots, mechs, powered armour or cockpit. No katana or samurai clan costume. No ninja costume or covert-clan insignia. This is a distinct new person: do not reuse the reference face, olive complexion, hairstyle or previous-sheet identity. Render the specified skin tone clearly under neutral facial fill light; warm environmental light must not turn every face olive or tan. This is a distinct new person: do not reuse the reference face, olive complexion, hairstyle or previous-sheet identity. Render the specified skin tone clearly under neutral facial fill light; warm environmental light must not turn every face olive or tan.","Hidden affinity space is internal metadata only: do not name, draw or hint at it in public art or epithet. Secondary cues must remain within visible affinities.",cast/v3/cv3_lead_042.webp,ART_EXPORTED_ASSET_QC_COMPLETE_ENGINE_REVIEW_PENDING,
cv3_lead_043,Nadim Haddad,The Frostwake Captain,protag,Lead,shojo,"[""nordic"", ""pirate""]",space,"[""nordic|pirate"", ""nordic|space"", ""pirate|space""]","[""nordic|pirate"", ""nordic|space"", ""pirate|space""]","[""nordic|space"", ""pirate|space""]",northern community defender caught in a pirate conflict,Trusts actions more than titles. Chooses responsibility over the easy victory.,male,human,40–49,"Lebanese diaspora; fictional crossover setting. Cultural basis guides identity, not a compulsory costume stereotype.","Lebanese man, visibly aged 40–49; light warm skin; thick dark curls, in a practical low braid; a heart-shaped face and a wide smile, compact athletic build; northern community defender caught in a pirate conflict","weatherproof navy wool layers with simple leather fastenings; a restrained secondary cue from sea-green deck coat, sash and salt-worn boots","turning sharply as fabric trails behind, a coiled rescue rope",a working northern harbour under cold daylight; secondary environment cue: a working ship deck beside a busy harbour,"One standalone square premium anime game portrait. Subject: Lebanese man, visibly aged 40–49; light warm skin; thick dark curls, in a practical low braid; a heart-shaped face and a wide smile, compact athletic build; northern community defender caught in a pirate conflict. Costume: weatherproof navy wool layers with simple leather fastenings; a restrained secondary cue from sea-green deck coat, sash and salt-worn boots. Action: turning sharply as fabric trails behind, a coiled rescue rope. Setting: a working northern harbour under cold daylight; secondary environment cue: a working ship deck beside a busy harbour. Exactly one main character, face clear; rich painted material light and fine anime contours matching audited current cast; strong diagonal composition, warm focal light, cooler background depth; no text, logos, labels, UI or borders. Only depict the two visible concepts nordic and pirate. Northern maritime realism; no horned helmets, rune magic or automatic Viking costume. No robots, mechs, powered armour or cockpit. No katana or samurai clan costume. No ninja costume or covert-clan insignia. This is a distinct new person: do not reuse the reference face, olive complexion, hairstyle or previous-sheet identity. Render the specified skin tone clearly under neutral facial fill light; warm environmental light must not turn every face olive or tan. This is a distinct new person: do not reuse the reference face, olive complexion, hairstyle or previous-sheet identity. Render the specified skin tone clearly under neutral facial fill light; warm environmental light must not turn every face olive or tan.","Hidden affinity space is internal metadata only: do not name, draw or hint at it in public art or epithet. Secondary cues must remain within visible affinities.",cast/v3/cv3_lead_043.webp,ART_EXPORTED_ASSET_QC_COMPLETE_ENGINE_REVIEW_PENDING,
cv3_lead_044,Zofia Nowak,Footprints Under Snow,protag,Lead,shojo,"[""shinobi"", ""nordic""]",sports,"[""nordic|shinobi"", ""nordic|sports"", ""shinobi|sports""]","[""nordic|shinobi"", ""nordic|sports"", ""shinobi|sports""]","[""nordic|shinobi"", ""nordic|sports"", ""shinobi|sports""]",covert operative refusing a disposable mission caught in a nordic conflict,Makes room for a rival to change. Chooses responsibility over the easy victory.,female,human,50–59,"Polish diaspora; fictional crossover setting. Cultural basis guides identity, not a compulsory costume stereotype.","Polish woman, visibly aged 50–59; fair neutral skin; ash-blond hair, in a practical low braid; a wide face and close-set brows, tall robust build; covert operative refusing a disposable mission caught in a nordic conflict","smoke-blue fitted field layers, cloth wraps and a compact tool pouch; a restrained secondary cue from weatherproof navy wool layers with simple leather fastenings","kneeling to inspect an important detail, a climbing cord and compact grappling hook",a tiled roof above a guarded archive at dusk; secondary environment cue: a working northern harbour under cold daylight,"One standalone square premium anime game portrait. Subject: Polish woman, visibly aged 50–59; fair neutral skin; ash-blond hair, in a practical low braid; a wide face and close-set brows, tall robust build; covert operative refusing a disposable mission caught in a nordic conflict. Costume: smoke-blue fitted field layers, cloth wraps and a compact tool pouch; a restrained secondary cue from weatherproof navy wool layers with simple leather fastenings. Action: kneeling to inspect an important detail, a climbing cord and compact grappling hook. Setting: a tiled roof above a guarded archive at dusk; secondary environment cue: a working northern harbour under cold daylight. Exactly one main character, face clear; rich painted material light and fine anime contours matching audited current cast; strong diagonal composition, warm focal light, cooler background depth; no text, logos, labels, UI or borders. Only depict the two visible concepts shinobi and nordic. Show covert positioning, a cord/tool pouch or stealth route; no branded headband or franchise symbols. Northern maritime realism; no horned helmets, rune magic or automatic Viking costume. No robots, mechs, powered armour or cockpit. No katana or samurai clan costume. This is a distinct new person: do not reuse the reference face, olive complexion, hairstyle or previous-sheet identity. Render the specified skin tone clearly under neutral facial fill light; warm environmental light must not turn every face olive or tan. This is a distinct new person: do not reuse the reference face, olive complexion, hairstyle or previous-sheet identity. Render the specified skin tone clearly under neutral facial fill light; warm environmental light must not turn every face olive or tan.","Hidden affinity sports is internal metadata only: do not name, draw or hint at it in public art or epithet. Secondary cues must remain within visible affinities.",cast/v3/cv3_lead_044.webp,ART_EXPORTED_ASSET_QC_COMPLETE_ENGINE_REVIEW_PENDING,
cv3_lead_045,Aamir Malik,Two Oaths Divided,protag,Lead,shojo,"[""samurai"", ""shinobi""]",romance,"[""romance|samurai"", ""romance|shinobi"", ""samurai|shinobi""]","[""romance|samurai"", ""romance|shinobi"", ""samurai|shinobi""]","[""romance|samurai"", ""romance|shinobi"", ""samurai|shinobi""]",ronin questioning a sworn duty caught in a shinobi conflict,Keeps a repaired object as a reminder. Chooses responsibility over the easy victory.,male,human,20–29,"Pakistani diaspora; fictional crossover setting. Cultural basis guides identity, not a compulsory costume stereotype.","Pakistani man, visibly aged 20–29; medium brown skin; soft black waves, in a rounded natural silhouette; a broad face and subtle facial asymmetry, substantial build; ronin questioning a sworn duty caught in a shinobi conflict","muted ochre haori over indigo hakama with a plain clan clasp; a restrained secondary cue from smoke-blue fitted field layers, cloth wraps and a compact tool pouch","bracing against a gust with steady eye contact, a sheathed katana with visible hilt",a feudal gatehouse with a windswept stone approach; secondary environment cue: a tiled roof above a guarded archive at dusk,"One standalone square premium anime game portrait. Subject: Pakistani man, visibly aged 20–29; medium brown skin; soft black waves, in a rounded natural silhouette; a broad face and subtle facial asymmetry, substantial build; ronin questioning a sworn duty caught in a shinobi conflict. Costume: muted ochre haori over indigo hakama with a plain clan clasp; a restrained secondary cue from smoke-blue fitted field layers, cloth wraps and a compact tool pouch. Action: bracing against a gust with steady eye contact, a sheathed katana with visible hilt. Setting: a feudal gatehouse with a windswept stone approach; secondary environment cue: a tiled roof above a guarded archive at dusk. Exactly one main character, face clear; rich painted material light and fine anime contours matching audited current cast; strong diagonal composition, warm focal light, cooler background depth; no text, logos, labels, UI or borders. Only depict the two visible concepts samurai and shinobi. Show a sheathed or carefully controlled sword, haori/hakama or retainer cue appropriate to the subject; no generic ninja substitution. Show covert positioning, a cord/tool pouch or stealth route; no branded headband or franchise symbols. No robots, mechs, powered armour or cockpit. This is a distinct new person: do not reuse the reference face, olive complexion, hairstyle or previous-sheet identity. Render the specified skin tone clearly under neutral facial fill light; warm environmental light must not turn every face olive or tan. This is a distinct new person: do not reuse the reference face, olive complexion, hairstyle or previous-sheet identity. Render the specified skin tone clearly under neutral facial fill light; warm environmental light must not turn every face olive or tan.","Hidden affinity romance is internal metadata only: do not name, draw or hint at it in public art or epithet. Secondary cues must remain within visible affinities.",cast/v3/cv3_lead_045.webp,ART_EXPORTED_ASSET_QC_COMPLETE_ENGINE_REVIEW_PENDING,
cv3_lead_046,Amihan Reyes,The Swiftest Blade,protag,Lead,shojo,"[""samurai"", ""sports""]",survival,"[""samurai|sports"", ""samurai|survival"", ""sports|survival""]","[""samurai|sports"", ""samurai|survival"", ""sports|survival""]","[""samurai|sports"", ""samurai|survival"", ""sports|survival""]",ronin questioning a sworn duty caught in a sports conflict,Asks permission even when in command. Chooses responsibility over the easy victory.,female,human,30–39,"Filipino diaspora; fictional crossover setting. Cultural basis guides identity, not a compulsory costume stereotype.","Filipino woman, visibly aged 30–39; warm medium-brown skin; straight dark hair, in a rounded natural silhouette; a broad nose and strong jaw, solid muscular build; ronin questioning a sworn duty caught in a sports conflict",muted ochre haori over indigo hakama with a plain clan clasp; a restrained secondary cue from teal training jacket with blank panels and sports shoes,"leaning over a low rail while extending the main prop, a sheathed katana with visible hilt",a feudal gatehouse with a windswept stone approach; secondary environment cue: an empty athletics track at golden hour,"One standalone square premium anime game portrait. Subject: Filipino woman, visibly aged 30–39; warm medium-brown skin; straight dark hair, in a rounded natural silhouette; a broad nose and strong jaw, solid muscular build; ronin questioning a sworn duty caught in a sports conflict. Costume: muted ochre haori over indigo hakama with a plain clan clasp; a restrained secondary cue from teal training jacket with blank panels and sports shoes. Action: leaning over a low rail while extending the main prop, a sheathed katana with visible hilt. Setting: a feudal gatehouse with a windswept stone approach; secondary environment cue: an empty athletics track at golden hour. Exactly one main character, face clear; rich painted material light and fine anime contours matching audited current cast; strong diagonal composition, warm focal light, cooler background depth; no text, logos, labels, UI or borders. Only depict the two visible concepts samurai and sports. Show a sheathed or carefully controlled sword, haori/hakama or retainer cue appropriate to the subject; no generic ninja substitution. No robots, mechs, powered armour or cockpit. No ninja costume or covert-clan insignia. This is a distinct new person: do not reuse the reference face, olive complexion, hairstyle or previous-sheet identity. Render the specified skin tone clearly under neutral facial fill light; warm environmental light must not turn every face olive or tan. This is a distinct new person: do not reuse the reference face, olive complexion, hairstyle or previous-sheet identity. Render the specified skin tone clearly under neutral facial fill light; warm environmental light must not turn every face olive or tan.","Hidden affinity survival is internal metadata only: do not name, draw or hint at it in public art or epithet. Secondary cues must remain within visible affinities.",cast/v3/cv3_lead_046.webp,ART_EXPORTED_ASSET_QC_COMPLETE_ENGINE_REVIEW_PENDING,
cv3_lead_047,Kamau Mwangi,The Unclaimed Clan,protag,Lead,shojo,"[""samurai"", ""shinobi""]",martial,"[""martial|samurai"", ""martial|shinobi"", ""samurai|shinobi""]","[""martial|samurai"", ""martial|shinobi"", ""samurai|shinobi""]",[],ronin questioning a sworn duty caught in a shinobi conflict,Hides worry behind meticulous preparation. Chooses responsibility over the easy victory.,male,human,60–69,"Kenyan diaspora; fictional crossover setting. Cultural basis guides identity, not a compulsory costume stereotype.","Kenyan man, visibly aged 60–69; very deep cool-brown skin; short tightly curled black hair, tied back with loose temple strands; a square face and heavy brows, broad-shouldered build; ronin questioning a sworn duty caught in a shinobi conflict","muted ochre haori over indigo hakama with a plain clan clasp; a restrained secondary cue from smoke-blue fitted field layers, cloth wraps and a compact tool pouch","moving laterally across the scene in a controlled stride, a sheathed katana with visible hilt",a feudal gatehouse with a windswept stone approach; secondary environment cue: a tiled roof above a guarded archive at dusk,"One standalone square premium anime game portrait. Subject: Kenyan man, visibly aged 60–69; very deep cool-brown skin; short tightly curled black hair, tied back with loose temple strands; a square face and heavy brows, broad-shouldered build; ronin questioning a sworn duty caught in a shinobi conflict. Costume: muted ochre haori over indigo hakama with a plain clan clasp; a restrained secondary cue from smoke-blue fitted field layers, cloth wraps and a compact tool pouch. Action: moving laterally across the scene in a controlled stride, a sheathed katana with visible hilt. Setting: a feudal gatehouse with a windswept stone approach; secondary environment cue: a tiled roof above a guarded archive at dusk. Exactly one main character, face clear; rich painted material light and fine anime contours matching audited current cast; strong diagonal composition, warm focal light, cooler background depth; no text, logos, labels, UI or borders. Only depict the two visible concepts samurai and shinobi. Show a sheathed or carefully controlled sword, haori/hakama or retainer cue appropriate to the subject; no generic ninja substitution. Show covert positioning, a cord/tool pouch or stealth route; no branded headband or franchise symbols. No robots, mechs, powered armour or cockpit. This is a distinct new person: do not reuse the reference face, olive complexion, hairstyle or previous-sheet identity. Render the specified skin tone clearly under neutral facial fill light; warm environmental light must not turn every face olive or tan. This is a distinct new person: do not reuse the reference face, olive complexion, hairstyle or previous-sheet identity. Render the specified skin tone clearly under neutral facial fill light; warm environmental light must not turn every face olive or tan.","Hidden affinity martial is internal metadata only: do not name, draw or hint at it in public art or epithet. Secondary cues must remain within visible affinities.",cast/v3/cv3_lead_047.webp,ART_EXPORTED_ASSET_QC_COMPLETE_ENGINE_REVIEW_PENDING,
cv3_lead_048,Aminata Diop,The Unbending Edge,protag,Lead,shojo,"[""mecha"", ""samurai""]",shinobi,"[""mecha|samurai"", ""mecha|shinobi"", ""samurai|shinobi""]","[""mecha|samurai"", ""mecha|shinobi"", ""samurai|shinobi""]",[],test-rig pilot caught in a samurai conflict,Writes down the questions nobody answered. Chooses responsibility over the easy victory.,female,human,20–29,"French-Senegalese mixed heritage; fictional crossover setting. Cultural basis guides identity, not a compulsory costume stereotype.","French-Senegalese woman, visibly aged 20–29; dark brown skin; dark natural curls, tied back with loose temple strands; a softly angular face, full lips and a strong neck, stocky build; test-rig pilot caught in a samurai conflict",practical flight suit with harness and work gloves; a restrained secondary cue from muted ochre haori over indigo hakama with a plain clan clasp,"standing calmly while the environment moves around them, a cockpit control grip",an open cockpit with a large mech shoulder in the hangar beyond; secondary environment cue: a feudal gatehouse with a windswept stone approach,"One standalone square premium anime game portrait. Subject: French-Senegalese woman, visibly aged 20–29; dark brown skin; dark natural curls, tied back with loose temple strands; a softly angular face, full lips and a strong neck, stocky build; test-rig pilot caught in a samurai conflict. Costume: practical flight suit with harness and work gloves; a restrained secondary cue from muted ochre haori over indigo hakama with a plain clan clasp. Action: standing calmly while the environment moves around them, a cockpit control grip. Setting: an open cockpit with a large mech shoulder in the hangar beyond; secondary environment cue: a feudal gatehouse with a windswept stone approach. Exactly one main character, face clear; rich painted material light and fine anime contours matching audited current cast; strong diagonal composition, warm focal light, cooler background depth; no text, logos, labels, UI or borders. Only depict the two visible concepts mecha and samurai. Show unmistakable functional cockpit, mech shoulder or support rig; keep the character as the focus. Show a sheathed or carefully controlled sword, haori/hakama or retainer cue appropriate to the subject; no generic ninja substitution. No ninja costume or covert-clan insignia. This is a distinct new person: do not reuse the reference face, olive complexion, hairstyle or previous-sheet identity. Render the specified skin tone clearly under neutral facial fill light; warm environmental light must not turn every face olive or tan. This is a distinct new person: do not reuse the reference face, olive complexion, hairstyle or previous-sheet identity. Render the specified skin tone clearly under neutral facial fill light; warm environmental light must not turn every face olive or tan.","Hidden affinity shinobi is internal metadata only: do not name, draw or hint at it in public art or epithet. Secondary cues must remain within visible affinities.",cast/v3/cv3_lead_048.webp,ART_EXPORTED_ASSET_QC_COMPLETE_ENGINE_REVIEW_PENDING,
cv3_lead_049,Kwame Owusu,The Heartbound Duel,protag,Lead,shojo,"[""samurai"", ""romance""]",slice,"[""romance|samurai"", ""romance|slice"", ""samurai|slice""]","[""romance|samurai"", ""romance|slice"", ""samurai|slice""]",[],ronin questioning a sworn duty caught in a romance conflict,Finds courage in small routines. Chooses responsibility over the easy victory.,male,human,20–29,"Ghanaian-British diaspora; fictional crossover setting. Cultural basis guides identity, not a compulsory costume stereotype.","Ghanaian-British man, visibly aged 20–29; very deep brown skin with warm highlights; tightly coiled black hair, with a side part and visible silver streaks; a mature face with crow’s-feet and a strong jaw, average build; ronin questioning a sworn duty caught in a romance conflict",muted ochre haori over indigo hakama with a plain clan clasp; a restrained secondary cue from rose-lined everyday jacket and a carefully mended scarf,"pivoting into the light with a determined sideways glance, a sheathed katana with visible hilt",a feudal gatehouse with a windswept stone approach; secondary environment cue: a station garden in late afternoon,"One standalone square premium anime game portrait. Subject: Ghanaian-British man, visibly aged 20–29; very deep brown skin with warm highlights; tightly coiled black hair, with a side part and visible silver streaks; a mature face with crow’s-feet and a strong jaw, average build; ronin questioning a sworn duty caught in a romance conflict. Costume: muted ochre haori over indigo hakama with a plain clan clasp; a restrained secondary cue from rose-lined everyday jacket and a carefully mended scarf. Action: pivoting into the light with a determined sideways glance, a sheathed katana with visible hilt. Setting: a feudal gatehouse with a windswept stone approach; secondary environment cue: a station garden in late afternoon. Exactly one main character, face clear; rich painted material light and fine anime contours matching audited current cast; strong diagonal composition, warm focal light, cooler background depth; no text, logos, labels, UI or borders. Only depict the two visible concepts samurai and romance. Show a sheathed or carefully controlled sword, haori/hakama or retainer cue appropriate to the subject; no generic ninja substitution. No robots, mechs, powered armour or cockpit. No ninja costume or covert-clan insignia. This is a distinct new person: do not reuse the reference face, olive complexion, hairstyle or previous-sheet identity. Render the specified skin tone clearly under neutral facial fill light; warm environmental light must not turn every face olive or tan. This is a distinct new person: do not reuse the reference face, olive complexion, hairstyle or previous-sheet identity. Render the specified skin tone clearly under neutral facial fill light; warm environmental light must not turn every face olive or tan.","Hidden affinity slice is internal metadata only: do not name, draw or hint at it in public art or epithet. Secondary cues must remain within visible affinities.",cast/v3/cv3_lead_049.webp,ART_EXPORTED_ASSET_QC_COMPLETE_ENGINE_REVIEW_PENDING,
cv3_lead_050,Orla Doyle,The Unseen Supper,protag,Lead,shojo,"[""shinobi"", ""cooking""]",slice,"[""cooking|shinobi"", ""cooking|slice"", ""shinobi|slice""]","[""cooking|shinobi"", ""shinobi|slice""]",[],covert operative refusing a disposable mission caught in a cooking conflict,Remembers the weather on important days. Chooses responsibility over the easy victory.,female,human,30–39,"Irish diaspora; fictional crossover setting. Cultural basis guides identity, not a compulsory costume stereotype.","Irish woman, visibly aged 30–39; very fair pink-toned skin with conspicuous natural freckles; copper-red hair, with a side part and visible silver streaks; a calm oval face and broad nose, average build; covert operative refusing a disposable mission caught in a cooking conflict","smoke-blue fitted field layers, cloth wraps and a compact tool pouch; a restrained secondary cue from rolled sleeves and a burgundy cross-back apron","taking one measured step toward the viewer, a climbing cord and compact grappling hook",a tiled roof above a guarded archive at dusk; secondary environment cue: a tiled open kitchen beside a market,"One standalone square premium anime game portrait. Subject: Irish woman, visibly aged 30–39; very fair pink-toned skin with conspicuous natural freckles; copper-red hair, with a side part and visible silver streaks; a calm oval face and broad nose, average build; covert operative refusing a disposable mission caught in a cooking conflict. Costume: smoke-blue fitted field layers, cloth wraps and a compact tool pouch; a restrained secondary cue from rolled sleeves and a burgundy cross-back apron. Action: taking one measured step toward the viewer, a climbing cord and compact grappling hook. Setting: a tiled roof above a guarded archive at dusk; secondary environment cue: a tiled open kitchen beside a market. Exactly one main character, face clear; rich painted material light and fine anime contours matching audited current cast; strong diagonal composition, warm focal light, cooler background depth; no text, logos, labels, UI or borders. Only depict the two visible concepts shinobi and cooking. Show covert positioning, a cord/tool pouch or stealth route; no branded headband or franchise symbols. No robots, mechs, powered armour or cockpit. No katana or samurai clan costume. This is a distinct new person: do not reuse the reference face, olive complexion, hairstyle or previous-sheet identity. Render the specified skin tone clearly under neutral facial fill light; warm environmental light must not turn every face olive or tan. This is a distinct new person: do not reuse the reference face, olive complexion, hairstyle or previous-sheet identity. Render the specified skin tone clearly under neutral facial fill light; warm environmental light must not turn every face olive or tan.","Hidden affinity slice is internal metadata only: do not name, draw or hint at it in public art or epithet. Secondary cues must remain within visible affinities.",cast/v3/cv3_lead_050.webp,ART_EXPORTED_ASSET_QC_COMPLETE_ENGINE_REVIEW_PENDING,
cv3_lead_051,Arjun Iyer,Ronin of Winter,protag,Lead,shojo,"[""samurai"", ""nordic""]",survival,"[""nordic|samurai"", ""nordic|survival"", ""samurai|survival""]","[""nordic|samurai"", ""samurai|survival""]",[],ronin questioning a sworn duty caught in a nordic conflict,Will cross a city to return a borrowed tool. Chooses responsibility over the easy victory.,male,human,40–49,"Indian diaspora; fictional crossover setting. Cultural basis guides identity, not a compulsory costume stereotype.","Indian man, visibly aged 40–49; medium-deep warm brown skin; thick dark hair, with an undercut and a long top; a long narrow face and prominent nose, tall lean build; ronin questioning a sworn duty caught in a nordic conflict",muted ochre haori over indigo hakama with a plain clan clasp; a restrained secondary cue from weatherproof navy wool layers with simple leather fastenings,"turning sharply as fabric trails behind, a sheathed katana with visible hilt",a feudal gatehouse with a windswept stone approach; secondary environment cue: a working northern harbour under cold daylight,"One standalone square premium anime game portrait. Subject: Indian man, visibly aged 40–49; medium-deep warm brown skin; thick dark hair, with an undercut and a long top; a long narrow face and prominent nose, tall lean build; ronin questioning a sworn duty caught in a nordic conflict. Costume: muted ochre haori over indigo hakama with a plain clan clasp; a restrained secondary cue from weatherproof navy wool layers with simple leather fastenings. Action: turning sharply as fabric trails behind, a sheathed katana with visible hilt. Setting: a feudal gatehouse with a windswept stone approach; secondary environment cue: a working northern harbour under cold daylight. Exactly one main character, face clear; rich painted material light and fine anime contours matching audited current cast; strong diagonal composition, warm focal light, cooler background depth; no text, logos, labels, UI or borders. Only depict the two visible concepts samurai and nordic. Show a sheathed or carefully controlled sword, haori/hakama or retainer cue appropriate to the subject; no generic ninja substitution. Northern maritime realism; no horned helmets, rune magic or automatic Viking costume. No robots, mechs, powered armour or cockpit. No ninja costume or covert-clan insignia. This is a distinct new person: do not reuse the reference face, olive complexion, hairstyle or previous-sheet identity. Render the specified skin tone clearly under neutral facial fill light; warm environmental light must not turn every face olive or tan. This is a distinct new person: do not reuse the reference face, olive complexion, hairstyle or previous-sheet identity. Render the specified skin tone clearly under neutral facial fill light; warm environmental light must not turn every face olive or tan.","Hidden affinity survival is internal metadata only: do not name, draw or hint at it in public art or epithet. Secondary cues must remain within visible affinities.",cast/v3/cv3_lead_051.webp,ART_EXPORTED_ASSET_QC_COMPLETE_ENGINE_REVIEW_PENDING,
cv3_lead_052,Sumin Han,The Stolen Spotlight,protag,Lead,shojo,"[""shinobi"", ""idol""]",sports,"[""idol|shinobi"", ""idol|sports"", ""shinobi|sports""]","[""idol|shinobi"", ""shinobi|sports""]",[],covert operative refusing a disposable mission caught in a idol conflict,Refuses to confuse obedience with loyalty. Chooses responsibility over the easy victory.,female,human,50–59,"Korean diaspora; fictional crossover setting. Cultural basis guides identity, not a compulsory costume stereotype.","Korean woman, visibly aged 50–59; fair beige skin with a neutral undertone; straight dark brown hair, with an undercut and a long top; a long face with fine smile lines, slim build; covert operative refusing a disposable mission caught in a idol conflict","smoke-blue fitted field layers, cloth wraps and a compact tool pouch; a restrained secondary cue from ink-blue stage jacket with silver geometric piping","kneeling to inspect an important detail, a climbing cord and compact grappling hook",a tiled roof above a guarded archive at dusk; secondary environment cue: a rehearsal stage with blurred amber footlights,"One standalone square premium anime game portrait. Subject: Korean woman, visibly aged 50–59; fair beige skin with a neutral undertone; straight dark brown hair, with an undercut and a long top; a long face with fine smile lines, slim build; covert operative refusing a disposable mission caught in a idol conflict. Costume: smoke-blue fitted field layers, cloth wraps and a compact tool pouch; a restrained secondary cue from ink-blue stage jacket with silver geometric piping. Action: kneeling to inspect an important detail, a climbing cord and compact grappling hook. Setting: a tiled roof above a guarded archive at dusk; secondary environment cue: a rehearsal stage with blurred amber footlights. Exactly one main character, face clear; rich painted material light and fine anime contours matching audited current cast; strong diagonal composition, warm focal light, cooler background depth; no text, logos, labels, UI or borders. Only depict the two visible concepts shinobi and idol. Show covert positioning, a cord/tool pouch or stealth route; no branded headband or franchise symbols. No robots, mechs, powered armour or cockpit. No katana or samurai clan costume. This is a distinct new person: do not reuse the reference face, olive complexion, hairstyle or previous-sheet identity. Render the specified skin tone clearly under neutral facial fill light; warm environmental light must not turn every face olive or tan. This is a distinct new person: do not reuse the reference face, olive complexion, hairstyle or previous-sheet identity. Render the specified skin tone clearly under neutral facial fill light; warm environmental light must not turn every face olive or tan.","Hidden affinity sports is internal metadata only: do not name, draw or hint at it in public art or epithet. Secondary cues must remain within visible affinities.",cast/v3/cv3_lead_052.webp,ART_EXPORTED_ASSET_QC_COMPLETE_ENGINE_REVIEW_PENDING,
cv3_sidekick_001,Emeka Obi,The Second Helping,secondary,Sidekick,shonen,"[""comedy"", ""cooking""]",slice,"[""comedy|cooking"", ""comedy|slice"", ""cooking|slice""]","[""comedy|cooking"", ""comedy|slice"", ""cooking|slice""]","[""comedy|cooking"", ""comedy|slice"", ""cooking|slice""]",comic foil caught in a cooking conflict,Keeps every promise in a pocket ledger. Offers practical help but keeps an independent goal.,male,human,20–29,"Nigerian diaspora; fictional crossover setting. Cultural basis guides identity, not a compulsory costume stereotype.","Nigerian man, visibly aged 20–29; rich dark brown skin; dense natural black curls, in two practical braids; a small chin and rounded cheeks, short slight build; comic foil caught in a cooking conflict",saffron jacket with an asymmetric cuff; a restrained secondary cue from rolled sleeves and a burgundy cross-back apron,"pivoting into the light with a determined sideways glance, a folding fan caught mid-flourish",a festival rehearsal courtyard; secondary environment cue: a tiled open kitchen beside a market,"One standalone square premium anime game portrait. Subject: Nigerian man, visibly aged 20–29; rich dark brown skin; dense natural black curls, in two practical braids; a small chin and rounded cheeks, short slight build; comic foil caught in a cooking conflict. Costume: saffron jacket with an asymmetric cuff; a restrained secondary cue from rolled sleeves and a burgundy cross-back apron. Action: pivoting into the light with a determined sideways glance, a folding fan caught mid-flourish. Setting: a festival rehearsal courtyard; secondary environment cue: a tiled open kitchen beside a market. Exactly one main character, face clear; rich painted material light and fine anime contours matching audited current cast; strong diagonal composition, warm focal light, cooler background depth; no text, logos, labels, UI or borders. Only depict the two visible concepts comedy and cooking. No robots, mechs, powered armour or cockpit. No katana or samurai clan costume. No ninja costume or covert-clan insignia. This is a distinct new person: do not reuse the reference face, olive complexion, hairstyle or previous-sheet identity. Render the specified skin tone clearly under neutral facial fill light; warm environmental light must not turn every face olive or tan. This is a distinct new person: do not reuse the reference face, olive complexion, hairstyle or previous-sheet identity. Render the specified skin tone clearly under neutral facial fill light; warm environmental light must not turn every face olive or tan.","Hidden affinity slice is internal metadata only: do not name, draw or hint at it in public art or epithet. Secondary cues must remain within visible affinities.",cast/v3/cv3_sidekick_001.webp,ART_EXPORTED_ASSET_QC_COMPLETE_ENGINE_REVIEW_PENDING,
cv3_sidekick_002,Linnea Berg,Guide Through Static,secondary,Sidekick,shonen,"[""cyber"", ""isekai""]",comedy,"[""comedy|cyber"", ""comedy|isekai"", ""cyber|isekai""]","[""comedy|cyber"", ""comedy|isekai"", ""cyber|isekai""]","[""comedy|cyber"", ""comedy|isekai"", ""cyber|isekai""]",streetwise systems fixer caught in a isekai conflict,Repairs things while thinking through an apology. Offers practical help but keeps an independent goal.,female,human,30–39,"Swedish northern coastal community; fictional crossover setting. Cultural basis guides identity, not a compulsory costume stereotype.","Swedish woman, visibly aged 30–39; pale cool skin; flaxen blond hair, in two practical braids; a pointed chin and prominent cheekbones, wiry build; streetwise systems fixer caught in a isekai conflict",graphite utility coat with restrained teal seams; a restrained secondary cue from modern travel layer over locally repaired woven clothing,"taking one measured step toward the viewer, a handheld diagnostic slate",a rainlit cable-lined transit arcade; secondary environment cue: a foreign city gate with a quiet portal far behind,"One standalone square premium anime game portrait. Subject: Swedish woman, visibly aged 30–39; pale cool skin; flaxen blond hair, in two practical braids; a pointed chin and prominent cheekbones, wiry build; streetwise systems fixer caught in a isekai conflict. Costume: graphite utility coat with restrained teal seams; a restrained secondary cue from modern travel layer over locally repaired woven clothing. Action: taking one measured step toward the viewer, a handheld diagnostic slate. Setting: a rainlit cable-lined transit arcade; secondary environment cue: a foreign city gate with a quiet portal far behind. Exactly one main character, face clear; rich painted material light and fine anime contours matching audited current cast; strong diagonal composition, warm focal light, cooler background depth; no text, logos, labels, UI or borders. Only depict the two visible concepts cyber and isekai. No robots, mechs, powered armour or cockpit. No katana or samurai clan costume. No ninja costume or covert-clan insignia. This is a distinct new person: do not reuse the reference face, olive complexion, hairstyle or previous-sheet identity. Render the specified skin tone clearly under neutral facial fill light; warm environmental light must not turn every face olive or tan. This is a distinct new person: do not reuse the reference face, olive complexion, hairstyle or previous-sheet identity. Render the specified skin tone clearly under neutral facial fill light; warm environmental light must not turn every face olive or tan.","Hidden affinity comedy is internal metadata only: do not name, draw or hint at it in public art or epithet. Secondary cues must remain within visible affinities.",cast/v3/cv3_sidekick_002.webp,ART_EXPORTED_ASSET_QC_COMPLETE_ENGINE_REVIEW_PENDING,
cv3_sidekick_003,Mateo Torres,The Barracks Grin,secondary,Sidekick,shonen,"[""military"", ""comedy""]",fantasy,"[""comedy|fantasy"", ""comedy|military"", ""fantasy|military""]","[""comedy|fantasy"", ""comedy|military"", ""fantasy|military""]","[""comedy|fantasy"", ""comedy|military"", ""fantasy|military""]",field logistics partner caught in a comedy conflict,Asks the quietest person for their view first. Offers practical help but keeps an independent goal.,male,human,60–69,"Mexican diaspora; fictional crossover setting. Cultural basis guides identity, not a compulsory costume stereotype.","Mexican man, visibly aged 60–69; medium tan skin with a warm golden undertone; dark wavy hair, short and softly tousled; a round face and soft cheeks, sturdy build; field logistics partner caught in a comedy conflict",olive field jacket with blank unit tabs and practical boots; a restrained secondary cue from saffron jacket with an asymmetric cuff,"turning sharply as fabric trails behind, a folded unlettered field map",a floodlit logistics yard with supply vehicles; secondary environment cue: a festival rehearsal courtyard,"One standalone square premium anime game portrait. Subject: Mexican man, visibly aged 60–69; medium tan skin with a warm golden undertone; dark wavy hair, short and softly tousled; a round face and soft cheeks, sturdy build; field logistics partner caught in a comedy conflict. Costume: olive field jacket with blank unit tabs and practical boots; a restrained secondary cue from saffron jacket with an asymmetric cuff. Action: turning sharply as fabric trails behind, a folded unlettered field map. Setting: a floodlit logistics yard with supply vehicles; secondary environment cue: a festival rehearsal courtyard. Exactly one main character, face clear; rich painted material light and fine anime contours matching audited current cast; strong diagonal composition, warm focal light, cooler background depth; no text, logos, labels, UI or borders. Only depict the two visible concepts military and comedy. No robots, mechs, powered armour or cockpit. No katana or samurai clan costume. No ninja costume or covert-clan insignia. This is a distinct new person: do not reuse the reference face, olive complexion, hairstyle or previous-sheet identity. Render the specified skin tone clearly under neutral facial fill light; warm environmental light must not turn every face olive or tan. This is a distinct new person: do not reuse the reference face, olive complexion, hairstyle or previous-sheet identity. Render the specified skin tone clearly under neutral facial fill light; warm environmental light must not turn every face olive or tan.","Hidden affinity fantasy is internal metadata only: do not name, draw or hint at it in public art or epithet. Secondary cues must remain within visible affinities.",cast/v3/cv3_sidekick_003.webp,ART_EXPORTED_ASSET_QC_COMPLETE_ENGINE_REVIEW_PENDING,
cv3_sidekick_004,Lian Lin,The Laughing Longship,secondary,Sidekick,shonen,"[""comedy"", ""nordic""]",romance,"[""comedy|nordic"", ""comedy|romance"", ""nordic|romance""]","[""comedy|nordic"", ""nordic|romance""]","[""comedy|nordic"", ""nordic|romance""]",comic foil caught in a nordic conflict,Practises difficult conversations before dawn. Offers practical help but keeps an independent goal.,female,human,20–29,"Chinese diaspora; fictional crossover setting. Cultural basis guides identity, not a compulsory costume stereotype.","Chinese woman, visibly aged 20–29; light warm beige skin; straight jet-black hair, short and softly tousled; a heart-shaped face and a wide smile, compact athletic build; comic foil caught in a nordic conflict",saffron jacket with an asymmetric cuff; a restrained secondary cue from weatherproof navy wool layers with simple leather fastenings,"kneeling to inspect an important detail, a folding fan caught mid-flourish",a festival rehearsal courtyard; secondary environment cue: a working northern harbour under cold daylight,"One standalone square premium anime game portrait. Subject: Chinese woman, visibly aged 20–29; light warm beige skin; straight jet-black hair, short and softly tousled; a heart-shaped face and a wide smile, compact athletic build; comic foil caught in a nordic conflict. Costume: saffron jacket with an asymmetric cuff; a restrained secondary cue from weatherproof navy wool layers with simple leather fastenings. Action: kneeling to inspect an important detail, a folding fan caught mid-flourish. Setting: a festival rehearsal courtyard; secondary environment cue: a working northern harbour under cold daylight. Exactly one main character, face clear; rich painted material light and fine anime contours matching audited current cast; strong diagonal composition, warm focal light, cooler background depth; no text, logos, labels, UI or borders. Only depict the two visible concepts comedy and nordic. Northern maritime realism; no horned helmets, rune magic or automatic Viking costume. No robots, mechs, powered armour or cockpit. No katana or samurai clan costume. No ninja costume or covert-clan insignia. This is a distinct new person: do not reuse the reference face, olive complexion, hairstyle or previous-sheet identity. Render the specified skin tone clearly under neutral facial fill light; warm environmental light must not turn every face olive or tan. This is a distinct new person: do not reuse the reference face, olive complexion, hairstyle or previous-sheet identity. Render the specified skin tone clearly under neutral facial fill light; warm environmental light must not turn every face olive or tan.","Hidden affinity romance is internal metadata only: do not name, draw or hint at it in public art or epithet. Secondary cues must remain within visible affinities.",cast/v3/cv3_sidekick_004.webp,ART_EXPORTED_ASSET_QC_COMPLETE_ENGINE_REVIEW_PENDING,
cv3_sidekick_005,Andre Morgan,The Decoy's Wink,secondary,Sidekick,shonen,"[""shinobi"", ""comedy""]",pirate,"[""comedy|pirate"", ""comedy|shinobi"", ""pirate|shinobi""]","[""comedy|pirate"", ""comedy|shinobi"", ""pirate|shinobi""]","[""comedy|pirate"", ""comedy|shinobi"", ""pirate|shinobi""]",infiltration scout with a contingency caught in a comedy conflict,Remembers kindness longer than insults. Offers practical help but keeps an independent goal.,male,human,20–29,"Jamaican-British diaspora; fictional crossover setting. Cultural basis guides identity, not a compulsory costume stereotype.","Jamaican-British man, visibly aged 20–29; deep brown skin; black locs, swept back from a broad forehead; a wide face and close-set brows, tall robust build; infiltration scout with a contingency caught in a comedy conflict","smoke-blue fitted field layers, cloth wraps and a compact tool pouch; a restrained secondary cue from saffron jacket with an asymmetric cuff","bracing against a gust with steady eye contact, a climbing cord and compact grappling hook",a tiled roof above a guarded archive at dusk; secondary environment cue: a festival rehearsal courtyard,"One standalone square premium anime game portrait. Subject: Jamaican-British man, visibly aged 20–29; deep brown skin; black locs, swept back from a broad forehead; a wide face and close-set brows, tall robust build; infiltration scout with a contingency caught in a comedy conflict. Costume: smoke-blue fitted field layers, cloth wraps and a compact tool pouch; a restrained secondary cue from saffron jacket with an asymmetric cuff. Action: bracing against a gust with steady eye contact, a climbing cord and compact grappling hook. Setting: a tiled roof above a guarded archive at dusk; secondary environment cue: a festival rehearsal courtyard. Exactly one main character, face clear; rich painted material light and fine anime contours matching audited current cast; strong diagonal composition, warm focal light, cooler background depth; no text, logos, labels, UI or borders. Only depict the two visible concepts shinobi and comedy. Show covert positioning, a cord/tool pouch or stealth route; no branded headband or franchise symbols. No robots, mechs, powered armour or cockpit. No katana or samurai clan costume. This is a distinct new person: do not reuse the reference face, olive complexion, hairstyle or previous-sheet identity. Render the specified skin tone clearly under neutral facial fill light; warm environmental light must not turn every face olive or tan. This is a distinct new person: do not reuse the reference face, olive complexion, hairstyle or previous-sheet identity. Render the specified skin tone clearly under neutral facial fill light; warm environmental light must not turn every face olive or tan.","Hidden affinity pirate is internal metadata only: do not name, draw or hint at it in public art or epithet. Secondary cues must remain within visible affinities.",cast/v3/cv3_sidekick_005.webp,ART_EXPORTED_ASSET_QC_COMPLETE_ENGINE_REVIEW_PENDING,
cv3_sidekick_006,Rania Nasser,The Retainer's Jest,secondary,Sidekick,shonen,"[""samurai"", ""comedy""]",supernatural,"[""comedy|samurai"", ""comedy|supernatural"", ""samurai|supernatural""]","[""comedy|samurai"", ""comedy|supernatural"", ""samurai|supernatural""]","[""comedy|samurai"", ""comedy|supernatural"", ""samurai|supernatural""]",retainer choosing whom to protect caught in a comedy conflict,Cannot resist improving a badly made plan. Offers practical help but keeps an independent goal.,female,human,30–39,"Lebanese diaspora; fictional crossover setting. Cultural basis guides identity, not a compulsory costume stereotype.","Lebanese woman, visibly aged 30–39; light warm skin; thick dark curls, swept back from a broad forehead; a broad face and subtle facial asymmetry, substantial build; retainer choosing whom to protect caught in a comedy conflict",muted ochre haori over indigo hakama with a plain clan clasp; a restrained secondary cue from saffron jacket with an asymmetric cuff,"leaning over a low rail while extending the main prop, a sheathed katana with visible hilt",a feudal gatehouse with a windswept stone approach; secondary environment cue: a festival rehearsal courtyard,"One standalone square premium anime game portrait. Subject: Lebanese woman, visibly aged 30–39; light warm skin; thick dark curls, swept back from a broad forehead; a broad face and subtle facial asymmetry, substantial build; retainer choosing whom to protect caught in a comedy conflict. Costume: muted ochre haori over indigo hakama with a plain clan clasp; a restrained secondary cue from saffron jacket with an asymmetric cuff. Action: leaning over a low rail while extending the main prop, a sheathed katana with visible hilt. Setting: a feudal gatehouse with a windswept stone approach; secondary environment cue: a festival rehearsal courtyard. Exactly one main character, face clear; rich painted material light and fine anime contours matching audited current cast; strong diagonal composition, warm focal light, cooler background depth; no text, logos, labels, UI or borders. Only depict the two visible concepts samurai and comedy. Show a sheathed or carefully controlled sword, haori/hakama or retainer cue appropriate to the subject; no generic ninja substitution. No robots, mechs, powered armour or cockpit. No ninja costume or covert-clan insignia. This is a distinct new person: do not reuse the reference face, olive complexion, hairstyle or previous-sheet identity. Render the specified skin tone clearly under neutral facial fill light; warm environmental light must not turn every face olive or tan. This is a distinct new person: do not reuse the reference face, olive complexion, hairstyle or previous-sheet identity. Render the specified skin tone clearly under neutral facial fill light; warm environmental light must not turn every face olive or tan.","Hidden affinity supernatural is internal metadata only: do not name, draw or hint at it in public art or epithet. Secondary cues must remain within visible affinities.",cast/v3/cv3_sidekick_006.webp,ART_EXPORTED_ASSET_QC_COMPLETE_ENGINE_REVIEW_PENDING,
cv3_sidekick_007,Lukasz Kowalski,The Candlelit Kitchen,secondary,Sidekick,shonen,"[""cooking"", ""horror""]",isekai,"[""cooking|horror"", ""cooking|isekai"", ""horror|isekai""]","[""cooking|horror"", ""cooking|isekai"", ""horror|isekai""]","[""cooking|horror"", ""cooking|isekai"", ""horror|isekai""]",resourceful kitchen confidant caught in a horror conflict,"Laughs when nervous, then does the difficult thing. Offers practical help but keeps an independent goal.",male,human,40–49,"Polish diaspora; fictional crossover setting. Cultural basis guides identity, not a compulsory costume stereotype.","Polish man, visibly aged 40–49; fair neutral skin; ash-blond hair, cropped close with a clean taper; a broad nose and strong jaw, solid muscular build; resourceful kitchen confidant caught in a horror conflict",rolled sleeves and a burgundy cross-back apron; a restrained secondary cue from charcoal raincoat with a single pale lining,"moving laterally across the scene in a controlled stride, a steaming pan tilted into the light",a tiled open kitchen beside a market; secondary environment cue: an abandoned station with a single lit doorway,"One standalone square premium anime game portrait. Subject: Polish man, visibly aged 40–49; fair neutral skin; ash-blond hair, cropped close with a clean taper; a broad nose and strong jaw, solid muscular build; resourceful kitchen confidant caught in a horror conflict. Costume: rolled sleeves and a burgundy cross-back apron; a restrained secondary cue from charcoal raincoat with a single pale lining. Action: moving laterally across the scene in a controlled stride, a steaming pan tilted into the light. Setting: a tiled open kitchen beside a market; secondary environment cue: an abandoned station with a single lit doorway. Exactly one main character, face clear; rich painted material light and fine anime contours matching audited current cast; strong diagonal composition, warm focal light, cooler background depth; no text, logos, labels, UI or borders. Only depict the two visible concepts cooking and horror. No robots, mechs, powered armour or cockpit. No katana or samurai clan costume. No ninja costume or covert-clan insignia. This is a distinct new person: do not reuse the reference face, olive complexion, hairstyle or previous-sheet identity. Render the specified skin tone clearly under neutral facial fill light; warm environmental light must not turn every face olive or tan. This is a distinct new person: do not reuse the reference face, olive complexion, hairstyle or previous-sheet identity. Render the specified skin tone clearly under neutral facial fill light; warm environmental light must not turn every face olive or tan.","Hidden affinity isekai is internal metadata only: do not name, draw or hint at it in public art or epithet. Secondary cues must remain within visible affinities.",cast/v3/cv3_sidekick_007.webp,ART_EXPORTED_ASSET_QC_COMPLETE_ENGINE_REVIEW_PENDING,
cv3_sidekick_008,Sana Khan,The Quiet Provision,secondary,Sidekick,shonen,"[""shinobi"", ""cooking""]",idol,"[""cooking|idol"", ""cooking|shinobi"", ""idol|shinobi""]","[""cooking|idol"", ""cooking|shinobi"", ""idol|shinobi""]","[""cooking|idol"", ""cooking|shinobi"", ""idol|shinobi""]",infiltration scout with a contingency caught in a cooking conflict,Collects small gifts for people far from home. Offers practical help but keeps an independent goal.,female,human,50–59,"Pakistani diaspora; fictional crossover setting. Cultural basis guides identity, not a compulsory costume stereotype.","Pakistani woman, visibly aged 50–59; medium brown skin; soft black waves, cropped close with a clean taper; a square face and heavy brows, broad-shouldered build; infiltration scout with a contingency caught in a cooking conflict","smoke-blue fitted field layers, cloth wraps and a compact tool pouch; a restrained secondary cue from rolled sleeves and a burgundy cross-back apron","standing calmly while the environment moves around them, a climbing cord and compact grappling hook",a tiled roof above a guarded archive at dusk; secondary environment cue: a tiled open kitchen beside a market,"One standalone square premium anime game portrait. Subject: Pakistani woman, visibly aged 50–59; medium brown skin; soft black waves, cropped close with a clean taper; a square face and heavy brows, broad-shouldered build; infiltration scout with a contingency caught in a cooking conflict. Costume: smoke-blue fitted field layers, cloth wraps and a compact tool pouch; a restrained secondary cue from rolled sleeves and a burgundy cross-back apron. Action: standing calmly while the environment moves around them, a climbing cord and compact grappling hook. Setting: a tiled roof above a guarded archive at dusk; secondary environment cue: a tiled open kitchen beside a market. Exactly one main character, face clear; rich painted material light and fine anime contours matching audited current cast; strong diagonal composition, warm focal light, cooler background depth; no text, logos, labels, UI or borders. Only depict the two visible concepts shinobi and cooking. Show covert positioning, a cord/tool pouch or stealth route; no branded headband or franchise symbols. No robots, mechs, powered armour or cockpit. No katana or samurai clan costume. This is a distinct new person: do not reuse the reference face, olive complexion, hairstyle or previous-sheet identity. Render the specified skin tone clearly under neutral facial fill light; warm environmental light must not turn every face olive or tan. This is a distinct new person: do not reuse the reference face, olive complexion, hairstyle or previous-sheet identity. Render the specified skin tone clearly under neutral facial fill light; warm environmental light must not turn every face olive or tan.","Hidden affinity idol is internal metadata only: do not name, draw or hint at it in public art or epithet. Secondary cues must remain within visible affinities.",cast/v3/cv3_sidekick_008.webp,ART_EXPORTED_ASSET_QC_COMPLETE_ENGINE_REVIEW_PENDING,
cv3_sidekick_009,Paolo Santos,The Shared Recipe,secondary,Sidekick,shonen,"[""romance"", ""cooking""]",magical,"[""cooking|magical"", ""cooking|romance"", ""magical|romance""]","[""cooking|magical"", ""cooking|romance"", ""magical|romance""]","[""cooking|magical"", ""cooking|romance"", ""magical|romance""]",confidant choosing their own future caught in a cooking conflict,Refuses credit until the whole team is named. Offers practical help but keeps an independent goal.,male,human,20–29,"Filipino diaspora; fictional crossover setting. Cultural basis guides identity, not a compulsory costume stereotype.","Filipino man, visibly aged 20–29; warm medium-brown skin; straight dark hair, worn in a high loose bun; a softly angular face, full lips and a strong neck, stocky build; confidant choosing their own future caught in a cooking conflict",rose-lined everyday jacket and a carefully mended scarf; a restrained secondary cue from rolled sleeves and a burgundy cross-back apron,"pivoting into the light with a determined sideways glance, a small unopened gift without lettering",a station garden in late afternoon; secondary environment cue: a tiled open kitchen beside a market,"One standalone square premium anime game portrait. Subject: Filipino man, visibly aged 20–29; warm medium-brown skin; straight dark hair, worn in a high loose bun; a softly angular face, full lips and a strong neck, stocky build; confidant choosing their own future caught in a cooking conflict. Costume: rose-lined everyday jacket and a carefully mended scarf; a restrained secondary cue from rolled sleeves and a burgundy cross-back apron. Action: pivoting into the light with a determined sideways glance, a small unopened gift without lettering. Setting: a station garden in late afternoon; secondary environment cue: a tiled open kitchen beside a market. Exactly one main character, face clear; rich painted material light and fine anime contours matching audited current cast; strong diagonal composition, warm focal light, cooler background depth; no text, logos, labels, UI or borders. Only depict the two visible concepts romance and cooking. No robots, mechs, powered armour or cockpit. No katana or samurai clan costume. No ninja costume or covert-clan insignia. This is a distinct new person: do not reuse the reference face, olive complexion, hairstyle or previous-sheet identity. Render the specified skin tone clearly under neutral facial fill light; warm environmental light must not turn every face olive or tan. This is a distinct new person: do not reuse the reference face, olive complexion, hairstyle or previous-sheet identity. Render the specified skin tone clearly under neutral facial fill light; warm environmental light must not turn every face olive or tan.","Hidden affinity magical is internal metadata only: do not name, draw or hint at it in public art or epithet. Secondary cues must remain within visible affinities.",cast/v3/cv3_sidekick_009.webp,ART_EXPORTED_ASSET_QC_COMPLETE_ENGINE_REVIEW_PENDING,
cv3_sidekick_010,Wanjiku Njoroge,The Iron Ladle,secondary,Sidekick,shonen,"[""cooking"", ""martial""]",pirate,"[""cooking|martial"", ""cooking|pirate"", ""martial|pirate""]","[""cooking|martial"", ""cooking|pirate"", ""martial|pirate""]","[""cooking|martial"", ""cooking|pirate"", ""martial|pirate""]",resourceful kitchen confidant caught in a martial conflict,Takes enormous care with other people’s belongings. Offers practical help but keeps an independent goal.,female,human,30–39,"Kenyan diaspora; fictional crossover setting. Cultural basis guides identity, not a compulsory costume stereotype.","Kenyan woman, visibly aged 30–39; very deep cool-brown skin; short tightly curled black hair, worn in a high loose bun; a mature face with crow’s-feet and a strong jaw, average build; resourceful kitchen confidant caught in a martial conflict","rolled sleeves and a burgundy cross-back apron; a restrained secondary cue from indigo training wrap, hand wraps and flexible trousers","taking one measured step toward the viewer, a steaming pan tilted into the light",a tiled open kitchen beside a market; secondary environment cue: a timber-floored training hall,"One standalone square premium anime game portrait. Subject: Kenyan woman, visibly aged 30–39; very deep cool-brown skin; short tightly curled black hair, worn in a high loose bun; a mature face with crow’s-feet and a strong jaw, average build; resourceful kitchen confidant caught in a martial conflict. Costume: rolled sleeves and a burgundy cross-back apron; a restrained secondary cue from indigo training wrap, hand wraps and flexible trousers. Action: taking one measured step toward the viewer, a steaming pan tilted into the light. Setting: a tiled open kitchen beside a market; secondary environment cue: a timber-floored training hall. Exactly one main character, face clear; rich painted material light and fine anime contours matching audited current cast; strong diagonal composition, warm focal light, cooler background depth; no text, logos, labels, UI or borders. Only depict the two visible concepts cooking and martial. No robots, mechs, powered armour or cockpit. No katana or samurai clan costume. No ninja costume or covert-clan insignia. This is a distinct new person: do not reuse the reference face, olive complexion, hairstyle or previous-sheet identity. Render the specified skin tone clearly under neutral facial fill light; warm environmental light must not turn every face olive or tan. This is a distinct new person: do not reuse the reference face, olive complexion, hairstyle or previous-sheet identity. Render the specified skin tone clearly under neutral facial fill light; warm environmental light must not turn every face olive or tan.","Hidden affinity pirate is internal metadata only: do not name, draw or hint at it in public art or epithet. Secondary cues must remain within visible affinities.",cast/v3/cv3_sidekick_010.webp,ART_EXPORTED_ASSET_QC_COMPLETE_ENGINE_REVIEW_PENDING,
cv3_sidekick_011,Malik Sarr,Clues Through Winter,secondary,Sidekick,shonen,"[""mystery"", ""survival""]",cooking,"[""cooking|mystery"", ""cooking|survival"", ""mystery|survival""]","[""cooking|mystery"", ""cooking|survival"", ""mystery|survival""]","[""cooking|mystery"", ""cooking|survival"", ""mystery|survival""]",observant evidence partner caught in a survival conflict,Turns every failure into a new rehearsal. Offers practical help but keeps an independent goal.,male,human,60–69,"French-Senegalese mixed heritage; fictional crossover setting. Cultural basis guides identity, not a compulsory costume stereotype.","French-Senegalese man, visibly aged 60–69; dark brown skin; dark natural curls, shoulder-length and swept to one side; a calm oval face and broad nose, average build; observant evidence partner caught in a survival conflict",slate tailored coat with a mustard scarf; a restrained secondary cue from sand-coloured weather shell with a compact rescue pack,"turning sharply as fabric trails behind, a sealed unlettered evidence envelope",a rainlit archive doorway; secondary environment cue: a broken mountain footbridge under clearing storm light,"One standalone square premium anime game portrait. Subject: French-Senegalese man, visibly aged 60–69; dark brown skin; dark natural curls, shoulder-length and swept to one side; a calm oval face and broad nose, average build; observant evidence partner caught in a survival conflict. Costume: slate tailored coat with a mustard scarf; a restrained secondary cue from sand-coloured weather shell with a compact rescue pack. Action: turning sharply as fabric trails behind, a sealed unlettered evidence envelope. Setting: a rainlit archive doorway; secondary environment cue: a broken mountain footbridge under clearing storm light. Exactly one main character, face clear; rich painted material light and fine anime contours matching audited current cast; strong diagonal composition, warm focal light, cooler background depth; no text, logos, labels, UI or borders. Only depict the two visible concepts mystery and survival. No robots, mechs, powered armour or cockpit. No katana or samurai clan costume. No ninja costume or covert-clan insignia. This is a distinct new person: do not reuse the reference face, olive complexion, hairstyle or previous-sheet identity. Render the specified skin tone clearly under neutral facial fill light; warm environmental light must not turn every face olive or tan. This is a distinct new person: do not reuse the reference face, olive complexion, hairstyle or previous-sheet identity. Render the specified skin tone clearly under neutral facial fill light; warm environmental light must not turn every face olive or tan.","Hidden affinity cooking is internal metadata only: do not name, draw or hint at it in public art or epithet. Secondary cues must remain within visible affinities.",cast/v3/cv3_sidekick_011.webp,ART_EXPORTED_ASSET_QC_COMPLETE_ENGINE_REVIEW_PENDING,
cv3_sidekick_012,Misaki Fujimori,The Ronin's Rice,secondary,Sidekick,shonen,"[""samurai"", ""cooking""]",sports,"[""cooking|samurai"", ""cooking|sports"", ""samurai|sports""]","[""cooking|samurai"", ""cooking|sports"", ""samurai|sports""]","[""cooking|samurai"", ""cooking|sports"", ""samurai|sports""]",retainer choosing whom to protect caught in a cooking conflict,Needs solitude after appearing fearless. Offers practical help but keeps an independent goal.,female,human,20–29,"Japanese; fictional crossover setting. Cultural basis guides identity, not a compulsory costume stereotype.","Japanese woman, visibly aged 20–29; light ivory skin with a cool undertone; straight blue-black hair, shoulder-length and swept to one side; a long narrow face and prominent nose, tall lean build; retainer choosing whom to protect caught in a cooking conflict",muted ochre haori over indigo hakama with a plain clan clasp; a restrained secondary cue from rolled sleeves and a burgundy cross-back apron,"kneeling to inspect an important detail, a sheathed katana with visible hilt",a feudal gatehouse with a windswept stone approach; secondary environment cue: a tiled open kitchen beside a market,"One standalone square premium anime game portrait. Subject: Japanese woman, visibly aged 20–29; light ivory skin with a cool undertone; straight blue-black hair, shoulder-length and swept to one side; a long narrow face and prominent nose, tall lean build; retainer choosing whom to protect caught in a cooking conflict. Costume: muted ochre haori over indigo hakama with a plain clan clasp; a restrained secondary cue from rolled sleeves and a burgundy cross-back apron. Action: kneeling to inspect an important detail, a sheathed katana with visible hilt. Setting: a feudal gatehouse with a windswept stone approach; secondary environment cue: a tiled open kitchen beside a market. Exactly one main character, face clear; rich painted material light and fine anime contours matching audited current cast; strong diagonal composition, warm focal light, cooler background depth; no text, logos, labels, UI or borders. Only depict the two visible concepts samurai and cooking. Show a sheathed or carefully controlled sword, haori/hakama or retainer cue appropriate to the subject; no generic ninja substitution. No robots, mechs, powered armour or cockpit. No ninja costume or covert-clan insignia. This is a distinct new person: do not reuse the reference face, olive complexion, hairstyle or previous-sheet identity. Render the specified skin tone clearly under neutral facial fill light; warm environmental light must not turn every face olive or tan. This is a distinct new person: do not reuse the reference face, olive complexion, hairstyle or previous-sheet identity. Render the specified skin tone clearly under neutral facial fill light; warm environmental light must not turn every face olive or tan.","Hidden affinity sports is internal metadata only: do not name, draw or hint at it in public art or epithet. Secondary cues must remain within visible affinities.",cast/v3/cv3_sidekick_012.webp,ART_EXPORTED_ASSET_QC_COMPLETE_ENGINE_REVIEW_PENDING,
cv3_sidekick_013,Cian E. Byrne,The Spellwired Compass,secondary,Sidekick,shonen,"[""cyber"", ""fantasy""]",idol,"[""cyber|fantasy"", ""cyber|idol"", ""fantasy|idol""]","[""cyber|fantasy"", ""fantasy|idol""]","[""cyber|fantasy"", ""fantasy|idol""]",streetwise systems fixer caught in a fantasy conflict,Shares food before sharing a secret. Offers practical help but keeps an independent goal.,male,human,20–29,"Irish diaspora; fictional crossover setting. Cultural basis guides identity, not a compulsory costume stereotype.","Irish man, visibly aged 20–29; very fair pink-toned skin with conspicuous natural freckles; copper-red hair, cut into a blunt chin-length bob; a long face with fine smile lines, slim build; streetwise systems fixer caught in a fantasy conflict",graphite utility coat with restrained teal seams; a restrained secondary cue from layered forest-green travelling clothes and weathered leather,"bracing against a gust with steady eye contact, a handheld diagnostic slate",a rainlit cable-lined transit arcade; secondary environment cue: a terraced stone city beneath high aqueducts,"One standalone square premium anime game portrait. Subject: Irish man, visibly aged 20–29; very fair pink-toned skin with conspicuous natural freckles; copper-red hair, cut into a blunt chin-length bob; a long face with fine smile lines, slim build; streetwise systems fixer caught in a fantasy conflict. Costume: graphite utility coat with restrained teal seams; a restrained secondary cue from layered forest-green travelling clothes and weathered leather. Action: bracing against a gust with steady eye contact, a handheld diagnostic slate. Setting: a rainlit cable-lined transit arcade; secondary environment cue: a terraced stone city beneath high aqueducts. Exactly one main character, face clear; rich painted material light and fine anime contours matching audited current cast; strong diagonal composition, warm focal light, cooler background depth; no text, logos, labels, UI or borders. Only depict the two visible concepts cyber and fantasy. No robots, mechs, powered armour or cockpit. No katana or samurai clan costume. No ninja costume or covert-clan insignia. This is a distinct new person: do not reuse the reference face, olive complexion, hairstyle or previous-sheet identity. Render the specified skin tone clearly under neutral facial fill light; warm environmental light must not turn every face olive or tan. This is a distinct new person: do not reuse the reference face, olive complexion, hairstyle or previous-sheet identity. Render the specified skin tone clearly under neutral facial fill light; warm environmental light must not turn every face olive or tan.","Hidden affinity idol is internal metadata only: do not name, draw or hint at it in public art or epithet. Secondary cues must remain within visible affinities.",cast/v3/cv3_sidekick_013.webp,ART_EXPORTED_ASSET_QC_COMPLETE_ENGINE_REVIEW_PENDING,
cv3_sidekick_014,Leela E. Rao,The Old God's Witness,secondary,Sidekick,shonen,"[""horror"", ""mythology""]",cyber,"[""cyber|horror"", ""cyber|mythology"", ""horror|mythology""]","[""cyber|horror"", ""cyber|mythology"", ""horror|mythology""]","[""cyber|horror"", ""cyber|mythology"", ""horror|mythology""]",sceptical night companion caught in a mythology conflict,Notices the missing chair before the guest arrives. Offers practical help but keeps an independent goal.,female,human,30–39,"Indian diaspora; fictional crossover setting. Cultural basis guides identity, not a compulsory costume stereotype.","Indian woman, visibly aged 30–39; medium-deep warm brown skin; thick dark hair, cut into a blunt chin-length bob; a small chin and rounded cheeks, short slight build; sceptical night companion caught in a mythology conflict",charcoal raincoat with a single pale lining; a restrained secondary cue from cream woven layers with bronze abstract motifs,"leaning over a low rail while extending the main prop, a shaded lantern held away from the face",an abandoned station with a single lit doorway; secondary environment cue: a hilltop sanctuary with uninscribed stone reliefs,"One standalone square premium anime game portrait. Subject: Indian woman, visibly aged 30–39; medium-deep warm brown skin; thick dark hair, cut into a blunt chin-length bob; a small chin and rounded cheeks, short slight build; sceptical night companion caught in a mythology conflict. Costume: charcoal raincoat with a single pale lining; a restrained secondary cue from cream woven layers with bronze abstract motifs. Action: leaning over a low rail while extending the main prop, a shaded lantern held away from the face. Setting: an abandoned station with a single lit doorway; secondary environment cue: a hilltop sanctuary with uninscribed stone reliefs. Exactly one main character, face clear; rich painted material light and fine anime contours matching audited current cast; strong diagonal composition, warm focal light, cooler background depth; no text, logos, labels, UI or borders. Only depict the two visible concepts horror and mythology. No robots, mechs, powered armour or cockpit. No katana or samurai clan costume. No ninja costume or covert-clan insignia. This is a distinct new person: do not reuse the reference face, olive complexion, hairstyle or previous-sheet identity. Render the specified skin tone clearly under neutral facial fill light; warm environmental light must not turn every face olive or tan. This is a distinct new person: do not reuse the reference face, olive complexion, hairstyle or previous-sheet identity. Render the specified skin tone clearly under neutral facial fill light; warm environmental light must not turn every face olive or tan.","Hidden affinity cyber is internal metadata only: do not name, draw or hint at it in public art or epithet. Secondary cues must remain within visible affinities.",cast/v3/cv3_sidekick_014.webp,ART_EXPORTED_ASSET_QC_COMPLETE_ENGINE_REVIEW_PENDING,
cv3_sidekick_015,Minjun E. Seo,The Masked Relay,secondary,Sidekick,shonen,"[""shinobi"", ""cyber""]",martial,"[""cyber|martial"", ""cyber|shinobi"", ""martial|shinobi""]","[""cyber|martial"", ""cyber|shinobi"", ""martial|shinobi""]","[""cyber|martial"", ""cyber|shinobi"", ""martial|shinobi""]",infiltration scout with a contingency caught in a cyber conflict,Always prepares a way back. Offers practical help but keeps an independent goal.,male,human,40–49,"Korean diaspora; fictional crossover setting. Cultural basis guides identity, not a compulsory costume stereotype.","Korean man, visibly aged 40–49; fair beige skin with a neutral undertone; straight dark brown hair, short and windswept; a pointed chin and prominent cheekbones, wiry build; infiltration scout with a contingency caught in a cyber conflict","smoke-blue fitted field layers, cloth wraps and a compact tool pouch; a restrained secondary cue from graphite utility coat with restrained teal seams","moving laterally across the scene in a controlled stride, a climbing cord and compact grappling hook",a tiled roof above a guarded archive at dusk; secondary environment cue: a rainlit cable-lined transit arcade,"One standalone square premium anime game portrait. Subject: Korean man, visibly aged 40–49; fair beige skin with a neutral undertone; straight dark brown hair, short and windswept; a pointed chin and prominent cheekbones, wiry build; infiltration scout with a contingency caught in a cyber conflict. Costume: smoke-blue fitted field layers, cloth wraps and a compact tool pouch; a restrained secondary cue from graphite utility coat with restrained teal seams. Action: moving laterally across the scene in a controlled stride, a climbing cord and compact grappling hook. Setting: a tiled roof above a guarded archive at dusk; secondary environment cue: a rainlit cable-lined transit arcade. Exactly one main character, face clear; rich painted material light and fine anime contours matching audited current cast; strong diagonal composition, warm focal light, cooler background depth; no text, logos, labels, UI or borders. Only depict the two visible concepts shinobi and cyber. Show covert positioning, a cord/tool pouch or stealth route; no branded headband or franchise symbols. No robots, mechs, powered armour or cockpit. No katana or samurai clan costume. This is a distinct new person: do not reuse the reference face, olive complexion, hairstyle or previous-sheet identity. Render the specified skin tone clearly under neutral facial fill light; warm environmental light must not turn every face olive or tan. This is a distinct new person: do not reuse the reference face, olive complexion, hairstyle or previous-sheet identity. Render the specified skin tone clearly under neutral facial fill light; warm environmental light must not turn every face olive or tan.","Hidden affinity martial is internal metadata only: do not name, draw or hint at it in public art or epithet. Secondary cues must remain within visible affinities.",cast/v3/cv3_sidekick_015.webp,ART_EXPORTED_ASSET_QC_COMPLETE_ENGINE_REVIEW_PENDING,
cv3_sidekick_016,Adaeze E. Okoye,The Northern Circuit,secondary,Sidekick,shonen,"[""cyber"", ""nordic""]",sports,"[""cyber|nordic"", ""cyber|sports"", ""nordic|sports""]","[""cyber|nordic"", ""cyber|sports"", ""nordic|sports""]","[""cyber|nordic"", ""cyber|sports"", ""nordic|sports""]",streetwise systems fixer caught in a nordic conflict,Counts steps to settle a racing mind. Offers practical help but keeps an independent goal.,female,human,50–59,"Nigerian diaspora; fictional crossover setting. Cultural basis guides identity, not a compulsory costume stereotype.","Nigerian woman, visibly aged 50–59; rich dark brown skin; dense natural black curls, short and windswept; a round face and soft cheeks, sturdy build; streetwise systems fixer caught in a nordic conflict",graphite utility coat with restrained teal seams; a restrained secondary cue from weatherproof navy wool layers with simple leather fastenings,"standing calmly while the environment moves around them, a handheld diagnostic slate",a rainlit cable-lined transit arcade; secondary environment cue: a working northern harbour under cold daylight,"One standalone square premium anime game portrait. Subject: Nigerian woman, visibly aged 50–59; rich dark brown skin; dense natural black curls, short and windswept; a round face and soft cheeks, sturdy build; streetwise systems fixer caught in a nordic conflict. Costume: graphite utility coat with restrained teal seams; a restrained secondary cue from weatherproof navy wool layers with simple leather fastenings. Action: standing calmly while the environment moves around them, a handheld diagnostic slate. Setting: a rainlit cable-lined transit arcade; secondary environment cue: a working northern harbour under cold daylight. Exactly one main character, face clear; rich painted material light and fine anime contours matching audited current cast; strong diagonal composition, warm focal light, cooler background depth; no text, logos, labels, UI or borders. Only depict the two visible concepts cyber and nordic. Northern maritime realism; no horned helmets, rune magic or automatic Viking costume. No robots, mechs, powered armour or cockpit. No katana or samurai clan costume. No ninja costume or covert-clan insignia. This is a distinct new person: do not reuse the reference face, olive complexion, hairstyle or previous-sheet identity. Render the specified skin tone clearly under neutral facial fill light; warm environmental light must not turn every face olive or tan. This is a distinct new person: do not reuse the reference face, olive complexion, hairstyle or previous-sheet identity. Render the specified skin tone clearly under neutral facial fill light; warm environmental light must not turn every face olive or tan.","Hidden affinity sports is internal metadata only: do not name, draw or hint at it in public art or epithet. Secondary cues must remain within visible affinities.",cast/v3/cv3_sidekick_016.webp,ART_EXPORTED_ASSET_QC_COMPLETE_ENGINE_REVIEW_PENDING,
cv3_sidekick_017,Elias E. Lind,Navigator Beyond Neptune,secondary,Sidekick,shonen,"[""pirate"", ""space""]",cyber,"[""cyber|pirate"", ""cyber|space"", ""pirate|space""]","[""cyber|pirate"", ""cyber|space"", ""pirate|space""]","[""cyber|pirate"", ""cyber|space"", ""pirate|space""]",deckhand with an independent plan caught in a space conflict,Trusts actions more than titles. Offers practical help but keeps an independent goal.,male,human,20–29,"Swedish northern coastal community; fictional crossover setting. Cultural basis guides identity, not a compulsory costume stereotype.","Swedish man, visibly aged 20–29; pale cool skin; flaxen blond hair, in a practical low braid; a heart-shaped face and a wide smile, compact athletic build; deckhand with an independent plan caught in a space conflict","sea-green deck coat, sash and salt-worn boots; a restrained secondary cue from white-and-navy pressure-suit layers with orange seals","pivoting into the light with a determined sideways glance, a brass telescope",a working ship deck beside a busy harbour; secondary environment cue: a station observation deck overlooking a planet,"One standalone square premium anime game portrait. Subject: Swedish man, visibly aged 20–29; pale cool skin; flaxen blond hair, in a practical low braid; a heart-shaped face and a wide smile, compact athletic build; deckhand with an independent plan caught in a space conflict. Costume: sea-green deck coat, sash and salt-worn boots; a restrained secondary cue from white-and-navy pressure-suit layers with orange seals. Action: pivoting into the light with a determined sideways glance, a brass telescope. Setting: a working ship deck beside a busy harbour; secondary environment cue: a station observation deck overlooking a planet. Exactly one main character, face clear; rich painted material light and fine anime contours matching audited current cast; strong diagonal composition, warm focal light, cooler background depth; no text, logos, labels, UI or borders. Only depict the two visible concepts pirate and space. No robots, mechs, powered armour or cockpit. No katana or samurai clan costume. No ninja costume or covert-clan insignia. This is a distinct new person: do not reuse the reference face, olive complexion, hairstyle or previous-sheet identity. Render the specified skin tone clearly under neutral facial fill light; warm environmental light must not turn every face olive or tan. This is a distinct new person: do not reuse the reference face, olive complexion, hairstyle or previous-sheet identity. Render the specified skin tone clearly under neutral facial fill light; warm environmental light must not turn every face olive or tan.","Hidden affinity cyber is internal metadata only: do not name, draw or hint at it in public art or epithet. Secondary cues must remain within visible affinities.",cast/v3/cv3_sidekick_017.webp,ART_EXPORTED_ASSET_QC_COMPLETE_ENGINE_REVIEW_PENDING,
cv3_sidekick_018,Lucia E. Vega,The Wired Scabbard,secondary,Sidekick,shonen,"[""samurai"", ""cyber""]",slice,"[""cyber|samurai"", ""cyber|slice"", ""samurai|slice""]","[""cyber|samurai"", ""cyber|slice"", ""samurai|slice""]","[""cyber|samurai"", ""cyber|slice"", ""samurai|slice""]",retainer choosing whom to protect caught in a cyber conflict,Makes room for a rival to change. Offers practical help but keeps an independent goal.,female,human,30–39,"Mexican diaspora; fictional crossover setting. Cultural basis guides identity, not a compulsory costume stereotype.","Mexican woman, visibly aged 30–39; medium tan skin with a warm golden undertone; dark wavy hair, in a practical low braid; a wide face and close-set brows, tall robust build; retainer choosing whom to protect caught in a cyber conflict",muted ochre haori over indigo hakama with a plain clan clasp; a restrained secondary cue from graphite utility coat with restrained teal seams,"taking one measured step toward the viewer, a sheathed katana with visible hilt",a feudal gatehouse with a windswept stone approach; secondary environment cue: a rainlit cable-lined transit arcade,"One standalone square premium anime game portrait. Subject: Mexican woman, visibly aged 30–39; medium tan skin with a warm golden undertone; dark wavy hair, in a practical low braid; a wide face and close-set brows, tall robust build; retainer choosing whom to protect caught in a cyber conflict. Costume: muted ochre haori over indigo hakama with a plain clan clasp; a restrained secondary cue from graphite utility coat with restrained teal seams. Action: taking one measured step toward the viewer, a sheathed katana with visible hilt. Setting: a feudal gatehouse with a windswept stone approach; secondary environment cue: a rainlit cable-lined transit arcade. Exactly one main character, face clear; rich painted material light and fine anime contours matching audited current cast; strong diagonal composition, warm focal light, cooler background depth; no text, logos, labels, UI or borders. Only depict the two visible concepts samurai and cyber. Show a sheathed or carefully controlled sword, haori/hakama or retainer cue appropriate to the subject; no generic ninja substitution. No robots, mechs, powered armour or cockpit. No ninja costume or covert-clan insignia. This is a distinct new person: do not reuse the reference face, olive complexion, hairstyle or previous-sheet identity. Render the specified skin tone clearly under neutral facial fill light; warm environmental light must not turn every face olive or tan. This is a distinct new person: do not reuse the reference face, olive complexion, hairstyle or previous-sheet identity. Render the specified skin tone clearly under neutral facial fill light; warm environmental light must not turn every face olive or tan.","Hidden affinity slice is internal metadata only: do not name, draw or hint at it in public art or epithet. Secondary cues must remain within visible affinities.",cast/v3/cv3_sidekick_018.webp,ART_EXPORTED_ASSET_QC_COMPLETE_ENGINE_REVIEW_PENDING,
cv3_sidekick_019,Jian E. Zhou,The Haunted Terminal,secondary,Sidekick,shonen,"[""cyber"", ""supernatural""]",survival,"[""cyber|supernatural"", ""cyber|survival"", ""supernatural|survival""]","[""cyber|supernatural"", ""cyber|survival"", ""supernatural|survival""]","[""cyber|supernatural"", ""cyber|survival"", ""supernatural|survival""]",streetwise systems fixer caught in a supernatural conflict,Keeps a repaired object as a reminder. Offers practical help but keeps an independent goal.,male,human,60–69,"Chinese diaspora; fictional crossover setting. Cultural basis guides identity, not a compulsory costume stereotype.","Chinese man, visibly aged 60–69; light warm beige skin; straight jet-black hair, in a rounded natural silhouette; a broad face and subtle facial asymmetry, substantial build; streetwise systems fixer caught in a supernatural conflict",graphite utility coat with restrained teal seams; a restrained secondary cue from deep-violet everyday layers with pale cord fastenings,"turning sharply as fabric trails behind, a handheld diagnostic slate",a rainlit cable-lined transit arcade; secondary environment cue: an old city lane with subtle impossible reflections,"One standalone square premium anime game portrait. Subject: Chinese man, visibly aged 60–69; light warm beige skin; straight jet-black hair, in a rounded natural silhouette; a broad face and subtle facial asymmetry, substantial build; streetwise systems fixer caught in a supernatural conflict. Costume: graphite utility coat with restrained teal seams; a restrained secondary cue from deep-violet everyday layers with pale cord fastenings. Action: turning sharply as fabric trails behind, a handheld diagnostic slate. Setting: a rainlit cable-lined transit arcade; secondary environment cue: an old city lane with subtle impossible reflections. Exactly one main character, face clear; rich painted material light and fine anime contours matching audited current cast; strong diagonal composition, warm focal light, cooler background depth; no text, logos, labels, UI or borders. Only depict the two visible concepts cyber and supernatural. No robots, mechs, powered armour or cockpit. No katana or samurai clan costume. No ninja costume or covert-clan insignia. This is a distinct new person: do not reuse the reference face, olive complexion, hairstyle or previous-sheet identity. Render the specified skin tone clearly under neutral facial fill light; warm environmental light must not turn every face olive or tan. This is a distinct new person: do not reuse the reference face, olive complexion, hairstyle or previous-sheet identity. Render the specified skin tone clearly under neutral facial fill light; warm environmental light must not turn every face olive or tan.","Hidden affinity survival is internal metadata only: do not name, draw or hint at it in public art or epithet. Secondary cues must remain within visible affinities.",cast/v3/cv3_sidekick_019.webp,ART_EXPORTED_ASSET_QC_COMPLETE_ENGINE_REVIEW_PENDING,
cv3_sidekick_020,Simone E. Campbell,The Ward Against Dread,secondary,Sidekick,shonen,"[""horror"", ""magical""]",fantasy,"[""fantasy|horror"", ""fantasy|magical"", ""horror|magical""]","[""fantasy|horror"", ""fantasy|magical"", ""horror|magical""]","[""fantasy|horror"", ""fantasy|magical"", ""horror|magical""]",sceptical night companion caught in a magical conflict,Asks permission even when in command. Offers practical help but keeps an independent goal.,female,human,20–29,"Jamaican-British diaspora; fictional crossover setting. Cultural basis guides identity, not a compulsory costume stereotype.","Jamaican-British woman, visibly aged 20–29; deep brown skin; black locs, in a rounded natural silhouette; a broad nose and strong jaw, solid muscular build; sceptical night companion caught in a magical conflict",charcoal raincoat with a single pale lining; a restrained secondary cue from plum layered costume with one geometric brooch,"kneeling to inspect an important detail, a shaded lantern held away from the face",an abandoned station with a single lit doorway; secondary environment cue: a twilight plaza with a controlled halo of light,"One standalone square premium anime game portrait. Subject: Jamaican-British woman, visibly aged 20–29; deep brown skin; black locs, in a rounded natural silhouette; a broad nose and strong jaw, solid muscular build; sceptical night companion caught in a magical conflict. Costume: charcoal raincoat with a single pale lining; a restrained secondary cue from plum layered costume with one geometric brooch. Action: kneeling to inspect an important detail, a shaded lantern held away from the face. Setting: an abandoned station with a single lit doorway; secondary environment cue: a twilight plaza with a controlled halo of light. Exactly one main character, face clear; rich painted material light and fine anime contours matching audited current cast; strong diagonal composition, warm focal light, cooler background depth; no text, logos, labels, UI or borders. Only depict the two visible concepts horror and magical. No robots, mechs, powered armour or cockpit. No katana or samurai clan costume. No ninja costume or covert-clan insignia. This is a distinct new person: do not reuse the reference face, olive complexion, hairstyle or previous-sheet identity. Render the specified skin tone clearly under neutral facial fill light; warm environmental light must not turn every face olive or tan. This is a distinct new person: do not reuse the reference face, olive complexion, hairstyle or previous-sheet identity. Render the specified skin tone clearly under neutral facial fill light; warm environmental light must not turn every face olive or tan.","Hidden affinity fantasy is internal metadata only: do not name, draw or hint at it in public art or epithet. Secondary cues must remain within visible affinities.",cast/v3/cv3_sidekick_020.webp,ART_EXPORTED_ASSET_QC_COMPLETE_ENGINE_REVIEW_PENDING,
cv3_sidekick_021,Nadim E. Haddad,The Enchanted Scabbard,secondary,Sidekick,shonen,"[""samurai"", ""fantasy""]",martial,"[""fantasy|martial"", ""fantasy|samurai"", ""martial|samurai""]","[""fantasy|martial"", ""fantasy|samurai"", ""martial|samurai""]","[""fantasy|martial"", ""fantasy|samurai"", ""martial|samurai""]",retainer choosing whom to protect caught in a fantasy conflict,Hides worry behind meticulous preparation. Offers practical help but keeps an independent goal.,male,human,20–29,"Lebanese diaspora; fictional crossover setting. Cultural basis guides identity, not a compulsory costume stereotype.","Lebanese man, visibly aged 20–29; light warm skin; thick dark curls, tied back with loose temple strands; a square face and heavy brows, broad-shouldered build; retainer choosing whom to protect caught in a fantasy conflict",muted ochre haori over indigo hakama with a plain clan clasp; a restrained secondary cue from layered forest-green travelling clothes and weathered leather,"bracing against a gust with steady eye contact, a sheathed katana with visible hilt",a feudal gatehouse with a windswept stone approach; secondary environment cue: a terraced stone city beneath high aqueducts,"One standalone square premium anime game portrait. Subject: Lebanese man, visibly aged 20–29; light warm skin; thick dark curls, tied back with loose temple strands; a square face and heavy brows, broad-shouldered build; retainer choosing whom to protect caught in a fantasy conflict. Costume: muted ochre haori over indigo hakama with a plain clan clasp; a restrained secondary cue from layered forest-green travelling clothes and weathered leather. Action: bracing against a gust with steady eye contact, a sheathed katana with visible hilt. Setting: a feudal gatehouse with a windswept stone approach; secondary environment cue: a terraced stone city beneath high aqueducts. Exactly one main character, face clear; rich painted material light and fine anime contours matching audited current cast; strong diagonal composition, warm focal light, cooler background depth; no text, logos, labels, UI or borders. Only depict the two visible concepts samurai and fantasy. Show a sheathed or carefully controlled sword, haori/hakama or retainer cue appropriate to the subject; no generic ninja substitution. No robots, mechs, powered armour or cockpit. No ninja costume or covert-clan insignia. This is a distinct new person: do not reuse the reference face, olive complexion, hairstyle or previous-sheet identity. Render the specified skin tone clearly under neutral facial fill light; warm environmental light must not turn every face olive or tan. This is a distinct new person: do not reuse the reference face, olive complexion, hairstyle or previous-sheet identity. Render the specified skin tone clearly under neutral facial fill light; warm environmental light must not turn every face olive or tan.","Hidden affinity martial is internal metadata only: do not name, draw or hint at it in public art or epithet. Secondary cues must remain within visible affinities.",cast/v3/cv3_sidekick_021.webp,ART_EXPORTED_ASSET_QC_COMPLETE_ENGINE_REVIEW_PENDING,
cv3_sidekick_022,Zofia E. Nowak,The Unseen Ward,secondary,Sidekick,shonen,"[""shinobi"", ""fantasy""]",mystery,"[""fantasy|mystery"", ""fantasy|shinobi"", ""mystery|shinobi""]","[""fantasy|mystery"", ""fantasy|shinobi"", ""mystery|shinobi""]","[""fantasy|mystery"", ""fantasy|shinobi"", ""mystery|shinobi""]",infiltration scout with a contingency caught in a fantasy conflict,Writes down the questions nobody answered. Offers practical help but keeps an independent goal.,female,human,30–39,"Polish diaspora; fictional crossover setting. Cultural basis guides identity, not a compulsory costume stereotype.","Polish woman, visibly aged 30–39; fair neutral skin; ash-blond hair, tied back with loose temple strands; a softly angular face, full lips and a strong neck, stocky build; infiltration scout with a contingency caught in a fantasy conflict","smoke-blue fitted field layers, cloth wraps and a compact tool pouch; a restrained secondary cue from layered forest-green travelling clothes and weathered leather","leaning over a low rail while extending the main prop, a climbing cord and compact grappling hook",a tiled roof above a guarded archive at dusk; secondary environment cue: a terraced stone city beneath high aqueducts,"One standalone square premium anime game portrait. Subject: Polish woman, visibly aged 30–39; fair neutral skin; ash-blond hair, tied back with loose temple strands; a softly angular face, full lips and a strong neck, stocky build; infiltration scout with a contingency caught in a fantasy conflict. Costume: smoke-blue fitted field layers, cloth wraps and a compact tool pouch; a restrained secondary cue from layered forest-green travelling clothes and weathered leather. Action: leaning over a low rail while extending the main prop, a climbing cord and compact grappling hook. Setting: a tiled roof above a guarded archive at dusk; secondary environment cue: a terraced stone city beneath high aqueducts. Exactly one main character, face clear; rich painted material light and fine anime contours matching audited current cast; strong diagonal composition, warm focal light, cooler background depth; no text, logos, labels, UI or borders. Only depict the two visible concepts shinobi and fantasy. Show covert positioning, a cord/tool pouch or stealth route; no branded headband or franchise symbols. No robots, mechs, powered armour or cockpit. No katana or samurai clan costume. This is a distinct new person: do not reuse the reference face, olive complexion, hairstyle or previous-sheet identity. Render the specified skin tone clearly under neutral facial fill light; warm environmental light must not turn every face olive or tan. This is a distinct new person: do not reuse the reference face, olive complexion, hairstyle or previous-sheet identity. Render the specified skin tone clearly under neutral facial fill light; warm environmental light must not turn every face olive or tan.","Hidden affinity mystery is internal metadata only: do not name, draw or hint at it in public art or epithet. Secondary cues must remain within visible affinities.",cast/v3/cv3_sidekick_022.webp,ART_EXPORTED_ASSET_QC_COMPLETE_ENGINE_REVIEW_PENDING,
cv3_sidekick_023,Aamir E. Malik,Atlas of Fallen Gods,secondary,Sidekick,shonen,"[""mythology"", ""space""]",fantasy,"[""fantasy|mythology"", ""fantasy|space"", ""mythology|space""]","[""fantasy|mythology"", ""mythology|space""]","[""fantasy|mythology"", ""mythology|space""]",keeper of conflicting oral histories caught in a space conflict,Finds courage in small routines. Offers practical help but keeps an independent goal.,male,human,40–49,"Pakistani diaspora; fictional crossover setting. Cultural basis guides identity, not a compulsory costume stereotype.","Pakistani man, visibly aged 40–49; medium brown skin; soft black waves, with a side part and visible silver streaks; a mature face with crow’s-feet and a strong jaw, average build; keeper of conflicting oral histories caught in a space conflict",cream woven layers with bronze abstract motifs; a restrained secondary cue from white-and-navy pressure-suit layers with orange seals,"moving laterally across the scene in a controlled stride, a weathered ceremonial vessel",a hilltop sanctuary with uninscribed stone reliefs; secondary environment cue: a station observation deck overlooking a planet,"One standalone square premium anime game portrait. Subject: Pakistani man, visibly aged 40–49; medium brown skin; soft black waves, with a side part and visible silver streaks; a mature face with crow’s-feet and a strong jaw, average build; keeper of conflicting oral histories caught in a space conflict. Costume: cream woven layers with bronze abstract motifs; a restrained secondary cue from white-and-navy pressure-suit layers with orange seals. Action: moving laterally across the scene in a controlled stride, a weathered ceremonial vessel. Setting: a hilltop sanctuary with uninscribed stone reliefs; secondary environment cue: a station observation deck overlooking a planet. Exactly one main character, face clear; rich painted material light and fine anime contours matching audited current cast; strong diagonal composition, warm focal light, cooler background depth; no text, logos, labels, UI or borders. Only depict the two visible concepts mythology and space. No robots, mechs, powered armour or cockpit. No katana or samurai clan costume. No ninja costume or covert-clan insignia. This is a distinct new person: do not reuse the reference face, olive complexion, hairstyle or previous-sheet identity. Render the specified skin tone clearly under neutral facial fill light; warm environmental light must not turn every face olive or tan. This is a distinct new person: do not reuse the reference face, olive complexion, hairstyle or previous-sheet identity. Render the specified skin tone clearly under neutral facial fill light; warm environmental light must not turn every face olive or tan.","Hidden affinity fantasy is internal metadata only: do not name, draw or hint at it in public art or epithet. Secondary cues must remain within visible affinities.",cast/v3/cv3_sidekick_023.webp,ART_EXPORTED_ASSET_QC_COMPLETE_ENGINE_REVIEW_PENDING,
cv3_sidekick_024,Amihan E. Reyes,The Deep-Space Watch,secondary,Sidekick,shonen,"[""space"", ""horror""]",martial,"[""horror|martial"", ""horror|space"", ""martial|space""]","[""horror|martial"", ""horror|space"", ""martial|space""]","[""horror|martial"", ""horror|space"", ""martial|space""]",station technician who stays behind caught in a horror conflict,Remembers the weather on important days. Offers practical help but keeps an independent goal.,female,human,50–59,"Filipino diaspora; fictional crossover setting. Cultural basis guides identity, not a compulsory costume stereotype.","Filipino woman, visibly aged 50–59; warm medium-brown skin; straight dark hair, with a side part and visible silver streaks; a calm oval face and broad nose, average build; station technician who stays behind caught in a horror conflict",white-and-navy pressure-suit layers with orange seals; a restrained secondary cue from charcoal raincoat with a single pale lining,"standing calmly while the environment moves around them, a compact tether reel",a station observation deck overlooking a planet; secondary environment cue: an abandoned station with a single lit doorway,"One standalone square premium anime game portrait. Subject: Filipino woman, visibly aged 50–59; warm medium-brown skin; straight dark hair, with a side part and visible silver streaks; a calm oval face and broad nose, average build; station technician who stays behind caught in a horror conflict. Costume: white-and-navy pressure-suit layers with orange seals; a restrained secondary cue from charcoal raincoat with a single pale lining. Action: standing calmly while the environment moves around them, a compact tether reel. Setting: a station observation deck overlooking a planet; secondary environment cue: an abandoned station with a single lit doorway. Exactly one main character, face clear; rich painted material light and fine anime contours matching audited current cast; strong diagonal composition, warm focal light, cooler background depth; no text, logos, labels, UI or borders. Only depict the two visible concepts space and horror. No robots, mechs, powered armour or cockpit. No katana or samurai clan costume. No ninja costume or covert-clan insignia. This is a distinct new person: do not reuse the reference face, olive complexion, hairstyle or previous-sheet identity. Render the specified skin tone clearly under neutral facial fill light; warm environmental light must not turn every face olive or tan. This is a distinct new person: do not reuse the reference face, olive complexion, hairstyle or previous-sheet identity. Render the specified skin tone clearly under neutral facial fill light; warm environmental light must not turn every face olive or tan.","Hidden affinity martial is internal metadata only: do not name, draw or hint at it in public art or epithet. Secondary cues must remain within visible affinities.",cast/v3/cv3_sidekick_024.webp,ART_EXPORTED_ASSET_QC_COMPLETE_ENGINE_REVIEW_PENDING,
cv3_sidekick_025,Kamau E. Mwangi,The Midnight Decoy,secondary,Sidekick,shonen,"[""shinobi"", ""horror""]",military,"[""horror|military"", ""horror|shinobi"", ""military|shinobi""]","[""horror|military"", ""horror|shinobi"", ""military|shinobi""]","[""horror|military"", ""horror|shinobi"", ""military|shinobi""]",infiltration scout with a contingency caught in a horror conflict,Will cross a city to return a borrowed tool. Offers practical help but keeps an independent goal.,male,human,20–29,"Kenyan diaspora; fictional crossover setting. Cultural basis guides identity, not a compulsory costume stereotype.","Kenyan man, visibly aged 20–29; very deep cool-brown skin; short tightly curled black hair, with an undercut and a long top; a long narrow face and prominent nose, tall lean build; infiltration scout with a contingency caught in a horror conflict","smoke-blue fitted field layers, cloth wraps and a compact tool pouch; a restrained secondary cue from charcoal raincoat with a single pale lining","pivoting into the light with a determined sideways glance, a climbing cord and compact grappling hook",a tiled roof above a guarded archive at dusk; secondary environment cue: an abandoned station with a single lit doorway,"One standalone square premium anime game portrait. Subject: Kenyan man, visibly aged 20–29; very deep cool-brown skin; short tightly curled black hair, with an undercut and a long top; a long narrow face and prominent nose, tall lean build; infiltration scout with a contingency caught in a horror conflict. Costume: smoke-blue fitted field layers, cloth wraps and a compact tool pouch; a restrained secondary cue from charcoal raincoat with a single pale lining. Action: pivoting into the light with a determined sideways glance, a climbing cord and compact grappling hook. Setting: a tiled roof above a guarded archive at dusk; secondary environment cue: an abandoned station with a single lit doorway. Exactly one main character, face clear; rich painted material light and fine anime contours matching audited current cast; strong diagonal composition, warm focal light, cooler background depth; no text, logos, labels, UI or borders. Only depict the two visible concepts shinobi and horror. Show covert positioning, a cord/tool pouch or stealth route; no branded headband or franchise symbols. No robots, mechs, powered armour or cockpit. No katana or samurai clan costume. This is a distinct new person: do not reuse the reference face, olive complexion, hairstyle or previous-sheet identity. Render the specified skin tone clearly under neutral facial fill light; warm environmental light must not turn every face olive or tan. This is a distinct new person: do not reuse the reference face, olive complexion, hairstyle or previous-sheet identity. Render the specified skin tone clearly under neutral facial fill light; warm environmental light must not turn every face olive or tan.","Hidden affinity military is internal metadata only: do not name, draw or hint at it in public art or epithet. Secondary cues must remain within visible affinities.",cast/v3/cv3_sidekick_025.webp,ART_EXPORTED_ASSET_QC_COMPLETE_ENGINE_REVIEW_PENDING,
cv3_sidekick_026,Aminata E. Diop,The Icebound First Mate,secondary,Sidekick,shonen,"[""nordic"", ""pirate""]",horror,"[""horror|nordic"", ""horror|pirate"", ""nordic|pirate""]","[""horror|nordic"", ""horror|pirate"", ""nordic|pirate""]","[""horror|nordic"", ""horror|pirate"", ""nordic|pirate""]",resourceful coastal companion caught in a pirate conflict,Refuses to confuse obedience with loyalty. Offers practical help but keeps an independent goal.,female,human,30–39,"French-Senegalese mixed heritage; fictional crossover setting. Cultural basis guides identity, not a compulsory costume stereotype.","French-Senegalese woman, visibly aged 30–39; dark brown skin; dark natural curls, with an undercut and a long top; a long face with fine smile lines, slim build; resourceful coastal companion caught in a pirate conflict","weatherproof navy wool layers with simple leather fastenings; a restrained secondary cue from sea-green deck coat, sash and salt-worn boots","taking one measured step toward the viewer, a coiled rescue rope",a working northern harbour under cold daylight; secondary environment cue: a working ship deck beside a busy harbour,"One standalone square premium anime game portrait. Subject: French-Senegalese woman, visibly aged 30–39; dark brown skin; dark natural curls, with an undercut and a long top; a long face with fine smile lines, slim build; resourceful coastal companion caught in a pirate conflict. Costume: weatherproof navy wool layers with simple leather fastenings; a restrained secondary cue from sea-green deck coat, sash and salt-worn boots. Action: taking one measured step toward the viewer, a coiled rescue rope. Setting: a working northern harbour under cold daylight; secondary environment cue: a working ship deck beside a busy harbour. Exactly one main character, face clear; rich painted material light and fine anime contours matching audited current cast; strong diagonal composition, warm focal light, cooler background depth; no text, logos, labels, UI or borders. Only depict the two visible concepts nordic and pirate. Northern maritime realism; no horned helmets, rune magic or automatic Viking costume. No robots, mechs, powered armour or cockpit. No katana or samurai clan costume. No ninja costume or covert-clan insignia. This is a distinct new person: do not reuse the reference face, olive complexion, hairstyle or previous-sheet identity. Render the specified skin tone clearly under neutral facial fill light; warm environmental light must not turn every face olive or tan. This is a distinct new person: do not reuse the reference face, olive complexion, hairstyle or previous-sheet identity. Render the specified skin tone clearly under neutral facial fill light; warm environmental light must not turn every face olive or tan.","Hidden affinity horror is internal metadata only: do not name, draw or hint at it in public art or epithet. Secondary cues must remain within visible affinities.",cast/v3/cv3_sidekick_026.webp,ART_EXPORTED_ASSET_QC_COMPLETE_ENGINE_REVIEW_PENDING,
cv3_sidekick_027,Haruki E. Mizuhara,The Lantern Retainer,secondary,Sidekick,shojo,"[""samurai"", ""horror""]",survival,"[""horror|samurai"", ""horror|survival"", ""samurai|survival""]","[""horror|samurai"", ""horror|survival"", ""samurai|survival""]","[""horror|samurai"", ""horror|survival"", ""samurai|survival""]",retainer choosing whom to protect caught in a horror conflict,Keeps every promise in a pocket ledger. Offers practical help but keeps an independent goal.,male,human,60–69,"Japanese; fictional crossover setting. Cultural basis guides identity, not a compulsory costume stereotype.","Japanese man, visibly aged 60–69; light ivory skin with a cool undertone; straight blue-black hair, in two practical braids; a small chin and rounded cheeks, short slight build; retainer choosing whom to protect caught in a horror conflict",muted ochre haori over indigo hakama with a plain clan clasp; a restrained secondary cue from charcoal raincoat with a single pale lining,"turning sharply as fabric trails behind, a sheathed katana with visible hilt",a feudal gatehouse with a windswept stone approach; secondary environment cue: an abandoned station with a single lit doorway,"One standalone square premium anime game portrait. Subject: Japanese man, visibly aged 60–69; light ivory skin with a cool undertone; straight blue-black hair, in two practical braids; a small chin and rounded cheeks, short slight build; retainer choosing whom to protect caught in a horror conflict. Costume: muted ochre haori over indigo hakama with a plain clan clasp; a restrained secondary cue from charcoal raincoat with a single pale lining. Action: turning sharply as fabric trails behind, a sheathed katana with visible hilt. Setting: a feudal gatehouse with a windswept stone approach; secondary environment cue: an abandoned station with a single lit doorway. Exactly one main character, face clear; rich painted material light and fine anime contours matching audited current cast; strong diagonal composition, warm focal light, cooler background depth; no text, logos, labels, UI or borders. Only depict the two visible concepts samurai and horror. Show a sheathed or carefully controlled sword, haori/hakama or retainer cue appropriate to the subject; no generic ninja substitution. No robots, mechs, powered armour or cockpit. No ninja costume or covert-clan insignia. This is a distinct new person: do not reuse the reference face, olive complexion, hairstyle or previous-sheet identity. Render the specified skin tone clearly under neutral facial fill light; warm environmental light must not turn every face olive or tan. This is a distinct new person: do not reuse the reference face, olive complexion, hairstyle or previous-sheet identity. Render the specified skin tone clearly under neutral facial fill light; warm environmental light must not turn every face olive or tan.","Hidden affinity survival is internal metadata only: do not name, draw or hint at it in public art or epithet. Secondary cues must remain within visible affinities.",cast/v3/cv3_sidekick_027.webp,ART_EXPORTED_ASSET_QC_COMPLETE_ENGINE_REVIEW_PENDING,
cv3_sidekick_028,Abena E. Mensah,The Otherworldly Chorus,secondary,Sidekick,shojo,"[""idol"", ""isekai""]",martial,"[""idol|isekai"", ""idol|martial"", ""isekai|martial""]","[""idol|isekai"", ""idol|martial"", ""isekai|martial""]","[""idol|isekai"", ""idol|martial"", ""isekai|martial""]",backstage harmony partner caught in a isekai conflict,Repairs things while thinking through an apology. Offers practical help but keeps an independent goal.,female,human,20–29,"Ghanaian-British diaspora; fictional crossover setting. Cultural basis guides identity, not a compulsory costume stereotype.","Ghanaian-British woman, visibly aged 20–29; very deep brown skin with warm highlights; tightly coiled black hair, in two practical braids; a pointed chin and prominent cheekbones, wiry build; backstage harmony partner caught in a isekai conflict",ink-blue stage jacket with silver geometric piping; a restrained secondary cue from modern travel layer over locally repaired woven clothing,"kneeling to inspect an important detail, a wireless microphone",a rehearsal stage with blurred amber footlights; secondary environment cue: a foreign city gate with a quiet portal far behind,"One standalone square premium anime game portrait. Subject: Ghanaian-British woman, visibly aged 20–29; very deep brown skin with warm highlights; tightly coiled black hair, in two practical braids; a pointed chin and prominent cheekbones, wiry build; backstage harmony partner caught in a isekai conflict. Costume: ink-blue stage jacket with silver geometric piping; a restrained secondary cue from modern travel layer over locally repaired woven clothing. Action: kneeling to inspect an important detail, a wireless microphone. Setting: a rehearsal stage with blurred amber footlights; secondary environment cue: a foreign city gate with a quiet portal far behind. Exactly one main character, face clear; rich painted material light and fine anime contours matching audited current cast; strong diagonal composition, warm focal light, cooler background depth; no text, logos, labels, UI or borders. Only depict the two visible concepts idol and isekai. No robots, mechs, powered armour or cockpit. No katana or samurai clan costume. No ninja costume or covert-clan insignia. This is a distinct new person: do not reuse the reference face, olive complexion, hairstyle or previous-sheet identity. Render the specified skin tone clearly under neutral facial fill light; warm environmental light must not turn every face olive or tan. This is a distinct new person: do not reuse the reference face, olive complexion, hairstyle or previous-sheet identity. Render the specified skin tone clearly under neutral facial fill light; warm environmental light must not turn every face olive or tan.","Hidden affinity martial is internal metadata only: do not name, draw or hint at it in public art or epithet. Secondary cues must remain within visible affinities.",cast/v3/cv3_sidekick_028.webp,ART_EXPORTED_ASSET_QC_COMPLETE_ENGINE_REVIEW_PENDING,
cv3_sidekick_029,Arjun F. Iyer,The Armourer's Promise,secondary,Sidekick,shojo,"[""mecha"", ""samurai""]",idol,"[""idol|mecha"", ""idol|samurai"", ""mecha|samurai""]","[""idol|mecha"", ""idol|samurai"", ""mecha|samurai""]","[""idol|mecha"", ""idol|samurai"", ""mecha|samurai""]",rescue-rig engineer caught in a samurai conflict,Asks the quietest person for their view first. Offers practical help but keeps an independent goal.,male,human,20–29,"Indian diaspora; fictional crossover setting. Cultural basis guides identity, not a compulsory costume stereotype.","Indian man, visibly aged 20–29; medium-deep warm brown skin; thick dark hair, short and softly tousled; a round face and soft cheeks, sturdy build; rescue-rig engineer caught in a samurai conflict",practical flight suit with harness and work gloves; a restrained secondary cue from muted ochre haori over indigo hakama with a plain clan clasp,"bracing against a gust with steady eye contact, a cockpit control grip",an open cockpit with a large mech shoulder in the hangar beyond; secondary environment cue: a feudal gatehouse with a windswept stone approach,"One standalone square premium anime game portrait. Subject: Indian man, visibly aged 20–29; medium-deep warm brown skin; thick dark hair, short and softly tousled; a round face and soft cheeks, sturdy build; rescue-rig engineer caught in a samurai conflict. Costume: practical flight suit with harness and work gloves; a restrained secondary cue from muted ochre haori over indigo hakama with a plain clan clasp. Action: bracing against a gust with steady eye contact, a cockpit control grip. Setting: an open cockpit with a large mech shoulder in the hangar beyond; secondary environment cue: a feudal gatehouse with a windswept stone approach. Exactly one main character, face clear; rich painted material light and fine anime contours matching audited current cast; strong diagonal composition, warm focal light, cooler background depth; no text, logos, labels, UI or borders. Only depict the two visible concepts mecha and samurai. Show unmistakable functional cockpit, mech shoulder or support rig; keep the character as the focus. Show a sheathed or carefully controlled sword, haori/hakama or retainer cue appropriate to the subject; no generic ninja substitution. No ninja costume or covert-clan insignia. This is a distinct new person: do not reuse the reference face, olive complexion, hairstyle or previous-sheet identity. Render the specified skin tone clearly under neutral facial fill light; warm environmental light must not turn every face olive or tan. This is a distinct new person: do not reuse the reference face, olive complexion, hairstyle or previous-sheet identity. Render the specified skin tone clearly under neutral facial fill light; warm environmental light must not turn every face olive or tan.","Hidden affinity idol is internal metadata only: do not name, draw or hint at it in public art or epithet. Secondary cues must remain within visible affinities.",cast/v3/cv3_sidekick_029.webp,ART_EXPORTED_ASSET_QC_COMPLETE_ENGINE_REVIEW_PENDING,
cv3_sidekick_030,Sumin F. Han,The Satellite Harmony,secondary,Sidekick,shojo,"[""space"", ""idol""]",nordic,"[""idol|nordic"", ""idol|space"", ""nordic|space""]","[""idol|nordic"", ""idol|space"", ""nordic|space""]","[""idol|nordic"", ""idol|space"", ""nordic|space""]",station technician who stays behind caught in a idol conflict,Practises difficult conversations before dawn. Offers practical help but keeps an independent goal.,female,human,30–39,"Korean diaspora; fictional crossover setting. Cultural basis guides identity, not a compulsory costume stereotype.","Korean woman, visibly aged 30–39; fair beige skin with a neutral undertone; straight dark brown hair, short and softly tousled; a heart-shaped face and a wide smile, compact athletic build; station technician who stays behind caught in a idol conflict",white-and-navy pressure-suit layers with orange seals; a restrained secondary cue from ink-blue stage jacket with silver geometric piping,"leaning over a low rail while extending the main prop, a compact tether reel",a station observation deck overlooking a planet; secondary environment cue: a rehearsal stage with blurred amber footlights,"One standalone square premium anime game portrait. Subject: Korean woman, visibly aged 30–39; fair beige skin with a neutral undertone; straight dark brown hair, short and softly tousled; a heart-shaped face and a wide smile, compact athletic build; station technician who stays behind caught in a idol conflict. Costume: white-and-navy pressure-suit layers with orange seals; a restrained secondary cue from ink-blue stage jacket with silver geometric piping. Action: leaning over a low rail while extending the main prop, a compact tether reel. Setting: a station observation deck overlooking a planet; secondary environment cue: a rehearsal stage with blurred amber footlights. Exactly one main character, face clear; rich painted material light and fine anime contours matching audited current cast; strong diagonal composition, warm focal light, cooler background depth; no text, logos, labels, UI or borders. Only depict the two visible concepts space and idol. No robots, mechs, powered armour or cockpit. No katana or samurai clan costume. No ninja costume or covert-clan insignia. This is a distinct new person: do not reuse the reference face, olive complexion, hairstyle or previous-sheet identity. Render the specified skin tone clearly under neutral facial fill light; warm environmental light must not turn every face olive or tan. This is a distinct new person: do not reuse the reference face, olive complexion, hairstyle or previous-sheet identity. Render the specified skin tone clearly under neutral facial fill light; warm environmental light must not turn every face olive or tan.","Hidden affinity nordic is internal metadata only: do not name, draw or hint at it in public art or epithet. Secondary cues must remain within visible affinities.",cast/v3/cv3_sidekick_030.webp,ART_EXPORTED_ASSET_QC_COMPLETE_ENGINE_REVIEW_PENDING,
cv3_sidekick_031,Emeka F. Obi,Guide Behind the Mask,secondary,Sidekick,shojo,"[""shinobi"", ""isekai""]",magical,"[""isekai|magical"", ""isekai|shinobi"", ""magical|shinobi""]","[""isekai|magical"", ""isekai|shinobi"", ""magical|shinobi""]","[""isekai|magical"", ""isekai|shinobi"", ""magical|shinobi""]",infiltration scout with a contingency caught in a isekai conflict,Remembers kindness longer than insults. Offers practical help but keeps an independent goal.,male,human,40–49,"Nigerian diaspora; fictional crossover setting. Cultural basis guides identity, not a compulsory costume stereotype.","Nigerian man, visibly aged 40–49; rich dark brown skin; dense natural black curls, swept back from a broad forehead; a wide face and close-set brows, tall robust build; infiltration scout with a contingency caught in a isekai conflict","smoke-blue fitted field layers, cloth wraps and a compact tool pouch; a restrained secondary cue from modern travel layer over locally repaired woven clothing","moving laterally across the scene in a controlled stride, a climbing cord and compact grappling hook",a tiled roof above a guarded archive at dusk; secondary environment cue: a foreign city gate with a quiet portal far behind,"One standalone square premium anime game portrait. Subject: Nigerian man, visibly aged 40–49; rich dark brown skin; dense natural black curls, swept back from a broad forehead; a wide face and close-set brows, tall robust build; infiltration scout with a contingency caught in a isekai conflict. Costume: smoke-blue fitted field layers, cloth wraps and a compact tool pouch; a restrained secondary cue from modern travel layer over locally repaired woven clothing. Action: moving laterally across the scene in a controlled stride, a climbing cord and compact grappling hook. Setting: a tiled roof above a guarded archive at dusk; secondary environment cue: a foreign city gate with a quiet portal far behind. Exactly one main character, face clear; rich painted material light and fine anime contours matching audited current cast; strong diagonal composition, warm focal light, cooler background depth; no text, logos, labels, UI or borders. Only depict the two visible concepts shinobi and isekai. Show covert positioning, a cord/tool pouch or stealth route; no branded headband or franchise symbols. No robots, mechs, powered armour or cockpit. No katana or samurai clan costume. This is a distinct new person: do not reuse the reference face, olive complexion, hairstyle or previous-sheet identity. Render the specified skin tone clearly under neutral facial fill light; warm environmental light must not turn every face olive or tan. This is a distinct new person: do not reuse the reference face, olive complexion, hairstyle or previous-sheet identity. Render the specified skin tone clearly under neutral facial fill light; warm environmental light must not turn every face olive or tan.","Hidden affinity magical is internal metadata only: do not name, draw or hint at it in public art or epithet. Secondary cues must remain within visible affinities.",cast/v3/cv3_sidekick_031.webp,ART_EXPORTED_ASSET_QC_COMPLETE_ENGINE_REVIEW_PENDING,
cv3_sidekick_032,Linnea F. Berg,The Otherworld Retainer,secondary,Sidekick,shojo,"[""samurai"", ""isekai""]",military,"[""isekai|military"", ""isekai|samurai"", ""military|samurai""]","[""isekai|military"", ""isekai|samurai"", ""military|samurai""]","[""isekai|military"", ""isekai|samurai"", ""military|samurai""]",retainer choosing whom to protect caught in a isekai conflict,Cannot resist improving a badly made plan. Offers practical help but keeps an independent goal.,female,human,50–59,"Swedish northern coastal community; fictional crossover setting. Cultural basis guides identity, not a compulsory costume stereotype.","Swedish woman, visibly aged 50–59; pale cool skin; flaxen blond hair, swept back from a broad forehead; a broad face and subtle facial asymmetry, substantial build; retainer choosing whom to protect caught in a isekai conflict",muted ochre haori over indigo hakama with a plain clan clasp; a restrained secondary cue from modern travel layer over locally repaired woven clothing,"standing calmly while the environment moves around them, a sheathed katana with visible hilt",a feudal gatehouse with a windswept stone approach; secondary environment cue: a foreign city gate with a quiet portal far behind,"One standalone square premium anime game portrait. Subject: Swedish woman, visibly aged 50–59; pale cool skin; flaxen blond hair, swept back from a broad forehead; a broad face and subtle facial asymmetry, substantial build; retainer choosing whom to protect caught in a isekai conflict. Costume: muted ochre haori over indigo hakama with a plain clan clasp; a restrained secondary cue from modern travel layer over locally repaired woven clothing. Action: standing calmly while the environment moves around them, a sheathed katana with visible hilt. Setting: a feudal gatehouse with a windswept stone approach; secondary environment cue: a foreign city gate with a quiet portal far behind. Exactly one main character, face clear; rich painted material light and fine anime contours matching audited current cast; strong diagonal composition, warm focal light, cooler background depth; no text, logos, labels, UI or borders. Only depict the two visible concepts samurai and isekai. Show a sheathed or carefully controlled sword, haori/hakama or retainer cue appropriate to the subject; no generic ninja substitution. No robots, mechs, powered armour or cockpit. No ninja costume or covert-clan insignia. This is a distinct new person: do not reuse the reference face, olive complexion, hairstyle or previous-sheet identity. Render the specified skin tone clearly under neutral facial fill light; warm environmental light must not turn every face olive or tan. This is a distinct new person: do not reuse the reference face, olive complexion, hairstyle or previous-sheet identity. Render the specified skin tone clearly under neutral facial fill light; warm environmental light must not turn every face olive or tan.","Hidden affinity military is internal metadata only: do not name, draw or hint at it in public art or epithet. Secondary cues must remain within visible affinities.",cast/v3/cv3_sidekick_032.webp,ART_EXPORTED_ASSET_QC_COMPLETE_ENGINE_REVIEW_PENDING,
cv3_sidekick_033,Mateo F. Torres,The Stranger's Shelter,secondary,Sidekick,shojo,"[""survival"", ""isekai""]",mythology,"[""isekai|mythology"", ""isekai|survival"", ""mythology|survival""]","[""isekai|mythology"", ""isekai|survival""]","[""isekai|mythology"", ""isekai|survival""]",resourceful route scout caught in a isekai conflict,"Laughs when nervous, then does the difficult thing. Offers practical help but keeps an independent goal.",male,human,20–29,"Mexican diaspora; fictional crossover setting. Cultural basis guides identity, not a compulsory costume stereotype.","Mexican man, visibly aged 20–29; medium tan skin with a warm golden undertone; dark wavy hair, cropped close with a clean taper; a broad nose and strong jaw, solid muscular build; resourceful route scout caught in a isekai conflict",sand-coloured weather shell with a compact rescue pack; a restrained secondary cue from modern travel layer over locally repaired woven clothing,"pivoting into the light with a determined sideways glance, a coil of rope and a carabiner",a broken mountain footbridge under clearing storm light; secondary environment cue: a foreign city gate with a quiet portal far behind,"One standalone square premium anime game portrait. Subject: Mexican man, visibly aged 20–29; medium tan skin with a warm golden undertone; dark wavy hair, cropped close with a clean taper; a broad nose and strong jaw, solid muscular build; resourceful route scout caught in a isekai conflict. Costume: sand-coloured weather shell with a compact rescue pack; a restrained secondary cue from modern travel layer over locally repaired woven clothing. Action: pivoting into the light with a determined sideways glance, a coil of rope and a carabiner. Setting: a broken mountain footbridge under clearing storm light; secondary environment cue: a foreign city gate with a quiet portal far behind. Exactly one main character, face clear; rich painted material light and fine anime contours matching audited current cast; strong diagonal composition, warm focal light, cooler background depth; no text, logos, labels, UI or borders. Only depict the two visible concepts survival and isekai. No robots, mechs, powered armour or cockpit. No katana or samurai clan costume. No ninja costume or covert-clan insignia. This is a distinct new person: do not reuse the reference face, olive complexion, hairstyle or previous-sheet identity. Render the specified skin tone clearly under neutral facial fill light; warm environmental light must not turn every face olive or tan. This is a distinct new person: do not reuse the reference face, olive complexion, hairstyle or previous-sheet identity. Render the specified skin tone clearly under neutral facial fill light; warm environmental light must not turn every face olive or tan.","Hidden affinity mythology is internal metadata only: do not name, draw or hint at it in public art or epithet. Secondary cues must remain within visible affinities.",cast/v3/cv3_sidekick_033.webp,ART_EXPORTED_ASSET_QC_COMPLETE_ENGINE_REVIEW_PENDING,
cv3_sidekick_034,Lian F. Lin,The Farshore Guide,secondary,Sidekick,shojo,"[""isekai"", ""nordic""]",supernatural,"[""isekai|nordic"", ""isekai|supernatural"", ""nordic|supernatural""]","[""isekai|nordic"", ""nordic|supernatural""]","[""isekai|nordic"", ""nordic|supernatural""]",local guide to an unfamiliar world caught in a nordic conflict,Collects small gifts for people far from home. Offers practical help but keeps an independent goal.,female,human,30–39,"Chinese diaspora; fictional crossover setting. Cultural basis guides identity, not a compulsory costume stereotype.","Chinese woman, visibly aged 30–39; light warm beige skin; straight jet-black hair, cropped close with a clean taper; a square face and heavy brows, broad-shouldered build; local guide to an unfamiliar world caught in a nordic conflict",modern travel layer over locally repaired woven clothing; a restrained secondary cue from weatherproof navy wool layers with simple leather fastenings,"taking one measured step toward the viewer, an ordinary satchel beside an unfamiliar gate token",a foreign city gate with a quiet portal far behind; secondary environment cue: a working northern harbour under cold daylight,"One standalone square premium anime game portrait. Subject: Chinese woman, visibly aged 30–39; light warm beige skin; straight jet-black hair, cropped close with a clean taper; a square face and heavy brows, broad-shouldered build; local guide to an unfamiliar world caught in a nordic conflict. Costume: modern travel layer over locally repaired woven clothing; a restrained secondary cue from weatherproof navy wool layers with simple leather fastenings. Action: taking one measured step toward the viewer, an ordinary satchel beside an unfamiliar gate token. Setting: a foreign city gate with a quiet portal far behind; secondary environment cue: a working northern harbour under cold daylight. Exactly one main character, face clear; rich painted material light and fine anime contours matching audited current cast; strong diagonal composition, warm focal light, cooler background depth; no text, logos, labels, UI or borders. Only depict the two visible concepts isekai and nordic. Northern maritime realism; no horned helmets, rune magic or automatic Viking costume. No robots, mechs, powered armour or cockpit. No katana or samurai clan costume. No ninja costume or covert-clan insignia. This is a distinct new person: do not reuse the reference face, olive complexion, hairstyle or previous-sheet identity. Render the specified skin tone clearly under neutral facial fill light; warm environmental light must not turn every face olive or tan. This is a distinct new person: do not reuse the reference face, olive complexion, hairstyle or previous-sheet identity. Render the specified skin tone clearly under neutral facial fill light; warm environmental light must not turn every face olive or tan.","Hidden affinity supernatural is internal metadata only: do not name, draw or hint at it in public art or epithet. Secondary cues must remain within visible affinities.",cast/v3/cv3_sidekick_034.webp,ART_EXPORTED_ASSET_QC_COMPLETE_ENGINE_REVIEW_PENDING,
cv3_sidekick_035,Andre F. Morgan,The Spirit Sparring Partner,secondary,Sidekick,shojo,"[""martial"", ""supernatural""]",magical,"[""magical|martial"", ""magical|supernatural"", ""martial|supernatural""]","[""magical|martial"", ""magical|supernatural"", ""martial|supernatural""]","[""magical|martial"", ""magical|supernatural"", ""martial|supernatural""]",patient sparring partner caught in a supernatural conflict,Refuses credit until the whole team is named. Offers practical help but keeps an independent goal.,male,human,60–69,"Jamaican-British diaspora; fictional crossover setting. Cultural basis guides identity, not a compulsory costume stereotype.","Jamaican-British man, visibly aged 60–69; deep brown skin; black locs, worn in a high loose bun; a softly angular face, full lips and a strong neck, stocky build; patient sparring partner caught in a supernatural conflict","indigo training wrap, hand wraps and flexible trousers; a restrained secondary cue from deep-violet everyday layers with pale cord fastenings","turning sharply as fabric trails behind, bare wrapped hands in a deliberate guard",a timber-floored training hall; secondary environment cue: an old city lane with subtle impossible reflections,"One standalone square premium anime game portrait. Subject: Jamaican-British man, visibly aged 60–69; deep brown skin; black locs, worn in a high loose bun; a softly angular face, full lips and a strong neck, stocky build; patient sparring partner caught in a supernatural conflict. Costume: indigo training wrap, hand wraps and flexible trousers; a restrained secondary cue from deep-violet everyday layers with pale cord fastenings. Action: turning sharply as fabric trails behind, bare wrapped hands in a deliberate guard. Setting: a timber-floored training hall; secondary environment cue: an old city lane with subtle impossible reflections. Exactly one main character, face clear; rich painted material light and fine anime contours matching audited current cast; strong diagonal composition, warm focal light, cooler background depth; no text, logos, labels, UI or borders. Only depict the two visible concepts martial and supernatural. No robots, mechs, powered armour or cockpit. No katana or samurai clan costume. No ninja costume or covert-clan insignia. This is a distinct new person: do not reuse the reference face, olive complexion, hairstyle or previous-sheet identity. Render the specified skin tone clearly under neutral facial fill light; warm environmental light must not turn every face olive or tan. This is a distinct new person: do not reuse the reference face, olive complexion, hairstyle or previous-sheet identity. Render the specified skin tone clearly under neutral facial fill light; warm environmental light must not turn every face olive or tan.","Hidden affinity magical is internal metadata only: do not name, draw or hint at it in public art or epithet. Secondary cues must remain within visible affinities.",cast/v3/cv3_sidekick_035.webp,ART_EXPORTED_ASSET_QC_COMPLETE_ENGINE_REVIEW_PENDING,
cv3_sidekick_036,Rania F. Nasser,The Everyday Miracle,secondary,Sidekick,shojo,"[""slice"", ""magical""]",mythology,"[""magical|mythology"", ""magical|slice"", ""mythology|slice""]","[""magical|mythology"", ""magical|slice"", ""mythology|slice""]","[""magical|mythology"", ""magical|slice"", ""mythology|slice""]",reliable friend with an unfinished dream caught in a magical conflict,Takes enormous care with other people’s belongings. Offers practical help but keeps an independent goal.,female,human,20–29,"Lebanese diaspora; fictional crossover setting. Cultural basis guides identity, not a compulsory costume stereotype.","Lebanese woman, visibly aged 20–29; light warm skin; thick dark curls, worn in a high loose bun; a mature face with crow’s-feet and a strong jaw, average build; reliable friend with an unfinished dream caught in a magical conflict","moss cardigan, canvas trousers and comfortable shoes; a restrained secondary cue from plum layered costume with one geometric brooch","kneeling to inspect an important detail, a ceramic mug and a small notebook without writing",a sunlit neighbourhood courtyard; secondary environment cue: a twilight plaza with a controlled halo of light,"One standalone square premium anime game portrait. Subject: Lebanese woman, visibly aged 20–29; light warm skin; thick dark curls, worn in a high loose bun; a mature face with crow’s-feet and a strong jaw, average build; reliable friend with an unfinished dream caught in a magical conflict. Costume: moss cardigan, canvas trousers and comfortable shoes; a restrained secondary cue from plum layered costume with one geometric brooch. Action: kneeling to inspect an important detail, a ceramic mug and a small notebook without writing. Setting: a sunlit neighbourhood courtyard; secondary environment cue: a twilight plaza with a controlled halo of light. Exactly one main character, face clear; rich painted material light and fine anime contours matching audited current cast; strong diagonal composition, warm focal light, cooler background depth; no text, logos, labels, UI or borders. Only depict the two visible concepts slice and magical. No robots, mechs, powered armour or cockpit. No katana or samurai clan costume. No ninja costume or covert-clan insignia. This is a distinct new person: do not reuse the reference face, olive complexion, hairstyle or previous-sheet identity. Render the specified skin tone clearly under neutral facial fill light; warm environmental light must not turn every face olive or tan. This is a distinct new person: do not reuse the reference face, olive complexion, hairstyle or previous-sheet identity. Render the specified skin tone clearly under neutral facial fill light; warm environmental light must not turn every face olive or tan.","Hidden affinity mythology is internal metadata only: do not name, draw or hint at it in public art or epithet. Secondary cues must remain within visible affinities.",cast/v3/cv3_sidekick_036.webp,ART_EXPORTED_ASSET_QC_COMPLETE_ENGINE_REVIEW_PENDING,
cv3_sidekick_037,Lukasz F. Kowalski,The Wishing Scabbard,secondary,Sidekick,shojo,"[""samurai"", ""magical""]",space,"[""magical|samurai"", ""magical|space"", ""samurai|space""]","[""magical|samurai"", ""magical|space"", ""samurai|space""]","[""magical|samurai"", ""magical|space"", ""samurai|space""]",retainer choosing whom to protect caught in a magical conflict,Turns every failure into a new rehearsal. Offers practical help but keeps an independent goal.,male,human,20–29,"Polish diaspora; fictional crossover setting. Cultural basis guides identity, not a compulsory costume stereotype.","Polish man, visibly aged 20–29; fair neutral skin; ash-blond hair, shoulder-length and swept to one side; a calm oval face and broad nose, average build; retainer choosing whom to protect caught in a magical conflict",muted ochre haori over indigo hakama with a plain clan clasp; a restrained secondary cue from plum layered costume with one geometric brooch,"bracing against a gust with steady eye contact, a sheathed katana with visible hilt",a feudal gatehouse with a windswept stone approach; secondary environment cue: a twilight plaza with a controlled halo of light,"One standalone square premium anime game portrait. Subject: Polish man, visibly aged 20–29; fair neutral skin; ash-blond hair, shoulder-length and swept to one side; a calm oval face and broad nose, average build; retainer choosing whom to protect caught in a magical conflict. Costume: muted ochre haori over indigo hakama with a plain clan clasp; a restrained secondary cue from plum layered costume with one geometric brooch. Action: bracing against a gust with steady eye contact, a sheathed katana with visible hilt. Setting: a feudal gatehouse with a windswept stone approach; secondary environment cue: a twilight plaza with a controlled halo of light. Exactly one main character, face clear; rich painted material light and fine anime contours matching audited current cast; strong diagonal composition, warm focal light, cooler background depth; no text, logos, labels, UI or borders. Only depict the two visible concepts samurai and magical. Show a sheathed or carefully controlled sword, haori/hakama or retainer cue appropriate to the subject; no generic ninja substitution. No robots, mechs, powered armour or cockpit. No ninja costume or covert-clan insignia. This is a distinct new person: do not reuse the reference face, olive complexion, hairstyle or previous-sheet identity. Render the specified skin tone clearly under neutral facial fill light; warm environmental light must not turn every face olive or tan. This is a distinct new person: do not reuse the reference face, olive complexion, hairstyle or previous-sheet identity. Render the specified skin tone clearly under neutral facial fill light; warm environmental light must not turn every face olive or tan.","Hidden affinity space is internal metadata only: do not name, draw or hint at it in public art or epithet. Secondary cues must remain within visible affinities.",cast/v3/cv3_sidekick_037.webp,ART_EXPORTED_ASSET_QC_COMPLETE_ENGINE_REVIEW_PENDING,
cv3_sidekick_038,Sana F. Khan,The Iron Sparring Partner,secondary,Sidekick,shojo,"[""mecha"", ""martial""]",military,"[""martial|mecha"", ""martial|military"", ""mecha|military""]","[""martial|mecha"", ""martial|military""]","[""martial|mecha"", ""martial|military""]",rescue-rig engineer caught in a martial conflict,Needs solitude after appearing fearless. Offers practical help but keeps an independent goal.,female,human,30–39,"Pakistani diaspora; fictional crossover setting. Cultural basis guides identity, not a compulsory costume stereotype.","Pakistani woman, visibly aged 30–39; medium brown skin; soft black waves, shoulder-length and swept to one side; a long narrow face and prominent nose, tall lean build; rescue-rig engineer caught in a martial conflict","practical flight suit with harness and work gloves; a restrained secondary cue from indigo training wrap, hand wraps and flexible trousers","leaning over a low rail while extending the main prop, a cockpit control grip",an open cockpit with a large mech shoulder in the hangar beyond; secondary environment cue: a timber-floored training hall,"One standalone square premium anime game portrait. Subject: Pakistani woman, visibly aged 30–39; medium brown skin; soft black waves, shoulder-length and swept to one side; a long narrow face and prominent nose, tall lean build; rescue-rig engineer caught in a martial conflict. Costume: practical flight suit with harness and work gloves; a restrained secondary cue from indigo training wrap, hand wraps and flexible trousers. Action: leaning over a low rail while extending the main prop, a cockpit control grip. Setting: an open cockpit with a large mech shoulder in the hangar beyond; secondary environment cue: a timber-floored training hall. Exactly one main character, face clear; rich painted material light and fine anime contours matching audited current cast; strong diagonal composition, warm focal light, cooler background depth; no text, logos, labels, UI or borders. Only depict the two visible concepts mecha and martial. Show unmistakable functional cockpit, mech shoulder or support rig; keep the character as the focus. No katana or samurai clan costume. No ninja costume or covert-clan insignia. This is a distinct new person: do not reuse the reference face, olive complexion, hairstyle or previous-sheet identity. Render the specified skin tone clearly under neutral facial fill light; warm environmental light must not turn every face olive or tan. This is a distinct new person: do not reuse the reference face, olive complexion, hairstyle or previous-sheet identity. Render the specified skin tone clearly under neutral facial fill light; warm environmental light must not turn every face olive or tan.","Hidden affinity military is internal metadata only: do not name, draw or hint at it in public art or epithet. Secondary cues must remain within visible affinities.",cast/v3/cv3_sidekick_038.webp,ART_EXPORTED_ASSET_QC_COMPLETE_ENGINE_REVIEW_PENDING,
cv3_sidekick_039,Paolo F. Santos,The Corsair's Mechanic,secondary,Sidekick,shojo,"[""mecha"", ""pirate""]",romance,"[""mecha|pirate"", ""mecha|romance"", ""pirate|romance""]","[""mecha|pirate"", ""mecha|romance"", ""pirate|romance""]","[""mecha|pirate"", ""mecha|romance"", ""pirate|romance""]",rescue-rig engineer caught in a pirate conflict,Shares food before sharing a secret. Offers practical help but keeps an independent goal.,male,human,40–49,"Filipino diaspora; fictional crossover setting. Cultural basis guides identity, not a compulsory costume stereotype.","Filipino man, visibly aged 40–49; warm medium-brown skin; straight dark hair, cut into a blunt chin-length bob; a long face with fine smile lines, slim build; rescue-rig engineer caught in a pirate conflict","practical flight suit with harness and work gloves; a restrained secondary cue from sea-green deck coat, sash and salt-worn boots","moving laterally across the scene in a controlled stride, a cockpit control grip",an open cockpit with a large mech shoulder in the hangar beyond; secondary environment cue: a working ship deck beside a busy harbour,"One standalone square premium anime game portrait. Subject: Filipino man, visibly aged 40–49; warm medium-brown skin; straight dark hair, cut into a blunt chin-length bob; a long face with fine smile lines, slim build; rescue-rig engineer caught in a pirate conflict. Costume: practical flight suit with harness and work gloves; a restrained secondary cue from sea-green deck coat, sash and salt-worn boots. Action: moving laterally across the scene in a controlled stride, a cockpit control grip. Setting: an open cockpit with a large mech shoulder in the hangar beyond; secondary environment cue: a working ship deck beside a busy harbour. Exactly one main character, face clear; rich painted material light and fine anime contours matching audited current cast; strong diagonal composition, warm focal light, cooler background depth; no text, logos, labels, UI or borders. Only depict the two visible concepts mecha and pirate. Show unmistakable functional cockpit, mech shoulder or support rig; keep the character as the focus. No katana or samurai clan costume. No ninja costume or covert-clan insignia. This is a distinct new person: do not reuse the reference face, olive complexion, hairstyle or previous-sheet identity. Render the specified skin tone clearly under neutral facial fill light; warm environmental light must not turn every face olive or tan. This is a distinct new person: do not reuse the reference face, olive complexion, hairstyle or previous-sheet identity. Render the specified skin tone clearly under neutral facial fill light; warm environmental light must not turn every face olive or tan.","Hidden affinity romance is internal metadata only: do not name, draw or hint at it in public art or epithet. Secondary cues must remain within visible affinities.",cast/v3/cv3_sidekick_039.webp,ART_EXPORTED_ASSET_QC_COMPLETE_ENGINE_REVIEW_PENDING,
cv3_sidekick_040,Wanjiku F. Njoroge,The Covert Mechanic,secondary,Sidekick,shojo,"[""mecha"", ""shinobi""]",sports,"[""mecha|shinobi"", ""mecha|sports"", ""shinobi|sports""]","[""mecha|shinobi"", ""mecha|sports"", ""shinobi|sports""]","[""mecha|shinobi"", ""mecha|sports"", ""shinobi|sports""]",rescue-rig engineer caught in a shinobi conflict,Notices the missing chair before the guest arrives. Offers practical help but keeps an independent goal.,female,human,50–59,"Kenyan diaspora; fictional crossover setting. Cultural basis guides identity, not a compulsory costume stereotype.","Kenyan woman, visibly aged 50–59; very deep cool-brown skin; short tightly curled black hair, cut into a blunt chin-length bob; a small chin and rounded cheeks, short slight build; rescue-rig engineer caught in a shinobi conflict","practical flight suit with harness and work gloves; a restrained secondary cue from smoke-blue fitted field layers, cloth wraps and a compact tool pouch","standing calmly while the environment moves around them, a cockpit control grip",an open cockpit with a large mech shoulder in the hangar beyond; secondary environment cue: a tiled roof above a guarded archive at dusk,"One standalone square premium anime game portrait. Subject: Kenyan woman, visibly aged 50–59; very deep cool-brown skin; short tightly curled black hair, cut into a blunt chin-length bob; a small chin and rounded cheeks, short slight build; rescue-rig engineer caught in a shinobi conflict. Costume: practical flight suit with harness and work gloves; a restrained secondary cue from smoke-blue fitted field layers, cloth wraps and a compact tool pouch. Action: standing calmly while the environment moves around them, a cockpit control grip. Setting: an open cockpit with a large mech shoulder in the hangar beyond; secondary environment cue: a tiled roof above a guarded archive at dusk. Exactly one main character, face clear; rich painted material light and fine anime contours matching audited current cast; strong diagonal composition, warm focal light, cooler background depth; no text, logos, labels, UI or borders. Only depict the two visible concepts mecha and shinobi. Show unmistakable functional cockpit, mech shoulder or support rig; keep the character as the focus. Show covert positioning, a cord/tool pouch or stealth route; no branded headband or franchise symbols. No katana or samurai clan costume. This is a distinct new person: do not reuse the reference face, olive complexion, hairstyle or previous-sheet identity. Render the specified skin tone clearly under neutral facial fill light; warm environmental light must not turn every face olive or tan. This is a distinct new person: do not reuse the reference face, olive complexion, hairstyle or previous-sheet identity. Render the specified skin tone clearly under neutral facial fill light; warm environmental light must not turn every face olive or tan.","Hidden affinity sports is internal metadata only: do not name, draw or hint at it in public art or epithet. Secondary cues must remain within visible affinities.",cast/v3/cv3_sidekick_040.webp,ART_EXPORTED_ASSET_QC_COMPLETE_ENGINE_REVIEW_PENDING,
cv3_sidekick_041,Malik F. Sarr,The Ghost Navigator,secondary,Sidekick,shojo,"[""space"", ""supernatural""]",military,"[""military|space"", ""military|supernatural"", ""space|supernatural""]","[""military|space"", ""military|supernatural"", ""space|supernatural""]","[""military|space"", ""military|supernatural"", ""space|supernatural""]",station technician who stays behind caught in a supernatural conflict,Always prepares a way back. Offers practical help but keeps an independent goal.,male,human,20–29,"French-Senegalese mixed heritage; fictional crossover setting. Cultural basis guides identity, not a compulsory costume stereotype.","French-Senegalese man, visibly aged 20–29; dark brown skin; dark natural curls, short and windswept; a pointed chin and prominent cheekbones, wiry build; station technician who stays behind caught in a supernatural conflict",white-and-navy pressure-suit layers with orange seals; a restrained secondary cue from deep-violet everyday layers with pale cord fastenings,"pivoting into the light with a determined sideways glance, a compact tether reel",a station observation deck overlooking a planet; secondary environment cue: an old city lane with subtle impossible reflections,"One standalone square premium anime game portrait. Subject: French-Senegalese man, visibly aged 20–29; dark brown skin; dark natural curls, short and windswept; a pointed chin and prominent cheekbones, wiry build; station technician who stays behind caught in a supernatural conflict. Costume: white-and-navy pressure-suit layers with orange seals; a restrained secondary cue from deep-violet everyday layers with pale cord fastenings. Action: pivoting into the light with a determined sideways glance, a compact tether reel. Setting: a station observation deck overlooking a planet; secondary environment cue: an old city lane with subtle impossible reflections. Exactly one main character, face clear; rich painted material light and fine anime contours matching audited current cast; strong diagonal composition, warm focal light, cooler background depth; no text, logos, labels, UI or borders. Only depict the two visible concepts space and supernatural. No robots, mechs, powered armour or cockpit. No katana or samurai clan costume. No ninja costume or covert-clan insignia. This is a distinct new person: do not reuse the reference face, olive complexion, hairstyle or previous-sheet identity. Render the specified skin tone clearly under neutral facial fill light; warm environmental light must not turn every face olive or tan. This is a distinct new person: do not reuse the reference face, olive complexion, hairstyle or previous-sheet identity. Render the specified skin tone clearly under neutral facial fill light; warm environmental light must not turn every face olive or tan.","Hidden affinity military is internal metadata only: do not name, draw or hint at it in public art or epithet. Secondary cues must remain within visible affinities.",cast/v3/cv3_sidekick_041.webp,ART_EXPORTED_ASSET_QC_COMPLETE_ENGINE_REVIEW_PENDING,
cv3_sidekick_042,Misaki F. Fujimori,Clues in the Scabbard,secondary,Sidekick,shojo,"[""samurai"", ""mystery""]",nordic,"[""mystery|nordic"", ""mystery|samurai"", ""nordic|samurai""]","[""mystery|nordic"", ""mystery|samurai"", ""nordic|samurai""]","[""mystery|nordic"", ""mystery|samurai"", ""nordic|samurai""]",retainer choosing whom to protect caught in a mystery conflict,Counts steps to settle a racing mind. Offers practical help but keeps an independent goal.,female,human,30–39,"Japanese; fictional crossover setting. Cultural basis guides identity, not a compulsory costume stereotype.","Japanese woman, visibly aged 30–39; light ivory skin with a cool undertone; straight blue-black hair, short and windswept; a round face and soft cheeks, sturdy build; retainer choosing whom to protect caught in a mystery conflict",muted ochre haori over indigo hakama with a plain clan clasp; a restrained secondary cue from slate tailored coat with a mustard scarf,"taking one measured step toward the viewer, a sheathed katana with visible hilt",a feudal gatehouse with a windswept stone approach; secondary environment cue: a rainlit archive doorway,"One standalone square premium anime game portrait. Subject: Japanese woman, visibly aged 30–39; light ivory skin with a cool undertone; straight blue-black hair, short and windswept; a round face and soft cheeks, sturdy build; retainer choosing whom to protect caught in a mystery conflict. Costume: muted ochre haori over indigo hakama with a plain clan clasp; a restrained secondary cue from slate tailored coat with a mustard scarf. Action: taking one measured step toward the viewer, a sheathed katana with visible hilt. Setting: a feudal gatehouse with a windswept stone approach; secondary environment cue: a rainlit archive doorway. Exactly one main character, face clear; rich painted material light and fine anime contours matching audited current cast; strong diagonal composition, warm focal light, cooler background depth; no text, logos, labels, UI or borders. Only depict the two visible concepts samurai and mystery. Show a sheathed or carefully controlled sword, haori/hakama or retainer cue appropriate to the subject; no generic ninja substitution. No robots, mechs, powered armour or cockpit. No ninja costume or covert-clan insignia. This is a distinct new person: do not reuse the reference face, olive complexion, hairstyle or previous-sheet identity. Render the specified skin tone clearly under neutral facial fill light; warm environmental light must not turn every face olive or tan. This is a distinct new person: do not reuse the reference face, olive complexion, hairstyle or previous-sheet identity. Render the specified skin tone clearly under neutral facial fill light; warm environmental light must not turn every face olive or tan.","Hidden affinity nordic is internal metadata only: do not name, draw or hint at it in public art or epithet. Secondary cues must remain within visible affinities.",cast/v3/cv3_sidekick_042.webp,ART_EXPORTED_ASSET_QC_COMPLETE_ENGINE_REVIEW_PENDING,
cv3_sidekick_043,Kwame F. Owusu,The Mythbound Messenger,secondary,Sidekick,shojo,"[""shinobi"", ""mythology""]",nordic,"[""mythology|nordic"", ""mythology|shinobi"", ""nordic|shinobi""]","[""mythology|nordic"", ""mythology|shinobi"", ""nordic|shinobi""]","[""mythology|nordic"", ""mythology|shinobi"", ""nordic|shinobi""]",infiltration scout with a contingency caught in a mythology conflict,Trusts actions more than titles. Offers practical help but keeps an independent goal.,male,human,60–69,"Ghanaian-British diaspora; fictional crossover setting. Cultural basis guides identity, not a compulsory costume stereotype.","Ghanaian-British man, visibly aged 60–69; very deep brown skin with warm highlights; tightly coiled black hair, in a practical low braid; a heart-shaped face and a wide smile, compact athletic build; infiltration scout with a contingency caught in a mythology conflict","smoke-blue fitted field layers, cloth wraps and a compact tool pouch; a restrained secondary cue from cream woven layers with bronze abstract motifs","turning sharply as fabric trails behind, a climbing cord and compact grappling hook",a tiled roof above a guarded archive at dusk; secondary environment cue: a hilltop sanctuary with uninscribed stone reliefs,"One standalone square premium anime game portrait. Subject: Ghanaian-British man, visibly aged 60–69; very deep brown skin with warm highlights; tightly coiled black hair, in a practical low braid; a heart-shaped face and a wide smile, compact athletic build; infiltration scout with a contingency caught in a mythology conflict. Costume: smoke-blue fitted field layers, cloth wraps and a compact tool pouch; a restrained secondary cue from cream woven layers with bronze abstract motifs. Action: turning sharply as fabric trails behind, a climbing cord and compact grappling hook. Setting: a tiled roof above a guarded archive at dusk; secondary environment cue: a hilltop sanctuary with uninscribed stone reliefs. Exactly one main character, face clear; rich painted material light and fine anime contours matching audited current cast; strong diagonal composition, warm focal light, cooler background depth; no text, logos, labels, UI or borders. Only depict the two visible concepts shinobi and mythology. Show covert positioning, a cord/tool pouch or stealth route; no branded headband or franchise symbols. No robots, mechs, powered armour or cockpit. No katana or samurai clan costume. This is a distinct new person: do not reuse the reference face, olive complexion, hairstyle or previous-sheet identity. Render the specified skin tone clearly under neutral facial fill light; warm environmental light must not turn every face olive or tan. This is a distinct new person: do not reuse the reference face, olive complexion, hairstyle or previous-sheet identity. Render the specified skin tone clearly under neutral facial fill light; warm environmental light must not turn every face olive or tan.","Hidden affinity nordic is internal metadata only: do not name, draw or hint at it in public art or epithet. Secondary cues must remain within visible affinities.",cast/v3/cv3_sidekick_043.webp,ART_EXPORTED_ASSET_QC_COMPLETE_ENGINE_REVIEW_PENDING,
cv3_sidekick_044,Orla F. Doyle,The Shrine's Retainer,secondary,Sidekick,shojo,"[""samurai"", ""mythology""]",pirate,"[""mythology|pirate"", ""mythology|samurai"", ""pirate|samurai""]","[""mythology|pirate"", ""mythology|samurai"", ""pirate|samurai""]","[""mythology|pirate"", ""mythology|samurai"", ""pirate|samurai""]",retainer choosing whom to protect caught in a mythology conflict,Makes room for a rival to change. Offers practical help but keeps an independent goal.,female,human,20–29,"Irish diaspora; fictional crossover setting. Cultural basis guides identity, not a compulsory costume stereotype.","Irish woman, visibly aged 20–29; very fair pink-toned skin with conspicuous natural freckles; copper-red hair, in a practical low braid; a wide face and close-set brows, tall robust build; retainer choosing whom to protect caught in a mythology conflict",muted ochre haori over indigo hakama with a plain clan clasp; a restrained secondary cue from cream woven layers with bronze abstract motifs,"kneeling to inspect an important detail, a sheathed katana with visible hilt",a feudal gatehouse with a windswept stone approach; secondary environment cue: a hilltop sanctuary with uninscribed stone reliefs,"One standalone square premium anime game portrait. Subject: Irish woman, visibly aged 20–29; very fair pink-toned skin with conspicuous natural freckles; copper-red hair, in a practical low braid; a wide face and close-set brows, tall robust build; retainer choosing whom to protect caught in a mythology conflict. Costume: muted ochre haori over indigo hakama with a plain clan clasp; a restrained secondary cue from cream woven layers with bronze abstract motifs. Action: kneeling to inspect an important detail, a sheathed katana with visible hilt. Setting: a feudal gatehouse with a windswept stone approach; secondary environment cue: a hilltop sanctuary with uninscribed stone reliefs. Exactly one main character, face clear; rich painted material light and fine anime contours matching audited current cast; strong diagonal composition, warm focal light, cooler background depth; no text, logos, labels, UI or borders. Only depict the two visible concepts samurai and mythology. Show a sheathed or carefully controlled sword, haori/hakama or retainer cue appropriate to the subject; no generic ninja substitution. No robots, mechs, powered armour or cockpit. No ninja costume or covert-clan insignia. This is a distinct new person: do not reuse the reference face, olive complexion, hairstyle or previous-sheet identity. Render the specified skin tone clearly under neutral facial fill light; warm environmental light must not turn every face olive or tan. This is a distinct new person: do not reuse the reference face, olive complexion, hairstyle or previous-sheet identity. Render the specified skin tone clearly under neutral facial fill light; warm environmental light must not turn every face olive or tan.","Hidden affinity pirate is internal metadata only: do not name, draw or hint at it in public art or epithet. Secondary cues must remain within visible affinities.",cast/v3/cv3_sidekick_044.webp,ART_EXPORTED_ASSET_QC_COMPLETE_ENGINE_REVIEW_PENDING,
cv3_sidekick_045,Minjun G. Seo,The Ancestral Witness,secondary,Sidekick,shojo,"[""supernatural"", ""mythology""]",romance,"[""mythology|romance"", ""mythology|supernatural"", ""romance|supernatural""]","[""mythology|romance"", ""mythology|supernatural"", ""romance|supernatural""]","[""mythology|romance"", ""mythology|supernatural"", ""romance|supernatural""]",boundary guide for the living caught in a mythology conflict,Keeps a repaired object as a reminder. Offers practical help but keeps an independent goal.,male,human,20–29,"Korean diaspora; fictional crossover setting. Cultural basis guides identity, not a compulsory costume stereotype.","Korean man, visibly aged 20–29; fair beige skin with a neutral undertone; straight dark brown hair, in a rounded natural silhouette; a broad face and subtle facial asymmetry, substantial build; boundary guide for the living caught in a mythology conflict",deep-violet everyday layers with pale cord fastenings; a restrained secondary cue from cream woven layers with bronze abstract motifs,"bracing against a gust with steady eye contact, a simple paper charm without marks",an old city lane with subtle impossible reflections; secondary environment cue: a hilltop sanctuary with uninscribed stone reliefs,"One standalone square premium anime game portrait. Subject: Korean man, visibly aged 20–29; fair beige skin with a neutral undertone; straight dark brown hair, in a rounded natural silhouette; a broad face and subtle facial asymmetry, substantial build; boundary guide for the living caught in a mythology conflict. Costume: deep-violet everyday layers with pale cord fastenings; a restrained secondary cue from cream woven layers with bronze abstract motifs. Action: bracing against a gust with steady eye contact, a simple paper charm without marks. Setting: an old city lane with subtle impossible reflections; secondary environment cue: a hilltop sanctuary with uninscribed stone reliefs. Exactly one main character, face clear; rich painted material light and fine anime contours matching audited current cast; strong diagonal composition, warm focal light, cooler background depth; no text, logos, labels, UI or borders. Only depict the two visible concepts supernatural and mythology. No robots, mechs, powered armour or cockpit. No katana or samurai clan costume. No ninja costume or covert-clan insignia. This is a distinct new person: do not reuse the reference face, olive complexion, hairstyle or previous-sheet identity. Render the specified skin tone clearly under neutral facial fill light; warm environmental light must not turn every face olive or tan. This is a distinct new person: do not reuse the reference face, olive complexion, hairstyle or previous-sheet identity. Render the specified skin tone clearly under neutral facial fill light; warm environmental light must not turn every face olive or tan.","Hidden affinity romance is internal metadata only: do not name, draw or hint at it in public art or epithet. Secondary cues must remain within visible affinities.",cast/v3/cv3_sidekick_045.webp,ART_EXPORTED_ASSET_QC_COMPLETE_ENGINE_REVIEW_PENDING,
cv3_sidekick_046,Adaeze G. Okoye,The Divided Messenger,secondary,Sidekick,shojo,"[""samurai"", ""shinobi""]",romance,"[""romance|samurai"", ""romance|shinobi"", ""samurai|shinobi""]","[""romance|samurai"", ""romance|shinobi"", ""samurai|shinobi""]","[""romance|samurai"", ""romance|shinobi"", ""samurai|shinobi""]",retainer choosing whom to protect caught in a shinobi conflict,Asks permission even when in command. Offers practical help but keeps an independent goal.,female,human,30–39,"Nigerian diaspora; fictional crossover setting. Cultural basis guides identity, not a compulsory costume stereotype.","Nigerian woman, visibly aged 30–39; rich dark brown skin; dense natural black curls, in a rounded natural silhouette; a broad nose and strong jaw, solid muscular build; retainer choosing whom to protect caught in a shinobi conflict","muted ochre haori over indigo hakama with a plain clan clasp; a restrained secondary cue from smoke-blue fitted field layers, cloth wraps and a compact tool pouch","leaning over a low rail while extending the main prop, a sheathed katana with visible hilt",a feudal gatehouse with a windswept stone approach; secondary environment cue: a tiled roof above a guarded archive at dusk,"One standalone square premium anime game portrait. Subject: Nigerian woman, visibly aged 30–39; rich dark brown skin; dense natural black curls, in a rounded natural silhouette; a broad nose and strong jaw, solid muscular build; retainer choosing whom to protect caught in a shinobi conflict. Costume: muted ochre haori over indigo hakama with a plain clan clasp; a restrained secondary cue from smoke-blue fitted field layers, cloth wraps and a compact tool pouch. Action: leaning over a low rail while extending the main prop, a sheathed katana with visible hilt. Setting: a feudal gatehouse with a windswept stone approach; secondary environment cue: a tiled roof above a guarded archive at dusk. Exactly one main character, face clear; rich painted material light and fine anime contours matching audited current cast; strong diagonal composition, warm focal light, cooler background depth; no text, logos, labels, UI or borders. Only depict the two visible concepts samurai and shinobi. Show a sheathed or carefully controlled sword, haori/hakama or retainer cue appropriate to the subject; no generic ninja substitution. Show covert positioning, a cord/tool pouch or stealth route; no branded headband or franchise symbols. No robots, mechs, powered armour or cockpit. This is a distinct new person: do not reuse the reference face, olive complexion, hairstyle or previous-sheet identity. Render the specified skin tone clearly under neutral facial fill light; warm environmental light must not turn every face olive or tan. This is a distinct new person: do not reuse the reference face, olive complexion, hairstyle or previous-sheet identity. Render the specified skin tone clearly under neutral facial fill light; warm environmental light must not turn every face olive or tan.","Hidden affinity romance is internal metadata only: do not name, draw or hint at it in public art or epithet. Secondary cues must remain within visible affinities.",cast/v3/cv3_sidekick_046.webp,ART_EXPORTED_ASSET_QC_COMPLETE_ENGINE_REVIEW_PENDING,
cv3_sidekick_047,Elias G. Lind,The Neighbour's Secret,secondary,Sidekick,shojo,"[""shinobi"", ""slice""]",supernatural,"[""shinobi|slice"", ""shinobi|supernatural"", ""slice|supernatural""]","[""shinobi|slice"", ""shinobi|supernatural"", ""slice|supernatural""]","[""shinobi|slice"", ""shinobi|supernatural"", ""slice|supernatural""]",infiltration scout with a contingency caught in a slice conflict,Hides worry behind meticulous preparation. Offers practical help but keeps an independent goal.,male,human,40–49,"Swedish northern coastal community; fictional crossover setting. Cultural basis guides identity, not a compulsory costume stereotype.","Swedish man, visibly aged 40–49; pale cool skin; flaxen blond hair, tied back with loose temple strands; a square face and heavy brows, broad-shouldered build; infiltration scout with a contingency caught in a slice conflict","smoke-blue fitted field layers, cloth wraps and a compact tool pouch; a restrained secondary cue from moss cardigan, canvas trousers and comfortable shoes","moving laterally across the scene in a controlled stride, a climbing cord and compact grappling hook",a tiled roof above a guarded archive at dusk; secondary environment cue: a sunlit neighbourhood courtyard,"One standalone square premium anime game portrait. Subject: Swedish man, visibly aged 40–49; pale cool skin; flaxen blond hair, tied back with loose temple strands; a square face and heavy brows, broad-shouldered build; infiltration scout with a contingency caught in a slice conflict. Costume: smoke-blue fitted field layers, cloth wraps and a compact tool pouch; a restrained secondary cue from moss cardigan, canvas trousers and comfortable shoes. Action: moving laterally across the scene in a controlled stride, a climbing cord and compact grappling hook. Setting: a tiled roof above a guarded archive at dusk; secondary environment cue: a sunlit neighbourhood courtyard. Exactly one main character, face clear; rich painted material light and fine anime contours matching audited current cast; strong diagonal composition, warm focal light, cooler background depth; no text, logos, labels, UI or borders. Only depict the two visible concepts shinobi and slice. Show covert positioning, a cord/tool pouch or stealth route; no branded headband or franchise symbols. No robots, mechs, powered armour or cockpit. No katana or samurai clan costume. This is a distinct new person: do not reuse the reference face, olive complexion, hairstyle or previous-sheet identity. Render the specified skin tone clearly under neutral facial fill light; warm environmental light must not turn every face olive or tan. This is a distinct new person: do not reuse the reference face, olive complexion, hairstyle or previous-sheet identity. Render the specified skin tone clearly under neutral facial fill light; warm environmental light must not turn every face olive or tan.","Hidden affinity supernatural is internal metadata only: do not name, draw or hint at it in public art or epithet. Secondary cues must remain within visible affinities.",cast/v3/cv3_sidekick_047.webp,ART_EXPORTED_ASSET_QC_COMPLETE_ENGINE_REVIEW_PENDING,
cv3_sidekick_048,Lucia G. Vega,The Orbital Infiltrator,secondary,Sidekick,shojo,"[""shinobi"", ""space""]",survival,"[""shinobi|space"", ""shinobi|survival"", ""space|survival""]","[""shinobi|space"", ""shinobi|survival"", ""space|survival""]","[""shinobi|space"", ""shinobi|survival"", ""space|survival""]",infiltration scout with a contingency caught in a space conflict,Writes down the questions nobody answered. Offers practical help but keeps an independent goal.,female,human,50–59,"Mexican diaspora; fictional crossover setting. Cultural basis guides identity, not a compulsory costume stereotype.","Mexican woman, visibly aged 50–59; medium tan skin with a warm golden undertone; dark wavy hair, tied back with loose temple strands; a softly angular face, full lips and a strong neck, stocky build; infiltration scout with a contingency caught in a space conflict","smoke-blue fitted field layers, cloth wraps and a compact tool pouch; a restrained secondary cue from white-and-navy pressure-suit layers with orange seals","standing calmly while the environment moves around them, a climbing cord and compact grappling hook",a tiled roof above a guarded archive at dusk; secondary environment cue: a station observation deck overlooking a planet,"One standalone square premium anime game portrait. Subject: Mexican woman, visibly aged 50–59; medium tan skin with a warm golden undertone; dark wavy hair, tied back with loose temple strands; a softly angular face, full lips and a strong neck, stocky build; infiltration scout with a contingency caught in a space conflict. Costume: smoke-blue fitted field layers, cloth wraps and a compact tool pouch; a restrained secondary cue from white-and-navy pressure-suit layers with orange seals. Action: standing calmly while the environment moves around them, a climbing cord and compact grappling hook. Setting: a tiled roof above a guarded archive at dusk; secondary environment cue: a station observation deck overlooking a planet. Exactly one main character, face clear; rich painted material light and fine anime contours matching audited current cast; strong diagonal composition, warm focal light, cooler background depth; no text, logos, labels, UI or borders. Only depict the two visible concepts shinobi and space. Show covert positioning, a cord/tool pouch or stealth route; no branded headband or franchise symbols. No robots, mechs, powered armour or cockpit. No katana or samurai clan costume. This is a distinct new person: do not reuse the reference face, olive complexion, hairstyle or previous-sheet identity. Render the specified skin tone clearly under neutral facial fill light; warm environmental light must not turn every face olive or tan. This is a distinct new person: do not reuse the reference face, olive complexion, hairstyle or previous-sheet identity. Render the specified skin tone clearly under neutral facial fill light; warm environmental light must not turn every face olive or tan.","Hidden affinity survival is internal metadata only: do not name, draw or hint at it in public art or epithet. Secondary cues must remain within visible affinities.",cast/v3/cv3_sidekick_048.webp,ART_EXPORTED_ASSET_QC_COMPLETE_ENGINE_REVIEW_PENDING,
cv3_sidekick_049,Jian G. Zhou,The Oath's Blind Spot,secondary,Sidekick,shojo,"[""samurai"", ""shinobi""]",martial,"[""martial|samurai"", ""martial|shinobi"", ""samurai|shinobi""]","[""martial|samurai"", ""martial|shinobi"", ""samurai|shinobi""]",[],retainer choosing whom to protect caught in a shinobi conflict,Finds courage in small routines. Offers practical help but keeps an independent goal.,male,human,20–29,"Chinese diaspora; fictional crossover setting. Cultural basis guides identity, not a compulsory costume stereotype.","Chinese man, visibly aged 20–29; light warm beige skin; straight jet-black hair, with a side part and visible silver streaks; a mature face with crow’s-feet and a strong jaw, average build; retainer choosing whom to protect caught in a shinobi conflict","muted ochre haori over indigo hakama with a plain clan clasp; a restrained secondary cue from smoke-blue fitted field layers, cloth wraps and a compact tool pouch","pivoting into the light with a determined sideways glance, a sheathed katana with visible hilt",a feudal gatehouse with a windswept stone approach; secondary environment cue: a tiled roof above a guarded archive at dusk,"One standalone square premium anime game portrait. Subject: Chinese man, visibly aged 20–29; light warm beige skin; straight jet-black hair, with a side part and visible silver streaks; a mature face with crow’s-feet and a strong jaw, average build; retainer choosing whom to protect caught in a shinobi conflict. Costume: muted ochre haori over indigo hakama with a plain clan clasp; a restrained secondary cue from smoke-blue fitted field layers, cloth wraps and a compact tool pouch. Action: pivoting into the light with a determined sideways glance, a sheathed katana with visible hilt. Setting: a feudal gatehouse with a windswept stone approach; secondary environment cue: a tiled roof above a guarded archive at dusk. Exactly one main character, face clear; rich painted material light and fine anime contours matching audited current cast; strong diagonal composition, warm focal light, cooler background depth; no text, logos, labels, UI or borders. Only depict the two visible concepts samurai and shinobi. Show a sheathed or carefully controlled sword, haori/hakama or retainer cue appropriate to the subject; no generic ninja substitution. Show covert positioning, a cord/tool pouch or stealth route; no branded headband or franchise symbols. No robots, mechs, powered armour or cockpit. This is a distinct new person: do not reuse the reference face, olive complexion, hairstyle or previous-sheet identity. Render the specified skin tone clearly under neutral facial fill light; warm environmental light must not turn every face olive or tan. This is a distinct new person: do not reuse the reference face, olive complexion, hairstyle or previous-sheet identity. Render the specified skin tone clearly under neutral facial fill light; warm environmental light must not turn every face olive or tan.","Hidden affinity martial is internal metadata only: do not name, draw or hint at it in public art or epithet. Secondary cues must remain within visible affinities.",cast/v3/cv3_sidekick_049.webp,ART_EXPORTED_ASSET_QC_COMPLETE_ENGINE_REVIEW_PENDING,
cv3_sidekick_050,Simone G. Campbell,The Duelist's Circuit,secondary,Sidekick,shojo,"[""mecha"", ""samurai""]",shinobi,"[""mecha|samurai"", ""mecha|shinobi"", ""samurai|shinobi""]","[""mecha|samurai"", ""mecha|shinobi"", ""samurai|shinobi""]",[],rescue-rig engineer caught in a samurai conflict,Remembers the weather on important days. Offers practical help but keeps an independent goal.,female,human,30–39,"Jamaican-British diaspora; fictional crossover setting. Cultural basis guides identity, not a compulsory costume stereotype.","Jamaican-British woman, visibly aged 30–39; deep brown skin; black locs, with a side part and visible silver streaks; a calm oval face and broad nose, average build; rescue-rig engineer caught in a samurai conflict",practical flight suit with harness and work gloves; a restrained secondary cue from muted ochre haori over indigo hakama with a plain clan clasp,"taking one measured step toward the viewer, a cockpit control grip",an open cockpit with a large mech shoulder in the hangar beyond; secondary environment cue: a feudal gatehouse with a windswept stone approach,"One standalone square premium anime game portrait. Subject: Jamaican-British woman, visibly aged 30–39; deep brown skin; black locs, with a side part and visible silver streaks; a calm oval face and broad nose, average build; rescue-rig engineer caught in a samurai conflict. Costume: practical flight suit with harness and work gloves; a restrained secondary cue from muted ochre haori over indigo hakama with a plain clan clasp. Action: taking one measured step toward the viewer, a cockpit control grip. Setting: an open cockpit with a large mech shoulder in the hangar beyond; secondary environment cue: a feudal gatehouse with a windswept stone approach. Exactly one main character, face clear; rich painted material light and fine anime contours matching audited current cast; strong diagonal composition, warm focal light, cooler background depth; no text, logos, labels, UI or borders. Only depict the two visible concepts mecha and samurai. Show unmistakable functional cockpit, mech shoulder or support rig; keep the character as the focus. Show a sheathed or carefully controlled sword, haori/hakama or retainer cue appropriate to the subject; no generic ninja substitution. No ninja costume or covert-clan insignia. This is a distinct new person: do not reuse the reference face, olive complexion, hairstyle or previous-sheet identity. Render the specified skin tone clearly under neutral facial fill light; warm environmental light must not turn every face olive or tan. This is a distinct new person: do not reuse the reference face, olive complexion, hairstyle or previous-sheet identity. Render the specified skin tone clearly under neutral facial fill light; warm environmental light must not turn every face olive or tan.","Hidden affinity shinobi is internal metadata only: do not name, draw or hint at it in public art or epithet. Secondary cues must remain within visible affinities.",cast/v3/cv3_sidekick_050.webp,ART_EXPORTED_ASSET_QC_COMPLETE_ENGINE_REVIEW_PENDING,
cv3_sidekick_051,Nadim G. Haddad,The Heart's Retainer,secondary,Sidekick,shojo,"[""samurai"", ""romance""]",slice,"[""romance|samurai"", ""romance|slice"", ""samurai|slice""]","[""romance|samurai"", ""samurai|slice""]",[],retainer choosing whom to protect caught in a romance conflict,Will cross a city to return a borrowed tool. Offers practical help but keeps an independent goal.,male,human,60–69,"Lebanese diaspora; fictional crossover setting. Cultural basis guides identity, not a compulsory costume stereotype.","Lebanese man, visibly aged 60–69; light warm skin; thick dark curls, with an undercut and a long top; a long narrow face and prominent nose, tall lean build; retainer choosing whom to protect caught in a romance conflict",muted ochre haori over indigo hakama with a plain clan clasp; a restrained secondary cue from rose-lined everyday jacket and a carefully mended scarf,"turning sharply as fabric trails behind, a sheathed katana with visible hilt",a feudal gatehouse with a windswept stone approach; secondary environment cue: a station garden in late afternoon,"One standalone square premium anime game portrait. Subject: Lebanese man, visibly aged 60–69; light warm skin; thick dark curls, with an undercut and a long top; a long narrow face and prominent nose, tall lean build; retainer choosing whom to protect caught in a romance conflict. Costume: muted ochre haori over indigo hakama with a plain clan clasp; a restrained secondary cue from rose-lined everyday jacket and a carefully mended scarf. Action: turning sharply as fabric trails behind, a sheathed katana with visible hilt. Setting: a feudal gatehouse with a windswept stone approach; secondary environment cue: a station garden in late afternoon. Exactly one main character, face clear; rich painted material light and fine anime contours matching audited current cast; strong diagonal composition, warm focal light, cooler background depth; no text, logos, labels, UI or borders. Only depict the two visible concepts samurai and romance. Show a sheathed or carefully controlled sword, haori/hakama or retainer cue appropriate to the subject; no generic ninja substitution. No robots, mechs, powered armour or cockpit. No ninja costume or covert-clan insignia. This is a distinct new person: do not reuse the reference face, olive complexion, hairstyle or previous-sheet identity. Render the specified skin tone clearly under neutral facial fill light; warm environmental light must not turn every face olive or tan. This is a distinct new person: do not reuse the reference face, olive complexion, hairstyle or previous-sheet identity. Render the specified skin tone clearly under neutral facial fill light; warm environmental light must not turn every face olive or tan.","Hidden affinity slice is internal metadata only: do not name, draw or hint at it in public art or epithet. Secondary cues must remain within visible affinities.",cast/v3/cv3_sidekick_051.webp,ART_EXPORTED_ASSET_QC_COMPLETE_ENGINE_REVIEW_PENDING,
cv3_sidekick_052,Zofia G. Nowak,The Last Quiet Serving,secondary,Sidekick,shojo,"[""shinobi"", ""cooking""]",survival,"[""cooking|shinobi"", ""cooking|survival"", ""shinobi|survival""]","[""cooking|shinobi"", ""cooking|survival"", ""shinobi|survival""]",[],infiltration scout with a contingency caught in a cooking conflict,Refuses to confuse obedience with loyalty. Offers practical help but keeps an independent goal.,female,human,20–29,"Polish diaspora; fictional crossover setting. Cultural basis guides identity, not a compulsory costume stereotype.","Polish woman, visibly aged 20–29; fair neutral skin; ash-blond hair, with an undercut and a long top; a long face with fine smile lines, slim build; infiltration scout with a contingency caught in a cooking conflict","smoke-blue fitted field layers, cloth wraps and a compact tool pouch; a restrained secondary cue from rolled sleeves and a burgundy cross-back apron","kneeling to inspect an important detail, a climbing cord and compact grappling hook",a tiled roof above a guarded archive at dusk; secondary environment cue: a tiled open kitchen beside a market,"One standalone square premium anime game portrait. Subject: Polish woman, visibly aged 20–29; fair neutral skin; ash-blond hair, with an undercut and a long top; a long face with fine smile lines, slim build; infiltration scout with a contingency caught in a cooking conflict. Costume: smoke-blue fitted field layers, cloth wraps and a compact tool pouch; a restrained secondary cue from rolled sleeves and a burgundy cross-back apron. Action: kneeling to inspect an important detail, a climbing cord and compact grappling hook. Setting: a tiled roof above a guarded archive at dusk; secondary environment cue: a tiled open kitchen beside a market. Exactly one main character, face clear; rich painted material light and fine anime contours matching audited current cast; strong diagonal composition, warm focal light, cooler background depth; no text, logos, labels, UI or borders. Only depict the two visible concepts shinobi and cooking. Show covert positioning, a cord/tool pouch or stealth route; no branded headband or franchise symbols. No robots, mechs, powered armour or cockpit. No katana or samurai clan costume. This is a distinct new person: do not reuse the reference face, olive complexion, hairstyle or previous-sheet identity. Render the specified skin tone clearly under neutral facial fill light; warm environmental light must not turn every face olive or tan. This is a distinct new person: do not reuse the reference face, olive complexion, hairstyle or previous-sheet identity. Render the specified skin tone clearly under neutral facial fill light; warm environmental light must not turn every face olive or tan.","Hidden affinity survival is internal metadata only: do not name, draw or hint at it in public art or epithet. Secondary cues must remain within visible affinities.",cast/v3/cv3_sidekick_052.webp,ART_EXPORTED_ASSET_QC_COMPLETE_ENGINE_REVIEW_PENDING,
cv3_mascot_001,Bramble,The Glitching Grin,pet,Mascot,shonen,"[""comedy"", ""cyber""]",idol,"[""comedy|cyber"", ""comedy|idol"", ""cyber|idol""]","[""comedy|cyber"", ""comedy|idol"", ""cyber|idol""]","[""comedy|cyber"", ""comedy|idol"", ""cyber|idol""]",red panda companion connecting comedy and cyber,"Keeps every promise in a pocket ledger. Expresses this through repeated animal behaviour, not spoken exposition.",male,red panda,adult companion,Original animal companion in a Japanese-inspired fictional setting,"One expressive red panda, warm cinnamon colour accents, oversized expressive eyes but detailed painted fur/feathers/materials",Natural readable red panda anatomy; one small cloth collar or light satchel; no human hands or full human outfit,leaping across a low ledge,a festival rehearsal courtyard; secondary environment cue: a rainlit cable-lined transit arcade,"One standalone square premium anime game portrait. Subject: One expressive red panda, warm cinnamon colour accents, oversized expressive eyes but detailed painted fur/feathers/materials. Costume: Natural readable red panda anatomy; one small cloth collar or light satchel; no human hands or full human outfit. Action: leaping across a low ledge. Setting: a festival rehearsal courtyard; secondary environment cue: a rainlit cable-lined transit arcade. Exactly one main character, face clear; rich painted material light and fine anime contours matching audited current cast; strong diagonal composition, warm focal light, cooler background depth; no text, logos, labels, UI or borders. Only depict the two visible concepts comedy and cyber. No robots, mechs, powered armour or cockpit. No katana or samurai clan costume. No ninja costume or covert-clan insignia.","Hidden affinity idol is internal metadata only: do not name, draw or hint at it in public art or epithet. Secondary cues must remain within visible affinities.",cast/v3/cv3_mascot_001.webp,ART_EXPORTED_ASSET_QC_COMPLETE_ENGINE_REVIEW_PENDING,
cv3_mascot_002,Pipkin,The Vanishing Giggle,pet,Mascot,shonen,"[""shinobi"", ""comedy""]",fantasy,"[""comedy|fantasy"", ""comedy|shinobi"", ""fantasy|shinobi""]","[""comedy|fantasy"", ""comedy|shinobi"", ""fantasy|shinobi""]","[""comedy|fantasy"", ""comedy|shinobi"", ""fantasy|shinobi""]",fennec fox companion connecting shinobi and comedy,"Repairs things while thinking through an apology. Expresses this through repeated animal behaviour, not spoken exposition.",female,fennec fox,adult companion,Original animal companion in a Japanese-inspired fictional setting,"One expressive fennec fox, cream and charcoal colour accents, oversized expressive eyes but detailed painted fur/feathers/materials",Natural readable fennec fox anatomy; one small cloth collar or light satchel; no human hands or full human outfit,perching alertly with a cocked head,a tiled roof above a guarded archive at dusk; secondary environment cue: a festival rehearsal courtyard,"One standalone square premium anime game portrait. Subject: One expressive fennec fox, cream and charcoal colour accents, oversized expressive eyes but detailed painted fur/feathers/materials. Costume: Natural readable fennec fox anatomy; one small cloth collar or light satchel; no human hands or full human outfit. Action: perching alertly with a cocked head. Setting: a tiled roof above a guarded archive at dusk; secondary environment cue: a festival rehearsal courtyard. Exactly one main character, face clear; rich painted material light and fine anime contours matching audited current cast; strong diagonal composition, warm focal light, cooler background depth; no text, logos, labels, UI or borders. Only depict the two visible concepts shinobi and comedy. Show covert positioning, a cord/tool pouch or stealth route; no branded headband or franchise symbols. No robots, mechs, powered armour or cockpit. No katana or samurai clan costume.","Hidden affinity fantasy is internal metadata only: do not name, draw or hint at it in public art or epithet. Secondary cues must remain within visible affinities.",cast/v3/cv3_mascot_002.webp,ART_EXPORTED_ASSET_QC_COMPLETE_ENGINE_REVIEW_PENDING,
cv3_mascot_003,Saffy,The Otherworld Rascal,pet,Mascot,shonen,"[""isekai"", ""comedy""]",horror,"[""comedy|horror"", ""comedy|isekai"", ""horror|isekai""]","[""comedy|horror"", ""comedy|isekai"", ""horror|isekai""]","[""comedy|horror"", ""comedy|isekai"", ""horror|isekai""]",round bat companion connecting isekai and comedy,"Asks the quietest person for their view first. Expresses this through repeated animal behaviour, not spoken exposition.",male,round bat,adult companion,Original animal companion in a Japanese-inspired fictional setting,"One expressive round bat, russet and ivory colour accents, oversized expressive eyes but detailed painted fur/feathers/materials",Natural readable round bat anatomy; one small cloth collar or light satchel; no human hands or full human outfit,trotting toward the viewer,a foreign city gate with a quiet portal far behind; secondary environment cue: a festival rehearsal courtyard,"One standalone square premium anime game portrait. Subject: One expressive round bat, russet and ivory colour accents, oversized expressive eyes but detailed painted fur/feathers/materials. Costume: Natural readable round bat anatomy; one small cloth collar or light satchel; no human hands or full human outfit. Action: trotting toward the viewer. Setting: a foreign city gate with a quiet portal far behind; secondary environment cue: a festival rehearsal courtyard. Exactly one main character, face clear; rich painted material light and fine anime contours matching audited current cast; strong diagonal composition, warm focal light, cooler background depth; no text, logos, labels, UI or borders. Only depict the two visible concepts isekai and comedy. No robots, mechs, powered armour or cockpit. No katana or samurai clan costume. No ninja costume or covert-clan insignia.","Hidden affinity horror is internal metadata only: do not name, draw or hint at it in public art or epithet. Secondary cues must remain within visible affinities.",cast/v3/cv3_mascot_003.webp,ART_EXPORTED_ASSET_QC_COMPLETE_ENGINE_REVIEW_PENDING,
cv3_mascot_004,Tumble,The Ronin's Raccoon,pet,Mascot,shonen,"[""samurai"", ""comedy""]",isekai,"[""comedy|isekai"", ""comedy|samurai"", ""isekai|samurai""]","[""comedy|isekai"", ""comedy|samurai"", ""isekai|samurai""]","[""comedy|samurai"", ""isekai|samurai""]",tanuki companion connecting samurai and comedy,"Practises difficult conversations before dawn. Expresses this through repeated animal behaviour, not spoken exposition.",female,tanuki,adult companion,Original animal companion in a Japanese-inspired fictional setting,"One expressive tanuki, slate and gold colour accents, oversized expressive eyes but detailed painted fur/feathers/materials",Natural readable tanuki anatomy; one small cloth collar or light satchel; no human hands or full human outfit,bracing tiny paws against the wind,a feudal gatehouse with a windswept stone approach; secondary environment cue: a festival rehearsal courtyard,"One standalone square premium anime game portrait. Subject: One expressive tanuki, slate and gold colour accents, oversized expressive eyes but detailed painted fur/feathers/materials. Costume: Natural readable tanuki anatomy; one small cloth collar or light satchel; no human hands or full human outfit. Action: bracing tiny paws against the wind. Setting: a feudal gatehouse with a windswept stone approach; secondary environment cue: a festival rehearsal courtyard. Exactly one main character, face clear; rich painted material light and fine anime contours matching audited current cast; strong diagonal composition, warm focal light, cooler background depth; no text, logos, labels, UI or borders. Only depict the two visible concepts samurai and comedy. Show a sheathed or carefully controlled sword, haori/hakama or retainer cue appropriate to the subject; no generic ninja substitution. No robots, mechs, powered armour or cockpit. No ninja costume or covert-clan insignia.","Hidden affinity isekai is internal metadata only: do not name, draw or hint at it in public art or epithet. Secondary cues must remain within visible affinities.",cast/v3/cv3_mascot_004.webp,ART_EXPORTED_ASSET_QC_COMPLETE_ENGINE_REVIEW_PENDING,
cv3_mascot_005,Fennel,The Pocket Love Spell,pet,Mascot,shonen,"[""magical"", ""romance""]",comedy,"[""comedy|magical"", ""comedy|romance"", ""magical|romance""]","[""comedy|magical"", ""comedy|romance"", ""magical|romance""]","[""comedy|magical"", ""comedy|romance"", ""magical|romance""]",dormouse companion connecting magical and romance,"Remembers kindness longer than insults. Expresses this through repeated animal behaviour, not spoken exposition.",male,dormouse,adult companion,Original animal companion in a Japanese-inspired fictional setting,"One expressive dormouse, warm cinnamon colour accents, oversized expressive eyes but detailed painted fur/feathers/materials",Natural readable dormouse anatomy; one small cloth collar or light satchel; no human hands or full human outfit,reaching curiously toward a harmless object,a twilight plaza with a controlled halo of light; secondary environment cue: a station garden in late afternoon,"One standalone square premium anime game portrait. Subject: One expressive dormouse, warm cinnamon colour accents, oversized expressive eyes but detailed painted fur/feathers/materials. Costume: Natural readable dormouse anatomy; one small cloth collar or light satchel; no human hands or full human outfit. Action: reaching curiously toward a harmless object. Setting: a twilight plaza with a controlled halo of light; secondary environment cue: a station garden in late afternoon. Exactly one main character, face clear; rich painted material light and fine anime contours matching audited current cast; strong diagonal composition, warm focal light, cooler background depth; no text, logos, labels, UI or borders. Only depict the two visible concepts magical and romance. No robots, mechs, powered armour or cockpit. No katana or samurai clan costume. No ninja costume or covert-clan insignia.","Hidden affinity comedy is internal metadata only: do not name, draw or hint at it in public art or epithet. Secondary cues must remain within visible affinities.",cast/v3/cv3_mascot_005.webp,ART_EXPORTED_ASSET_QC_COMPLETE_ENGINE_REVIEW_PENDING,
cv3_mascot_006,Quibble,The Scrappy Smile,pet,Mascot,shonen,"[""survival"", ""comedy""]",mystery,"[""comedy|mystery"", ""comedy|survival"", ""mystery|survival""]","[""comedy|mystery"", ""comedy|survival"", ""mystery|survival""]","[""comedy|mystery"", ""comedy|survival"", ""mystery|survival""]",meerkat companion connecting survival and comedy,"Cannot resist improving a badly made plan. Expresses this through repeated animal behaviour, not spoken exposition.",female,meerkat,adult companion,Original animal companion in a Japanese-inspired fictional setting,"One expressive meerkat, cream and charcoal colour accents, oversized expressive eyes but detailed painted fur/feathers/materials",Natural readable meerkat anatomy; one small cloth collar or light satchel; no human hands or full human outfit,balancing on a rail,a broken mountain footbridge under clearing storm light; secondary environment cue: a festival rehearsal courtyard,"One standalone square premium anime game portrait. Subject: One expressive meerkat, cream and charcoal colour accents, oversized expressive eyes but detailed painted fur/feathers/materials. Costume: Natural readable meerkat anatomy; one small cloth collar or light satchel; no human hands or full human outfit. Action: balancing on a rail. Setting: a broken mountain footbridge under clearing storm light; secondary environment cue: a festival rehearsal courtyard. Exactly one main character, face clear; rich painted material light and fine anime contours matching audited current cast; strong diagonal composition, warm focal light, cooler background depth; no text, logos, labels, UI or borders. Only depict the two visible concepts survival and comedy. No robots, mechs, powered armour or cockpit. No katana or samurai clan costume. No ninja costume or covert-clan insignia.","Hidden affinity mystery is internal metadata only: do not name, draw or hint at it in public art or epithet. Secondary cues must remain within visible affinities.",cast/v3/cv3_mascot_006.webp,ART_EXPORTED_ASSET_QC_COMPLETE_ENGINE_REVIEW_PENDING,
cv3_mascot_007,Clove,The Haunted Ladle,pet,Mascot,shonen,"[""cooking"", ""horror""]",martial,"[""cooking|horror"", ""cooking|martial"", ""horror|martial""]","[""cooking|horror"", ""cooking|martial"", ""horror|martial""]","[""cooking|horror"", ""cooking|martial"", ""horror|martial""]",ferret companion connecting cooking and horror,"Laughs when nervous, then does the difficult thing. Expresses this through repeated animal behaviour, not spoken exposition.",male,ferret,adult companion,Original animal companion in a Japanese-inspired fictional setting,"One expressive ferret, russet and ivory colour accents, oversized expressive eyes but detailed painted fur/feathers/materials",Natural readable ferret anatomy; one small cloth collar or light satchel; no human hands or full human outfit,settling beside a small prop,a tiled open kitchen beside a market; secondary environment cue: an abandoned station with a single lit doorway,"One standalone square premium anime game portrait. Subject: One expressive ferret, russet and ivory colour accents, oversized expressive eyes but detailed painted fur/feathers/materials. Costume: Natural readable ferret anatomy; one small cloth collar or light satchel; no human hands or full human outfit. Action: settling beside a small prop. Setting: a tiled open kitchen beside a market; secondary environment cue: an abandoned station with a single lit doorway. Exactly one main character, face clear; rich painted material light and fine anime contours matching audited current cast; strong diagonal composition, warm focal light, cooler background depth; no text, logos, labels, UI or borders. Only depict the two visible concepts cooking and horror. No robots, mechs, powered armour or cockpit. No katana or samurai clan costume. No ninja costume or covert-clan insignia.","Hidden affinity martial is internal metadata only: do not name, draw or hint at it in public art or epithet. Secondary cues must remain within visible affinities.",cast/v3/cv3_mascot_007.webp,ART_EXPORTED_ASSET_QC_COMPLETE_ENGINE_REVIEW_PENDING,
cv3_mascot_008,Miso,Whiskers Between Clans,pet,Mascot,shonen,"[""samurai"", ""shinobi""]",cooking,"[""cooking|samurai"", ""cooking|shinobi"", ""samurai|shinobi""]","[""cooking|samurai"", ""cooking|shinobi"", ""samurai|shinobi""]","[""cooking|samurai"", ""cooking|shinobi"", ""samurai|shinobi""]",shiba puppy companion connecting samurai and shinobi,"Collects small gifts for people far from home. Expresses this through repeated animal behaviour, not spoken exposition.",female,shiba puppy,adult companion,Original animal companion in a Japanese-inspired fictional setting,"One expressive shiba puppy, slate and gold colour accents, oversized expressive eyes but detailed painted fur/feathers/materials",Natural readable shiba puppy anatomy; one small cloth collar or light satchel; no human hands or full human outfit,turning mid-step toward a distant sound,a feudal gatehouse with a windswept stone approach; secondary environment cue: a tiled roof above a guarded archive at dusk,"One standalone square premium anime game portrait. Subject: One expressive shiba puppy, slate and gold colour accents, oversized expressive eyes but detailed painted fur/feathers/materials. Costume: Natural readable shiba puppy anatomy; one small cloth collar or light satchel; no human hands or full human outfit. Action: turning mid-step toward a distant sound. Setting: a feudal gatehouse with a windswept stone approach; secondary environment cue: a tiled roof above a guarded archive at dusk. Exactly one main character, face clear; rich painted material light and fine anime contours matching audited current cast; strong diagonal composition, warm focal light, cooler background depth; no text, logos, labels, UI or borders. Only depict the two visible concepts samurai and shinobi. Show a sheathed or carefully controlled sword, haori/hakama or retainer cue appropriate to the subject; no generic ninja substitution. Show covert positioning, a cord/tool pouch or stealth route; no branded headband or franchise symbols. No robots, mechs, powered armour or cockpit.","Hidden affinity cooking is internal metadata only: do not name, draw or hint at it in public art or epithet. Secondary cues must remain within visible affinities.",cast/v3/cv3_mascot_008.webp,ART_EXPORTED_ASSET_QC_COMPLETE_ENGINE_REVIEW_PENDING,
cv3_mascot_009,Pebble,The Foraging Flame,pet,Mascot,shonen,"[""survival"", ""cooking""]",supernatural,"[""cooking|supernatural"", ""cooking|survival"", ""supernatural|survival""]","[""cooking|supernatural"", ""cooking|survival"", ""supernatural|survival""]","[""cooking|supernatural"", ""cooking|survival"", ""supernatural|survival""]",hedgehog companion connecting survival and cooking,"Refuses credit until the whole team is named. Expresses this through repeated animal behaviour, not spoken exposition.",male,hedgehog,adult companion,Original animal companion in a Japanese-inspired fictional setting,"One expressive hedgehog, warm cinnamon colour accents, oversized expressive eyes but detailed painted fur/feathers/materials",Natural readable hedgehog anatomy; one small cloth collar or light satchel; no human hands or full human outfit,leaping across a low ledge,a broken mountain footbridge under clearing storm light; secondary environment cue: a tiled open kitchen beside a market,"One standalone square premium anime game portrait. Subject: One expressive hedgehog, warm cinnamon colour accents, oversized expressive eyes but detailed painted fur/feathers/materials. Costume: Natural readable hedgehog anatomy; one small cloth collar or light satchel; no human hands or full human outfit. Action: leaping across a low ledge. Setting: a broken mountain footbridge under clearing storm light; secondary environment cue: a tiled open kitchen beside a market. Exactly one main character, face clear; rich painted material light and fine anime contours matching audited current cast; strong diagonal composition, warm focal light, cooler background depth; no text, logos, labels, UI or borders. Only depict the two visible concepts survival and cooking. No robots, mechs, powered armour or cockpit. No katana or samurai clan costume. No ninja costume or covert-clan insignia.","Hidden affinity supernatural is internal metadata only: do not name, draw or hint at it in public art or epithet. Secondary cues must remain within visible affinities.",cast/v3/cv3_mascot_009.webp,ART_EXPORTED_ASSET_QC_COMPLETE_ENGINE_REVIEW_PENDING,
cv3_mascot_010,Patch,The Enchanted Gecko,pet,Mascot,shonen,"[""cyber"", ""fantasy""]",military,"[""cyber|fantasy"", ""cyber|military"", ""fantasy|military""]","[""cyber|fantasy"", ""cyber|military"", ""fantasy|military""]","[""cyber|fantasy"", ""cyber|military"", ""fantasy|military""]",gecko companion connecting cyber and fantasy,"Takes enormous care with other people’s belongings. Expresses this through repeated animal behaviour, not spoken exposition.",female,gecko,adult companion,Original animal companion in a Japanese-inspired fictional setting,"One expressive gecko, cream and charcoal colour accents, oversized expressive eyes but detailed painted fur/feathers/materials",Natural readable gecko anatomy; one small utility harness; no human hands or full human outfit,perching alertly with a cocked head,a rainlit cable-lined transit arcade; secondary environment cue: a terraced stone city beneath high aqueducts,"One standalone square premium anime game portrait. Subject: One expressive gecko, cream and charcoal colour accents, oversized expressive eyes but detailed painted fur/feathers/materials. Costume: Natural readable gecko anatomy; one small utility harness; no human hands or full human outfit. Action: perching alertly with a cocked head. Setting: a rainlit cable-lined transit arcade; secondary environment cue: a terraced stone city beneath high aqueducts. Exactly one main character, face clear; rich painted material light and fine anime contours matching audited current cast; strong diagonal composition, warm focal light, cooler background depth; no text, logos, labels, UI or borders. Only depict the two visible concepts cyber and fantasy. No robots, mechs, powered armour or cockpit. No katana or samurai clan costume. No ninja costume or covert-clan insignia.","Hidden affinity military is internal metadata only: do not name, draw or hint at it in public art or epithet. Secondary cues must remain within visible affinities.",cast/v3/cv3_mascot_010.webp,ART_EXPORTED_ASSET_QC_COMPLETE_ENGINE_REVIEW_PENDING,
cv3_mascot_011,Rook,The Wired Wing,pet,Mascot,shonen,"[""samurai"", ""cyber""]",horror,"[""cyber|horror"", ""cyber|samurai"", ""horror|samurai""]","[""cyber|horror"", ""cyber|samurai"", ""horror|samurai""]","[""cyber|horror"", ""cyber|samurai"", ""horror|samurai""]",crow companion connecting samurai and cyber,"Turns every failure into a new rehearsal. Expresses this through repeated animal behaviour, not spoken exposition.",male,crow,adult companion,Original animal companion in a Japanese-inspired fictional setting,"One expressive crow, russet and ivory colour accents, oversized expressive eyes but detailed painted fur/feathers/materials",Natural readable crow anatomy; one small cloth collar or light satchel; no human hands or full human outfit,trotting toward the viewer,a feudal gatehouse with a windswept stone approach; secondary environment cue: a rainlit cable-lined transit arcade,"One standalone square premium anime game portrait. Subject: One expressive crow, russet and ivory colour accents, oversized expressive eyes but detailed painted fur/feathers/materials. Costume: Natural readable crow anatomy; one small cloth collar or light satchel; no human hands or full human outfit. Action: trotting toward the viewer. Setting: a feudal gatehouse with a windswept stone approach; secondary environment cue: a rainlit cable-lined transit arcade. Exactly one main character, face clear; rich painted material light and fine anime contours matching audited current cast; strong diagonal composition, warm focal light, cooler background depth; no text, logos, labels, UI or borders. Only depict the two visible concepts samurai and cyber. Show a sheathed or carefully controlled sword, haori/hakama or retainer cue appropriate to the subject; no generic ninja substitution. No robots, mechs, powered armour or cockpit. No ninja costume or covert-clan insignia.","Hidden affinity horror is internal metadata only: do not name, draw or hint at it in public art or epithet. Secondary cues must remain within visible affinities.",cast/v3/cv3_mascot_011.webp,ART_EXPORTED_ASSET_QC_COMPLETE_ENGINE_REVIEW_PENDING,
cv3_mascot_012,Ticker,The Salvage Whisker,pet,Mascot,shonen,"[""survival"", ""cyber""]",martial,"[""cyber|martial"", ""cyber|survival"", ""martial|survival""]","[""cyber|martial"", ""cyber|survival"", ""martial|survival""]","[""cyber|martial"", ""cyber|survival"", ""martial|survival""]",stoat companion connecting survival and cyber,"Needs solitude after appearing fearless. Expresses this through repeated animal behaviour, not spoken exposition.",female,stoat,adult companion,Original animal companion in a Japanese-inspired fictional setting,"One expressive stoat, slate and gold colour accents, oversized expressive eyes but detailed painted fur/feathers/materials",Natural readable stoat anatomy; one small cloth collar or light satchel; no human hands or full human outfit,bracing tiny paws against the wind,a broken mountain footbridge under clearing storm light; secondary environment cue: a rainlit cable-lined transit arcade,"One standalone square premium anime game portrait. Subject: One expressive stoat, slate and gold colour accents, oversized expressive eyes but detailed painted fur/feathers/materials. Costume: Natural readable stoat anatomy; one small cloth collar or light satchel; no human hands or full human outfit. Action: bracing tiny paws against the wind. Setting: a broken mountain footbridge under clearing storm light; secondary environment cue: a rainlit cable-lined transit arcade. Exactly one main character, face clear; rich painted material light and fine anime contours matching audited current cast; strong diagonal composition, warm focal light, cooler background depth; no text, logos, labels, UI or borders. Only depict the two visible concepts survival and cyber. No robots, mechs, powered armour or cockpit. No katana or samurai clan costume. No ninja costume or covert-clan insignia.","Hidden affinity martial is internal metadata only: do not name, draw or hint at it in public art or epithet. Secondary cues must remain within visible affinities.",cast/v3/cv3_mascot_012.webp,ART_EXPORTED_ASSET_QC_COMPLETE_ENGINE_REVIEW_PENDING,
cv3_mascot_013,Mallow,The Silent Quill,pet,Mascot,shonen,"[""shinobi"", ""cyber""]",slice,"[""cyber|shinobi"", ""cyber|slice"", ""shinobi|slice""]","[""cyber|shinobi"", ""cyber|slice"", ""shinobi|slice""]","[""cyber|shinobi"", ""cyber|slice"", ""shinobi|slice""]",house sparrow companion connecting shinobi and cyber,"Shares food before sharing a secret. Expresses this through repeated animal behaviour, not spoken exposition.",male,house sparrow,adult companion,Original animal companion in a Japanese-inspired fictional setting,"One expressive house sparrow, warm cinnamon colour accents, oversized expressive eyes but detailed painted fur/feathers/materials",Natural readable house sparrow anatomy; one small cloth collar or light satchel; no human hands or full human outfit,reaching curiously toward a harmless object,a tiled roof above a guarded archive at dusk; secondary environment cue: a rainlit cable-lined transit arcade,"One standalone square premium anime game portrait. Subject: One expressive house sparrow, warm cinnamon colour accents, oversized expressive eyes but detailed painted fur/feathers/materials. Costume: Natural readable house sparrow anatomy; one small cloth collar or light satchel; no human hands or full human outfit. Action: reaching curiously toward a harmless object. Setting: a tiled roof above a guarded archive at dusk; secondary environment cue: a rainlit cable-lined transit arcade. Exactly one main character, face clear; rich painted material light and fine anime contours matching audited current cast; strong diagonal composition, warm focal light, cooler background depth; no text, logos, labels, UI or borders. Only depict the two visible concepts shinobi and cyber. Show covert positioning, a cord/tool pouch or stealth route; no branded headband or franchise symbols. No robots, mechs, powered armour or cockpit. No katana or samurai clan costume.","Hidden affinity slice is internal metadata only: do not name, draw or hint at it in public art or epithet. Secondary cues must remain within visible affinities.",cast/v3/cv3_mascot_013.webp,ART_EXPORTED_ASSET_QC_COMPLETE_ENGINE_REVIEW_PENDING,
cv3_mascot_014,Sprig,The Hearthside Myth,pet,Mascot,shonen,"[""mythology"", ""slice""]",fantasy,"[""fantasy|mythology"", ""fantasy|slice"", ""mythology|slice""]","[""fantasy|mythology"", ""fantasy|slice"", ""mythology|slice""]","[""fantasy|mythology"", ""fantasy|slice"", ""mythology|slice""]",moss hare companion connecting mythology and slice,"Notices the missing chair before the guest arrives. Expresses this through repeated animal behaviour, not spoken exposition.",female,moss hare,adult companion,Original animal companion in a Japanese-inspired fictional setting,"One expressive moss hare, cream and charcoal colour accents, oversized expressive eyes but detailed painted fur/feathers/materials",Natural readable moss hare anatomy; one small cloth collar or light satchel; no human hands or full human outfit,balancing on a rail,a hilltop sanctuary with uninscribed stone reliefs; secondary environment cue: a sunlit neighbourhood courtyard,"One standalone square premium anime game portrait. Subject: One expressive moss hare, cream and charcoal colour accents, oversized expressive eyes but detailed painted fur/feathers/materials. Costume: Natural readable moss hare anatomy; one small cloth collar or light satchel; no human hands or full human outfit. Action: balancing on a rail. Setting: a hilltop sanctuary with uninscribed stone reliefs; secondary environment cue: a sunlit neighbourhood courtyard. Exactly one main character, face clear; rich painted material light and fine anime contours matching audited current cast; strong diagonal composition, warm focal light, cooler background depth; no text, logos, labels, UI or borders. Only depict the two visible concepts mythology and slice. No robots, mechs, powered armour or cockpit. No katana or samurai clan costume. No ninja costume or covert-clan insignia.","Hidden affinity fantasy is internal metadata only: do not name, draw or hint at it in public art or epithet. Secondary cues must remain within visible affinities.",cast/v3/cv3_mascot_014.webp,ART_EXPORTED_ASSET_QC_COMPLETE_ENGINE_REVIEW_PENDING,
cv3_mascot_015,Flotsam,The Pocket Poltergeist,pet,Mascot,shonen,"[""supernatural"", ""fantasy""]",pirate,"[""fantasy|pirate"", ""fantasy|supernatural"", ""pirate|supernatural""]","[""fantasy|pirate"", ""fantasy|supernatural"", ""pirate|supernatural""]","[""fantasy|pirate"", ""fantasy|supernatural"", ""pirate|supernatural""]",sea otter companion connecting supernatural and fantasy,"Always prepares a way back. Expresses this through repeated animal behaviour, not spoken exposition.",male,sea otter,adult companion,Original animal companion in a Japanese-inspired fictional setting,"One expressive sea otter, russet and ivory colour accents, oversized expressive eyes but detailed painted fur/feathers/materials",Natural readable sea otter anatomy; one small cloth collar or light satchel; no human hands or full human outfit,settling beside a small prop,an old city lane with subtle impossible reflections; secondary environment cue: a terraced stone city beneath high aqueducts,"One standalone square premium anime game portrait. Subject: One expressive sea otter, russet and ivory colour accents, oversized expressive eyes but detailed painted fur/feathers/materials. Costume: Natural readable sea otter anatomy; one small cloth collar or light satchel; no human hands or full human outfit. Action: settling beside a small prop. Setting: an old city lane with subtle impossible reflections; secondary environment cue: a terraced stone city beneath high aqueducts. Exactly one main character, face clear; rich painted material light and fine anime contours matching audited current cast; strong diagonal composition, warm focal light, cooler background depth; no text, logos, labels, UI or borders. Only depict the two visible concepts supernatural and fantasy. No robots, mechs, powered armour or cockpit. No katana or samurai clan costume. No ninja costume or covert-clan insignia.","Hidden affinity pirate is internal metadata only: do not name, draw or hint at it in public art or epithet. Secondary cues must remain within visible affinities.",cast/v3/cv3_mascot_015.webp,ART_EXPORTED_ASSET_QC_COMPLETE_ENGINE_REVIEW_PENDING,
cv3_mascot_016,Kuzu,The Foxbound Fable,pet,Mascot,shonen,"[""samurai"", ""fantasy""]",supernatural,"[""fantasy|samurai"", ""fantasy|supernatural"", ""samurai|supernatural""]","[""fantasy|samurai"", ""fantasy|supernatural"", ""samurai|supernatural""]","[""fantasy|samurai"", ""samurai|supernatural""]",fox cub companion connecting samurai and fantasy,"Counts steps to settle a racing mind. Expresses this through repeated animal behaviour, not spoken exposition.",female,fox cub,adult companion,Original animal companion in a Japanese-inspired fictional setting,"One expressive fox cub, slate and gold colour accents, oversized expressive eyes but detailed painted fur/feathers/materials",Natural readable fox cub anatomy; one small cloth collar or light satchel; no human hands or full human outfit,turning mid-step toward a distant sound,a feudal gatehouse with a windswept stone approach; secondary environment cue: a terraced stone city beneath high aqueducts,"One standalone square premium anime game portrait. Subject: One expressive fox cub, slate and gold colour accents, oversized expressive eyes but detailed painted fur/feathers/materials. Costume: Natural readable fox cub anatomy; one small cloth collar or light satchel; no human hands or full human outfit. Action: turning mid-step toward a distant sound. Setting: a feudal gatehouse with a windswept stone approach; secondary environment cue: a terraced stone city beneath high aqueducts. Exactly one main character, face clear; rich painted material light and fine anime contours matching audited current cast; strong diagonal composition, warm focal light, cooler background depth; no text, logos, labels, UI or borders. Only depict the two visible concepts samurai and fantasy. Show a sheathed or carefully controlled sword, haori/hakama or retainer cue appropriate to the subject; no generic ninja substitution. No robots, mechs, powered armour or cockpit. No ninja costume or covert-clan insignia.","Hidden affinity supernatural is internal metadata only: do not name, draw or hint at it in public art or epithet. Secondary cues must remain within visible affinities.",cast/v3/cv3_mascot_016.webp,ART_EXPORTED_ASSET_QC_COMPLETE_ENGINE_REVIEW_PENDING,
cv3_mascot_017,Cinder,The Iron Nightlight,pet,Mascot,shonen,"[""mecha"", ""horror""]",mythology,"[""horror|mecha"", ""horror|mythology"", ""mecha|mythology""]","[""horror|mecha"", ""horror|mythology"", ""mecha|mythology""]","[""horror|mecha"", ""horror|mythology"", ""mecha|mythology""]",robotic beetle companion connecting mecha and horror,"Trusts actions more than titles. Expresses this through repeated animal behaviour, not spoken exposition.",male,robotic beetle,adult companion,Original animal companion in a Japanese-inspired fictional setting,"One expressive robotic beetle, warm cinnamon colour accents, oversized expressive eyes but detailed painted fur/feathers/materials",Natural readable robotic beetle anatomy; one small utility harness; no human hands or full human outfit,leaping across a low ledge,an open cockpit with a large mech shoulder in the hangar beyond; secondary environment cue: an abandoned station with a single lit doorway,"One standalone square premium anime game portrait. Subject: One expressive robotic beetle, warm cinnamon colour accents, oversized expressive eyes but detailed painted fur/feathers/materials. Costume: Natural readable robotic beetle anatomy; one small utility harness; no human hands or full human outfit. Action: leaping across a low ledge. Setting: an open cockpit with a large mech shoulder in the hangar beyond; secondary environment cue: an abandoned station with a single lit doorway. Exactly one main character, face clear; rich painted material light and fine anime contours matching audited current cast; strong diagonal composition, warm focal light, cooler background depth; no text, logos, labels, UI or borders. Only depict the two visible concepts mecha and horror. Show unmistakable functional cockpit, mech shoulder or support rig; keep the character as the focus. No katana or samurai clan costume. No ninja costume or covert-clan insignia.","Hidden affinity mythology is internal metadata only: do not name, draw or hint at it in public art or epithet. Secondary cues must remain within visible affinities.",cast/v3/cv3_mascot_017.webp,ART_EXPORTED_ASSET_QC_COMPLETE_ENGINE_REVIEW_PENDING,
cv3_mascot_018,Brisk,The Deckside Dread,pet,Mascot,shonen,"[""pirate"", ""horror""]",military,"[""horror|military"", ""horror|pirate"", ""military|pirate""]","[""horror|military"", ""horror|pirate"", ""military|pirate""]","[""horror|military"", ""horror|pirate"", ""military|pirate""]",terrier companion connecting pirate and horror,"Makes room for a rival to change. Expresses this through repeated animal behaviour, not spoken exposition.",female,terrier,adult companion,Original animal companion in a Japanese-inspired fictional setting,"One expressive terrier, cream and charcoal colour accents, oversized expressive eyes but detailed painted fur/feathers/materials",Natural readable terrier anatomy; one small cloth collar or light satchel; no human hands or full human outfit,perching alertly with a cocked head,a working ship deck beside a busy harbour; secondary environment cue: an abandoned station with a single lit doorway,"One standalone square premium anime game portrait. Subject: One expressive terrier, cream and charcoal colour accents, oversized expressive eyes but detailed painted fur/feathers/materials. Costume: Natural readable terrier anatomy; one small cloth collar or light satchel; no human hands or full human outfit. Action: perching alertly with a cocked head. Setting: a working ship deck beside a busy harbour; secondary environment cue: an abandoned station with a single lit doorway. Exactly one main character, face clear; rich painted material light and fine anime contours matching audited current cast; strong diagonal composition, warm focal light, cooler background depth; no text, logos, labels, UI or borders. Only depict the two visible concepts pirate and horror. No robots, mechs, powered armour or cockpit. No katana or samurai clan costume. No ninja costume or covert-clan insignia.","Hidden affinity military is internal metadata only: do not name, draw or hint at it in public art or epithet. Secondary cues must remain within visible affinities.",cast/v3/cv3_mascot_018.webp,ART_EXPORTED_ASSET_QC_COMPLETE_ENGINE_REVIEW_PENDING,
cv3_mascot_019,Whisker,The Midnight Feather,pet,Mascot,shonen,"[""shinobi"", ""horror""]",mystery,"[""horror|mystery"", ""horror|shinobi"", ""mystery|shinobi""]","[""horror|mystery"", ""horror|shinobi"", ""mystery|shinobi""]","[""horror|mystery"", ""horror|shinobi"", ""mystery|shinobi""]",barn owl companion connecting shinobi and horror,"Keeps a repaired object as a reminder. Expresses this through repeated animal behaviour, not spoken exposition.",male,barn owl,adult companion,Original animal companion in a Japanese-inspired fictional setting,"One expressive barn owl, russet and ivory colour accents, oversized expressive eyes but detailed painted fur/feathers/materials",Natural readable barn owl anatomy; one small cloth collar or light satchel; no human hands or full human outfit,trotting toward the viewer,a tiled roof above a guarded archive at dusk; secondary environment cue: an abandoned station with a single lit doorway,"One standalone square premium anime game portrait. Subject: One expressive barn owl, russet and ivory colour accents, oversized expressive eyes but detailed painted fur/feathers/materials. Costume: Natural readable barn owl anatomy; one small cloth collar or light satchel; no human hands or full human outfit. Action: trotting toward the viewer. Setting: a tiled roof above a guarded archive at dusk; secondary environment cue: an abandoned station with a single lit doorway. Exactly one main character, face clear; rich painted material light and fine anime contours matching audited current cast; strong diagonal composition, warm focal light, cooler background depth; no text, logos, labels, UI or borders. Only depict the two visible concepts shinobi and horror. Show covert positioning, a cord/tool pouch or stealth route; no branded headband or franchise symbols. No robots, mechs, powered armour or cockpit. No katana or samurai clan costume.","Hidden affinity mystery is internal metadata only: do not name, draw or hint at it in public art or epithet. Secondary cues must remain within visible affinities.",cast/v3/cv3_mascot_019.webp,ART_EXPORTED_ASSET_QC_COMPLETE_ENGINE_REVIEW_PENDING,
cv3_mascot_020,Skipper,The Fleetfoot Stowaway,pet,Mascot,shonen,"[""pirate"", ""sports""]",horror,"[""horror|pirate"", ""horror|sports"", ""pirate|sports""]","[""horror|pirate"", ""horror|sports"", ""pirate|sports""]","[""horror|sports"", ""pirate|sports""]",raccoon companion connecting pirate and sports,"Asks permission even when in command. Expresses this through repeated animal behaviour, not spoken exposition.",female,raccoon,adult companion,Original animal companion in a Japanese-inspired fictional setting,"One expressive raccoon, slate and gold colour accents, oversized expressive eyes but detailed painted fur/feathers/materials",Natural readable raccoon anatomy; one small cloth collar or light satchel; no human hands or full human outfit,bracing tiny paws against the wind,a working ship deck beside a busy harbour; secondary environment cue: an empty athletics track at golden hour,"One standalone square premium anime game portrait. Subject: One expressive raccoon, slate and gold colour accents, oversized expressive eyes but detailed painted fur/feathers/materials. Costume: Natural readable raccoon anatomy; one small cloth collar or light satchel; no human hands or full human outfit. Action: bracing tiny paws against the wind. Setting: a working ship deck beside a busy harbour; secondary environment cue: an empty athletics track at golden hour. Exactly one main character, face clear; rich painted material light and fine anime contours matching audited current cast; strong diagonal composition, warm focal light, cooler background depth; no text, logos, labels, UI or borders. Only depict the two visible concepts pirate and sports. No robots, mechs, powered armour or cockpit. No katana or samurai clan costume. No ninja costume or covert-clan insignia.","Hidden affinity horror is internal metadata only: do not name, draw or hint at it in public art or epithet. Secondary cues must remain within visible affinities.",cast/v3/cv3_mascot_020.webp,ART_EXPORTED_ASSET_QC_COMPLETE_ENGINE_REVIEW_PENDING,
cv3_mascot_021,Trill,The Shanty Whistle,pet,Mascot,shonen,"[""pirate"", ""idol""]",isekai,"[""idol|isekai"", ""idol|pirate"", ""isekai|pirate""]","[""idol|isekai"", ""idol|pirate"", ""isekai|pirate""]","[""idol|isekai"", ""idol|pirate"", ""isekai|pirate""]",cockatiel companion connecting pirate and idol,"Hides worry behind meticulous preparation. Expresses this through repeated animal behaviour, not spoken exposition.",male,cockatiel,adult companion,Original animal companion in a Japanese-inspired fictional setting,"One expressive cockatiel, warm cinnamon colour accents, oversized expressive eyes but detailed painted fur/feathers/materials",Natural readable cockatiel anatomy; one small cloth collar or light satchel; no human hands or full human outfit,reaching curiously toward a harmless object,a working ship deck beside a busy harbour; secondary environment cue: a rehearsal stage with blurred amber footlights,"One standalone square premium anime game portrait. Subject: One expressive cockatiel, warm cinnamon colour accents, oversized expressive eyes but detailed painted fur/feathers/materials. Costume: Natural readable cockatiel anatomy; one small cloth collar or light satchel; no human hands or full human outfit. Action: reaching curiously toward a harmless object. Setting: a working ship deck beside a busy harbour; secondary environment cue: a rehearsal stage with blurred amber footlights. Exactly one main character, face clear; rich painted material light and fine anime contours matching audited current cast; strong diagonal composition, warm focal light, cooler background depth; no text, logos, labels, UI or borders. Only depict the two visible concepts pirate and idol. No robots, mechs, powered armour or cockpit. No katana or samurai clan costume. No ninja costume or covert-clan insignia.","Hidden affinity isekai is internal metadata only: do not name, draw or hint at it in public art or epithet. Secondary cues must remain within visible affinities.",cast/v3/cv3_mascot_021.webp,ART_EXPORTED_ASSET_QC_COMPLETE_ENGINE_REVIEW_PENDING,
cv3_mascot_022,Tempo,The Chrome Chorus,pet,Mascot,shonen,"[""mecha"", ""idol""]",martial,"[""idol|martial"", ""idol|mecha"", ""martial|mecha""]","[""idol|martial"", ""idol|mecha"", ""martial|mecha""]","[""idol|martial"", ""idol|mecha"", ""martial|mecha""]",robotic rabbit companion connecting mecha and idol,"Writes down the questions nobody answered. Expresses this through repeated animal behaviour, not spoken exposition.",female,robotic rabbit,adult companion,Original animal companion in a Japanese-inspired fictional setting,"One expressive robotic rabbit, cream and charcoal colour accents, oversized expressive eyes but detailed painted fur/feathers/materials",Natural readable robotic rabbit anatomy; one small utility harness; no human hands or full human outfit,balancing on a rail,an open cockpit with a large mech shoulder in the hangar beyond; secondary environment cue: a rehearsal stage with blurred amber footlights,"One standalone square premium anime game portrait. Subject: One expressive robotic rabbit, cream and charcoal colour accents, oversized expressive eyes but detailed painted fur/feathers/materials. Costume: Natural readable robotic rabbit anatomy; one small utility harness; no human hands or full human outfit. Action: balancing on a rail. Setting: an open cockpit with a large mech shoulder in the hangar beyond; secondary environment cue: a rehearsal stage with blurred amber footlights. Exactly one main character, face clear; rich painted material light and fine anime contours matching audited current cast; strong diagonal composition, warm focal light, cooler background depth; no text, logos, labels, UI or borders. Only depict the two visible concepts mecha and idol. Show unmistakable functional cockpit, mech shoulder or support rig; keep the character as the focus. No katana or samurai clan costume. No ninja costume or covert-clan insignia.","Hidden affinity martial is internal metadata only: do not name, draw or hint at it in public art or epithet. Secondary cues must remain within visible affinities.",cast/v3/cv3_mascot_022.webp,ART_EXPORTED_ASSET_QC_COMPLETE_ENGINE_REVIEW_PENDING,
cv3_mascot_023,Finch,The Everyday Oracle,pet,Mascot,shonen,"[""mythology"", ""slice""]",idol,"[""idol|mythology"", ""idol|slice"", ""mythology|slice""]","[""idol|mythology"", ""idol|slice"", ""mythology|slice""]","[""idol|mythology"", ""idol|slice""]",goldfinch companion connecting mythology and slice,"Finds courage in small routines. Expresses this through repeated animal behaviour, not spoken exposition.",male,goldfinch,adult companion,Original animal companion in a Japanese-inspired fictional setting,"One expressive goldfinch, russet and ivory colour accents, oversized expressive eyes but detailed painted fur/feathers/materials",Natural readable goldfinch anatomy; one small cloth collar or light satchel; no human hands or full human outfit,settling beside a small prop,a hilltop sanctuary with uninscribed stone reliefs; secondary environment cue: a sunlit neighbourhood courtyard,"One standalone square premium anime game portrait. Subject: One expressive goldfinch, russet and ivory colour accents, oversized expressive eyes but detailed painted fur/feathers/materials. Costume: Natural readable goldfinch anatomy; one small cloth collar or light satchel; no human hands or full human outfit. Action: settling beside a small prop. Setting: a hilltop sanctuary with uninscribed stone reliefs; secondary environment cue: a sunlit neighbourhood courtyard. Exactly one main character, face clear; rich painted material light and fine anime contours matching audited current cast; strong diagonal composition, warm focal light, cooler background depth; no text, logos, labels, UI or borders. Only depict the two visible concepts mythology and slice. No robots, mechs, powered armour or cockpit. No katana or samurai clan costume. No ninja costume or covert-clan insignia.","Hidden affinity idol is internal metadata only: do not name, draw or hint at it in public art or epithet. Secondary cues must remain within visible affinities.",cast/v3/cv3_mascot_023.webp,ART_EXPORTED_ASSET_QC_COMPLETE_ENGINE_REVIEW_PENDING,
cv3_mascot_024,Lilt,The Serenading Purr,pet,Mascot,shonen,"[""romance"", ""idol""]",nordic,"[""idol|nordic"", ""idol|romance"", ""nordic|romance""]","[""idol|nordic"", ""idol|romance"", ""nordic|romance""]","[""idol|nordic"", ""idol|romance"", ""nordic|romance""]",arctic fox companion connecting romance and idol,"Remembers the weather on important days. Expresses this through repeated animal behaviour, not spoken exposition.",female,arctic fox,adult companion,Original animal companion in a Japanese-inspired fictional setting,"One expressive arctic fox, slate and gold colour accents, oversized expressive eyes but detailed painted fur/feathers/materials",Natural readable arctic fox anatomy; one small cloth collar or light satchel; no human hands or full human outfit,turning mid-step toward a distant sound,a station garden in late afternoon; secondary environment cue: a rehearsal stage with blurred amber footlights,"One standalone square premium anime game portrait. Subject: One expressive arctic fox, slate and gold colour accents, oversized expressive eyes but detailed painted fur/feathers/materials. Costume: Natural readable arctic fox anatomy; one small cloth collar or light satchel; no human hands or full human outfit. Action: turning mid-step toward a distant sound. Setting: a station garden in late afternoon; secondary environment cue: a rehearsal stage with blurred amber footlights. Exactly one main character, face clear; rich painted material light and fine anime contours matching audited current cast; strong diagonal composition, warm focal light, cooler background depth; no text, logos, labels, UI or borders. Only depict the two visible concepts romance and idol. No robots, mechs, powered armour or cockpit. No katana or samurai clan costume. No ninja costume or covert-clan insignia.","Hidden affinity nordic is internal metadata only: do not name, draw or hint at it in public art or epithet. Secondary cues must remain within visible affinities.",cast/v3/cv3_mascot_024.webp,ART_EXPORTED_ASSET_QC_COMPLETE_ENGINE_REVIEW_PENDING,
cv3_mascot_025,Dapple,The Retainer's Ribbon,pet,Mascot,shonen,"[""samurai"", ""idol""]",sports,"[""idol|samurai"", ""idol|sports"", ""samurai|sports""]","[""idol|samurai"", ""idol|sports"", ""samurai|sports""]","[""idol|samurai"", ""idol|sports"", ""samurai|sports""]",calico kitten companion connecting samurai and idol,"Will cross a city to return a borrowed tool. Expresses this through repeated animal behaviour, not spoken exposition.",male,calico kitten,adult companion,Original animal companion in a Japanese-inspired fictional setting,"One expressive calico kitten, warm cinnamon colour accents, oversized expressive eyes but detailed painted fur/feathers/materials",Natural readable calico kitten anatomy; one small cloth collar or light satchel; no human hands or full human outfit,leaping across a low ledge,a feudal gatehouse with a windswept stone approach; secondary environment cue: a rehearsal stage with blurred amber footlights,"One standalone square premium anime game portrait. Subject: One expressive calico kitten, warm cinnamon colour accents, oversized expressive eyes but detailed painted fur/feathers/materials. Costume: Natural readable calico kitten anatomy; one small cloth collar or light satchel; no human hands or full human outfit. Action: leaping across a low ledge. Setting: a feudal gatehouse with a windswept stone approach; secondary environment cue: a rehearsal stage with blurred amber footlights. Exactly one main character, face clear; rich painted material light and fine anime contours matching audited current cast; strong diagonal composition, warm focal light, cooler background depth; no text, logos, labels, UI or borders. Only depict the two visible concepts samurai and idol. Show a sheathed or carefully controlled sword, haori/hakama or retainer cue appropriate to the subject; no generic ninja substitution. No robots, mechs, powered armour or cockpit. No ninja costume or covert-clan insignia.","Hidden affinity sports is internal metadata only: do not name, draw or hint at it in public art or epithet. Secondary cues must remain within visible affinities.",cast/v3/cv3_mascot_025.webp,ART_EXPORTED_ASSET_QC_COMPLETE_ENGINE_REVIEW_PENDING,
cv3_mascot_026,Comet,The Backstage Glider,pet,Mascot,shonen,"[""shinobi"", ""idol""]",space,"[""idol|shinobi"", ""idol|space"", ""shinobi|space""]","[""idol|shinobi"", ""idol|space"", ""shinobi|space""]","[""idol|shinobi"", ""idol|space"", ""shinobi|space""]",sugar glider companion connecting shinobi and idol,"Refuses to confuse obedience with loyalty. Expresses this through repeated animal behaviour, not spoken exposition.",female,sugar glider,adult companion,Original animal companion in a Japanese-inspired fictional setting,"One expressive sugar glider, cream and charcoal colour accents, oversized expressive eyes but detailed painted fur/feathers/materials",Natural readable sugar glider anatomy; one small cloth collar or light satchel; no human hands or full human outfit,perching alertly with a cocked head,a tiled roof above a guarded archive at dusk; secondary environment cue: a rehearsal stage with blurred amber footlights,"One standalone square premium anime game portrait. Subject: One expressive sugar glider, cream and charcoal colour accents, oversized expressive eyes but detailed painted fur/feathers/materials. Costume: Natural readable sugar glider anatomy; one small cloth collar or light satchel; no human hands or full human outfit. Action: perching alertly with a cocked head. Setting: a tiled roof above a guarded archive at dusk; secondary environment cue: a rehearsal stage with blurred amber footlights. Exactly one main character, face clear; rich painted material light and fine anime contours matching audited current cast; strong diagonal composition, warm focal light, cooler background depth; no text, logos, labels, UI or borders. Only depict the two visible concepts shinobi and idol. Show covert positioning, a cord/tool pouch or stealth route; no branded headband or franchise symbols. No robots, mechs, powered armour or cockpit. No katana or samurai clan costume.","Hidden affinity space is internal metadata only: do not name, draw or hint at it in public art or epithet. Secondary cues must remain within visible affinities.",cast/v3/cv3_mascot_026.webp,ART_EXPORTED_ASSET_QC_COMPLETE_ENGINE_REVIEW_PENDING,
cv3_mascot_027,Glimmer,The Otherworld Circuit,pet,Mascot,shojo,"[""mecha"", ""isekai""]",supernatural,"[""isekai|mecha"", ""isekai|supernatural"", ""mecha|supernatural""]","[""isekai|mecha"", ""isekai|supernatural"", ""mecha|supernatural""]","[""isekai|mecha"", ""isekai|supernatural"", ""mecha|supernatural""]",robotic moth companion connecting mecha and isekai,"Keeps every promise in a pocket ledger. Expresses this through repeated animal behaviour, not spoken exposition.",male,robotic moth,adult companion,Original animal companion in a Japanese-inspired fictional setting,"One expressive robotic moth, russet and ivory colour accents, oversized expressive eyes but detailed painted fur/feathers/materials",Natural readable robotic moth anatomy; one small utility harness; no human hands or full human outfit,trotting toward the viewer,an open cockpit with a large mech shoulder in the hangar beyond; secondary environment cue: a foreign city gate with a quiet portal far behind,"One standalone square premium anime game portrait. Subject: One expressive robotic moth, russet and ivory colour accents, oversized expressive eyes but detailed painted fur/feathers/materials. Costume: Natural readable robotic moth anatomy; one small utility harness; no human hands or full human outfit. Action: trotting toward the viewer. Setting: an open cockpit with a large mech shoulder in the hangar beyond; secondary environment cue: a foreign city gate with a quiet portal far behind. Exactly one main character, face clear; rich painted material light and fine anime contours matching audited current cast; strong diagonal composition, warm focal light, cooler background depth; no text, logos, labels, UI or borders. Only depict the two visible concepts mecha and isekai. Show unmistakable functional cockpit, mech shoulder or support rig; keep the character as the focus. No katana or samurai clan costume. No ninja costume or covert-clan insignia.","Hidden affinity supernatural is internal metadata only: do not name, draw or hint at it in public art or epithet. Secondary cues must remain within visible affinities.",cast/v3/cv3_mascot_027.webp,ART_EXPORTED_ASSET_QC_COMPLETE_ENGINE_REVIEW_PENDING,
cv3_mascot_028,Acorn,The Stranger's Standard,pet,Mascot,shojo,"[""isekai"", ""military""]",mythology,"[""isekai|military"", ""isekai|mythology"", ""military|mythology""]","[""isekai|military"", ""isekai|mythology"", ""military|mythology""]","[""isekai|military"", ""isekai|mythology"", ""military|mythology""]",chipmunk companion connecting isekai and military,"Repairs things while thinking through an apology. Expresses this through repeated animal behaviour, not spoken exposition.",female,chipmunk,adult companion,Original animal companion in a Japanese-inspired fictional setting,"One expressive chipmunk, slate and gold colour accents, oversized expressive eyes but detailed painted fur/feathers/materials",Natural readable chipmunk anatomy; one small cloth collar or light satchel; no human hands or full human outfit,bracing tiny paws against the wind,a foreign city gate with a quiet portal far behind; secondary environment cue: a floodlit logistics yard with supply vehicles,"One standalone square premium anime game portrait. Subject: One expressive chipmunk, slate and gold colour accents, oversized expressive eyes but detailed painted fur/feathers/materials. Costume: Natural readable chipmunk anatomy; one small cloth collar or light satchel; no human hands or full human outfit. Action: bracing tiny paws against the wind. Setting: a foreign city gate with a quiet portal far behind; secondary environment cue: a floodlit logistics yard with supply vehicles. Exactly one main character, face clear; rich painted material light and fine anime contours matching audited current cast; strong diagonal composition, warm focal light, cooler background depth; no text, logos, labels, UI or borders. Only depict the two visible concepts isekai and military. No robots, mechs, powered armour or cockpit. No katana or samurai clan costume. No ninja costume or covert-clan insignia.","Hidden affinity mythology is internal metadata only: do not name, draw or hint at it in public art or epithet. Secondary cues must remain within visible affinities.",cast/v3/cv3_mascot_028.webp,ART_EXPORTED_ASSET_QC_COMPLETE_ENGINE_REVIEW_PENDING,
cv3_mascot_029,Button,The Teatime Detective,pet,Mascot,shojo,"[""mystery"", ""slice""]",isekai,"[""isekai|mystery"", ""isekai|slice"", ""mystery|slice""]","[""isekai|mystery"", ""isekai|slice"", ""mystery|slice""]","[""isekai|mystery"", ""isekai|slice"", ""mystery|slice""]",guinea pig companion connecting mystery and slice,"Asks the quietest person for their view first. Expresses this through repeated animal behaviour, not spoken exposition.",male,guinea pig,adult companion,Original animal companion in a Japanese-inspired fictional setting,"One expressive guinea pig, warm cinnamon colour accents, oversized expressive eyes but detailed painted fur/feathers/materials",Natural readable guinea pig anatomy; one small cloth collar or light satchel; no human hands or full human outfit,reaching curiously toward a harmless object,a rainlit archive doorway; secondary environment cue: a sunlit neighbourhood courtyard,"One standalone square premium anime game portrait. Subject: One expressive guinea pig, warm cinnamon colour accents, oversized expressive eyes but detailed painted fur/feathers/materials. Costume: Natural readable guinea pig anatomy; one small cloth collar or light satchel; no human hands or full human outfit. Action: reaching curiously toward a harmless object. Setting: a rainlit archive doorway; secondary environment cue: a sunlit neighbourhood courtyard. Exactly one main character, face clear; rich painted material light and fine anime contours matching audited current cast; strong diagonal composition, warm focal light, cooler background depth; no text, logos, labels, UI or borders. Only depict the two visible concepts mystery and slice. No robots, mechs, powered armour or cockpit. No katana or samurai clan costume. No ninja costume or covert-clan insignia.","Hidden affinity isekai is internal metadata only: do not name, draw or hint at it in public art or epithet. Secondary cues must remain within visible affinities.",cast/v3/cv3_mascot_029.webp,ART_EXPORTED_ASSET_QC_COMPLETE_ENGINE_REVIEW_PENDING,
cv3_mascot_030,Flicker,The Threshold Hopper,pet,Mascot,shojo,"[""shinobi"", ""isekai""]",sports,"[""isekai|shinobi"", ""isekai|sports"", ""shinobi|sports""]","[""isekai|shinobi"", ""isekai|sports"", ""shinobi|sports""]","[""isekai|shinobi"", ""isekai|sports"", ""shinobi|sports""]",hare companion connecting shinobi and isekai,"Practises difficult conversations before dawn. Expresses this through repeated animal behaviour, not spoken exposition.",female,hare,adult companion,Original animal companion in a Japanese-inspired fictional setting,"One expressive hare, cream and charcoal colour accents, oversized expressive eyes but detailed painted fur/feathers/materials",Natural readable hare anatomy; one small cloth collar or light satchel; no human hands or full human outfit,balancing on a rail,a tiled roof above a guarded archive at dusk; secondary environment cue: a foreign city gate with a quiet portal far behind,"One standalone square premium anime game portrait. Subject: One expressive hare, cream and charcoal colour accents, oversized expressive eyes but detailed painted fur/feathers/materials. Costume: Natural readable hare anatomy; one small cloth collar or light satchel; no human hands or full human outfit. Action: balancing on a rail. Setting: a tiled roof above a guarded archive at dusk; secondary environment cue: a foreign city gate with a quiet portal far behind. Exactly one main character, face clear; rich painted material light and fine anime contours matching audited current cast; strong diagonal composition, warm focal light, cooler background depth; no text, logos, labels, UI or borders. Only depict the two visible concepts shinobi and isekai. Show covert positioning, a cord/tool pouch or stealth route; no branded headband or franchise symbols. No robots, mechs, powered armour or cockpit. No katana or samurai clan costume.","Hidden affinity sports is internal metadata only: do not name, draw or hint at it in public art or epithet. Secondary cues must remain within visible affinities.",cast/v3/cv3_mascot_030.webp,ART_EXPORTED_ASSET_QC_COMPLETE_ENGINE_REVIEW_PENDING,
cv3_mascot_031,Quasar,The Starward Waddle,pet,Mascot,shojo,"[""isekai"", ""space""]",sports,"[""isekai|space"", ""isekai|sports"", ""space|sports""]","[""isekai|space"", ""isekai|sports"", ""space|sports""]","[""isekai|space"", ""space|sports""]",puffin companion connecting isekai and space,"Remembers kindness longer than insults. Expresses this through repeated animal behaviour, not spoken exposition.",male,puffin,adult companion,Original animal companion in a Japanese-inspired fictional setting,"One expressive puffin, russet and ivory colour accents, oversized expressive eyes but detailed painted fur/feathers/materials",Natural readable puffin anatomy; one small cloth collar or light satchel; no human hands or full human outfit,settling beside a small prop,a foreign city gate with a quiet portal far behind; secondary environment cue: a station observation deck overlooking a planet,"One standalone square premium anime game portrait. Subject: One expressive puffin, russet and ivory colour accents, oversized expressive eyes but detailed painted fur/feathers/materials. Costume: Natural readable puffin anatomy; one small cloth collar or light satchel; no human hands or full human outfit. Action: settling beside a small prop. Setting: a foreign city gate with a quiet portal far behind; secondary environment cue: a station observation deck overlooking a planet. Exactly one main character, face clear; rich painted material light and fine anime contours matching audited current cast; strong diagonal composition, warm focal light, cooler background depth; no text, logos, labels, UI or borders. Only depict the two visible concepts isekai and space. No robots, mechs, powered armour or cockpit. No katana or samurai clan costume. No ninja costume or covert-clan insignia.","Hidden affinity sports is internal metadata only: do not name, draw or hint at it in public art or epithet. Secondary cues must remain within visible affinities.",cast/v3/cv3_mascot_031.webp,ART_EXPORTED_ASSET_QC_COMPLETE_ENGINE_REVIEW_PENDING,
cv3_mascot_032,Ribbon,The Tiny Contender,pet,Mascot,shojo,"[""martial"", ""sports""]",magical,"[""magical|martial"", ""magical|sports"", ""martial|sports""]","[""magical|martial"", ""magical|sports"", ""martial|sports""]","[""magical|martial"", ""magical|sports"", ""martial|sports""]",ribbon-tailed squirrel companion connecting martial and sports,"Cannot resist improving a badly made plan. Expresses this through repeated animal behaviour, not spoken exposition.",female,ribbon-tailed squirrel,adult companion,Original animal companion in a Japanese-inspired fictional setting,"One expressive ribbon-tailed squirrel, slate and gold colour accents, oversized expressive eyes but detailed painted fur/feathers/materials",Natural readable ribbon-tailed squirrel anatomy; one small cloth collar or light satchel; no human hands or full human outfit,turning mid-step toward a distant sound,a timber-floored training hall; secondary environment cue: an empty athletics track at golden hour,"One standalone square premium anime game portrait. Subject: One expressive ribbon-tailed squirrel, slate and gold colour accents, oversized expressive eyes but detailed painted fur/feathers/materials. Costume: Natural readable ribbon-tailed squirrel anatomy; one small cloth collar or light satchel; no human hands or full human outfit. Action: turning mid-step toward a distant sound. Setting: a timber-floored training hall; secondary environment cue: an empty athletics track at golden hour. Exactly one main character, face clear; rich painted material light and fine anime contours matching audited current cast; strong diagonal composition, warm focal light, cooler background depth; no text, logos, labels, UI or borders. Only depict the two visible concepts martial and sports. No robots, mechs, powered armour or cockpit. No katana or samurai clan costume. No ninja costume or covert-clan insignia.","Hidden affinity magical is internal metadata only: do not name, draw or hint at it in public art or epithet. Secondary cues must remain within visible affinities.",cast/v3/cv3_mascot_032.webp,ART_EXPORTED_ASSET_QC_COMPLETE_ENGINE_REVIEW_PENDING,
cv3_mascot_033,Wisp,The Wishing Wing,pet,Mascot,shojo,"[""samurai"", ""magical""]",mystery,"[""magical|mystery"", ""magical|samurai"", ""mystery|samurai""]","[""magical|mystery"", ""magical|samurai"", ""mystery|samurai""]","[""magical|mystery"", ""magical|samurai"", ""mystery|samurai""]",little owl companion connecting samurai and magical,"Laughs when nervous, then does the difficult thing. Expresses this through repeated animal behaviour, not spoken exposition.",male,little owl,adult companion,Original animal companion in a Japanese-inspired fictional setting,"One expressive little owl, warm cinnamon colour accents, oversized expressive eyes but detailed painted fur/feathers/materials",Natural readable little owl anatomy; one small cloth collar or light satchel; no human hands or full human outfit,leaping across a low ledge,a feudal gatehouse with a windswept stone approach; secondary environment cue: a twilight plaza with a controlled halo of light,"One standalone square premium anime game portrait. Subject: One expressive little owl, warm cinnamon colour accents, oversized expressive eyes but detailed painted fur/feathers/materials. Costume: Natural readable little owl anatomy; one small cloth collar or light satchel; no human hands or full human outfit. Action: leaping across a low ledge. Setting: a feudal gatehouse with a windswept stone approach; secondary environment cue: a twilight plaza with a controlled halo of light. Exactly one main character, face clear; rich painted material light and fine anime contours matching audited current cast; strong diagonal composition, warm focal light, cooler background depth; no text, logos, labels, UI or borders. Only depict the two visible concepts samurai and magical. Show a sheathed or carefully controlled sword, haori/hakama or retainer cue appropriate to the subject; no generic ninja substitution. No robots, mechs, powered armour or cockpit. No ninja costume or covert-clan insignia.","Hidden affinity mystery is internal metadata only: do not name, draw or hint at it in public art or epithet. Secondary cues must remain within visible affinities.",cast/v3/cv3_mascot_033.webp,ART_EXPORTED_ASSET_QC_COMPLETE_ENGINE_REVIEW_PENDING,
cv3_mascot_034,Juniper,The Secret Spark,pet,Mascot,shojo,"[""shinobi"", ""magical""]",nordic,"[""magical|nordic"", ""magical|shinobi"", ""nordic|shinobi""]","[""magical|nordic"", ""magical|shinobi"", ""nordic|shinobi""]","[""magical|nordic"", ""magical|shinobi"", ""nordic|shinobi""]",ermine companion connecting shinobi and magical,"Collects small gifts for people far from home. Expresses this through repeated animal behaviour, not spoken exposition.",female,ermine,adult companion,Original animal companion in a Japanese-inspired fictional setting,"One expressive ermine, cream and charcoal colour accents, oversized expressive eyes but detailed painted fur/feathers/materials",Natural readable ermine anatomy; one small cloth collar or light satchel; no human hands or full human outfit,perching alertly with a cocked head,a tiled roof above a guarded archive at dusk; secondary environment cue: a twilight plaza with a controlled halo of light,"One standalone square premium anime game portrait. Subject: One expressive ermine, cream and charcoal colour accents, oversized expressive eyes but detailed painted fur/feathers/materials. Costume: Natural readable ermine anatomy; one small cloth collar or light satchel; no human hands or full human outfit. Action: perching alertly with a cocked head. Setting: a tiled roof above a guarded archive at dusk; secondary environment cue: a twilight plaza with a controlled halo of light. Exactly one main character, face clear; rich painted material light and fine anime contours matching audited current cast; strong diagonal composition, warm focal light, cooler background depth; no text, logos, labels, UI or borders. Only depict the two visible concepts shinobi and magical. Show covert positioning, a cord/tool pouch or stealth route; no branded headband or franchise symbols. No robots, mechs, powered armour or cockpit. No katana or samurai clan costume.","Hidden affinity nordic is internal metadata only: do not name, draw or hint at it in public art or epithet. Secondary cues must remain within visible affinities.",cast/v3/cv3_mascot_034.webp,ART_EXPORTED_ASSET_QC_COMPLETE_ENGINE_REVIEW_PENDING,
cv3_mascot_035,Flint,The Silent Sparring Paw,pet,Mascot,shojo,"[""shinobi"", ""martial""]",military,"[""martial|military"", ""martial|shinobi"", ""military|shinobi""]","[""martial|military"", ""martial|shinobi"", ""military|shinobi""]","[""martial|military"", ""martial|shinobi"", ""military|shinobi""]",mongoose companion connecting shinobi and martial,"Refuses credit until the whole team is named. Expresses this through repeated animal behaviour, not spoken exposition.",male,mongoose,adult companion,Original animal companion in a Japanese-inspired fictional setting,"One expressive mongoose, russet and ivory colour accents, oversized expressive eyes but detailed painted fur/feathers/materials",Natural readable mongoose anatomy; one small cloth collar or light satchel; no human hands or full human outfit,trotting toward the viewer,a tiled roof above a guarded archive at dusk; secondary environment cue: a timber-floored training hall,"One standalone square premium anime game portrait. Subject: One expressive mongoose, russet and ivory colour accents, oversized expressive eyes but detailed painted fur/feathers/materials. Costume: Natural readable mongoose anatomy; one small cloth collar or light satchel; no human hands or full human outfit. Action: trotting toward the viewer. Setting: a tiled roof above a guarded archive at dusk; secondary environment cue: a timber-floored training hall. Exactly one main character, face clear; rich painted material light and fine anime contours matching audited current cast; strong diagonal composition, warm focal light, cooler background depth; no text, logos, labels, UI or borders. Only depict the two visible concepts shinobi and martial. Show covert positioning, a cord/tool pouch or stealth route; no branded headband or franchise symbols. No robots, mechs, powered armour or cockpit. No katana or samurai clan costume.","Hidden affinity military is internal metadata only: do not name, draw or hint at it in public art or epithet. Secondary cues must remain within visible affinities.",cast/v3/cv3_mascot_035.webp,ART_EXPORTED_ASSET_QC_COMPLETE_ENGINE_REVIEW_PENDING,
cv3_mascot_036,Orbit,The Zero-Gravity Hop,pet,Mascot,shojo,"[""space"", ""martial""]",mystery,"[""martial|mystery"", ""martial|space"", ""mystery|space""]","[""martial|mystery"", ""martial|space"", ""mystery|space""]","[""martial|mystery"", ""martial|space"", ""mystery|space""]",jerboa companion connecting space and martial,"Takes enormous care with other people’s belongings. Expresses this through repeated animal behaviour, not spoken exposition.",female,jerboa,adult companion,Original animal companion in a Japanese-inspired fictional setting,"One expressive jerboa, slate and gold colour accents, oversized expressive eyes but detailed painted fur/feathers/materials",Natural readable jerboa anatomy; one small utility harness; no human hands or full human outfit,bracing tiny paws against the wind,a station observation deck overlooking a planet; secondary environment cue: a timber-floored training hall,"One standalone square premium anime game portrait. Subject: One expressive jerboa, slate and gold colour accents, oversized expressive eyes but detailed painted fur/feathers/materials. Costume: Natural readable jerboa anatomy; one small utility harness; no human hands or full human outfit. Action: bracing tiny paws against the wind. Setting: a station observation deck overlooking a planet; secondary environment cue: a timber-floored training hall. Exactly one main character, face clear; rich painted material light and fine anime contours matching audited current cast; strong diagonal composition, warm focal light, cooler background depth; no text, logos, labels, UI or borders. Only depict the two visible concepts space and martial. No robots, mechs, powered armour or cockpit. No katana or samurai clan costume. No ninja costume or covert-clan insignia.","Hidden affinity mystery is internal metadata only: do not name, draw or hint at it in public art or epithet. Secondary cues must remain within visible affinities.",cast/v3/cv3_mascot_036.webp,ART_EXPORTED_ASSET_QC_COMPLETE_ENGINE_REVIEW_PENDING,
cv3_mascot_037,Reed,The Dojo Mouse,pet,Mascot,shojo,"[""samurai"", ""martial""]",slice,"[""martial|samurai"", ""martial|slice"", ""samurai|slice""]","[""martial|samurai"", ""martial|slice"", ""samurai|slice""]","[""martial|samurai"", ""martial|slice"", ""samurai|slice""]",field mouse companion connecting samurai and martial,"Turns every failure into a new rehearsal. Expresses this through repeated animal behaviour, not spoken exposition.",male,field mouse,adult companion,Original animal companion in a Japanese-inspired fictional setting,"One expressive field mouse, warm cinnamon colour accents, oversized expressive eyes but detailed painted fur/feathers/materials",Natural readable field mouse anatomy; one small cloth collar or light satchel; no human hands or full human outfit,reaching curiously toward a harmless object,a feudal gatehouse with a windswept stone approach; secondary environment cue: a timber-floored training hall,"One standalone square premium anime game portrait. Subject: One expressive field mouse, warm cinnamon colour accents, oversized expressive eyes but detailed painted fur/feathers/materials. Costume: Natural readable field mouse anatomy; one small cloth collar or light satchel; no human hands or full human outfit. Action: reaching curiously toward a harmless object. Setting: a feudal gatehouse with a windswept stone approach; secondary environment cue: a timber-floored training hall. Exactly one main character, face clear; rich painted material light and fine anime contours matching audited current cast; strong diagonal composition, warm focal light, cooler background depth; no text, logos, labels, UI or borders. Only depict the two visible concepts samurai and martial. Show a sheathed or carefully controlled sword, haori/hakama or retainer cue appropriate to the subject; no generic ninja substitution. No robots, mechs, powered armour or cockpit. No ninja costume or covert-clan insignia.","Hidden affinity slice is internal metadata only: do not name, draw or hint at it in public art or epithet. Secondary cues must remain within visible affinities.",cast/v3/cv3_mascot_037.webp,ART_EXPORTED_ASSET_QC_COMPLETE_ENGINE_REVIEW_PENDING,
cv3_mascot_038,Rivet,The Steel Scout,pet,Mascot,shojo,"[""mecha"", ""military""]",nordic,"[""mecha|military"", ""mecha|nordic"", ""military|nordic""]","[""mecha|military"", ""mecha|nordic"", ""military|nordic""]","[""mecha|military"", ""mecha|nordic"", ""military|nordic""]",robotic seal companion connecting mecha and military,"Needs solitude after appearing fearless. Expresses this through repeated animal behaviour, not spoken exposition.",female,robotic seal,adult companion,Original animal companion in a Japanese-inspired fictional setting,"One expressive robotic seal, cream and charcoal colour accents, oversized expressive eyes but detailed painted fur/feathers/materials",Natural readable robotic seal anatomy; one small utility harness; no human hands or full human outfit,balancing on a rail,an open cockpit with a large mech shoulder in the hangar beyond; secondary environment cue: a floodlit logistics yard with supply vehicles,"One standalone square premium anime game portrait. Subject: One expressive robotic seal, cream and charcoal colour accents, oversized expressive eyes but detailed painted fur/feathers/materials. Costume: Natural readable robotic seal anatomy; one small utility harness; no human hands or full human outfit. Action: balancing on a rail. Setting: an open cockpit with a large mech shoulder in the hangar beyond; secondary environment cue: a floodlit logistics yard with supply vehicles. Exactly one main character, face clear; rich painted material light and fine anime contours matching audited current cast; strong diagonal composition, warm focal light, cooler background depth; no text, logos, labels, UI or borders. Only depict the two visible concepts mecha and military. Show unmistakable functional cockpit, mech shoulder or support rig; keep the character as the focus. No katana or samurai clan costume. No ninja costume or covert-clan insignia.","Hidden affinity nordic is internal metadata only: do not name, draw or hint at it in public art or epithet. Secondary cues must remain within visible affinities.",cast/v3/cv3_mascot_038.webp,ART_EXPORTED_ASSET_QC_COMPLETE_ENGINE_REVIEW_PENDING,
cv3_mascot_039,Peony,The Armoured Feather,pet,Mascot,shojo,"[""mecha"", ""samurai""]",romance,"[""mecha|romance"", ""mecha|samurai"", ""romance|samurai""]","[""mecha|romance"", ""mecha|samurai"", ""romance|samurai""]","[""mecha|romance"", ""mecha|samurai"", ""romance|samurai""]",robotic dove companion connecting mecha and samurai,"Shares food before sharing a secret. Expresses this through repeated animal behaviour, not spoken exposition.",male,robotic dove,adult companion,Original animal companion in a Japanese-inspired fictional setting,"One expressive robotic dove, russet and ivory colour accents, oversized expressive eyes but detailed painted fur/feathers/materials",Natural readable robotic dove anatomy; one small utility harness; no human hands or full human outfit,settling beside a small prop,an open cockpit with a large mech shoulder in the hangar beyond; secondary environment cue: a feudal gatehouse with a windswept stone approach,"One standalone square premium anime game portrait. Subject: One expressive robotic dove, russet and ivory colour accents, oversized expressive eyes but detailed painted fur/feathers/materials. Costume: Natural readable robotic dove anatomy; one small utility harness; no human hands or full human outfit. Action: settling beside a small prop. Setting: an open cockpit with a large mech shoulder in the hangar beyond; secondary environment cue: a feudal gatehouse with a windswept stone approach. Exactly one main character, face clear; rich painted material light and fine anime contours matching audited current cast; strong diagonal composition, warm focal light, cooler background depth; no text, logos, labels, UI or borders. Only depict the two visible concepts mecha and samurai. Show unmistakable functional cockpit, mech shoulder or support rig; keep the character as the focus. Show a sheathed or carefully controlled sword, haori/hakama or retainer cue appropriate to the subject; no generic ninja substitution. No ninja costume or covert-clan insignia.","Hidden affinity romance is internal metadata only: do not name, draw or hint at it in public art or epithet. Secondary cues must remain within visible affinities.",cast/v3/cv3_mascot_039.webp,ART_EXPORTED_ASSET_QC_COMPLETE_ENGINE_REVIEW_PENDING,
cv3_mascot_040,Gauge,The Covert Coil,pet,Mascot,shojo,"[""mecha"", ""shinobi""]",survival,"[""mecha|shinobi"", ""mecha|survival"", ""shinobi|survival""]","[""mecha|shinobi"", ""mecha|survival"", ""shinobi|survival""]","[""mecha|shinobi"", ""mecha|survival"", ""shinobi|survival""]",robotic pangolin companion connecting mecha and shinobi,"Notices the missing chair before the guest arrives. Expresses this through repeated animal behaviour, not spoken exposition.",female,robotic pangolin,adult companion,Original animal companion in a Japanese-inspired fictional setting,"One expressive robotic pangolin, slate and gold colour accents, oversized expressive eyes but detailed painted fur/feathers/materials",Natural readable robotic pangolin anatomy; one small utility harness; no human hands or full human outfit,turning mid-step toward a distant sound,an open cockpit with a large mech shoulder in the hangar beyond; secondary environment cue: a tiled roof above a guarded archive at dusk,"One standalone square premium anime game portrait. Subject: One expressive robotic pangolin, slate and gold colour accents, oversized expressive eyes but detailed painted fur/feathers/materials. Costume: Natural readable robotic pangolin anatomy; one small utility harness; no human hands or full human outfit. Action: turning mid-step toward a distant sound. Setting: an open cockpit with a large mech shoulder in the hangar beyond; secondary environment cue: a tiled roof above a guarded archive at dusk. Exactly one main character, face clear; rich painted material light and fine anime contours matching audited current cast; strong diagonal composition, warm focal light, cooler background depth; no text, logos, labels, UI or borders. Only depict the two visible concepts mecha and shinobi. Show unmistakable functional cockpit, mech shoulder or support rig; keep the character as the focus. Show covert positioning, a cord/tool pouch or stealth route; no branded headband or franchise symbols. No katana or samurai clan costume.","Hidden affinity survival is internal metadata only: do not name, draw or hint at it in public art or epithet. Secondary cues must remain within visible affinities.",cast/v3/cv3_mascot_040.webp,ART_EXPORTED_ASSET_QC_COMPLETE_ENGINE_REVIEW_PENDING,
cv3_mascot_041,Cairn,The Snowbound Clue,pet,Mascot,shojo,"[""mystery"", ""nordic""]",military,"[""military|mystery"", ""military|nordic"", ""mystery|nordic""]","[""military|mystery"", ""military|nordic"", ""mystery|nordic""]","[""military|mystery"", ""mystery|nordic""]",snow bunting companion connecting mystery and nordic,"Always prepares a way back. Expresses this through repeated animal behaviour, not spoken exposition.",male,small tawny owl,adult companion,"Fictional northern coastal community with Japanese diaspora; grounded maritime clothing, no automatic fantasy motifs","One expressive snow bunting, warm cinnamon colour accents, oversized expressive eyes but detailed painted fur/feathers/materials",Natural readable snow bunting anatomy; one small cloth collar or light satchel; no human hands or full human outfit,leaping across a low ledge,a rainlit archive doorway; secondary environment cue: a working northern harbour under cold daylight,"One standalone square premium anime game portrait. Subject: One expressive snow bunting, warm cinnamon colour accents, oversized expressive eyes but detailed painted fur/feathers/materials. Costume: Natural readable snow bunting anatomy; one small cloth collar or light satchel; no human hands or full human outfit. Action: leaping across a low ledge. Setting: a rainlit archive doorway; secondary environment cue: a working northern harbour under cold daylight. Exactly one main character, face clear; rich painted material light and fine anime contours matching audited current cast; strong diagonal composition, warm focal light, cooler background depth; no text, logos, labels, UI or borders. Only depict the two visible concepts mystery and nordic. Northern maritime realism; no horned helmets, rune magic or automatic Viking costume. No robots, mechs, powered armour or cockpit. No katana or samurai clan costume. No ninja costume or covert-clan insignia.","Hidden affinity military is internal metadata only: do not name, draw or hint at it in public art or epithet. Secondary cues must remain within visible affinities.",cast/v3/cv3_mascot_041.webp,ART_EXPORTED_ASSET_QC_COMPLETE_ENGINE_REVIEW_PENDING,"Generated painting reads as small tawny owl, rather than original snow bunting; final new-character species aligned to painting. Original portrait prompt retained as generation history. IDs, affinities and coverage unchanged."
cv3_mascot_042,Fable,The Clan's Shell,pet,Mascot,shojo,"[""samurai"", ""military""]",space,"[""military|samurai"", ""military|space"", ""samurai|space""]","[""military|samurai"", ""military|space"", ""samurai|space""]","[""military|samurai"", ""military|space"", ""samurai|space""]",tortoise companion connecting samurai and military,"Counts steps to settle a racing mind. Expresses this through repeated animal behaviour, not spoken exposition.",female,tortoise,adult companion,Original animal companion in a Japanese-inspired fictional setting,"One expressive tortoise, cream and charcoal colour accents, oversized expressive eyes but detailed painted fur/feathers/materials",Natural readable tortoise anatomy; one small cloth collar or light satchel; no human hands or full human outfit,perching alertly with a cocked head,a feudal gatehouse with a windswept stone approach; secondary environment cue: a floodlit logistics yard with supply vehicles,"One standalone square premium anime game portrait. Subject: One expressive tortoise, cream and charcoal colour accents, oversized expressive eyes but detailed painted fur/feathers/materials. Costume: Natural readable tortoise anatomy; one small cloth collar or light satchel; no human hands or full human outfit. Action: perching alertly with a cocked head. Setting: a feudal gatehouse with a windswept stone approach; secondary environment cue: a floodlit logistics yard with supply vehicles. Exactly one main character, face clear; rich painted material light and fine anime contours matching audited current cast; strong diagonal composition, warm focal light, cooler background depth; no text, logos, labels, UI or borders. Only depict the two visible concepts samurai and military. Show a sheathed or carefully controlled sword, haori/hakama or retainer cue appropriate to the subject; no generic ninja substitution. No robots, mechs, powered armour or cockpit. No ninja costume or covert-clan insignia.","Hidden affinity space is internal metadata only: do not name, draw or hint at it in public art or epithet. Secondary cues must remain within visible affinities.",cast/v3/cv3_mascot_042.webp,ART_EXPORTED_ASSET_QC_COMPLETE_ENGINE_REVIEW_PENDING,
cv3_mascot_043,Aureole,The Heart's Myth,pet,Mascot,shojo,"[""mythology"", ""romance""]",space,"[""mythology|romance"", ""mythology|space"", ""romance|space""]","[""mythology|romance"", ""mythology|space"", ""romance|space""]","[""mythology|romance"", ""mythology|space"", ""romance|space""]",flying fish companion connecting mythology and romance,"Trusts actions more than titles. Expresses this through repeated animal behaviour, not spoken exposition.",male,mythic winged koi,adult companion,Original animal companion in a Japanese-inspired fictional setting,"One expressive flying fish, russet and ivory colour accents, oversized expressive eyes but detailed painted fur/feathers/materials",Natural readable flying fish anatomy; one small cloth collar or light satchel; no human hands or full human outfit,trotting toward the viewer,a hilltop sanctuary with uninscribed stone reliefs; secondary environment cue: a station garden in late afternoon,"One standalone square premium anime game portrait. Subject: One expressive flying fish, russet and ivory colour accents, oversized expressive eyes but detailed painted fur/feathers/materials. Costume: Natural readable flying fish anatomy; one small cloth collar or light satchel; no human hands or full human outfit. Action: trotting toward the viewer. Setting: a hilltop sanctuary with uninscribed stone reliefs; secondary environment cue: a station garden in late afternoon. Exactly one main character, face clear; rich painted material light and fine anime contours matching audited current cast; strong diagonal composition, warm focal light, cooler background depth; no text, logos, labels, UI or borders. Only depict the two visible concepts mythology and romance. No robots, mechs, powered armour or cockpit. No katana or samurai clan costume. No ninja costume or covert-clan insignia.","Hidden affinity space is internal metadata only: do not name, draw or hint at it in public art or epithet. Secondary cues must remain within visible affinities.",cast/v3/cv3_mascot_043.webp,ART_EXPORTED_ASSET_QC_COMPLETE_ENGINE_REVIEW_PENDING,"Generated painting reads as mythic winged koi, rather than original flying fish; final new-character species aligned to painting. Original portrait prompt retained as generation history. IDs, affinities and coverage unchanged."
cv3_mascot_044,Thistle,The Horned Retainer,pet,Mascot,shojo,"[""samurai"", ""mythology""]",survival,"[""mythology|samurai"", ""mythology|survival"", ""samurai|survival""]","[""mythology|samurai"", ""mythology|survival"", ""samurai|survival""]","[""mythology|samurai"", ""mythology|survival"", ""samurai|survival""]",ibex kid companion connecting samurai and mythology,"Makes room for a rival to change. Expresses this through repeated animal behaviour, not spoken exposition.",female,ibex kid,adult companion,Original animal companion in a Japanese-inspired fictional setting,"One expressive ibex kid, slate and gold colour accents, oversized expressive eyes but detailed painted fur/feathers/materials",Natural readable ibex kid anatomy; one small cloth collar or light satchel; no human hands or full human outfit,bracing tiny paws against the wind,a feudal gatehouse with a windswept stone approach; secondary environment cue: a hilltop sanctuary with uninscribed stone reliefs,"One standalone square premium anime game portrait. Subject: One expressive ibex kid, slate and gold colour accents, oversized expressive eyes but detailed painted fur/feathers/materials. Costume: Natural readable ibex kid anatomy; one small cloth collar or light satchel; no human hands or full human outfit. Action: bracing tiny paws against the wind. Setting: a feudal gatehouse with a windswept stone approach; secondary environment cue: a hilltop sanctuary with uninscribed stone reliefs. Exactly one main character, face clear; rich painted material light and fine anime contours matching audited current cast; strong diagonal composition, warm focal light, cooler background depth; no text, logos, labels, UI or borders. Only depict the two visible concepts samurai and mythology. Show a sheathed or carefully controlled sword, haori/hakama or retainer cue appropriate to the subject; no generic ninja substitution. No robots, mechs, powered armour or cockpit. No ninja costume or covert-clan insignia.","Hidden affinity survival is internal metadata only: do not name, draw or hint at it in public art or epithet. Secondary cues must remain within visible affinities.",cast/v3/cv3_mascot_044.webp,ART_EXPORTED_ASSET_QC_COMPLETE_ENGINE_REVIEW_PENDING,
cv3_mascot_045,Shimmer,The Legendary Nightwatch,pet,Mascot,shojo,"[""shinobi"", ""mythology""]",supernatural,"[""mythology|shinobi"", ""mythology|supernatural"", ""shinobi|supernatural""]","[""mythology|shinobi"", ""mythology|supernatural"", ""shinobi|supernatural""]","[""mythology|shinobi"", ""mythology|supernatural"", ""shinobi|supernatural""]",nightjar companion connecting shinobi and mythology,"Keeps a repaired object as a reminder. Expresses this through repeated animal behaviour, not spoken exposition.",male,small woodland owl,adult companion,Original animal companion in a Japanese-inspired fictional setting,"One expressive nightjar, warm cinnamon colour accents, oversized expressive eyes but detailed painted fur/feathers/materials",Natural readable nightjar anatomy; one small cloth collar or light satchel; no human hands or full human outfit,reaching curiously toward a harmless object,a tiled roof above a guarded archive at dusk; secondary environment cue: a hilltop sanctuary with uninscribed stone reliefs,"One standalone square premium anime game portrait. Subject: One expressive nightjar, warm cinnamon colour accents, oversized expressive eyes but detailed painted fur/feathers/materials. Costume: Natural readable nightjar anatomy; one small cloth collar or light satchel; no human hands or full human outfit. Action: reaching curiously toward a harmless object. Setting: a tiled roof above a guarded archive at dusk; secondary environment cue: a hilltop sanctuary with uninscribed stone reliefs. Exactly one main character, face clear; rich painted material light and fine anime contours matching audited current cast; strong diagonal composition, warm focal light, cooler background depth; no text, logos, labels, UI or borders. Only depict the two visible concepts shinobi and mythology. Show covert positioning, a cord/tool pouch or stealth route; no branded headband or franchise symbols. No robots, mechs, powered armour or cockpit. No katana or samurai clan costume.","Hidden affinity supernatural is internal metadata only: do not name, draw or hint at it in public art or epithet. Secondary cues must remain within visible affinities.",cast/v3/cv3_mascot_045.webp,ART_EXPORTED_ASSET_QC_COMPLETE_ENGINE_REVIEW_PENDING,"Generated painting reads as small woodland owl, rather than original nightjar; final new-character species aligned to painting. Original portrait prompt retained as generation history. IDs, affinities and coverage unchanged."
cv3_mascot_046,Skerry,The Frostbound Flipper,pet,Mascot,shojo,"[""samurai"", ""nordic""]",pirate,"[""nordic|pirate"", ""nordic|samurai"", ""pirate|samurai""]","[""nordic|pirate"", ""nordic|samurai"", ""pirate|samurai""]","[""nordic|pirate"", ""nordic|samurai"", ""pirate|samurai""]",harbour seal companion connecting samurai and nordic,"Asks permission even when in command. Expresses this through repeated animal behaviour, not spoken exposition.",female,harbour seal,adult companion,"Fictional northern coastal community with Japanese diaspora; grounded maritime clothing, no automatic fantasy motifs","One expressive harbour seal, cream and charcoal colour accents, oversized expressive eyes but detailed painted fur/feathers/materials",Natural readable harbour seal anatomy; one small cloth collar or light satchel; no human hands or full human outfit,balancing on a rail,a feudal gatehouse with a windswept stone approach; secondary environment cue: a working northern harbour under cold daylight,"One standalone square premium anime game portrait. Subject: One expressive harbour seal, cream and charcoal colour accents, oversized expressive eyes but detailed painted fur/feathers/materials. Costume: Natural readable harbour seal anatomy; one small cloth collar or light satchel; no human hands or full human outfit. Action: balancing on a rail. Setting: a feudal gatehouse with a windswept stone approach; secondary environment cue: a working northern harbour under cold daylight. Exactly one main character, face clear; rich painted material light and fine anime contours matching audited current cast; strong diagonal composition, warm focal light, cooler background depth; no text, logos, labels, UI or borders. Only depict the two visible concepts samurai and nordic. Show a sheathed or carefully controlled sword, haori/hakama or retainer cue appropriate to the subject; no generic ninja substitution. Northern maritime realism; no horned helmets, rune magic or automatic Viking costume. No robots, mechs, powered armour or cockpit. No ninja costume or covert-clan insignia.","Hidden affinity pirate is internal metadata only: do not name, draw or hint at it in public art or epithet. Secondary cues must remain within visible affinities.",cast/v3/cv3_mascot_046.webp,ART_EXPORTED_ASSET_QC_COMPLETE_ENGINE_REVIEW_PENDING,
cv3_mascot_047,Hearth,The Hearthside Haunting,pet,Mascot,shojo,"[""slice"", ""supernatural""]",nordic,"[""nordic|slice"", ""nordic|supernatural"", ""slice|supernatural""]","[""nordic|slice"", ""nordic|supernatural"", ""slice|supernatural""]","[""nordic|slice"", ""nordic|supernatural"", ""slice|supernatural""]",woolly lamb companion connecting slice and supernatural,"Hides worry behind meticulous preparation. Expresses this through repeated animal behaviour, not spoken exposition.",male,woolly lamb,adult companion,Original animal companion in a Japanese-inspired fictional setting,"One expressive woolly lamb, russet and ivory colour accents, oversized expressive eyes but detailed painted fur/feathers/materials",Natural readable woolly lamb anatomy; one small cloth collar or light satchel; no human hands or full human outfit,settling beside a small prop,a sunlit neighbourhood courtyard; secondary environment cue: an old city lane with subtle impossible reflections,"One standalone square premium anime game portrait. Subject: One expressive woolly lamb, russet and ivory colour accents, oversized expressive eyes but detailed painted fur/feathers/materials. Costume: Natural readable woolly lamb anatomy; one small cloth collar or light satchel; no human hands or full human outfit. Action: settling beside a small prop. Setting: a sunlit neighbourhood courtyard; secondary environment cue: an old city lane with subtle impossible reflections. Exactly one main character, face clear; rich painted material light and fine anime contours matching audited current cast; strong diagonal composition, warm focal light, cooler background depth; no text, logos, labels, UI or borders. Only depict the two visible concepts slice and supernatural. No robots, mechs, powered armour or cockpit. No katana or samurai clan costume. No ninja costume or covert-clan insignia.","Hidden affinity nordic is internal metadata only: do not name, draw or hint at it in public art or epithet. Secondary cues must remain within visible affinities.",cast/v3/cv3_mascot_047.webp,ART_EXPORTED_ASSET_QC_COMPLETE_ENGINE_REVIEW_PENDING,
cv3_mascot_048,Coral,The Covert Kingfisher,pet,Mascot,shojo,"[""shinobi"", ""pirate""]",romance,"[""pirate|romance"", ""pirate|shinobi"", ""romance|shinobi""]","[""pirate|romance"", ""pirate|shinobi"", ""romance|shinobi""]","[""pirate|romance"", ""pirate|shinobi"", ""romance|shinobi""]",kingfisher companion connecting shinobi and pirate,"Writes down the questions nobody answered. Expresses this through repeated animal behaviour, not spoken exposition.",female,kingfisher,adult companion,Original animal companion in a Japanese-inspired fictional setting,"One expressive kingfisher, slate and gold colour accents, oversized expressive eyes but detailed painted fur/feathers/materials",Natural readable kingfisher anatomy; one small cloth collar or light satchel; no human hands or full human outfit,turning mid-step toward a distant sound,a tiled roof above a guarded archive at dusk; secondary environment cue: a working ship deck beside a busy harbour,"One standalone square premium anime game portrait. Subject: One expressive kingfisher, slate and gold colour accents, oversized expressive eyes but detailed painted fur/feathers/materials. Costume: Natural readable kingfisher anatomy; one small cloth collar or light satchel; no human hands or full human outfit. Action: turning mid-step toward a distant sound. Setting: a tiled roof above a guarded archive at dusk; secondary environment cue: a working ship deck beside a busy harbour. Exactly one main character, face clear; rich painted material light and fine anime contours matching audited current cast; strong diagonal composition, warm focal light, cooler background depth; no text, logos, labels, UI or borders. Only depict the two visible concepts shinobi and pirate. Show covert positioning, a cord/tool pouch or stealth route; no branded headband or franchise symbols. No robots, mechs, powered armour or cockpit. No katana or samurai clan costume.","Hidden affinity romance is internal metadata only: do not name, draw or hint at it in public art or epithet. Secondary cues must remain within visible affinities.",cast/v3/cv3_mascot_048.webp,ART_EXPORTED_ASSET_QC_COMPLETE_ENGINE_REVIEW_PENDING,
cv3_mascot_049,Nettle,The Clanless Paw,pet,Mascot,shojo,"[""samurai"", ""shinobi""]",martial,"[""martial|samurai"", ""martial|shinobi"", ""samurai|shinobi""]","[""martial|samurai"", ""martial|shinobi"", ""samurai|shinobi""]",[],badger cub companion connecting samurai and shinobi,"Finds courage in small routines. Expresses this through repeated animal behaviour, not spoken exposition.",male,badger cub,adult companion,Original animal companion in a Japanese-inspired fictional setting,"One expressive badger cub, warm cinnamon colour accents, oversized expressive eyes but detailed painted fur/feathers/materials",Natural readable badger cub anatomy; one small cloth collar or light satchel; no human hands or full human outfit,leaping across a low ledge,a feudal gatehouse with a windswept stone approach; secondary environment cue: a tiled roof above a guarded archive at dusk,"One standalone square premium anime game portrait. Subject: One expressive badger cub, warm cinnamon colour accents, oversized expressive eyes but detailed painted fur/feathers/materials. Costume: Natural readable badger cub anatomy; one small cloth collar or light satchel; no human hands or full human outfit. Action: leaping across a low ledge. Setting: a feudal gatehouse with a windswept stone approach; secondary environment cue: a tiled roof above a guarded archive at dusk. Exactly one main character, face clear; rich painted material light and fine anime contours matching audited current cast; strong diagonal composition, warm focal light, cooler background depth; no text, logos, labels, UI or borders. Only depict the two visible concepts samurai and shinobi. Show a sheathed or carefully controlled sword, haori/hakama or retainer cue appropriate to the subject; no generic ninja substitution. Show covert positioning, a cord/tool pouch or stealth route; no branded headband or franchise symbols. No robots, mechs, powered armour or cockpit.","Hidden affinity martial is internal metadata only: do not name, draw or hint at it in public art or epithet. Secondary cues must remain within visible affinities.",cast/v3/cv3_mascot_049.webp,ART_EXPORTED_ASSET_QC_COMPLETE_ENGINE_REVIEW_PENDING,
cv3_mascot_050,Sable,The Chrome Familiar,pet,Mascot,shojo,"[""mecha"", ""samurai""]",shinobi,"[""mecha|samurai"", ""mecha|shinobi"", ""samurai|shinobi""]","[""mecha|samurai"", ""mecha|shinobi"", ""samurai|shinobi""]",[],robotic sand cat companion connecting mecha and samurai,"Remembers the weather on important days. Expresses this through repeated animal behaviour, not spoken exposition.",female,robotic sand cat,adult companion,Original animal companion in a Japanese-inspired fictional setting,"One expressive robotic sand cat, cream and charcoal colour accents, oversized expressive eyes but detailed painted fur/feathers/materials",Natural readable robotic sand cat anatomy; one small utility harness; no human hands or full human outfit,perching alertly with a cocked head,an open cockpit with a large mech shoulder in the hangar beyond; secondary environment cue: a feudal gatehouse with a windswept stone approach,"One standalone square premium anime game portrait. Subject: One expressive robotic sand cat, cream and charcoal colour accents, oversized expressive eyes but detailed painted fur/feathers/materials. Costume: Natural readable robotic sand cat anatomy; one small utility harness; no human hands or full human outfit. Action: perching alertly with a cocked head. Setting: an open cockpit with a large mech shoulder in the hangar beyond; secondary environment cue: a feudal gatehouse with a windswept stone approach. Exactly one main character, face clear; rich painted material light and fine anime contours matching audited current cast; strong diagonal composition, warm focal light, cooler background depth; no text, logos, labels, UI or borders. Only depict the two visible concepts mecha and samurai. Show unmistakable functional cockpit, mech shoulder or support rig; keep the character as the focus. Show a sheathed or carefully controlled sword, haori/hakama or retainer cue appropriate to the subject; no generic ninja substitution. No ninja costume or covert-clan insignia.","Hidden affinity shinobi is internal metadata only: do not name, draw or hint at it in public art or epithet. Secondary cues must remain within visible affinities.",cast/v3/cv3_mascot_050.webp,ART_EXPORTED_ASSET_QC_COMPLETE_ENGINE_REVIEW_PENDING,
cv3_mascot_051,Puddle,The Plum-Blossom Promise,pet,Mascot,shojo,"[""samurai"", ""romance""]",slice,"[""romance|samurai"", ""romance|slice"", ""samurai|slice""]","[""romance|samurai"", ""samurai|slice""]",[],duckling companion connecting samurai and romance,"Will cross a city to return a borrowed tool. Expresses this through repeated animal behaviour, not spoken exposition.",male,duckling,adult companion,Original animal companion in a Japanese-inspired fictional setting,"One expressive duckling, russet and ivory colour accents, oversized expressive eyes but detailed painted fur/feathers/materials",Natural readable duckling anatomy; one small cloth collar or light satchel; no human hands or full human outfit,trotting toward the viewer,a feudal gatehouse with a windswept stone approach; secondary environment cue: a station garden in late afternoon,"One standalone square premium anime game portrait. Subject: One expressive duckling, russet and ivory colour accents, oversized expressive eyes but detailed painted fur/feathers/materials. Costume: Natural readable duckling anatomy; one small cloth collar or light satchel; no human hands or full human outfit. Action: trotting toward the viewer. Setting: a feudal gatehouse with a windswept stone approach; secondary environment cue: a station garden in late afternoon. Exactly one main character, face clear; rich painted material light and fine anime contours matching audited current cast; strong diagonal composition, warm focal light, cooler background depth; no text, logos, labels, UI or borders. Only depict the two visible concepts samurai and romance. Show a sheathed or carefully controlled sword, haori/hakama or retainer cue appropriate to the subject; no generic ninja substitution. No robots, mechs, powered armour or cockpit. No ninja costume or covert-clan insignia.","Hidden affinity slice is internal metadata only: do not name, draw or hint at it in public art or epithet. Secondary cues must remain within visible affinities.",cast/v3/cv3_mascot_051.webp,ART_EXPORTED_ASSET_QC_COMPLETE_ENGINE_REVIEW_PENDING,
cv3_mascot_052,Solstice,The Quiet Kitchen Paw,pet,Mascot,shojo,"[""shinobi"", ""cooking""]",survival,"[""cooking|shinobi"", ""cooking|survival"", ""shinobi|survival""]","[""cooking|shinobi"", ""cooking|survival"", ""shinobi|survival""]",[],marten companion connecting shinobi and cooking,"Refuses to confuse obedience with loyalty. Expresses this through repeated animal behaviour, not spoken exposition.",female,marten,adult companion,Original animal companion in a Japanese-inspired fictional setting,"One expressive marten, slate and gold colour accents, oversized expressive eyes but detailed painted fur/feathers/materials",Natural readable marten anatomy; one small cloth collar or light satchel; no human hands or full human outfit,bracing tiny paws against the wind,a tiled roof above a guarded archive at dusk; secondary environment cue: a tiled open kitchen beside a market,"One standalone square premium anime game portrait. Subject: One expressive marten, slate and gold colour accents, oversized expressive eyes but detailed painted fur/feathers/materials. Costume: Natural readable marten anatomy; one small cloth collar or light satchel; no human hands or full human outfit. Action: bracing tiny paws against the wind. Setting: a tiled roof above a guarded archive at dusk; secondary environment cue: a tiled open kitchen beside a market. Exactly one main character, face clear; rich painted material light and fine anime contours matching audited current cast; strong diagonal composition, warm focal light, cooler background depth; no text, logos, labels, UI or borders. Only depict the two visible concepts shinobi and cooking. Show covert positioning, a cord/tool pouch or stealth route; no branded headband or franchise symbols. No robots, mechs, powered armour or cockpit. No katana or samurai clan costume.","Hidden affinity survival is internal metadata only: do not name, draw or hint at it in public art or epithet. Secondary cues must remain within visible affinities.",cast/v3/cv3_mascot_052.webp,ART_EXPORTED_ASSET_QC_COMPLETE_ENGINE_REVIEW_PENDING,
cv3_villain_001,Arjun J. Iyer,The Mocking Magistrate,villain,Villain,shonen,"[""samurai"", ""comedy""]",cyber,"[""comedy|cyber"", ""comedy|samurai"", ""cyber|samurai""]","[""comedy|cyber"", ""comedy|samurai"", ""cyber|samurai""]","[""comedy|cyber"", ""comedy|samurai"", ""cyber|samurai""]",clan magistrate enforcing an unjust oath caught in a comedy conflict,Keeps every promise in a pocket ledger. Uses this strength to justify controlling other people.,male,human,20–29,"Indian diaspora; fictional crossover setting. Cultural basis guides identity, not a compulsory costume stereotype.","Indian man, visibly aged 20–29; medium-deep warm brown skin; thick dark hair, in two practical braids; a small chin and rounded cheeks, short slight build; clan magistrate enforcing an unjust oath caught in a comedy conflict",muted ochre haori over indigo hakama with a plain clan clasp; a restrained secondary cue from saffron jacket with an asymmetric cuff,"pivoting into the light with a determined sideways glance, a sheathed katana with visible hilt",a feudal gatehouse with a windswept stone approach; secondary environment cue: a festival rehearsal courtyard,"One standalone square premium anime game portrait. Subject: Indian man, visibly aged 20–29; medium-deep warm brown skin; thick dark hair, in two practical braids; a small chin and rounded cheeks, short slight build; clan magistrate enforcing an unjust oath caught in a comedy conflict. Costume: muted ochre haori over indigo hakama with a plain clan clasp; a restrained secondary cue from saffron jacket with an asymmetric cuff. Action: pivoting into the light with a determined sideways glance, a sheathed katana with visible hilt. Setting: a feudal gatehouse with a windswept stone approach; secondary environment cue: a festival rehearsal courtyard. Exactly one main character, face clear; rich painted material light and fine anime contours matching audited current cast; strong diagonal composition, warm focal light, cooler background depth; no text, logos, labels, UI or borders. Only depict the two visible concepts samurai and comedy. Show a sheathed or carefully controlled sword, haori/hakama or retainer cue appropriate to the subject; no generic ninja substitution. No robots, mechs, powered armour or cockpit. No ninja costume or covert-clan insignia. This is a distinct new person: do not reuse the reference face, olive complexion, hairstyle or previous-sheet identity. Render the specified skin tone clearly under neutral facial fill light; warm environmental light must not turn every face olive or tan. This is a distinct new person: do not reuse the reference face, olive complexion, hairstyle or previous-sheet identity. Render the specified skin tone clearly under neutral facial fill light; warm environmental light must not turn every face olive or tan.","Hidden affinity cyber is internal metadata only: do not name, draw or hint at it in public art or epithet. Secondary cues must remain within visible affinities.",cast/v3/cv3_villain_001.webp,ART_EXPORTED_ASSET_QC_COMPLETE_ENGINE_REVIEW_PENDING,
cv3_villain_002,Sumin J. Han,The Domestic Hex,villain,Villain,shonen,"[""magical"", ""slice""]",comedy,"[""comedy|magical"", ""comedy|slice"", ""magical|slice""]","[""comedy|magical"", ""comedy|slice"", ""magical|slice""]","[""comedy|magical"", ""comedy|slice"", ""magical|slice""]",guardian who hoards transformation power caught in a slice conflict,Repairs things while thinking through an apology. Uses this strength to justify controlling other people.,female,human,30–39,"Korean diaspora; fictional crossover setting. Cultural basis guides identity, not a compulsory costume stereotype.","Korean woman, visibly aged 30–39; fair beige skin with a neutral undertone; straight dark brown hair, in two practical braids; a pointed chin and prominent cheekbones, wiry build; guardian who hoards transformation power caught in a slice conflict","plum layered costume with one geometric brooch; a restrained secondary cue from moss cardigan, canvas trousers and comfortable shoes","taking one measured step toward the viewer, a compact luminous focus",a twilight plaza with a controlled halo of light; secondary environment cue: a sunlit neighbourhood courtyard,"One standalone square premium anime game portrait. Subject: Korean woman, visibly aged 30–39; fair beige skin with a neutral undertone; straight dark brown hair, in two practical braids; a pointed chin and prominent cheekbones, wiry build; guardian who hoards transformation power caught in a slice conflict. Costume: plum layered costume with one geometric brooch; a restrained secondary cue from moss cardigan, canvas trousers and comfortable shoes. Action: taking one measured step toward the viewer, a compact luminous focus. Setting: a twilight plaza with a controlled halo of light; secondary environment cue: a sunlit neighbourhood courtyard. Exactly one main character, face clear; rich painted material light and fine anime contours matching audited current cast; strong diagonal composition, warm focal light, cooler background depth; no text, logos, labels, UI or borders. Only depict the two visible concepts magical and slice. No robots, mechs, powered armour or cockpit. No katana or samurai clan costume. No ninja costume or covert-clan insignia. This is a distinct new person: do not reuse the reference face, olive complexion, hairstyle or previous-sheet identity. Render the specified skin tone clearly under neutral facial fill light; warm environmental light must not turn every face olive or tan. This is a distinct new person: do not reuse the reference face, olive complexion, hairstyle or previous-sheet identity. Render the specified skin tone clearly under neutral facial fill light; warm environmental light must not turn every face olive or tan.","Hidden affinity comedy is internal metadata only: do not name, draw or hint at it in public art or epithet. Secondary cues must remain within visible affinities.",cast/v3/cv3_villain_002.webp,ART_EXPORTED_ASSET_QC_COMPLETE_ENGINE_REVIEW_PENDING,
cv3_villain_003,Emeka J. Obi,The Laughing Decoy,villain,Villain,shonen,"[""shinobi"", ""comedy""]",martial,"[""comedy|martial"", ""comedy|shinobi"", ""martial|shinobi""]","[""comedy|martial"", ""comedy|shinobi"", ""martial|shinobi""]","[""comedy|martial"", ""comedy|shinobi"", ""martial|shinobi""]",spymaster turning every alliance into leverage caught in a comedy conflict,Asks the quietest person for their view first. Uses this strength to justify controlling other people.,male,human,60–69,"Nigerian diaspora; fictional crossover setting. Cultural basis guides identity, not a compulsory costume stereotype.","Nigerian man, visibly aged 60–69; rich dark brown skin; dense natural black curls, short and softly tousled; a round face and soft cheeks, sturdy build; spymaster turning every alliance into leverage caught in a comedy conflict","smoke-blue fitted field layers, cloth wraps and a compact tool pouch; a restrained secondary cue from saffron jacket with an asymmetric cuff","turning sharply as fabric trails behind, a climbing cord and compact grappling hook",a tiled roof above a guarded archive at dusk; secondary environment cue: a festival rehearsal courtyard,"One standalone square premium anime game portrait. Subject: Nigerian man, visibly aged 60–69; rich dark brown skin; dense natural black curls, short and softly tousled; a round face and soft cheeks, sturdy build; spymaster turning every alliance into leverage caught in a comedy conflict. Costume: smoke-blue fitted field layers, cloth wraps and a compact tool pouch; a restrained secondary cue from saffron jacket with an asymmetric cuff. Action: turning sharply as fabric trails behind, a climbing cord and compact grappling hook. Setting: a tiled roof above a guarded archive at dusk; secondary environment cue: a festival rehearsal courtyard. Exactly one main character, face clear; rich painted material light and fine anime contours matching audited current cast; strong diagonal composition, warm focal light, cooler background depth; no text, logos, labels, UI or borders. Only depict the two visible concepts shinobi and comedy. Show covert positioning, a cord/tool pouch or stealth route; no branded headband or franchise symbols. No robots, mechs, powered armour or cockpit. No katana or samurai clan costume. This is a distinct new person: do not reuse the reference face, olive complexion, hairstyle or previous-sheet identity. Render the specified skin tone clearly under neutral facial fill light; warm environmental light must not turn every face olive or tan. This is a distinct new person: do not reuse the reference face, olive complexion, hairstyle or previous-sheet identity. Render the specified skin tone clearly under neutral facial fill light; warm environmental light must not turn every face olive or tan.","Hidden affinity martial is internal metadata only: do not name, draw or hint at it in public art or epithet. Secondary cues must remain within visible affinities.",cast/v3/cv3_villain_003.webp,ART_EXPORTED_ASSET_QC_COMPLETE_ENGINE_REVIEW_PENDING,
cv3_villain_004,Linnea J. Berg,The Rigged Punchline,villain,Villain,shonen,"[""comedy"", ""mystery""]",sports,"[""comedy|mystery"", ""comedy|sports"", ""mystery|sports""]","[""comedy|mystery"", ""comedy|sports"", ""mystery|sports""]","[""comedy|mystery"", ""comedy|sports"", ""mystery|sports""]",show-stealing trickster caught in a mystery conflict,Practises difficult conversations before dawn. Uses this strength to justify controlling other people.,female,human,20–29,"Swedish northern coastal community; fictional crossover setting. Cultural basis guides identity, not a compulsory costume stereotype.","Swedish woman, visibly aged 20–29; pale cool skin; flaxen blond hair, short and softly tousled; a heart-shaped face and a wide smile, compact athletic build; show-stealing trickster caught in a mystery conflict",saffron jacket with an asymmetric cuff; a restrained secondary cue from slate tailored coat with a mustard scarf,"kneeling to inspect an important detail, a folding fan caught mid-flourish",a festival rehearsal courtyard; secondary environment cue: a rainlit archive doorway,"One standalone square premium anime game portrait. Subject: Swedish woman, visibly aged 20–29; pale cool skin; flaxen blond hair, short and softly tousled; a heart-shaped face and a wide smile, compact athletic build; show-stealing trickster caught in a mystery conflict. Costume: saffron jacket with an asymmetric cuff; a restrained secondary cue from slate tailored coat with a mustard scarf. Action: kneeling to inspect an important detail, a folding fan caught mid-flourish. Setting: a festival rehearsal courtyard; secondary environment cue: a rainlit archive doorway. Exactly one main character, face clear; rich painted material light and fine anime contours matching audited current cast; strong diagonal composition, warm focal light, cooler background depth; no text, logos, labels, UI or borders. Only depict the two visible concepts comedy and mystery. No robots, mechs, powered armour or cockpit. No katana or samurai clan costume. No ninja costume or covert-clan insignia. This is a distinct new person: do not reuse the reference face, olive complexion, hairstyle or previous-sheet identity. Render the specified skin tone clearly under neutral facial fill light; warm environmental light must not turn every face olive or tan. This is a distinct new person: do not reuse the reference face, olive complexion, hairstyle or previous-sheet identity. Render the specified skin tone clearly under neutral facial fill light; warm environmental light must not turn every face olive or tan.","Hidden affinity sports is internal metadata only: do not name, draw or hint at it in public art or epithet. Secondary cues must remain within visible affinities.",cast/v3/cv3_villain_004.webp,ART_EXPORTED_ASSET_QC_COMPLETE_ENGINE_REVIEW_PENDING,
cv3_villain_005,Jian K. Zhou,The Godless Haunting,villain,Villain,shonen,"[""mythology"", ""supernatural""]",comedy,"[""comedy|mythology"", ""comedy|supernatural"", ""mythology|supernatural""]","[""comedy|mythology"", ""comedy|supernatural"", ""mythology|supernatural""]","[""comedy|mythology"", ""comedy|supernatural"", ""mythology|supernatural""]",custodian claiming divine authority caught in a supernatural conflict,Remembers kindness longer than insults. Uses this strength to justify controlling other people.,male,human,20–29,"Chinese diaspora; fictional crossover setting. Cultural basis guides identity, not a compulsory costume stereotype.","Chinese man, visibly aged 20–29; light warm beige skin; straight jet-black hair, swept back from a broad forehead; a wide face and close-set brows, tall robust build; custodian claiming divine authority caught in a supernatural conflict",cream woven layers with bronze abstract motifs; a restrained secondary cue from deep-violet everyday layers with pale cord fastenings,"bracing against a gust with steady eye contact, a weathered ceremonial vessel",a hilltop sanctuary with uninscribed stone reliefs; secondary environment cue: an old city lane with subtle impossible reflections,"One standalone square premium anime game portrait. Subject: Chinese man, visibly aged 20–29; light warm beige skin; straight jet-black hair, swept back from a broad forehead; a wide face and close-set brows, tall robust build; custodian claiming divine authority caught in a supernatural conflict. Costume: cream woven layers with bronze abstract motifs; a restrained secondary cue from deep-violet everyday layers with pale cord fastenings. Action: bracing against a gust with steady eye contact, a weathered ceremonial vessel. Setting: a hilltop sanctuary with uninscribed stone reliefs; secondary environment cue: an old city lane with subtle impossible reflections. Exactly one main character, face clear; rich painted material light and fine anime contours matching audited current cast; strong diagonal composition, warm focal light, cooler background depth; no text, logos, labels, UI or borders. Only depict the two visible concepts mythology and supernatural. No robots, mechs, powered armour or cockpit. No katana or samurai clan costume. No ninja costume or covert-clan insignia. This is a distinct new person: do not reuse the reference face, olive complexion, hairstyle or previous-sheet identity. Render the specified skin tone clearly under neutral facial fill light; warm environmental light must not turn every face olive or tan. This is a distinct new person: do not reuse the reference face, olive complexion, hairstyle or previous-sheet identity. Render the specified skin tone clearly under neutral facial fill light; warm environmental light must not turn every face olive or tan.","Hidden affinity comedy is internal metadata only: do not name, draw or hint at it in public art or epithet. Secondary cues must remain within visible affinities.",cast/v3/cv3_villain_005.webp,ART_EXPORTED_ASSET_QC_COMPLETE_ENGINE_REVIEW_PENDING,
cv3_villain_006,Simone K. Campbell,The Hungry Revenant,villain,Villain,shonen,"[""supernatural"", ""cooking""]",cyber,"[""cooking|cyber"", ""cooking|supernatural"", ""cyber|supernatural""]","[""cooking|cyber"", ""cooking|supernatural"", ""cyber|supernatural""]","[""cooking|cyber"", ""cooking|supernatural"", ""cyber|supernatural""]",broker who exploits unseen obligations caught in a cooking conflict,Cannot resist improving a badly made plan. Uses this strength to justify controlling other people.,female,human,30–39,"Jamaican-British diaspora; fictional crossover setting. Cultural basis guides identity, not a compulsory costume stereotype.","Jamaican-British woman, visibly aged 30–39; deep brown skin; black locs, swept back from a broad forehead; a broad face and subtle facial asymmetry, substantial build; broker who exploits unseen obligations caught in a cooking conflict",deep-violet everyday layers with pale cord fastenings; a restrained secondary cue from rolled sleeves and a burgundy cross-back apron,"leaning over a low rail while extending the main prop, a simple paper charm without marks",an old city lane with subtle impossible reflections; secondary environment cue: a tiled open kitchen beside a market,"One standalone square premium anime game portrait. Subject: Jamaican-British woman, visibly aged 30–39; deep brown skin; black locs, swept back from a broad forehead; a broad face and subtle facial asymmetry, substantial build; broker who exploits unseen obligations caught in a cooking conflict. Costume: deep-violet everyday layers with pale cord fastenings; a restrained secondary cue from rolled sleeves and a burgundy cross-back apron. Action: leaning over a low rail while extending the main prop, a simple paper charm without marks. Setting: an old city lane with subtle impossible reflections; secondary environment cue: a tiled open kitchen beside a market. Exactly one main character, face clear; rich painted material light and fine anime contours matching audited current cast; strong diagonal composition, warm focal light, cooler background depth; no text, logos, labels, UI or borders. Only depict the two visible concepts supernatural and cooking. No robots, mechs, powered armour or cockpit. No katana or samurai clan costume. No ninja costume or covert-clan insignia. This is a distinct new person: do not reuse the reference face, olive complexion, hairstyle or previous-sheet identity. Render the specified skin tone clearly under neutral facial fill light; warm environmental light must not turn every face olive or tan. This is a distinct new person: do not reuse the reference face, olive complexion, hairstyle or previous-sheet identity. Render the specified skin tone clearly under neutral facial fill light; warm environmental light must not turn every face olive or tan.","Hidden affinity cyber is internal metadata only: do not name, draw or hint at it in public art or epithet. Secondary cues must remain within visible affinities.",cast/v3/cv3_villain_006.webp,ART_EXPORTED_ASSET_QC_COMPLETE_ENGINE_REVIEW_PENDING,
cv3_villain_007,Nadim K. Haddad,The Enchanted Appetite,villain,Villain,shonen,"[""cooking"", ""fantasy""]",martial,"[""cooking|fantasy"", ""cooking|martial"", ""fantasy|martial""]","[""cooking|fantasy"", ""cooking|martial"", ""fantasy|martial""]","[""cooking|fantasy"", ""cooking|martial"", ""fantasy|martial""]",ruthless taste-maker caught in a fantasy conflict,"Laughs when nervous, then does the difficult thing. Uses this strength to justify controlling other people.",male,human,40–49,"Lebanese diaspora; fictional crossover setting. Cultural basis guides identity, not a compulsory costume stereotype.","Lebanese man, visibly aged 40–49; light warm skin; thick dark curls, cropped close with a clean taper; a broad nose and strong jaw, solid muscular build; ruthless taste-maker caught in a fantasy conflict",rolled sleeves and a burgundy cross-back apron; a restrained secondary cue from layered forest-green travelling clothes and weathered leather,"moving laterally across the scene in a controlled stride, a steaming pan tilted into the light",a tiled open kitchen beside a market; secondary environment cue: a terraced stone city beneath high aqueducts,"One standalone square premium anime game portrait. Subject: Lebanese man, visibly aged 40–49; light warm skin; thick dark curls, cropped close with a clean taper; a broad nose and strong jaw, solid muscular build; ruthless taste-maker caught in a fantasy conflict. Costume: rolled sleeves and a burgundy cross-back apron; a restrained secondary cue from layered forest-green travelling clothes and weathered leather. Action: moving laterally across the scene in a controlled stride, a steaming pan tilted into the light. Setting: a tiled open kitchen beside a market; secondary environment cue: a terraced stone city beneath high aqueducts. Exactly one main character, face clear; rich painted material light and fine anime contours matching audited current cast; strong diagonal composition, warm focal light, cooler background depth; no text, logos, labels, UI or borders. Only depict the two visible concepts cooking and fantasy. No robots, mechs, powered armour or cockpit. No katana or samurai clan costume. No ninja costume or covert-clan insignia. This is a distinct new person: do not reuse the reference face, olive complexion, hairstyle or previous-sheet identity. Render the specified skin tone clearly under neutral facial fill light; warm environmental light must not turn every face olive or tan. This is a distinct new person: do not reuse the reference face, olive complexion, hairstyle or previous-sheet identity. Render the specified skin tone clearly under neutral facial fill light; warm environmental light must not turn every face olive or tan.","Hidden affinity martial is internal metadata only: do not name, draw or hint at it in public art or epithet. Secondary cues must remain within visible affinities.",cast/v3/cv3_villain_007.webp,ART_EXPORTED_ASSET_QC_COMPLETE_ENGINE_REVIEW_PENDING,
cv3_villain_008,Zofia K. Nowak,The Spirit Usurper,villain,Villain,shonen,"[""fantasy"", ""supernatural""]",cooking,"[""cooking|fantasy"", ""cooking|supernatural"", ""fantasy|supernatural""]","[""cooking|fantasy"", ""cooking|supernatural"", ""fantasy|supernatural""]","[""fantasy|supernatural""]",usurping court patron caught in a supernatural conflict,Collects small gifts for people far from home. Uses this strength to justify controlling other people.,female,human,50–59,"Polish diaspora; fictional crossover setting. Cultural basis guides identity, not a compulsory costume stereotype.","Polish woman, visibly aged 50–59; fair neutral skin; ash-blond hair, cropped close with a clean taper; a square face and heavy brows, broad-shouldered build; usurping court patron caught in a supernatural conflict",layered forest-green travelling clothes and weathered leather; a restrained secondary cue from deep-violet everyday layers with pale cord fastenings,"standing calmly while the environment moves around them, a carved travelling staff",a terraced stone city beneath high aqueducts; secondary environment cue: an old city lane with subtle impossible reflections,"One standalone square premium anime game portrait. Subject: Polish woman, visibly aged 50–59; fair neutral skin; ash-blond hair, cropped close with a clean taper; a square face and heavy brows, broad-shouldered build; usurping court patron caught in a supernatural conflict. Costume: layered forest-green travelling clothes and weathered leather; a restrained secondary cue from deep-violet everyday layers with pale cord fastenings. Action: standing calmly while the environment moves around them, a carved travelling staff. Setting: a terraced stone city beneath high aqueducts; secondary environment cue: an old city lane with subtle impossible reflections. Exactly one main character, face clear; rich painted material light and fine anime contours matching audited current cast; strong diagonal composition, warm focal light, cooler background depth; no text, logos, labels, UI or borders. Only depict the two visible concepts fantasy and supernatural. No robots, mechs, powered armour or cockpit. No katana or samurai clan costume. No ninja costume or covert-clan insignia. This is a distinct new person: do not reuse the reference face, olive complexion, hairstyle or previous-sheet identity. Render the specified skin tone clearly under neutral facial fill light; warm environmental light must not turn every face olive or tan. This is a distinct new person: do not reuse the reference face, olive complexion, hairstyle or previous-sheet identity. Render the specified skin tone clearly under neutral facial fill light; warm environmental light must not turn every face olive or tan.","Hidden affinity cooking is internal metadata only: do not name, draw or hint at it in public art or epithet. Secondary cues must remain within visible affinities.",cast/v3/cv3_villain_008.webp,ART_EXPORTED_ASSET_QC_COMPLETE_ENGINE_REVIEW_PENDING,
cv3_villain_009,Aamir K. Malik,The Rationed Finish Line,villain,Villain,shonen,"[""sports"", ""cooking""]",mystery,"[""cooking|mystery"", ""cooking|sports"", ""mystery|sports""]","[""cooking|sports"", ""mystery|sports""]","[""cooking|sports""]",record holder who rigs the conditions caught in a cooking conflict,Refuses credit until the whole team is named. Uses this strength to justify controlling other people.,male,human,20–29,"Pakistani diaspora; fictional crossover setting. Cultural basis guides identity, not a compulsory costume stereotype.","Pakistani man, visibly aged 20–29; medium brown skin; soft black waves, worn in a high loose bun; a softly angular face, full lips and a strong neck, stocky build; record holder who rigs the conditions caught in a cooking conflict",teal training jacket with blank panels and sports shoes; a restrained secondary cue from rolled sleeves and a burgundy cross-back apron,"pivoting into the light with a determined sideways glance, a relay baton",an empty athletics track at golden hour; secondary environment cue: a tiled open kitchen beside a market,"One standalone square premium anime game portrait. Subject: Pakistani man, visibly aged 20–29; medium brown skin; soft black waves, worn in a high loose bun; a softly angular face, full lips and a strong neck, stocky build; record holder who rigs the conditions caught in a cooking conflict. Costume: teal training jacket with blank panels and sports shoes; a restrained secondary cue from rolled sleeves and a burgundy cross-back apron. Action: pivoting into the light with a determined sideways glance, a relay baton. Setting: an empty athletics track at golden hour; secondary environment cue: a tiled open kitchen beside a market. Exactly one main character, face clear; rich painted material light and fine anime contours matching audited current cast; strong diagonal composition, warm focal light, cooler background depth; no text, logos, labels, UI or borders. Only depict the two visible concepts sports and cooking. No robots, mechs, powered armour or cockpit. No katana or samurai clan costume. No ninja costume or covert-clan insignia. This is a distinct new person: do not reuse the reference face, olive complexion, hairstyle or previous-sheet identity. Render the specified skin tone clearly under neutral facial fill light; warm environmental light must not turn every face olive or tan. This is a distinct new person: do not reuse the reference face, olive complexion, hairstyle or previous-sheet identity. Render the specified skin tone clearly under neutral facial fill light; warm environmental light must not turn every face olive or tan.","Hidden affinity mystery is internal metadata only: do not name, draw or hint at it in public art or epithet. Secondary cues must remain within visible affinities.",cast/v3/cv3_villain_009.webp,ART_EXPORTED_ASSET_QC_COMPLETE_ENGINE_REVIEW_PENDING,
cv3_villain_010,Amihan K. Reyes,The Withheld Harvest,villain,Villain,shonen,"[""samurai"", ""cooking""]",slice,"[""cooking|samurai"", ""cooking|slice"", ""samurai|slice""]","[""cooking|samurai"", ""cooking|slice"", ""samurai|slice""]","[""cooking|samurai"", ""cooking|slice"", ""samurai|slice""]",clan magistrate enforcing an unjust oath caught in a cooking conflict,Takes enormous care with other people’s belongings. Uses this strength to justify controlling other people.,female,human,30–39,"Filipino diaspora; fictional crossover setting. Cultural basis guides identity, not a compulsory costume stereotype.","Filipino woman, visibly aged 30–39; warm medium-brown skin; straight dark hair, worn in a high loose bun; a mature face with crow’s-feet and a strong jaw, average build; clan magistrate enforcing an unjust oath caught in a cooking conflict",muted ochre haori over indigo hakama with a plain clan clasp; a restrained secondary cue from rolled sleeves and a burgundy cross-back apron,"taking one measured step toward the viewer, a sheathed katana with visible hilt",a feudal gatehouse with a windswept stone approach; secondary environment cue: a tiled open kitchen beside a market,"One standalone square premium anime game portrait. Subject: Filipino woman, visibly aged 30–39; warm medium-brown skin; straight dark hair, worn in a high loose bun; a mature face with crow’s-feet and a strong jaw, average build; clan magistrate enforcing an unjust oath caught in a cooking conflict. Costume: muted ochre haori over indigo hakama with a plain clan clasp; a restrained secondary cue from rolled sleeves and a burgundy cross-back apron. Action: taking one measured step toward the viewer, a sheathed katana with visible hilt. Setting: a feudal gatehouse with a windswept stone approach; secondary environment cue: a tiled open kitchen beside a market. Exactly one main character, face clear; rich painted material light and fine anime contours matching audited current cast; strong diagonal composition, warm focal light, cooler background depth; no text, logos, labels, UI or borders. Only depict the two visible concepts samurai and cooking. Show a sheathed or carefully controlled sword, haori/hakama or retainer cue appropriate to the subject; no generic ninja substitution. No robots, mechs, powered armour or cockpit. No ninja costume or covert-clan insignia. This is a distinct new person: do not reuse the reference face, olive complexion, hairstyle or previous-sheet identity. Render the specified skin tone clearly under neutral facial fill light; warm environmental light must not turn every face olive or tan. This is a distinct new person: do not reuse the reference face, olive complexion, hairstyle or previous-sheet identity. Render the specified skin tone clearly under neutral facial fill light; warm environmental light must not turn every face olive or tan.","Hidden affinity slice is internal metadata only: do not name, draw or hint at it in public art or epithet. Secondary cues must remain within visible affinities.",cast/v3/cv3_villain_010.webp,ART_EXPORTED_ASSET_QC_COMPLETE_ENGINE_REVIEW_PENDING,
cv3_villain_011,Kamau K. Mwangi,The Poisoned Provision,villain,Villain,shonen,"[""shinobi"", ""cooking""]",survival,"[""cooking|shinobi"", ""cooking|survival"", ""shinobi|survival""]","[""cooking|shinobi"", ""cooking|survival"", ""shinobi|survival""]","[""cooking|shinobi"", ""cooking|survival"", ""shinobi|survival""]",spymaster turning every alliance into leverage caught in a cooking conflict,Turns every failure into a new rehearsal. Uses this strength to justify controlling other people.,male,human,60–69,"Kenyan diaspora; fictional crossover setting. Cultural basis guides identity, not a compulsory costume stereotype.","Kenyan man, visibly aged 60–69; very deep cool-brown skin; short tightly curled black hair, shoulder-length and swept to one side; a calm oval face and broad nose, average build; spymaster turning every alliance into leverage caught in a cooking conflict","smoke-blue fitted field layers, cloth wraps and a compact tool pouch; a restrained secondary cue from rolled sleeves and a burgundy cross-back apron","turning sharply as fabric trails behind, a climbing cord and compact grappling hook",a tiled roof above a guarded archive at dusk; secondary environment cue: a tiled open kitchen beside a market,"One standalone square premium anime game portrait. Subject: Kenyan man, visibly aged 60–69; very deep cool-brown skin; short tightly curled black hair, shoulder-length and swept to one side; a calm oval face and broad nose, average build; spymaster turning every alliance into leverage caught in a cooking conflict. Costume: smoke-blue fitted field layers, cloth wraps and a compact tool pouch; a restrained secondary cue from rolled sleeves and a burgundy cross-back apron. Action: turning sharply as fabric trails behind, a climbing cord and compact grappling hook. Setting: a tiled roof above a guarded archive at dusk; secondary environment cue: a tiled open kitchen beside a market. Exactly one main character, face clear; rich painted material light and fine anime contours matching audited current cast; strong diagonal composition, warm focal light, cooler background depth; no text, logos, labels, UI or borders. Only depict the two visible concepts shinobi and cooking. Show covert positioning, a cord/tool pouch or stealth route; no branded headband or franchise symbols. No robots, mechs, powered armour or cockpit. No katana or samurai clan costume. This is a distinct new person: do not reuse the reference face, olive complexion, hairstyle or previous-sheet identity. Render the specified skin tone clearly under neutral facial fill light; warm environmental light must not turn every face olive or tan. This is a distinct new person: do not reuse the reference face, olive complexion, hairstyle or previous-sheet identity. Render the specified skin tone clearly under neutral facial fill light; warm environmental light must not turn every face olive or tan.","Hidden affinity survival is internal metadata only: do not name, draw or hint at it in public art or epithet. Secondary cues must remain within visible affinities.",cast/v3/cv3_villain_011.webp,ART_EXPORTED_ASSET_QC_COMPLETE_ENGINE_REVIEW_PENDING,
cv3_villain_012,Aminata K. Diop,The Masked Mainframe,villain,Villain,shonen,"[""shinobi"", ""cyber""]",horror,"[""cyber|horror"", ""cyber|shinobi"", ""horror|shinobi""]","[""cyber|horror"", ""cyber|shinobi"", ""horror|shinobi""]","[""cyber|horror"", ""cyber|shinobi"", ""horror|shinobi""]",spymaster turning every alliance into leverage caught in a cyber conflict,Needs solitude after appearing fearless. Uses this strength to justify controlling other people.,female,human,20–29,"French-Senegalese mixed heritage; fictional crossover setting. Cultural basis guides identity, not a compulsory costume stereotype.","French-Senegalese woman, visibly aged 20–29; dark brown skin; dark natural curls, shoulder-length and swept to one side; a long narrow face and prominent nose, tall lean build; spymaster turning every alliance into leverage caught in a cyber conflict","smoke-blue fitted field layers, cloth wraps and a compact tool pouch; a restrained secondary cue from graphite utility coat with restrained teal seams","kneeling to inspect an important detail, a climbing cord and compact grappling hook",a tiled roof above a guarded archive at dusk; secondary environment cue: a rainlit cable-lined transit arcade,"One standalone square premium anime game portrait. Subject: French-Senegalese woman, visibly aged 20–29; dark brown skin; dark natural curls, shoulder-length and swept to one side; a long narrow face and prominent nose, tall lean build; spymaster turning every alliance into leverage caught in a cyber conflict. Costume: smoke-blue fitted field layers, cloth wraps and a compact tool pouch; a restrained secondary cue from graphite utility coat with restrained teal seams. Action: kneeling to inspect an important detail, a climbing cord and compact grappling hook. Setting: a tiled roof above a guarded archive at dusk; secondary environment cue: a rainlit cable-lined transit arcade. Exactly one main character, face clear; rich painted material light and fine anime contours matching audited current cast; strong diagonal composition, warm focal light, cooler background depth; no text, logos, labels, UI or borders. Only depict the two visible concepts shinobi and cyber. Show covert positioning, a cord/tool pouch or stealth route; no branded headband or franchise symbols. No robots, mechs, powered armour or cockpit. No katana or samurai clan costume. This is a distinct new person: do not reuse the reference face, olive complexion, hairstyle or previous-sheet identity. Render the specified skin tone clearly under neutral facial fill light; warm environmental light must not turn every face olive or tan. This is a distinct new person: do not reuse the reference face, olive complexion, hairstyle or previous-sheet identity. Render the specified skin tone clearly under neutral facial fill light; warm environmental light must not turn every face olive or tan.","Hidden affinity horror is internal metadata only: do not name, draw or hint at it in public art or epithet. Secondary cues must remain within visible affinities.",cast/v3/cv3_villain_012.webp,ART_EXPORTED_ASSET_QC_COMPLETE_ENGINE_REVIEW_PENDING,
cv3_villain_013,Haruki K. Mizuhara,The Manufactured Idol,villain,Villain,shonen,"[""cyber"", ""idol""]",pirate,"[""cyber|idol"", ""cyber|pirate"", ""idol|pirate""]","[""cyber|idol"", ""cyber|pirate"", ""idol|pirate""]","[""cyber|idol"", ""cyber|pirate"", ""idol|pirate""]",surveillance monopolist caught in a idol conflict,Shares food before sharing a secret. Uses this strength to justify controlling other people.,male,human,20–29,"Japanese; fictional crossover setting. Cultural basis guides identity, not a compulsory costume stereotype.","Japanese man, visibly aged 20–29; light ivory skin with a cool undertone; straight blue-black hair, cut into a blunt chin-length bob; a long face with fine smile lines, slim build; surveillance monopolist caught in a idol conflict",graphite utility coat with restrained teal seams; a restrained secondary cue from ink-blue stage jacket with silver geometric piping,"bracing against a gust with steady eye contact, a handheld diagnostic slate",a rainlit cable-lined transit arcade; secondary environment cue: a rehearsal stage with blurred amber footlights,"One standalone square premium anime game portrait. Subject: Japanese man, visibly aged 20–29; light ivory skin with a cool undertone; straight blue-black hair, cut into a blunt chin-length bob; a long face with fine smile lines, slim build; surveillance monopolist caught in a idol conflict. Costume: graphite utility coat with restrained teal seams; a restrained secondary cue from ink-blue stage jacket with silver geometric piping. Action: bracing against a gust with steady eye contact, a handheld diagnostic slate. Setting: a rainlit cable-lined transit arcade; secondary environment cue: a rehearsal stage with blurred amber footlights. Exactly one main character, face clear; rich painted material light and fine anime contours matching audited current cast; strong diagonal composition, warm focal light, cooler background depth; no text, logos, labels, UI or borders. Only depict the two visible concepts cyber and idol. No robots, mechs, powered armour or cockpit. No katana or samurai clan costume. No ninja costume or covert-clan insignia. This is a distinct new person: do not reuse the reference face, olive complexion, hairstyle or previous-sheet identity. Render the specified skin tone clearly under neutral facial fill light; warm environmental light must not turn every face olive or tan. This is a distinct new person: do not reuse the reference face, olive complexion, hairstyle or previous-sheet identity. Render the specified skin tone clearly under neutral facial fill light; warm environmental light must not turn every face olive or tan.","Hidden affinity pirate is internal metadata only: do not name, draw or hint at it in public art or epithet. Secondary cues must remain within visible affinities.",cast/v3/cv3_villain_013.webp,ART_EXPORTED_ASSET_QC_COMPLETE_ENGINE_REVIEW_PENDING,
cv3_villain_014,Abena K. Mensah,The Invader Beyond Worlds,villain,Villain,shonen,"[""isekai"", ""military""]",cyber,"[""cyber|isekai"", ""cyber|military"", ""isekai|military""]","[""cyber|isekai"", ""cyber|military"", ""isekai|military""]","[""cyber|isekai"", ""cyber|military"", ""isekai|military""]",self-appointed ruler from elsewhere caught in a military conflict,Notices the missing chair before the guest arrives. Uses this strength to justify controlling other people.,female,human,30–39,"Ghanaian-British diaspora; fictional crossover setting. Cultural basis guides identity, not a compulsory costume stereotype.","Ghanaian-British woman, visibly aged 30–39; very deep brown skin with warm highlights; tightly coiled black hair, cut into a blunt chin-length bob; a small chin and rounded cheeks, short slight build; self-appointed ruler from elsewhere caught in a military conflict",modern travel layer over locally repaired woven clothing; a restrained secondary cue from olive field jacket with blank unit tabs and practical boots,"leaning over a low rail while extending the main prop, an ordinary satchel beside an unfamiliar gate token",a foreign city gate with a quiet portal far behind; secondary environment cue: a floodlit logistics yard with supply vehicles,"One standalone square premium anime game portrait. Subject: Ghanaian-British woman, visibly aged 30–39; very deep brown skin with warm highlights; tightly coiled black hair, cut into a blunt chin-length bob; a small chin and rounded cheeks, short slight build; self-appointed ruler from elsewhere caught in a military conflict. Costume: modern travel layer over locally repaired woven clothing; a restrained secondary cue from olive field jacket with blank unit tabs and practical boots. Action: leaning over a low rail while extending the main prop, an ordinary satchel beside an unfamiliar gate token. Setting: a foreign city gate with a quiet portal far behind; secondary environment cue: a floodlit logistics yard with supply vehicles. Exactly one main character, face clear; rich painted material light and fine anime contours matching audited current cast; strong diagonal composition, warm focal light, cooler background depth; no text, logos, labels, UI or borders. Only depict the two visible concepts isekai and military. No robots, mechs, powered armour or cockpit. No katana or samurai clan costume. No ninja costume or covert-clan insignia. This is a distinct new person: do not reuse the reference face, olive complexion, hairstyle or previous-sheet identity. Render the specified skin tone clearly under neutral facial fill light; warm environmental light must not turn every face olive or tan. This is a distinct new person: do not reuse the reference face, olive complexion, hairstyle or previous-sheet identity. Render the specified skin tone clearly under neutral facial fill light; warm environmental light must not turn every face olive or tan.","Hidden affinity cyber is internal metadata only: do not name, draw or hint at it in public art or epithet. Secondary cues must remain within visible affinities.",cast/v3/cv3_villain_014.webp,ART_EXPORTED_ASSET_QC_COMPLETE_ENGINE_REVIEW_PENDING,
cv3_villain_015,Cian K. Byrne,The Orbital Overwriter,villain,Villain,shonen,"[""space"", ""cyber""]",martial,"[""cyber|martial"", ""cyber|space"", ""martial|space""]","[""cyber|martial"", ""martial|space""]","[""cyber|martial"", ""martial|space""]",controller of a colony lifeline caught in a cyber conflict,Always prepares a way back. Uses this strength to justify controlling other people.,male,human,40–49,"Irish diaspora; fictional crossover setting. Cultural basis guides identity, not a compulsory costume stereotype.","Irish man, visibly aged 40–49; very fair pink-toned skin with conspicuous natural freckles; copper-red hair, short and windswept; a pointed chin and prominent cheekbones, wiry build; controller of a colony lifeline caught in a cyber conflict",white-and-navy pressure-suit layers with orange seals; a restrained secondary cue from graphite utility coat with restrained teal seams,"moving laterally across the scene in a controlled stride, a compact tether reel",a station observation deck overlooking a planet; secondary environment cue: a rainlit cable-lined transit arcade,"One standalone square premium anime game portrait. Subject: Irish man, visibly aged 40–49; very fair pink-toned skin with conspicuous natural freckles; copper-red hair, short and windswept; a pointed chin and prominent cheekbones, wiry build; controller of a colony lifeline caught in a cyber conflict. Costume: white-and-navy pressure-suit layers with orange seals; a restrained secondary cue from graphite utility coat with restrained teal seams. Action: moving laterally across the scene in a controlled stride, a compact tether reel. Setting: a station observation deck overlooking a planet; secondary environment cue: a rainlit cable-lined transit arcade. Exactly one main character, face clear; rich painted material light and fine anime contours matching audited current cast; strong diagonal composition, warm focal light, cooler background depth; no text, logos, labels, UI or borders. Only depict the two visible concepts space and cyber. No robots, mechs, powered armour or cockpit. No katana or samurai clan costume. No ninja costume or covert-clan insignia. This is a distinct new person: do not reuse the reference face, olive complexion, hairstyle or previous-sheet identity. Render the specified skin tone clearly under neutral facial fill light; warm environmental light must not turn every face olive or tan. This is a distinct new person: do not reuse the reference face, olive complexion, hairstyle or previous-sheet identity. Render the specified skin tone clearly under neutral facial fill light; warm environmental light must not turn every face olive or tan.","Hidden affinity martial is internal metadata only: do not name, draw or hint at it in public art or epithet. Secondary cues must remain within visible affinities.",cast/v3/cv3_villain_015.webp,ART_EXPORTED_ASSET_QC_COMPLETE_ENGINE_REVIEW_PENDING,
cv3_villain_016,Leela K. Rao,The Dreadful Enchantment,villain,Villain,shonen,"[""fantasy"", ""horror""]",slice,"[""fantasy|horror"", ""fantasy|slice"", ""horror|slice""]","[""fantasy|horror"", ""fantasy|slice"", ""horror|slice""]","[""fantasy|horror"", ""fantasy|slice"", ""horror|slice""]",usurping court patron caught in a horror conflict,Counts steps to settle a racing mind. Uses this strength to justify controlling other people.,female,human,50–59,"Indian diaspora; fictional crossover setting. Cultural basis guides identity, not a compulsory costume stereotype.","Indian woman, visibly aged 50–59; medium-deep warm brown skin; thick dark hair, short and windswept; a round face and soft cheeks, sturdy build; usurping court patron caught in a horror conflict",layered forest-green travelling clothes and weathered leather; a restrained secondary cue from charcoal raincoat with a single pale lining,"standing calmly while the environment moves around them, a carved travelling staff",a terraced stone city beneath high aqueducts; secondary environment cue: an abandoned station with a single lit doorway,"One standalone square premium anime game portrait. Subject: Indian woman, visibly aged 50–59; medium-deep warm brown skin; thick dark hair, short and windswept; a round face and soft cheeks, sturdy build; usurping court patron caught in a horror conflict. Costume: layered forest-green travelling clothes and weathered leather; a restrained secondary cue from charcoal raincoat with a single pale lining. Action: standing calmly while the environment moves around them, a carved travelling staff. Setting: a terraced stone city beneath high aqueducts; secondary environment cue: an abandoned station with a single lit doorway. Exactly one main character, face clear; rich painted material light and fine anime contours matching audited current cast; strong diagonal composition, warm focal light, cooler background depth; no text, logos, labels, UI or borders. Only depict the two visible concepts fantasy and horror. No robots, mechs, powered armour or cockpit. No katana or samurai clan costume. No ninja costume or covert-clan insignia. This is a distinct new person: do not reuse the reference face, olive complexion, hairstyle or previous-sheet identity. Render the specified skin tone clearly under neutral facial fill light; warm environmental light must not turn every face olive or tan. This is a distinct new person: do not reuse the reference face, olive complexion, hairstyle or previous-sheet identity. Render the specified skin tone clearly under neutral facial fill light; warm environmental light must not turn every face olive or tan.","Hidden affinity slice is internal metadata only: do not name, draw or hint at it in public art or epithet. Secondary cues must remain within visible affinities.",cast/v3/cv3_villain_016.webp,ART_EXPORTED_ASSET_QC_COMPLETE_ENGINE_REVIEW_PENDING,
cv3_villain_017,Minjun K. Seo,The Forbidden Technique,villain,Villain,shonen,"[""shinobi"", ""fantasy""]",idol,"[""fantasy|idol"", ""fantasy|shinobi"", ""idol|shinobi""]","[""fantasy|idol"", ""fantasy|shinobi"", ""idol|shinobi""]","[""fantasy|idol"", ""fantasy|shinobi"", ""idol|shinobi""]",spymaster turning every alliance into leverage caught in a fantasy conflict,Trusts actions more than titles. Uses this strength to justify controlling other people.,male,human,20–29,"Korean diaspora; fictional crossover setting. Cultural basis guides identity, not a compulsory costume stereotype.","Korean man, visibly aged 20–29; fair beige skin with a neutral undertone; straight dark brown hair, in a practical low braid; a heart-shaped face and a wide smile, compact athletic build; spymaster turning every alliance into leverage caught in a fantasy conflict","smoke-blue fitted field layers, cloth wraps and a compact tool pouch; a restrained secondary cue from layered forest-green travelling clothes and weathered leather","pivoting into the light with a determined sideways glance, a climbing cord and compact grappling hook",a tiled roof above a guarded archive at dusk; secondary environment cue: a terraced stone city beneath high aqueducts,"One standalone square premium anime game portrait. Subject: Korean man, visibly aged 20–29; fair beige skin with a neutral undertone; straight dark brown hair, in a practical low braid; a heart-shaped face and a wide smile, compact athletic build; spymaster turning every alliance into leverage caught in a fantasy conflict. Costume: smoke-blue fitted field layers, cloth wraps and a compact tool pouch; a restrained secondary cue from layered forest-green travelling clothes and weathered leather. Action: pivoting into the light with a determined sideways glance, a climbing cord and compact grappling hook. Setting: a tiled roof above a guarded archive at dusk; secondary environment cue: a terraced stone city beneath high aqueducts. Exactly one main character, face clear; rich painted material light and fine anime contours matching audited current cast; strong diagonal composition, warm focal light, cooler background depth; no text, logos, labels, UI or borders. Only depict the two visible concepts shinobi and fantasy. Show covert positioning, a cord/tool pouch or stealth route; no branded headband or franchise symbols. No robots, mechs, powered armour or cockpit. No katana or samurai clan costume. This is a distinct new person: do not reuse the reference face, olive complexion, hairstyle or previous-sheet identity. Render the specified skin tone clearly under neutral facial fill light; warm environmental light must not turn every face olive or tan. This is a distinct new person: do not reuse the reference face, olive complexion, hairstyle or previous-sheet identity. Render the specified skin tone clearly under neutral facial fill light; warm environmental light must not turn every face olive or tan.","Hidden affinity idol is internal metadata only: do not name, draw or hint at it in public art or epithet. Secondary cues must remain within visible affinities.",cast/v3/cv3_villain_017.webp,ART_EXPORTED_ASSET_QC_COMPLETE_ENGINE_REVIEW_PENDING,
cv3_villain_018,Adaeze K. Okoye,The Counterfeit Prophecy,villain,Villain,shonen,"[""mystery"", ""fantasy""]",military,"[""fantasy|military"", ""fantasy|mystery"", ""military|mystery""]","[""fantasy|military"", ""fantasy|mystery"", ""military|mystery""]","[""fantasy|military"", ""fantasy|mystery"", ""military|mystery""]",architect of a convincing false account caught in a fantasy conflict,Makes room for a rival to change. Uses this strength to justify controlling other people.,female,human,30–39,"Nigerian diaspora; fictional crossover setting. Cultural basis guides identity, not a compulsory costume stereotype.","Nigerian woman, visibly aged 30–39; rich dark brown skin; dense natural black curls, in a practical low braid; a wide face and close-set brows, tall robust build; architect of a convincing false account caught in a fantasy conflict",slate tailored coat with a mustard scarf; a restrained secondary cue from layered forest-green travelling clothes and weathered leather,"taking one measured step toward the viewer, a sealed unlettered evidence envelope",a rainlit archive doorway; secondary environment cue: a terraced stone city beneath high aqueducts,"One standalone square premium anime game portrait. Subject: Nigerian woman, visibly aged 30–39; rich dark brown skin; dense natural black curls, in a practical low braid; a wide face and close-set brows, tall robust build; architect of a convincing false account caught in a fantasy conflict. Costume: slate tailored coat with a mustard scarf; a restrained secondary cue from layered forest-green travelling clothes and weathered leather. Action: taking one measured step toward the viewer, a sealed unlettered evidence envelope. Setting: a rainlit archive doorway; secondary environment cue: a terraced stone city beneath high aqueducts. Exactly one main character, face clear; rich painted material light and fine anime contours matching audited current cast; strong diagonal composition, warm focal light, cooler background depth; no text, logos, labels, UI or borders. Only depict the two visible concepts mystery and fantasy. No robots, mechs, powered armour or cockpit. No katana or samurai clan costume. No ninja costume or covert-clan insignia. This is a distinct new person: do not reuse the reference face, olive complexion, hairstyle or previous-sheet identity. Render the specified skin tone clearly under neutral facial fill light; warm environmental light must not turn every face olive or tan. This is a distinct new person: do not reuse the reference face, olive complexion, hairstyle or previous-sheet identity. Render the specified skin tone clearly under neutral facial fill light; warm environmental light must not turn every face olive or tan.","Hidden affinity military is internal metadata only: do not name, draw or hint at it in public art or epithet. Secondary cues must remain within visible affinities.",cast/v3/cv3_villain_018.webp,ART_EXPORTED_ASSET_QC_COMPLETE_ENGINE_REVIEW_PENDING,
cv3_villain_019,Elias K. Lind,The Enchanted Plunderer,villain,Villain,shonen,"[""fantasy"", ""pirate""]",survival,"[""fantasy|pirate"", ""fantasy|survival"", ""pirate|survival""]","[""fantasy|pirate"", ""fantasy|survival"", ""pirate|survival""]","[""fantasy|pirate"", ""fantasy|survival"", ""pirate|survival""]",usurping court patron caught in a pirate conflict,Keeps a repaired object as a reminder. Uses this strength to justify controlling other people.,male,human,60–69,"Swedish northern coastal community; fictional crossover setting. Cultural basis guides identity, not a compulsory costume stereotype.","Swedish man, visibly aged 60–69; pale cool skin; flaxen blond hair, in a rounded natural silhouette; a broad face and subtle facial asymmetry, substantial build; usurping court patron caught in a pirate conflict","layered forest-green travelling clothes and weathered leather; a restrained secondary cue from sea-green deck coat, sash and salt-worn boots","turning sharply as fabric trails behind, a carved travelling staff",a terraced stone city beneath high aqueducts; secondary environment cue: a working ship deck beside a busy harbour,"One standalone square premium anime game portrait. Subject: Swedish man, visibly aged 60–69; pale cool skin; flaxen blond hair, in a rounded natural silhouette; a broad face and subtle facial asymmetry, substantial build; usurping court patron caught in a pirate conflict. Costume: layered forest-green travelling clothes and weathered leather; a restrained secondary cue from sea-green deck coat, sash and salt-worn boots. Action: turning sharply as fabric trails behind, a carved travelling staff. Setting: a terraced stone city beneath high aqueducts; secondary environment cue: a working ship deck beside a busy harbour. Exactly one main character, face clear; rich painted material light and fine anime contours matching audited current cast; strong diagonal composition, warm focal light, cooler background depth; no text, logos, labels, UI or borders. Only depict the two visible concepts fantasy and pirate. No robots, mechs, powered armour or cockpit. No katana or samurai clan costume. No ninja costume or covert-clan insignia. This is a distinct new person: do not reuse the reference face, olive complexion, hairstyle or previous-sheet identity. Render the specified skin tone clearly under neutral facial fill light; warm environmental light must not turn every face olive or tan. This is a distinct new person: do not reuse the reference face, olive complexion, hairstyle or previous-sheet identity. Render the specified skin tone clearly under neutral facial fill light; warm environmental light must not turn every face olive or tan.","Hidden affinity survival is internal metadata only: do not name, draw or hint at it in public art or epithet. Secondary cues must remain within visible affinities.",cast/v3/cv3_villain_019.webp,ART_EXPORTED_ASSET_QC_COMPLETE_ENGINE_REVIEW_PENDING,
cv3_villain_020,Lucia K. Vega,The Oath-Eating Blade,villain,Villain,shonen,"[""samurai"", ""fantasy""]",romance,"[""fantasy|romance"", ""fantasy|samurai"", ""romance|samurai""]","[""fantasy|romance"", ""fantasy|samurai"", ""romance|samurai""]","[""fantasy|romance"", ""fantasy|samurai"", ""romance|samurai""]",clan magistrate enforcing an unjust oath caught in a fantasy conflict,Asks permission even when in command. Uses this strength to justify controlling other people.,female,human,20–29,"Mexican diaspora; fictional crossover setting. Cultural basis guides identity, not a compulsory costume stereotype.","Mexican woman, visibly aged 20–29; medium tan skin with a warm golden undertone; dark wavy hair, in a rounded natural silhouette; a broad nose and strong jaw, solid muscular build; clan magistrate enforcing an unjust oath caught in a fantasy conflict",muted ochre haori over indigo hakama with a plain clan clasp; a restrained secondary cue from layered forest-green travelling clothes and weathered leather,"kneeling to inspect an important detail, a sheathed katana with visible hilt",a feudal gatehouse with a windswept stone approach; secondary environment cue: a terraced stone city beneath high aqueducts,"One standalone square premium anime game portrait. Subject: Mexican woman, visibly aged 20–29; medium tan skin with a warm golden undertone; dark wavy hair, in a rounded natural silhouette; a broad nose and strong jaw, solid muscular build; clan magistrate enforcing an unjust oath caught in a fantasy conflict. Costume: muted ochre haori over indigo hakama with a plain clan clasp; a restrained secondary cue from layered forest-green travelling clothes and weathered leather. Action: kneeling to inspect an important detail, a sheathed katana with visible hilt. Setting: a feudal gatehouse with a windswept stone approach; secondary environment cue: a terraced stone city beneath high aqueducts. Exactly one main character, face clear; rich painted material light and fine anime contours matching audited current cast; strong diagonal composition, warm focal light, cooler background depth; no text, logos, labels, UI or borders. Only depict the two visible concepts samurai and fantasy. Show a sheathed or carefully controlled sword, haori/hakama or retainer cue appropriate to the subject; no generic ninja substitution. No robots, mechs, powered armour or cockpit. No ninja costume or covert-clan insignia. This is a distinct new person: do not reuse the reference face, olive complexion, hairstyle or previous-sheet identity. Render the specified skin tone clearly under neutral facial fill light; warm environmental light must not turn every face olive or tan. This is a distinct new person: do not reuse the reference face, olive complexion, hairstyle or previous-sheet identity. Render the specified skin tone clearly under neutral facial fill light; warm environmental light must not turn every face olive or tan.","Hidden affinity romance is internal metadata only: do not name, draw or hint at it in public art or epithet. Secondary cues must remain within visible affinities.",cast/v3/cv3_villain_020.webp,ART_EXPORTED_ASSET_QC_COMPLETE_ENGINE_REVIEW_PENDING,
cv3_villain_021,Andre L. Morgan,The Iron Nightmare,villain,Villain,shonen,"[""mecha"", ""horror""]",magical,"[""horror|magical"", ""horror|mecha"", ""magical|mecha""]","[""horror|magical"", ""horror|mecha"", ""magical|mecha""]","[""horror|magical"", ""horror|mecha"", ""magical|mecha""]",fleet owner demanding obedience caught in a horror conflict,Hides worry behind meticulous preparation. Uses this strength to justify controlling other people.,male,human,20–29,"Jamaican-British diaspora; fictional crossover setting. Cultural basis guides identity, not a compulsory costume stereotype.","Jamaican-British man, visibly aged 20–29; deep brown skin; black locs, tied back with loose temple strands; a square face and heavy brows, broad-shouldered build; fleet owner demanding obedience caught in a horror conflict",practical flight suit with harness and work gloves; a restrained secondary cue from charcoal raincoat with a single pale lining,"bracing against a gust with steady eye contact, a cockpit control grip",an open cockpit with a large mech shoulder in the hangar beyond; secondary environment cue: an abandoned station with a single lit doorway,"One standalone square premium anime game portrait. Subject: Jamaican-British man, visibly aged 20–29; deep brown skin; black locs, tied back with loose temple strands; a square face and heavy brows, broad-shouldered build; fleet owner demanding obedience caught in a horror conflict. Costume: practical flight suit with harness and work gloves; a restrained secondary cue from charcoal raincoat with a single pale lining. Action: bracing against a gust with steady eye contact, a cockpit control grip. Setting: an open cockpit with a large mech shoulder in the hangar beyond; secondary environment cue: an abandoned station with a single lit doorway. Exactly one main character, face clear; rich painted material light and fine anime contours matching audited current cast; strong diagonal composition, warm focal light, cooler background depth; no text, logos, labels, UI or borders. Only depict the two visible concepts mecha and horror. Show unmistakable functional cockpit, mech shoulder or support rig; keep the character as the focus. No katana or samurai clan costume. No ninja costume or covert-clan insignia. This is a distinct new person: do not reuse the reference face, olive complexion, hairstyle or previous-sheet identity. Render the specified skin tone clearly under neutral facial fill light; warm environmental light must not turn every face olive or tan. This is a distinct new person: do not reuse the reference face, olive complexion, hairstyle or previous-sheet identity. Render the specified skin tone clearly under neutral facial fill light; warm environmental light must not turn every face olive or tan.","Hidden affinity magical is internal metadata only: do not name, draw or hint at it in public art or epithet. Secondary cues must remain within visible affinities.",cast/v3/cv3_villain_021.webp,ART_EXPORTED_ASSET_QC_COMPLETE_ENGINE_REVIEW_PENDING,
cv3_villain_022,Rania L. Nasser,The Winter Terror,villain,Villain,shonen,"[""horror"", ""nordic""]",space,"[""horror|nordic"", ""horror|space"", ""nordic|space""]","[""horror|nordic"", ""horror|space"", ""nordic|space""]","[""horror|nordic"", ""horror|space"", ""nordic|space""]",keeper of a predatory refuge caught in a nordic conflict,Writes down the questions nobody answered. Uses this strength to justify controlling other people.,female,human,30–39,"Lebanese diaspora; fictional crossover setting. Cultural basis guides identity, not a compulsory costume stereotype.","Lebanese woman, visibly aged 30–39; light warm skin; thick dark curls, tied back with loose temple strands; a softly angular face, full lips and a strong neck, stocky build; keeper of a predatory refuge caught in a nordic conflict",charcoal raincoat with a single pale lining; a restrained secondary cue from weatherproof navy wool layers with simple leather fastenings,"leaning over a low rail while extending the main prop, a shaded lantern held away from the face",an abandoned station with a single lit doorway; secondary environment cue: a working northern harbour under cold daylight,"One standalone square premium anime game portrait. Subject: Lebanese woman, visibly aged 30–39; light warm skin; thick dark curls, tied back with loose temple strands; a softly angular face, full lips and a strong neck, stocky build; keeper of a predatory refuge caught in a nordic conflict. Costume: charcoal raincoat with a single pale lining; a restrained secondary cue from weatherproof navy wool layers with simple leather fastenings. Action: leaning over a low rail while extending the main prop, a shaded lantern held away from the face. Setting: an abandoned station with a single lit doorway; secondary environment cue: a working northern harbour under cold daylight. Exactly one main character, face clear; rich painted material light and fine anime contours matching audited current cast; strong diagonal composition, warm focal light, cooler background depth; no text, logos, labels, UI or borders. Only depict the two visible concepts horror and nordic. Northern maritime realism; no horned helmets, rune magic or automatic Viking costume. No robots, mechs, powered armour or cockpit. No katana or samurai clan costume. No ninja costume or covert-clan insignia. This is a distinct new person: do not reuse the reference face, olive complexion, hairstyle or previous-sheet identity. Render the specified skin tone clearly under neutral facial fill light; warm environmental light must not turn every face olive or tan. This is a distinct new person: do not reuse the reference face, olive complexion, hairstyle or previous-sheet identity. Render the specified skin tone clearly under neutral facial fill light; warm environmental light must not turn every face olive or tan.","Hidden affinity space is internal metadata only: do not name, draw or hint at it in public art or epithet. Secondary cues must remain within visible affinities.",cast/v3/cv3_villain_022.webp,ART_EXPORTED_ASSET_QC_COMPLETE_ENGINE_REVIEW_PENDING,
cv3_villain_023,Lukasz L. Kowalski,The Gallows Duelist,villain,Villain,shonen,"[""samurai"", ""horror""]",survival,"[""horror|samurai"", ""horror|survival"", ""samurai|survival""]","[""horror|samurai"", ""samurai|survival""]","[""horror|samurai"", ""samurai|survival""]",clan magistrate enforcing an unjust oath caught in a horror conflict,Finds courage in small routines. Uses this strength to justify controlling other people.,male,human,40–49,"Polish diaspora; fictional crossover setting. Cultural basis guides identity, not a compulsory costume stereotype.","Polish man, visibly aged 40–49; fair neutral skin; ash-blond hair, with a side part and visible silver streaks; a mature face with crow’s-feet and a strong jaw, average build; clan magistrate enforcing an unjust oath caught in a horror conflict",muted ochre haori over indigo hakama with a plain clan clasp; a restrained secondary cue from charcoal raincoat with a single pale lining,"moving laterally across the scene in a controlled stride, a sheathed katana with visible hilt",a feudal gatehouse with a windswept stone approach; secondary environment cue: an abandoned station with a single lit doorway,"One standalone square premium anime game portrait. Subject: Polish man, visibly aged 40–49; fair neutral skin; ash-blond hair, with a side part and visible silver streaks; a mature face with crow’s-feet and a strong jaw, average build; clan magistrate enforcing an unjust oath caught in a horror conflict. Costume: muted ochre haori over indigo hakama with a plain clan clasp; a restrained secondary cue from charcoal raincoat with a single pale lining. Action: moving laterally across the scene in a controlled stride, a sheathed katana with visible hilt. Setting: a feudal gatehouse with a windswept stone approach; secondary environment cue: an abandoned station with a single lit doorway. Exactly one main character, face clear; rich painted material light and fine anime contours matching audited current cast; strong diagonal composition, warm focal light, cooler background depth; no text, logos, labels, UI or borders. Only depict the two visible concepts samurai and horror. Show a sheathed or carefully controlled sword, haori/hakama or retainer cue appropriate to the subject; no generic ninja substitution. No robots, mechs, powered armour or cockpit. No ninja costume or covert-clan insignia. This is a distinct new person: do not reuse the reference face, olive complexion, hairstyle or previous-sheet identity. Render the specified skin tone clearly under neutral facial fill light; warm environmental light must not turn every face olive or tan. This is a distinct new person: do not reuse the reference face, olive complexion, hairstyle or previous-sheet identity. Render the specified skin tone clearly under neutral facial fill light; warm environmental light must not turn every face olive or tan.","Hidden affinity survival is internal metadata only: do not name, draw or hint at it in public art or epithet. Secondary cues must remain within visible affinities.",cast/v3/cv3_villain_023.webp,ART_EXPORTED_ASSET_QC_COMPLETE_ENGINE_REVIEW_PENDING,
cv3_villain_024,Sana L. Khan,The Dead's Applause,villain,Villain,shonen,"[""supernatural"", ""idol""]",isekai,"[""idol|isekai"", ""idol|supernatural"", ""isekai|supernatural""]","[""idol|isekai"", ""idol|supernatural"", ""isekai|supernatural""]","[""idol|isekai"", ""idol|supernatural"", ""isekai|supernatural""]",broker who exploits unseen obligations caught in a idol conflict,Remembers the weather on important days. Uses this strength to justify controlling other people.,female,human,50–59,"Pakistani diaspora; fictional crossover setting. Cultural basis guides identity, not a compulsory costume stereotype.","Pakistani woman, visibly aged 50–59; medium brown skin; soft black waves, with a side part and visible silver streaks; a calm oval face and broad nose, average build; broker who exploits unseen obligations caught in a idol conflict",deep-violet everyday layers with pale cord fastenings; a restrained secondary cue from ink-blue stage jacket with silver geometric piping,"standing calmly while the environment moves around them, a simple paper charm without marks",an old city lane with subtle impossible reflections; secondary environment cue: a rehearsal stage with blurred amber footlights,"One standalone square premium anime game portrait. Subject: Pakistani woman, visibly aged 50–59; medium brown skin; soft black waves, with a side part and visible silver streaks; a calm oval face and broad nose, average build; broker who exploits unseen obligations caught in a idol conflict. Costume: deep-violet everyday layers with pale cord fastenings; a restrained secondary cue from ink-blue stage jacket with silver geometric piping. Action: standing calmly while the environment moves around them, a simple paper charm without marks. Setting: an old city lane with subtle impossible reflections; secondary environment cue: a rehearsal stage with blurred amber footlights. Exactly one main character, face clear; rich painted material light and fine anime contours matching audited current cast; strong diagonal composition, warm focal light, cooler background depth; no text, logos, labels, UI or borders. Only depict the two visible concepts supernatural and idol. No robots, mechs, powered armour or cockpit. No katana or samurai clan costume. No ninja costume or covert-clan insignia. This is a distinct new person: do not reuse the reference face, olive complexion, hairstyle or previous-sheet identity. Render the specified skin tone clearly under neutral facial fill light; warm environmental light must not turn every face olive or tan. This is a distinct new person: do not reuse the reference face, olive complexion, hairstyle or previous-sheet identity. Render the specified skin tone clearly under neutral facial fill light; warm environmental light must not turn every face olive or tan.","Hidden affinity isekai is internal metadata only: do not name, draw or hint at it in public art or epithet. Secondary cues must remain within visible affinities.",cast/v3/cv3_villain_024.webp,ART_EXPORTED_ASSET_QC_COMPLETE_ENGINE_REVIEW_PENDING,
cv3_villain_025,Paolo L. Santos,The Wish-Eating Star,villain,Villain,shonen,"[""idol"", ""magical""]",mythology,"[""idol|magical"", ""idol|mythology"", ""magical|mythology""]","[""idol|magical"", ""idol|mythology"", ""magical|mythology""]","[""idol|magical"", ""idol|mythology"", ""magical|mythology""]",star who controls the spotlight caught in a magical conflict,Will cross a city to return a borrowed tool. Uses this strength to justify controlling other people.,male,human,20–29,"Filipino diaspora; fictional crossover setting. Cultural basis guides identity, not a compulsory costume stereotype.","Filipino man, visibly aged 20–29; warm medium-brown skin; straight dark hair, with an undercut and a long top; a long narrow face and prominent nose, tall lean build; star who controls the spotlight caught in a magical conflict",ink-blue stage jacket with silver geometric piping; a restrained secondary cue from plum layered costume with one geometric brooch,"pivoting into the light with a determined sideways glance, a wireless microphone",a rehearsal stage with blurred amber footlights; secondary environment cue: a twilight plaza with a controlled halo of light,"One standalone square premium anime game portrait. Subject: Filipino man, visibly aged 20–29; warm medium-brown skin; straight dark hair, with an undercut and a long top; a long narrow face and prominent nose, tall lean build; star who controls the spotlight caught in a magical conflict. Costume: ink-blue stage jacket with silver geometric piping; a restrained secondary cue from plum layered costume with one geometric brooch. Action: pivoting into the light with a determined sideways glance, a wireless microphone. Setting: a rehearsal stage with blurred amber footlights; secondary environment cue: a twilight plaza with a controlled halo of light. Exactly one main character, face clear; rich painted material light and fine anime contours matching audited current cast; strong diagonal composition, warm focal light, cooler background depth; no text, logos, labels, UI or borders. Only depict the two visible concepts idol and magical. No robots, mechs, powered armour or cockpit. No katana or samurai clan costume. No ninja costume or covert-clan insignia. This is a distinct new person: do not reuse the reference face, olive complexion, hairstyle or previous-sheet identity. Render the specified skin tone clearly under neutral facial fill light; warm environmental light must not turn every face olive or tan. This is a distinct new person: do not reuse the reference face, olive complexion, hairstyle or previous-sheet identity. Render the specified skin tone clearly under neutral facial fill light; warm environmental light must not turn every face olive or tan.","Hidden affinity mythology is internal metadata only: do not name, draw or hint at it in public art or epithet. Secondary cues must remain within visible affinities.",cast/v3/cv3_villain_025.webp,ART_EXPORTED_ASSET_QC_COMPLETE_ENGINE_REVIEW_PENDING,
cv3_villain_026,Wanjiku L. Njoroge,The Golden Retainer,villain,Villain,shonen,"[""samurai"", ""idol""]",space,"[""idol|samurai"", ""idol|space"", ""samurai|space""]","[""idol|samurai"", ""idol|space"", ""samurai|space""]","[""idol|samurai"", ""idol|space"", ""samurai|space""]",clan magistrate enforcing an unjust oath caught in a idol conflict,Refuses to confuse obedience with loyalty. Uses this strength to justify controlling other people.,female,human,30–39,"Kenyan diaspora; fictional crossover setting. Cultural basis guides identity, not a compulsory costume stereotype.","Kenyan woman, visibly aged 30–39; very deep cool-brown skin; short tightly curled black hair, with an undercut and a long top; a long face with fine smile lines, slim build; clan magistrate enforcing an unjust oath caught in a idol conflict",muted ochre haori over indigo hakama with a plain clan clasp; a restrained secondary cue from ink-blue stage jacket with silver geometric piping,"taking one measured step toward the viewer, a sheathed katana with visible hilt",a feudal gatehouse with a windswept stone approach; secondary environment cue: a rehearsal stage with blurred amber footlights,"One standalone square premium anime game portrait. Subject: Kenyan woman, visibly aged 30–39; very deep cool-brown skin; short tightly curled black hair, with an undercut and a long top; a long face with fine smile lines, slim build; clan magistrate enforcing an unjust oath caught in a idol conflict. Costume: muted ochre haori over indigo hakama with a plain clan clasp; a restrained secondary cue from ink-blue stage jacket with silver geometric piping. Action: taking one measured step toward the viewer, a sheathed katana with visible hilt. Setting: a feudal gatehouse with a windswept stone approach; secondary environment cue: a rehearsal stage with blurred amber footlights. Exactly one main character, face clear; rich painted material light and fine anime contours matching audited current cast; strong diagonal composition, warm focal light, cooler background depth; no text, logos, labels, UI or borders. Only depict the two visible concepts samurai and idol. Show a sheathed or carefully controlled sword, haori/hakama or retainer cue appropriate to the subject; no generic ninja substitution. No robots, mechs, powered armour or cockpit. No ninja costume or covert-clan insignia. This is a distinct new person: do not reuse the reference face, olive complexion, hairstyle or previous-sheet identity. Render the specified skin tone clearly under neutral facial fill light; warm environmental light must not turn every face olive or tan. This is a distinct new person: do not reuse the reference face, olive complexion, hairstyle or previous-sheet identity. Render the specified skin tone clearly under neutral facial fill light; warm environmental light must not turn every face olive or tan.","Hidden affinity space is internal metadata only: do not name, draw or hint at it in public art or epithet. Secondary cues must remain within visible affinities.",cast/v3/cv3_villain_026.webp,ART_EXPORTED_ASSET_QC_COMPLETE_ENGINE_REVIEW_PENDING,
cv3_villain_027,Malik L. Sarr,The Unwelcome Homecoming,villain,Villain,shojo,"[""slice"", ""isekai""]",martial,"[""isekai|martial"", ""isekai|slice"", ""martial|slice""]","[""isekai|martial"", ""isekai|slice"", ""martial|slice""]","[""isekai|martial"", ""isekai|slice"", ""martial|slice""]",gatekeeper of a comfortable status quo caught in a isekai conflict,Keeps every promise in a pocket ledger. Uses this strength to justify controlling other people.,male,human,60–69,"French-Senegalese mixed heritage; fictional crossover setting. Cultural basis guides identity, not a compulsory costume stereotype.","French-Senegalese man, visibly aged 60–69; dark brown skin; dark natural curls, in two practical braids; a small chin and rounded cheeks, short slight build; gatekeeper of a comfortable status quo caught in a isekai conflict","moss cardigan, canvas trousers and comfortable shoes; a restrained secondary cue from modern travel layer over locally repaired woven clothing","turning sharply as fabric trails behind, a ceramic mug and a small notebook without writing",a sunlit neighbourhood courtyard; secondary environment cue: a foreign city gate with a quiet portal far behind,"One standalone square premium anime game portrait. Subject: French-Senegalese man, visibly aged 60–69; dark brown skin; dark natural curls, in two practical braids; a small chin and rounded cheeks, short slight build; gatekeeper of a comfortable status quo caught in a isekai conflict. Costume: moss cardigan, canvas trousers and comfortable shoes; a restrained secondary cue from modern travel layer over locally repaired woven clothing. Action: turning sharply as fabric trails behind, a ceramic mug and a small notebook without writing. Setting: a sunlit neighbourhood courtyard; secondary environment cue: a foreign city gate with a quiet portal far behind. Exactly one main character, face clear; rich painted material light and fine anime contours matching audited current cast; strong diagonal composition, warm focal light, cooler background depth; no text, logos, labels, UI or borders. Only depict the two visible concepts slice and isekai. No robots, mechs, powered armour or cockpit. No katana or samurai clan costume. No ninja costume or covert-clan insignia. This is a distinct new person: do not reuse the reference face, olive complexion, hairstyle or previous-sheet identity. Render the specified skin tone clearly under neutral facial fill light; warm environmental light must not turn every face olive or tan. This is a distinct new person: do not reuse the reference face, olive complexion, hairstyle or previous-sheet identity. Render the specified skin tone clearly under neutral facial fill light; warm environmental light must not turn every face olive or tan.","Hidden affinity martial is internal metadata only: do not name, draw or hint at it in public art or epithet. Secondary cues must remain within visible affinities.",cast/v3/cv3_villain_027.webp,ART_EXPORTED_ASSET_QC_COMPLETE_ENGINE_REVIEW_PENDING,
cv3_villain_028,Misaki L. Fujimori,The Fabricated Portal,villain,Villain,shojo,"[""isekai"", ""mystery""]",nordic,"[""isekai|mystery"", ""isekai|nordic"", ""mystery|nordic""]","[""isekai|mystery"", ""isekai|nordic"", ""mystery|nordic""]","[""isekai|mystery"", ""isekai|nordic"", ""mystery|nordic""]",self-appointed ruler from elsewhere caught in a mystery conflict,Repairs things while thinking through an apology. Uses this strength to justify controlling other people.,female,human,20–29,"Japanese; fictional crossover setting. Cultural basis guides identity, not a compulsory costume stereotype.","Japanese woman, visibly aged 20–29; light ivory skin with a cool undertone; straight blue-black hair, in two practical braids; a pointed chin and prominent cheekbones, wiry build; self-appointed ruler from elsewhere caught in a mystery conflict",modern travel layer over locally repaired woven clothing; a restrained secondary cue from slate tailored coat with a mustard scarf,"kneeling to inspect an important detail, an ordinary satchel beside an unfamiliar gate token",a foreign city gate with a quiet portal far behind; secondary environment cue: a rainlit archive doorway,"One standalone square premium anime game portrait. Subject: Japanese woman, visibly aged 20–29; light ivory skin with a cool undertone; straight blue-black hair, in two practical braids; a pointed chin and prominent cheekbones, wiry build; self-appointed ruler from elsewhere caught in a mystery conflict. Costume: modern travel layer over locally repaired woven clothing; a restrained secondary cue from slate tailored coat with a mustard scarf. Action: kneeling to inspect an important detail, an ordinary satchel beside an unfamiliar gate token. Setting: a foreign city gate with a quiet portal far behind; secondary environment cue: a rainlit archive doorway. Exactly one main character, face clear; rich painted material light and fine anime contours matching audited current cast; strong diagonal composition, warm focal light, cooler background depth; no text, logos, labels, UI or borders. Only depict the two visible concepts isekai and mystery. No robots, mechs, powered armour or cockpit. No katana or samurai clan costume. No ninja costume or covert-clan insignia. This is a distinct new person: do not reuse the reference face, olive complexion, hairstyle or previous-sheet identity. Render the specified skin tone clearly under neutral facial fill light; warm environmental light must not turn every face olive or tan. This is a distinct new person: do not reuse the reference face, olive complexion, hairstyle or previous-sheet identity. Render the specified skin tone clearly under neutral facial fill light; warm environmental light must not turn every face olive or tan.","Hidden affinity nordic is internal metadata only: do not name, draw or hint at it in public art or epithet. Secondary cues must remain within visible affinities.",cast/v3/cv3_villain_028.webp,ART_EXPORTED_ASSET_QC_COMPLETE_ENGINE_REVIEW_PENDING,
cv3_villain_029,Kwame L. Owusu,The Heartless Oracle,villain,Villain,shojo,"[""mythology"", ""romance""]",isekai,"[""isekai|mythology"", ""isekai|romance"", ""mythology|romance""]","[""isekai|mythology"", ""isekai|romance"", ""mythology|romance""]","[""isekai|mythology"", ""isekai|romance"", ""mythology|romance""]",custodian claiming divine authority caught in a romance conflict,Asks the quietest person for their view first. Uses this strength to justify controlling other people.,male,human,20–29,"Ghanaian-British diaspora; fictional crossover setting. Cultural basis guides identity, not a compulsory costume stereotype.","Ghanaian-British man, visibly aged 20–29; very deep brown skin with warm highlights; tightly coiled black hair, short and softly tousled; a round face and soft cheeks, sturdy build; custodian claiming divine authority caught in a romance conflict",cream woven layers with bronze abstract motifs; a restrained secondary cue from rose-lined everyday jacket and a carefully mended scarf,"bracing against a gust with steady eye contact, a weathered ceremonial vessel",a hilltop sanctuary with uninscribed stone reliefs; secondary environment cue: a station garden in late afternoon,"One standalone square premium anime game portrait. Subject: Ghanaian-British man, visibly aged 20–29; very deep brown skin with warm highlights; tightly coiled black hair, short and softly tousled; a round face and soft cheeks, sturdy build; custodian claiming divine authority caught in a romance conflict. Costume: cream woven layers with bronze abstract motifs; a restrained secondary cue from rose-lined everyday jacket and a carefully mended scarf. Action: bracing against a gust with steady eye contact, a weathered ceremonial vessel. Setting: a hilltop sanctuary with uninscribed stone reliefs; secondary environment cue: a station garden in late afternoon. Exactly one main character, face clear; rich painted material light and fine anime contours matching audited current cast; strong diagonal composition, warm focal light, cooler background depth; no text, logos, labels, UI or borders. Only depict the two visible concepts mythology and romance. No robots, mechs, powered armour or cockpit. No katana or samurai clan costume. No ninja costume or covert-clan insignia. This is a distinct new person: do not reuse the reference face, olive complexion, hairstyle or previous-sheet identity. Render the specified skin tone clearly under neutral facial fill light; warm environmental light must not turn every face olive or tan. This is a distinct new person: do not reuse the reference face, olive complexion, hairstyle or previous-sheet identity. Render the specified skin tone clearly under neutral facial fill light; warm environmental light must not turn every face olive or tan.","Hidden affinity isekai is internal metadata only: do not name, draw or hint at it in public art or epithet. Secondary cues must remain within visible affinities.",cast/v3/cv3_villain_029.webp,ART_EXPORTED_ASSET_QC_COMPLETE_ENGINE_REVIEW_PENDING,
cv3_villain_030,Orla L. Doyle,The Stranger's Shogun,villain,Villain,shojo,"[""samurai"", ""isekai""]",mythology,"[""isekai|mythology"", ""isekai|samurai"", ""mythology|samurai""]","[""isekai|mythology"", ""isekai|samurai"", ""mythology|samurai""]","[""isekai|samurai"", ""mythology|samurai""]",clan magistrate enforcing an unjust oath caught in a isekai conflict,Practises difficult conversations before dawn. Uses this strength to justify controlling other people.,female,human,30–39,"Irish diaspora; fictional crossover setting. Cultural basis guides identity, not a compulsory costume stereotype.","Irish woman, visibly aged 30–39; very fair pink-toned skin with conspicuous natural freckles; copper-red hair, short and softly tousled; a heart-shaped face and a wide smile, compact athletic build; clan magistrate enforcing an unjust oath caught in a isekai conflict",muted ochre haori over indigo hakama with a plain clan clasp; a restrained secondary cue from modern travel layer over locally repaired woven clothing,"leaning over a low rail while extending the main prop, a sheathed katana with visible hilt",a feudal gatehouse with a windswept stone approach; secondary environment cue: a foreign city gate with a quiet portal far behind,"One standalone square premium anime game portrait. Subject: Irish woman, visibly aged 30–39; very fair pink-toned skin with conspicuous natural freckles; copper-red hair, short and softly tousled; a heart-shaped face and a wide smile, compact athletic build; clan magistrate enforcing an unjust oath caught in a isekai conflict. Costume: muted ochre haori over indigo hakama with a plain clan clasp; a restrained secondary cue from modern travel layer over locally repaired woven clothing. Action: leaning over a low rail while extending the main prop, a sheathed katana with visible hilt. Setting: a feudal gatehouse with a windswept stone approach; secondary environment cue: a foreign city gate with a quiet portal far behind. Exactly one main character, face clear; rich painted material light and fine anime contours matching audited current cast; strong diagonal composition, warm focal light, cooler background depth; no text, logos, labels, UI or borders. Only depict the two visible concepts samurai and isekai. Show a sheathed or carefully controlled sword, haori/hakama or retainer cue appropriate to the subject; no generic ninja substitution. No robots, mechs, powered armour or cockpit. No ninja costume or covert-clan insignia. This is a distinct new person: do not reuse the reference face, olive complexion, hairstyle or previous-sheet identity. Render the specified skin tone clearly under neutral facial fill light; warm environmental light must not turn every face olive or tan. This is a distinct new person: do not reuse the reference face, olive complexion, hairstyle or previous-sheet identity. Render the specified skin tone clearly under neutral facial fill light; warm environmental light must not turn every face olive or tan.","Hidden affinity mythology is internal metadata only: do not name, draw or hint at it in public art or epithet. Secondary cues must remain within visible affinities.",cast/v3/cv3_villain_030.webp,ART_EXPORTED_ASSET_QC_COMPLETE_ENGINE_REVIEW_PENDING,
cv3_villain_031,Arjun L. Iyer,The Otherworld Corsair,villain,Villain,shojo,"[""isekai"", ""pirate""]",space,"[""isekai|pirate"", ""isekai|space"", ""pirate|space""]","[""isekai|pirate"", ""isekai|space"", ""pirate|space""]","[""isekai|pirate"", ""isekai|space"", ""pirate|space""]",self-appointed ruler from elsewhere caught in a pirate conflict,Remembers kindness longer than insults. Uses this strength to justify controlling other people.,male,human,40–49,"Indian diaspora; fictional crossover setting. Cultural basis guides identity, not a compulsory costume stereotype.","Indian man, visibly aged 40–49; medium-deep warm brown skin; thick dark hair, swept back from a broad forehead; a wide face and close-set brows, tall robust build; self-appointed ruler from elsewhere caught in a pirate conflict","modern travel layer over locally repaired woven clothing; a restrained secondary cue from sea-green deck coat, sash and salt-worn boots","moving laterally across the scene in a controlled stride, an ordinary satchel beside an unfamiliar gate token",a foreign city gate with a quiet portal far behind; secondary environment cue: a working ship deck beside a busy harbour,"One standalone square premium anime game portrait. Subject: Indian man, visibly aged 40–49; medium-deep warm brown skin; thick dark hair, swept back from a broad forehead; a wide face and close-set brows, tall robust build; self-appointed ruler from elsewhere caught in a pirate conflict. Costume: modern travel layer over locally repaired woven clothing; a restrained secondary cue from sea-green deck coat, sash and salt-worn boots. Action: moving laterally across the scene in a controlled stride, an ordinary satchel beside an unfamiliar gate token. Setting: a foreign city gate with a quiet portal far behind; secondary environment cue: a working ship deck beside a busy harbour. Exactly one main character, face clear; rich painted material light and fine anime contours matching audited current cast; strong diagonal composition, warm focal light, cooler background depth; no text, logos, labels, UI or borders. Only depict the two visible concepts isekai and pirate. No robots, mechs, powered armour or cockpit. No katana or samurai clan costume. No ninja costume or covert-clan insignia. This is a distinct new person: do not reuse the reference face, olive complexion, hairstyle or previous-sheet identity. Render the specified skin tone clearly under neutral facial fill light; warm environmental light must not turn every face olive or tan. This is a distinct new person: do not reuse the reference face, olive complexion, hairstyle or previous-sheet identity. Render the specified skin tone clearly under neutral facial fill light; warm environmental light must not turn every face olive or tan.","Hidden affinity space is internal metadata only: do not name, draw or hint at it in public art or epithet. Secondary cues must remain within visible affinities.",cast/v3/cv3_villain_031.webp,ART_EXPORTED_ASSET_QC_COMPLETE_ENGINE_REVIEW_PENDING,
cv3_villain_032,Sumin L. Han,The Exile's Mask,villain,Villain,shojo,"[""shinobi"", ""isekai""]",sports,"[""isekai|shinobi"", ""isekai|sports"", ""shinobi|sports""]","[""isekai|shinobi"", ""isekai|sports"", ""shinobi|sports""]","[""isekai|shinobi"", ""isekai|sports"", ""shinobi|sports""]",spymaster turning every alliance into leverage caught in a isekai conflict,Cannot resist improving a badly made plan. Uses this strength to justify controlling other people.,female,human,50–59,"Korean diaspora; fictional crossover setting. Cultural basis guides identity, not a compulsory costume stereotype.","Korean woman, visibly aged 50–59; fair beige skin with a neutral undertone; straight dark brown hair, swept back from a broad forehead; a broad face and subtle facial asymmetry, substantial build; spymaster turning every alliance into leverage caught in a isekai conflict","smoke-blue fitted field layers, cloth wraps and a compact tool pouch; a restrained secondary cue from modern travel layer over locally repaired woven clothing","standing calmly while the environment moves around them, a climbing cord and compact grappling hook",a tiled roof above a guarded archive at dusk; secondary environment cue: a foreign city gate with a quiet portal far behind,"One standalone square premium anime game portrait. Subject: Korean woman, visibly aged 50–59; fair beige skin with a neutral undertone; straight dark brown hair, swept back from a broad forehead; a broad face and subtle facial asymmetry, substantial build; spymaster turning every alliance into leverage caught in a isekai conflict. Costume: smoke-blue fitted field layers, cloth wraps and a compact tool pouch; a restrained secondary cue from modern travel layer over locally repaired woven clothing. Action: standing calmly while the environment moves around them, a climbing cord and compact grappling hook. Setting: a tiled roof above a guarded archive at dusk; secondary environment cue: a foreign city gate with a quiet portal far behind. Exactly one main character, face clear; rich painted material light and fine anime contours matching audited current cast; strong diagonal composition, warm focal light, cooler background depth; no text, logos, labels, UI or borders. Only depict the two visible concepts shinobi and isekai. Show covert positioning, a cord/tool pouch or stealth route; no branded headband or franchise symbols. No robots, mechs, powered armour or cockpit. No katana or samurai clan costume. This is a distinct new person: do not reuse the reference face, olive complexion, hairstyle or previous-sheet identity. Render the specified skin tone clearly under neutral facial fill light; warm environmental light must not turn every face olive or tan. This is a distinct new person: do not reuse the reference face, olive complexion, hairstyle or previous-sheet identity. Render the specified skin tone clearly under neutral facial fill light; warm environmental light must not turn every face olive or tan.","Hidden affinity sports is internal metadata only: do not name, draw or hint at it in public art or epithet. Secondary cues must remain within visible affinities.",cast/v3/cv3_villain_032.webp,ART_EXPORTED_ASSET_QC_COMPLETE_ENGINE_REVIEW_PENDING,
cv3_villain_033,Emeka L. Obi,The Cursed Scabbard,villain,Villain,shojo,"[""samurai"", ""magical""]",martial,"[""magical|martial"", ""magical|samurai"", ""martial|samurai""]","[""magical|martial"", ""magical|samurai"", ""martial|samurai""]","[""magical|martial"", ""magical|samurai"", ""martial|samurai""]",clan magistrate enforcing an unjust oath caught in a magical conflict,"Laughs when nervous, then does the difficult thing. Uses this strength to justify controlling other people.",male,human,20–29,"Nigerian diaspora; fictional crossover setting. Cultural basis guides identity, not a compulsory costume stereotype.","Nigerian man, visibly aged 20–29; rich dark brown skin; dense natural black curls, cropped close with a clean taper; a broad nose and strong jaw, solid muscular build; clan magistrate enforcing an unjust oath caught in a magical conflict",muted ochre haori over indigo hakama with a plain clan clasp; a restrained secondary cue from plum layered costume with one geometric brooch,"pivoting into the light with a determined sideways glance, a sheathed katana with visible hilt",a feudal gatehouse with a windswept stone approach; secondary environment cue: a twilight plaza with a controlled halo of light,"One standalone square premium anime game portrait. Subject: Nigerian man, visibly aged 20–29; rich dark brown skin; dense natural black curls, cropped close with a clean taper; a broad nose and strong jaw, solid muscular build; clan magistrate enforcing an unjust oath caught in a magical conflict. Costume: muted ochre haori over indigo hakama with a plain clan clasp; a restrained secondary cue from plum layered costume with one geometric brooch. Action: pivoting into the light with a determined sideways glance, a sheathed katana with visible hilt. Setting: a feudal gatehouse with a windswept stone approach; secondary environment cue: a twilight plaza with a controlled halo of light. Exactly one main character, face clear; rich painted material light and fine anime contours matching audited current cast; strong diagonal composition, warm focal light, cooler background depth; no text, logos, labels, UI or borders. Only depict the two visible concepts samurai and magical. Show a sheathed or carefully controlled sword, haori/hakama or retainer cue appropriate to the subject; no generic ninja substitution. No robots, mechs, powered armour or cockpit. No ninja costume or covert-clan insignia. This is a distinct new person: do not reuse the reference face, olive complexion, hairstyle or previous-sheet identity. Render the specified skin tone clearly under neutral facial fill light; warm environmental light must not turn every face olive or tan. This is a distinct new person: do not reuse the reference face, olive complexion, hairstyle or previous-sheet identity. Render the specified skin tone clearly under neutral facial fill light; warm environmental light must not turn every face olive or tan.","Hidden affinity martial is internal metadata only: do not name, draw or hint at it in public art or epithet. Secondary cues must remain within visible affinities.",cast/v3/cv3_villain_033.webp,ART_EXPORTED_ASSET_QC_COMPLETE_ENGINE_REVIEW_PENDING,
cv3_villain_034,Linnea L. Berg,The Wishbound Raider,villain,Villain,shojo,"[""magical"", ""pirate""]",romance,"[""magical|pirate"", ""magical|romance"", ""pirate|romance""]","[""magical|pirate"", ""magical|romance"", ""pirate|romance""]","[""magical|pirate"", ""magical|romance"", ""pirate|romance""]",guardian who hoards transformation power caught in a pirate conflict,Collects small gifts for people far from home. Uses this strength to justify controlling other people.,female,human,30–39,"Swedish northern coastal community; fictional crossover setting. Cultural basis guides identity, not a compulsory costume stereotype.","Swedish woman, visibly aged 30–39; pale cool skin; flaxen blond hair, cropped close with a clean taper; a square face and heavy brows, broad-shouldered build; guardian who hoards transformation power caught in a pirate conflict","plum layered costume with one geometric brooch; a restrained secondary cue from sea-green deck coat, sash and salt-worn boots","taking one measured step toward the viewer, a compact luminous focus",a twilight plaza with a controlled halo of light; secondary environment cue: a working ship deck beside a busy harbour,"One standalone square premium anime game portrait. Subject: Swedish woman, visibly aged 30–39; pale cool skin; flaxen blond hair, cropped close with a clean taper; a square face and heavy brows, broad-shouldered build; guardian who hoards transformation power caught in a pirate conflict. Costume: plum layered costume with one geometric brooch; a restrained secondary cue from sea-green deck coat, sash and salt-worn boots. Action: taking one measured step toward the viewer, a compact luminous focus. Setting: a twilight plaza with a controlled halo of light; secondary environment cue: a working ship deck beside a busy harbour. Exactly one main character, face clear; rich painted material light and fine anime contours matching audited current cast; strong diagonal composition, warm focal light, cooler background depth; no text, logos, labels, UI or borders. Only depict the two visible concepts magical and pirate. No robots, mechs, powered armour or cockpit. No katana or samurai clan costume. No ninja costume or covert-clan insignia. This is a distinct new person: do not reuse the reference face, olive complexion, hairstyle or previous-sheet identity. Render the specified skin tone clearly under neutral facial fill light; warm environmental light must not turn every face olive or tan. This is a distinct new person: do not reuse the reference face, olive complexion, hairstyle or previous-sheet identity. Render the specified skin tone clearly under neutral facial fill light; warm environmental light must not turn every face olive or tan.","Hidden affinity romance is internal metadata only: do not name, draw or hint at it in public art or epithet. Secondary cues must remain within visible affinities.",cast/v3/cv3_villain_034.webp,ART_EXPORTED_ASSET_QC_COMPLETE_ENGINE_REVIEW_PENDING,
cv3_villain_035,Mateo L. Torres,The Stolen Technique,villain,Villain,shojo,"[""shinobi"", ""magical""]",pirate,"[""magical|pirate"", ""magical|shinobi"", ""pirate|shinobi""]","[""magical|pirate"", ""magical|shinobi"", ""pirate|shinobi""]","[""magical|shinobi"", ""pirate|shinobi""]",spymaster turning every alliance into leverage caught in a magical conflict,Refuses credit until the whole team is named. Uses this strength to justify controlling other people.,male,human,60–69,"Mexican diaspora; fictional crossover setting. Cultural basis guides identity, not a compulsory costume stereotype.","Mexican man, visibly aged 60–69; medium tan skin with a warm golden undertone; dark wavy hair, worn in a high loose bun; a softly angular face, full lips and a strong neck, stocky build; spymaster turning every alliance into leverage caught in a magical conflict","smoke-blue fitted field layers, cloth wraps and a compact tool pouch; a restrained secondary cue from plum layered costume with one geometric brooch","turning sharply as fabric trails behind, a climbing cord and compact grappling hook",a tiled roof above a guarded archive at dusk; secondary environment cue: a twilight plaza with a controlled halo of light,"One standalone square premium anime game portrait. Subject: Mexican man, visibly aged 60–69; medium tan skin with a warm golden undertone; dark wavy hair, worn in a high loose bun; a softly angular face, full lips and a strong neck, stocky build; spymaster turning every alliance into leverage caught in a magical conflict. Costume: smoke-blue fitted field layers, cloth wraps and a compact tool pouch; a restrained secondary cue from plum layered costume with one geometric brooch. Action: turning sharply as fabric trails behind, a climbing cord and compact grappling hook. Setting: a tiled roof above a guarded archive at dusk; secondary environment cue: a twilight plaza with a controlled halo of light. Exactly one main character, face clear; rich painted material light and fine anime contours matching audited current cast; strong diagonal composition, warm focal light, cooler background depth; no text, logos, labels, UI or borders. Only depict the two visible concepts shinobi and magical. Show covert positioning, a cord/tool pouch or stealth route; no branded headband or franchise symbols. No robots, mechs, powered armour or cockpit. No katana or samurai clan costume. This is a distinct new person: do not reuse the reference face, olive complexion, hairstyle or previous-sheet identity. Render the specified skin tone clearly under neutral facial fill light; warm environmental light must not turn every face olive or tan. This is a distinct new person: do not reuse the reference face, olive complexion, hairstyle or previous-sheet identity. Render the specified skin tone clearly under neutral facial fill light; warm environmental light must not turn every face olive or tan.","Hidden affinity pirate is internal metadata only: do not name, draw or hint at it in public art or epithet. Secondary cues must remain within visible affinities.",cast/v3/cv3_villain_035.webp,ART_EXPORTED_ASSET_QC_COMPLETE_ENGINE_REVIEW_PENDING,
cv3_villain_036,Lian L. Lin,The Unquiet Wish,villain,Villain,shojo,"[""supernatural"", ""magical""]",space,"[""magical|space"", ""magical|supernatural"", ""space|supernatural""]","[""magical|space"", ""magical|supernatural"", ""space|supernatural""]","[""magical|space"", ""magical|supernatural"", ""space|supernatural""]",broker who exploits unseen obligations caught in a magical conflict,Takes enormous care with other people’s belongings. Uses this strength to justify controlling other people.,female,human,20–29,"Chinese diaspora; fictional crossover setting. Cultural basis guides identity, not a compulsory costume stereotype.","Chinese woman, visibly aged 20–29; light warm beige skin; straight jet-black hair, worn in a high loose bun; a mature face with crow’s-feet and a strong jaw, average build; broker who exploits unseen obligations caught in a magical conflict",deep-violet everyday layers with pale cord fastenings; a restrained secondary cue from plum layered costume with one geometric brooch,"kneeling to inspect an important detail, a simple paper charm without marks",an old city lane with subtle impossible reflections; secondary environment cue: a twilight plaza with a controlled halo of light,"One standalone square premium anime game portrait. Subject: Chinese woman, visibly aged 20–29; light warm beige skin; straight jet-black hair, worn in a high loose bun; a mature face with crow’s-feet and a strong jaw, average build; broker who exploits unseen obligations caught in a magical conflict. Costume: deep-violet everyday layers with pale cord fastenings; a restrained secondary cue from plum layered costume with one geometric brooch. Action: kneeling to inspect an important detail, a simple paper charm without marks. Setting: an old city lane with subtle impossible reflections; secondary environment cue: a twilight plaza with a controlled halo of light. Exactly one main character, face clear; rich painted material light and fine anime contours matching audited current cast; strong diagonal composition, warm focal light, cooler background depth; no text, logos, labels, UI or borders. Only depict the two visible concepts supernatural and magical. No robots, mechs, powered armour or cockpit. No katana or samurai clan costume. No ninja costume or covert-clan insignia. This is a distinct new person: do not reuse the reference face, olive complexion, hairstyle or previous-sheet identity. Render the specified skin tone clearly under neutral facial fill light; warm environmental light must not turn every face olive or tan. This is a distinct new person: do not reuse the reference face, olive complexion, hairstyle or previous-sheet identity. Render the specified skin tone clearly under neutral facial fill light; warm environmental light must not turn every face olive or tan.","Hidden affinity space is internal metadata only: do not name, draw or hint at it in public art or epithet. Secondary cues must remain within visible affinities.",cast/v3/cv3_villain_036.webp,ART_EXPORTED_ASSET_QC_COMPLETE_ENGINE_REVIEW_PENDING,
cv3_villain_037,Nadim M. Haddad,The Mechanised Fist,villain,Villain,shojo,"[""mecha"", ""martial""]",mythology,"[""martial|mecha"", ""martial|mythology"", ""mecha|mythology""]","[""martial|mecha"", ""martial|mythology"", ""mecha|mythology""]","[""martial|mecha"", ""martial|mythology"", ""mecha|mythology""]",fleet owner demanding obedience caught in a martial conflict,Turns every failure into a new rehearsal. Uses this strength to justify controlling other people.,male,human,20–29,"Lebanese diaspora; fictional crossover setting. Cultural basis guides identity, not a compulsory costume stereotype.","Lebanese man, visibly aged 20–29; light warm skin; thick dark curls, shoulder-length and swept to one side; a calm oval face and broad nose, average build; fleet owner demanding obedience caught in a martial conflict","practical flight suit with harness and work gloves; a restrained secondary cue from indigo training wrap, hand wraps and flexible trousers","bracing against a gust with steady eye contact, a cockpit control grip",an open cockpit with a large mech shoulder in the hangar beyond; secondary environment cue: a timber-floored training hall,"One standalone square premium anime game portrait. Subject: Lebanese man, visibly aged 20–29; light warm skin; thick dark curls, shoulder-length and swept to one side; a calm oval face and broad nose, average build; fleet owner demanding obedience caught in a martial conflict. Costume: practical flight suit with harness and work gloves; a restrained secondary cue from indigo training wrap, hand wraps and flexible trousers. Action: bracing against a gust with steady eye contact, a cockpit control grip. Setting: an open cockpit with a large mech shoulder in the hangar beyond; secondary environment cue: a timber-floored training hall. Exactly one main character, face clear; rich painted material light and fine anime contours matching audited current cast; strong diagonal composition, warm focal light, cooler background depth; no text, logos, labels, UI or borders. Only depict the two visible concepts mecha and martial. Show unmistakable functional cockpit, mech shoulder or support rig; keep the character as the focus. No katana or samurai clan costume. No ninja costume or covert-clan insignia. This is a distinct new person: do not reuse the reference face, olive complexion, hairstyle or previous-sheet identity. Render the specified skin tone clearly under neutral facial fill light; warm environmental light must not turn every face olive or tan. This is a distinct new person: do not reuse the reference face, olive complexion, hairstyle or previous-sheet identity. Render the specified skin tone clearly under neutral facial fill light; warm environmental light must not turn every face olive or tan.","Hidden affinity mythology is internal metadata only: do not name, draw or hint at it in public art or epithet. Secondary cues must remain within visible affinities.",cast/v3/cv3_villain_037.webp,ART_EXPORTED_ASSET_QC_COMPLETE_ENGINE_REVIEW_PENDING,
cv3_villain_038,Zofia M. Nowak,The Withheld Winter Shelter,villain,Villain,shojo,"[""nordic"", ""survival""]",martial,"[""martial|nordic"", ""martial|survival"", ""nordic|survival""]","[""martial|nordic"", ""martial|survival"", ""nordic|survival""]","[""martial|nordic"", ""martial|survival"", ""nordic|survival""]",owner of an isolated northern trade route caught in a survival conflict,Needs solitude after appearing fearless. Uses this strength to justify controlling other people.,female,human,30–39,"Polish diaspora; fictional crossover setting. Cultural basis guides identity, not a compulsory costume stereotype.","Polish woman, visibly aged 30–39; fair neutral skin; ash-blond hair, shoulder-length and swept to one side; a long narrow face and prominent nose, tall lean build; owner of an isolated northern trade route caught in a survival conflict",weatherproof navy wool layers with simple leather fastenings; a restrained secondary cue from sand-coloured weather shell with a compact rescue pack,"leaning over a low rail while extending the main prop, a coiled rescue rope",a working northern harbour under cold daylight; secondary environment cue: a broken mountain footbridge under clearing storm light,"One standalone square premium anime game portrait. Subject: Polish woman, visibly aged 30–39; fair neutral skin; ash-blond hair, shoulder-length and swept to one side; a long narrow face and prominent nose, tall lean build; owner of an isolated northern trade route caught in a survival conflict. Costume: weatherproof navy wool layers with simple leather fastenings; a restrained secondary cue from sand-coloured weather shell with a compact rescue pack. Action: leaning over a low rail while extending the main prop, a coiled rescue rope. Setting: a working northern harbour under cold daylight; secondary environment cue: a broken mountain footbridge under clearing storm light. Exactly one main character, face clear; rich painted material light and fine anime contours matching audited current cast; strong diagonal composition, warm focal light, cooler background depth; no text, logos, labels, UI or borders. Only depict the two visible concepts nordic and survival. Northern maritime realism; no horned helmets, rune magic or automatic Viking costume. No robots, mechs, powered armour or cockpit. No katana or samurai clan costume. No ninja costume or covert-clan insignia. This is a distinct new person: do not reuse the reference face, olive complexion, hairstyle or previous-sheet identity. Render the specified skin tone clearly under neutral facial fill light; warm environmental light must not turn every face olive or tan. This is a distinct new person: do not reuse the reference face, olive complexion, hairstyle or previous-sheet identity. Render the specified skin tone clearly under neutral facial fill light; warm environmental light must not turn every face olive or tan.","Hidden affinity martial is internal metadata only: do not name, draw or hint at it in public art or epithet. Secondary cues must remain within visible affinities.",cast/v3/cv3_villain_038.webp,ART_EXPORTED_ASSET_QC_COMPLETE_ENGINE_REVIEW_PENDING,
cv3_villain_039,Aamir M. Malik,The Iron Alibi,villain,Villain,shojo,"[""mecha"", ""mystery""]",nordic,"[""mecha|mystery"", ""mecha|nordic"", ""mystery|nordic""]","[""mecha|mystery"", ""mecha|nordic"", ""mystery|nordic""]","[""mecha|mystery"", ""mecha|nordic""]",fleet owner demanding obedience caught in a mystery conflict,Shares food before sharing a secret. Uses this strength to justify controlling other people.,male,human,40–49,"Pakistani diaspora; fictional crossover setting. Cultural basis guides identity, not a compulsory costume stereotype.","Pakistani man, visibly aged 40–49; medium brown skin; soft black waves, cut into a blunt chin-length bob; a long face with fine smile lines, slim build; fleet owner demanding obedience caught in a mystery conflict",practical flight suit with harness and work gloves; a restrained secondary cue from slate tailored coat with a mustard scarf,"moving laterally across the scene in a controlled stride, a cockpit control grip",an open cockpit with a large mech shoulder in the hangar beyond; secondary environment cue: a rainlit archive doorway,"One standalone square premium anime game portrait. Subject: Pakistani man, visibly aged 40–49; medium brown skin; soft black waves, cut into a blunt chin-length bob; a long face with fine smile lines, slim build; fleet owner demanding obedience caught in a mystery conflict. Costume: practical flight suit with harness and work gloves; a restrained secondary cue from slate tailored coat with a mustard scarf. Action: moving laterally across the scene in a controlled stride, a cockpit control grip. Setting: an open cockpit with a large mech shoulder in the hangar beyond; secondary environment cue: a rainlit archive doorway. Exactly one main character, face clear; rich painted material light and fine anime contours matching audited current cast; strong diagonal composition, warm focal light, cooler background depth; no text, logos, labels, UI or borders. Only depict the two visible concepts mecha and mystery. Show unmistakable functional cockpit, mech shoulder or support rig; keep the character as the focus. No katana or samurai clan costume. No ninja costume or covert-clan insignia. This is a distinct new person: do not reuse the reference face, olive complexion, hairstyle or previous-sheet identity. Render the specified skin tone clearly under neutral facial fill light; warm environmental light must not turn every face olive or tan. This is a distinct new person: do not reuse the reference face, olive complexion, hairstyle or previous-sheet identity. Render the specified skin tone clearly under neutral facial fill light; warm environmental light must not turn every face olive or tan.","Hidden affinity nordic is internal metadata only: do not name, draw or hint at it in public art or epithet. Secondary cues must remain within visible affinities.",cast/v3/cv3_villain_039.webp,ART_EXPORTED_ASSET_QC_COMPLETE_ENGINE_REVIEW_PENDING,
cv3_villain_040,Amihan M. Reyes,The Tyrant's Exoskeleton,villain,Villain,shojo,"[""mecha"", ""samurai""]",pirate,"[""mecha|pirate"", ""mecha|samurai"", ""pirate|samurai""]","[""mecha|pirate"", ""mecha|samurai"", ""pirate|samurai""]","[""mecha|pirate"", ""mecha|samurai"", ""pirate|samurai""]",fleet owner demanding obedience caught in a samurai conflict,Notices the missing chair before the guest arrives. Uses this strength to justify controlling other people.,female,human,50–59,"Filipino diaspora; fictional crossover setting. Cultural basis guides identity, not a compulsory costume stereotype.","Filipino woman, visibly aged 50–59; warm medium-brown skin; straight dark hair, cut into a blunt chin-length bob; a small chin and rounded cheeks, short slight build; fleet owner demanding obedience caught in a samurai conflict",practical flight suit with harness and work gloves; a restrained secondary cue from muted ochre haori over indigo hakama with a plain clan clasp,"standing calmly while the environment moves around them, a cockpit control grip",an open cockpit with a large mech shoulder in the hangar beyond; secondary environment cue: a feudal gatehouse with a windswept stone approach,"One standalone square premium anime game portrait. Subject: Filipino woman, visibly aged 50–59; warm medium-brown skin; straight dark hair, cut into a blunt chin-length bob; a small chin and rounded cheeks, short slight build; fleet owner demanding obedience caught in a samurai conflict. Costume: practical flight suit with harness and work gloves; a restrained secondary cue from muted ochre haori over indigo hakama with a plain clan clasp. Action: standing calmly while the environment moves around them, a cockpit control grip. Setting: an open cockpit with a large mech shoulder in the hangar beyond; secondary environment cue: a feudal gatehouse with a windswept stone approach. Exactly one main character, face clear; rich painted material light and fine anime contours matching audited current cast; strong diagonal composition, warm focal light, cooler background depth; no text, logos, labels, UI or borders. Only depict the two visible concepts mecha and samurai. Show unmistakable functional cockpit, mech shoulder or support rig; keep the character as the focus. Show a sheathed or carefully controlled sword, haori/hakama or retainer cue appropriate to the subject; no generic ninja substitution. No ninja costume or covert-clan insignia. This is a distinct new person: do not reuse the reference face, olive complexion, hairstyle or previous-sheet identity. Render the specified skin tone clearly under neutral facial fill light; warm environmental light must not turn every face olive or tan. This is a distinct new person: do not reuse the reference face, olive complexion, hairstyle or previous-sheet identity. Render the specified skin tone clearly under neutral facial fill light; warm environmental light must not turn every face olive or tan.","Hidden affinity pirate is internal metadata only: do not name, draw or hint at it in public art or epithet. Secondary cues must remain within visible affinities.",cast/v3/cv3_villain_040.webp,ART_EXPORTED_ASSET_QC_COMPLETE_ENGINE_REVIEW_PENDING,
cv3_villain_041,Kamau M. Mwangi,The Covert Colossus,villain,Villain,shojo,"[""mecha"", ""shinobi""]",romance,"[""mecha|romance"", ""mecha|shinobi"", ""romance|shinobi""]","[""mecha|shinobi"", ""romance|shinobi""]","[""mecha|shinobi"", ""romance|shinobi""]",fleet owner demanding obedience caught in a shinobi conflict,Always prepares a way back. Uses this strength to justify controlling other people.,male,human,20–29,"Kenyan diaspora; fictional crossover setting. Cultural basis guides identity, not a compulsory costume stereotype.","Kenyan man, visibly aged 20–29; very deep cool-brown skin; short tightly curled black hair, short and windswept; a pointed chin and prominent cheekbones, wiry build; fleet owner demanding obedience caught in a shinobi conflict","practical flight suit with harness and work gloves; a restrained secondary cue from smoke-blue fitted field layers, cloth wraps and a compact tool pouch","pivoting into the light with a determined sideways glance, a cockpit control grip",an open cockpit with a large mech shoulder in the hangar beyond; secondary environment cue: a tiled roof above a guarded archive at dusk,"One standalone square premium anime game portrait. Subject: Kenyan man, visibly aged 20–29; very deep cool-brown skin; short tightly curled black hair, short and windswept; a pointed chin and prominent cheekbones, wiry build; fleet owner demanding obedience caught in a shinobi conflict. Costume: practical flight suit with harness and work gloves; a restrained secondary cue from smoke-blue fitted field layers, cloth wraps and a compact tool pouch. Action: pivoting into the light with a determined sideways glance, a cockpit control grip. Setting: an open cockpit with a large mech shoulder in the hangar beyond; secondary environment cue: a tiled roof above a guarded archive at dusk. Exactly one main character, face clear; rich painted material light and fine anime contours matching audited current cast; strong diagonal composition, warm focal light, cooler background depth; no text, logos, labels, UI or borders. Only depict the two visible concepts mecha and shinobi. Show unmistakable functional cockpit, mech shoulder or support rig; keep the character as the focus. Show covert positioning, a cord/tool pouch or stealth route; no branded headband or franchise symbols. No katana or samurai clan costume. This is a distinct new person: do not reuse the reference face, olive complexion, hairstyle or previous-sheet identity. Render the specified skin tone clearly under neutral facial fill light; warm environmental light must not turn every face olive or tan. This is a distinct new person: do not reuse the reference face, olive complexion, hairstyle or previous-sheet identity. Render the specified skin tone clearly under neutral facial fill light; warm environmental light must not turn every face olive or tan.","Hidden affinity romance is internal metadata only: do not name, draw or hint at it in public art or epithet. Secondary cues must remain within visible affinities.",cast/v3/cv3_villain_041.webp,ART_EXPORTED_ASSET_QC_COMPLETE_ENGINE_REVIEW_PENDING,
cv3_villain_042,Aminata M. Diop,The Possessed Circuit,villain,Villain,shojo,"[""mecha"", ""supernatural""]",survival,"[""mecha|supernatural"", ""mecha|survival"", ""supernatural|survival""]","[""mecha|supernatural"", ""mecha|survival"", ""supernatural|survival""]","[""mecha|supernatural"", ""mecha|survival"", ""supernatural|survival""]",fleet owner demanding obedience caught in a supernatural conflict,Counts steps to settle a racing mind. Uses this strength to justify controlling other people.,female,human,30–39,"French-Senegalese mixed heritage; fictional crossover setting. Cultural basis guides identity, not a compulsory costume stereotype.","French-Senegalese woman, visibly aged 30–39; dark brown skin; dark natural curls, short and windswept; a round face and soft cheeks, sturdy build; fleet owner demanding obedience caught in a supernatural conflict",practical flight suit with harness and work gloves; a restrained secondary cue from deep-violet everyday layers with pale cord fastenings,"taking one measured step toward the viewer, a cockpit control grip",an open cockpit with a large mech shoulder in the hangar beyond; secondary environment cue: an old city lane with subtle impossible reflections,"One standalone square premium anime game portrait. Subject: French-Senegalese woman, visibly aged 30–39; dark brown skin; dark natural curls, short and windswept; a round face and soft cheeks, sturdy build; fleet owner demanding obedience caught in a supernatural conflict. Costume: practical flight suit with harness and work gloves; a restrained secondary cue from deep-violet everyday layers with pale cord fastenings. Action: taking one measured step toward the viewer, a cockpit control grip. Setting: an open cockpit with a large mech shoulder in the hangar beyond; secondary environment cue: an old city lane with subtle impossible reflections. Exactly one main character, face clear; rich painted material light and fine anime contours matching audited current cast; strong diagonal composition, warm focal light, cooler background depth; no text, logos, labels, UI or borders. Only depict the two visible concepts mecha and supernatural. Show unmistakable functional cockpit, mech shoulder or support rig; keep the character as the focus. No katana or samurai clan costume. No ninja costume or covert-clan insignia. This is a distinct new person: do not reuse the reference face, olive complexion, hairstyle or previous-sheet identity. Render the specified skin tone clearly under neutral facial fill light; warm environmental light must not turn every face olive or tan. This is a distinct new person: do not reuse the reference face, olive complexion, hairstyle or previous-sheet identity. Render the specified skin tone clearly under neutral facial fill light; warm environmental light must not turn every face olive or tan.","Hidden affinity survival is internal metadata only: do not name, draw or hint at it in public art or epithet. Secondary cues must remain within visible affinities.",cast/v3/cv3_villain_042.webp,ART_EXPORTED_ASSET_QC_COMPLETE_ENGINE_REVIEW_PENDING,
cv3_villain_043,Haruki M. Mizuhara,The War God's Claim,villain,Villain,shojo,"[""military"", ""mythology""]",space,"[""military|mythology"", ""military|space"", ""mythology|space""]","[""military|mythology"", ""military|space"", ""mythology|space""]","[""military|mythology"", ""military|space"", ""mythology|space""]",commander sacrificing people to doctrine caught in a mythology conflict,Trusts actions more than titles. Uses this strength to justify controlling other people.,male,human,60–69,"Japanese; fictional crossover setting. Cultural basis guides identity, not a compulsory costume stereotype.","Japanese man, visibly aged 60–69; light ivory skin with a cool undertone; straight blue-black hair, in a practical low braid; a heart-shaped face and a wide smile, compact athletic build; commander sacrificing people to doctrine caught in a mythology conflict",olive field jacket with blank unit tabs and practical boots; a restrained secondary cue from cream woven layers with bronze abstract motifs,"turning sharply as fabric trails behind, a folded unlettered field map",a floodlit logistics yard with supply vehicles; secondary environment cue: a hilltop sanctuary with uninscribed stone reliefs,"One standalone square premium anime game portrait. Subject: Japanese man, visibly aged 60–69; light ivory skin with a cool undertone; straight blue-black hair, in a practical low braid; a heart-shaped face and a wide smile, compact athletic build; commander sacrificing people to doctrine caught in a mythology conflict. Costume: olive field jacket with blank unit tabs and practical boots; a restrained secondary cue from cream woven layers with bronze abstract motifs. Action: turning sharply as fabric trails behind, a folded unlettered field map. Setting: a floodlit logistics yard with supply vehicles; secondary environment cue: a hilltop sanctuary with uninscribed stone reliefs. Exactly one main character, face clear; rich painted material light and fine anime contours matching audited current cast; strong diagonal composition, warm focal light, cooler background depth; no text, logos, labels, UI or borders. Only depict the two visible concepts military and mythology. No robots, mechs, powered armour or cockpit. No katana or samurai clan costume. No ninja costume or covert-clan insignia. This is a distinct new person: do not reuse the reference face, olive complexion, hairstyle or previous-sheet identity. Render the specified skin tone clearly under neutral facial fill light; warm environmental light must not turn every face olive or tan. This is a distinct new person: do not reuse the reference face, olive complexion, hairstyle or previous-sheet identity. Render the specified skin tone clearly under neutral facial fill light; warm environmental light must not turn every face olive or tan.","Hidden affinity space is internal metadata only: do not name, draw or hint at it in public art or epithet. Secondary cues must remain within visible affinities.",cast/v3/cv3_villain_043.webp,ART_EXPORTED_ASSET_QC_COMPLETE_ENGINE_REVIEW_PENDING,
cv3_villain_044,Abena M. Mensah,The Clan's Iron Levy,villain,Villain,shojo,"[""samurai"", ""military""]",sports,"[""military|samurai"", ""military|sports"", ""samurai|sports""]","[""military|samurai"", ""military|sports"", ""samurai|sports""]","[""military|samurai"", ""military|sports"", ""samurai|sports""]",clan magistrate enforcing an unjust oath caught in a military conflict,Makes room for a rival to change. Uses this strength to justify controlling other people.,female,human,20–29,"Ghanaian-British diaspora; fictional crossover setting. Cultural basis guides identity, not a compulsory costume stereotype.","Ghanaian-British woman, visibly aged 20–29; very deep brown skin with warm highlights; tightly coiled black hair, in a practical low braid; a wide face and close-set brows, tall robust build; clan magistrate enforcing an unjust oath caught in a military conflict",muted ochre haori over indigo hakama with a plain clan clasp; a restrained secondary cue from olive field jacket with blank unit tabs and practical boots,"kneeling to inspect an important detail, a sheathed katana with visible hilt",a feudal gatehouse with a windswept stone approach; secondary environment cue: a floodlit logistics yard with supply vehicles,"One standalone square premium anime game portrait. Subject: Ghanaian-British woman, visibly aged 20–29; very deep brown skin with warm highlights; tightly coiled black hair, in a practical low braid; a wide face and close-set brows, tall robust build; clan magistrate enforcing an unjust oath caught in a military conflict. Costume: muted ochre haori over indigo hakama with a plain clan clasp; a restrained secondary cue from olive field jacket with blank unit tabs and practical boots. Action: kneeling to inspect an important detail, a sheathed katana with visible hilt. Setting: a feudal gatehouse with a windswept stone approach; secondary environment cue: a floodlit logistics yard with supply vehicles. Exactly one main character, face clear; rich painted material light and fine anime contours matching audited current cast; strong diagonal composition, warm focal light, cooler background depth; no text, logos, labels, UI or borders. Only depict the two visible concepts samurai and military. Show a sheathed or carefully controlled sword, haori/hakama or retainer cue appropriate to the subject; no generic ninja substitution. No robots, mechs, powered armour or cockpit. No ninja costume or covert-clan insignia. This is a distinct new person: do not reuse the reference face, olive complexion, hairstyle or previous-sheet identity. Render the specified skin tone clearly under neutral facial fill light; warm environmental light must not turn every face olive or tan. This is a distinct new person: do not reuse the reference face, olive complexion, hairstyle or previous-sheet identity. Render the specified skin tone clearly under neutral facial fill light; warm environmental light must not turn every face olive or tan.","Hidden affinity sports is internal metadata only: do not name, draw or hint at it in public art or epithet. Secondary cues must remain within visible affinities.",cast/v3/cv3_villain_044.webp,ART_EXPORTED_ASSET_QC_COMPLETE_ENGINE_REVIEW_PENDING,
cv3_villain_045,Cian M. Byrne,The Invisible Occupation,villain,Villain,shojo,"[""shinobi"", ""military""]",supernatural,"[""military|shinobi"", ""military|supernatural"", ""shinobi|supernatural""]","[""military|shinobi"", ""military|supernatural"", ""shinobi|supernatural""]","[""military|shinobi"", ""military|supernatural"", ""shinobi|supernatural""]",spymaster turning every alliance into leverage caught in a military conflict,Keeps a repaired object as a reminder. Uses this strength to justify controlling other people.,male,human,20–29,"Irish diaspora; fictional crossover setting. Cultural basis guides identity, not a compulsory costume stereotype.","Irish man, visibly aged 20–29; very fair pink-toned skin with conspicuous natural freckles; copper-red hair, in a rounded natural silhouette; a broad face and subtle facial asymmetry, substantial build; spymaster turning every alliance into leverage caught in a military conflict","smoke-blue fitted field layers, cloth wraps and a compact tool pouch; a restrained secondary cue from olive field jacket with blank unit tabs and practical boots","bracing against a gust with steady eye contact, a climbing cord and compact grappling hook",a tiled roof above a guarded archive at dusk; secondary environment cue: a floodlit logistics yard with supply vehicles,"One standalone square premium anime game portrait. Subject: Irish man, visibly aged 20–29; very fair pink-toned skin with conspicuous natural freckles; copper-red hair, in a rounded natural silhouette; a broad face and subtle facial asymmetry, substantial build; spymaster turning every alliance into leverage caught in a military conflict. Costume: smoke-blue fitted field layers, cloth wraps and a compact tool pouch; a restrained secondary cue from olive field jacket with blank unit tabs and practical boots. Action: bracing against a gust with steady eye contact, a climbing cord and compact grappling hook. Setting: a tiled roof above a guarded archive at dusk; secondary environment cue: a floodlit logistics yard with supply vehicles. Exactly one main character, face clear; rich painted material light and fine anime contours matching audited current cast; strong diagonal composition, warm focal light, cooler background depth; no text, logos, labels, UI or borders. Only depict the two visible concepts shinobi and military. Show covert positioning, a cord/tool pouch or stealth route; no branded headband or franchise symbols. No robots, mechs, powered armour or cockpit. No katana or samurai clan costume. This is a distinct new person: do not reuse the reference face, olive complexion, hairstyle or previous-sheet identity. Render the specified skin tone clearly under neutral facial fill light; warm environmental light must not turn every face olive or tan. This is a distinct new person: do not reuse the reference face, olive complexion, hairstyle or previous-sheet identity. Render the specified skin tone clearly under neutral facial fill light; warm environmental light must not turn every face olive or tan.","Hidden affinity supernatural is internal metadata only: do not name, draw or hint at it in public art or epithet. Secondary cues must remain within visible affinities.",cast/v3/cv3_villain_045.webp,ART_EXPORTED_ASSET_QC_COMPLETE_ENGINE_REVIEW_PENDING,
cv3_villain_046,Leela M. Rao,The Double Oath,villain,Villain,shojo,"[""samurai"", ""shinobi""]",mystery,"[""mystery|samurai"", ""mystery|shinobi"", ""samurai|shinobi""]","[""mystery|samurai"", ""mystery|shinobi"", ""samurai|shinobi""]","[""mystery|samurai"", ""mystery|shinobi"", ""samurai|shinobi""]",clan magistrate enforcing an unjust oath caught in a shinobi conflict,Asks permission even when in command. Uses this strength to justify controlling other people.,female,human,30–39,"Indian diaspora; fictional crossover setting. Cultural basis guides identity, not a compulsory costume stereotype.","Indian woman, visibly aged 30–39; medium-deep warm brown skin; thick dark hair, in a rounded natural silhouette; a broad nose and strong jaw, solid muscular build; clan magistrate enforcing an unjust oath caught in a shinobi conflict","muted ochre haori over indigo hakama with a plain clan clasp; a restrained secondary cue from smoke-blue fitted field layers, cloth wraps and a compact tool pouch","leaning over a low rail while extending the main prop, a sheathed katana with visible hilt",a feudal gatehouse with a windswept stone approach; secondary environment cue: a tiled roof above a guarded archive at dusk,"One standalone square premium anime game portrait. Subject: Indian woman, visibly aged 30–39; medium-deep warm brown skin; thick dark hair, in a rounded natural silhouette; a broad nose and strong jaw, solid muscular build; clan magistrate enforcing an unjust oath caught in a shinobi conflict. Costume: muted ochre haori over indigo hakama with a plain clan clasp; a restrained secondary cue from smoke-blue fitted field layers, cloth wraps and a compact tool pouch. Action: leaning over a low rail while extending the main prop, a sheathed katana with visible hilt. Setting: a feudal gatehouse with a windswept stone approach; secondary environment cue: a tiled roof above a guarded archive at dusk. Exactly one main character, face clear; rich painted material light and fine anime contours matching audited current cast; strong diagonal composition, warm focal light, cooler background depth; no text, logos, labels, UI or borders. Only depict the two visible concepts samurai and shinobi. Show a sheathed or carefully controlled sword, haori/hakama or retainer cue appropriate to the subject; no generic ninja substitution. Show covert positioning, a cord/tool pouch or stealth route; no branded headband or franchise symbols. No robots, mechs, powered armour or cockpit. This is a distinct new person: do not reuse the reference face, olive complexion, hairstyle or previous-sheet identity. Render the specified skin tone clearly under neutral facial fill light; warm environmental light must not turn every face olive or tan. This is a distinct new person: do not reuse the reference face, olive complexion, hairstyle or previous-sheet identity. Render the specified skin tone clearly under neutral facial fill light; warm environmental light must not turn every face olive or tan.","Hidden affinity mystery is internal metadata only: do not name, draw or hint at it in public art or epithet. Secondary cues must remain within visible affinities.",cast/v3/cv3_villain_046.webp,ART_EXPORTED_ASSET_QC_COMPLETE_ENGINE_REVIEW_PENDING,
cv3_villain_047,Minjun M. Seo,The Myth Behind Masks,villain,Villain,shojo,"[""shinobi"", ""mythology""]",nordic,"[""mythology|nordic"", ""mythology|shinobi"", ""nordic|shinobi""]","[""mythology|nordic"", ""mythology|shinobi"", ""nordic|shinobi""]","[""mythology|nordic"", ""mythology|shinobi"", ""nordic|shinobi""]",spymaster turning every alliance into leverage caught in a mythology conflict,Hides worry behind meticulous preparation. Uses this strength to justify controlling other people.,male,human,40–49,"Korean diaspora; fictional crossover setting. Cultural basis guides identity, not a compulsory costume stereotype.","Korean man, visibly aged 40–49; fair beige skin with a neutral undertone; straight dark brown hair, tied back with loose temple strands; a square face and heavy brows, broad-shouldered build; spymaster turning every alliance into leverage caught in a mythology conflict","smoke-blue fitted field layers, cloth wraps and a compact tool pouch; a restrained secondary cue from cream woven layers with bronze abstract motifs","moving laterally across the scene in a controlled stride, a climbing cord and compact grappling hook",a tiled roof above a guarded archive at dusk; secondary environment cue: a hilltop sanctuary with uninscribed stone reliefs,"One standalone square premium anime game portrait. Subject: Korean man, visibly aged 40–49; fair beige skin with a neutral undertone; straight dark brown hair, tied back with loose temple strands; a square face and heavy brows, broad-shouldered build; spymaster turning every alliance into leverage caught in a mythology conflict. Costume: smoke-blue fitted field layers, cloth wraps and a compact tool pouch; a restrained secondary cue from cream woven layers with bronze abstract motifs. Action: moving laterally across the scene in a controlled stride, a climbing cord and compact grappling hook. Setting: a tiled roof above a guarded archive at dusk; secondary environment cue: a hilltop sanctuary with uninscribed stone reliefs. Exactly one main character, face clear; rich painted material light and fine anime contours matching audited current cast; strong diagonal composition, warm focal light, cooler background depth; no text, logos, labels, UI or borders. Only depict the two visible concepts shinobi and mythology. Show covert positioning, a cord/tool pouch or stealth route; no branded headband or franchise symbols. No robots, mechs, powered armour or cockpit. No katana or samurai clan costume. This is a distinct new person: do not reuse the reference face, olive complexion, hairstyle or previous-sheet identity. Render the specified skin tone clearly under neutral facial fill light; warm environmental light must not turn every face olive or tan. This is a distinct new person: do not reuse the reference face, olive complexion, hairstyle or previous-sheet identity. Render the specified skin tone clearly under neutral facial fill light; warm environmental light must not turn every face olive or tan.","Hidden affinity nordic is internal metadata only: do not name, draw or hint at it in public art or epithet. Secondary cues must remain within visible affinities.",cast/v3/cv3_villain_047.webp,ART_EXPORTED_ASSET_QC_COMPLETE_ENGINE_REVIEW_PENDING,
cv3_villain_048,Adaeze M. Okoye,The Winter Magistrate,villain,Villain,shojo,"[""samurai"", ""nordic""]",supernatural,"[""nordic|samurai"", ""nordic|supernatural"", ""samurai|supernatural""]","[""nordic|samurai"", ""nordic|supernatural"", ""samurai|supernatural""]","[""nordic|samurai"", ""nordic|supernatural"", ""samurai|supernatural""]",clan magistrate enforcing an unjust oath caught in a nordic conflict,Writes down the questions nobody answered. Uses this strength to justify controlling other people.,female,human,50–59,"Nigerian diaspora; fictional crossover setting. Cultural basis guides identity, not a compulsory costume stereotype.","Nigerian woman, visibly aged 50–59; rich dark brown skin; dense natural black curls, tied back with loose temple strands; a softly angular face, full lips and a strong neck, stocky build; clan magistrate enforcing an unjust oath caught in a nordic conflict",muted ochre haori over indigo hakama with a plain clan clasp; a restrained secondary cue from weatherproof navy wool layers with simple leather fastenings,"standing calmly while the environment moves around them, a sheathed katana with visible hilt",a feudal gatehouse with a windswept stone approach; secondary environment cue: a working northern harbour under cold daylight,"One standalone square premium anime game portrait. Subject: Nigerian woman, visibly aged 50–59; rich dark brown skin; dense natural black curls, tied back with loose temple strands; a softly angular face, full lips and a strong neck, stocky build; clan magistrate enforcing an unjust oath caught in a nordic conflict. Costume: muted ochre haori over indigo hakama with a plain clan clasp; a restrained secondary cue from weatherproof navy wool layers with simple leather fastenings. Action: standing calmly while the environment moves around them, a sheathed katana with visible hilt. Setting: a feudal gatehouse with a windswept stone approach; secondary environment cue: a working northern harbour under cold daylight. Exactly one main character, face clear; rich painted material light and fine anime contours matching audited current cast; strong diagonal composition, warm focal light, cooler background depth; no text, logos, labels, UI or borders. Only depict the two visible concepts samurai and nordic. Show a sheathed or carefully controlled sword, haori/hakama or retainer cue appropriate to the subject; no generic ninja substitution. Northern maritime realism; no horned helmets, rune magic or automatic Viking costume. No robots, mechs, powered armour or cockpit. No ninja costume or covert-clan insignia. This is a distinct new person: do not reuse the reference face, olive complexion, hairstyle or previous-sheet identity. Render the specified skin tone clearly under neutral facial fill light; warm environmental light must not turn every face olive or tan. This is a distinct new person: do not reuse the reference face, olive complexion, hairstyle or previous-sheet identity. Render the specified skin tone clearly under neutral facial fill light; warm environmental light must not turn every face olive or tan.","Hidden affinity supernatural is internal metadata only: do not name, draw or hint at it in public art or epithet. Secondary cues must remain within visible affinities.",cast/v3/cv3_villain_048.webp,ART_EXPORTED_ASSET_QC_COMPLETE_ENGINE_REVIEW_PENDING,
cv3_villain_049,Elias M. Lind,The Frozen Hearth,villain,Villain,shojo,"[""nordic"", ""slice""]",sports,"[""nordic|slice"", ""nordic|sports"", ""slice|sports""]","[""nordic|slice"", ""nordic|sports"", ""slice|sports""]","[""nordic|slice"", ""nordic|sports"", ""slice|sports""]",owner of an isolated northern trade route caught in a slice conflict,Finds courage in small routines. Uses this strength to justify controlling other people.,male,human,20–29,"Swedish northern coastal community; fictional crossover setting. Cultural basis guides identity, not a compulsory costume stereotype.","Swedish man, visibly aged 20–29; pale cool skin; flaxen blond hair, with a side part and visible silver streaks; a mature face with crow’s-feet and a strong jaw, average build; owner of an isolated northern trade route caught in a slice conflict","weatherproof navy wool layers with simple leather fastenings; a restrained secondary cue from moss cardigan, canvas trousers and comfortable shoes","pivoting into the light with a determined sideways glance, a coiled rescue rope",a working northern harbour under cold daylight; secondary environment cue: a sunlit neighbourhood courtyard,"One standalone square premium anime game portrait. Subject: Swedish man, visibly aged 20–29; pale cool skin; flaxen blond hair, with a side part and visible silver streaks; a mature face with crow’s-feet and a strong jaw, average build; owner of an isolated northern trade route caught in a slice conflict. Costume: weatherproof navy wool layers with simple leather fastenings; a restrained secondary cue from moss cardigan, canvas trousers and comfortable shoes. Action: pivoting into the light with a determined sideways glance, a coiled rescue rope. Setting: a working northern harbour under cold daylight; secondary environment cue: a sunlit neighbourhood courtyard. Exactly one main character, face clear; rich painted material light and fine anime contours matching audited current cast; strong diagonal composition, warm focal light, cooler background depth; no text, logos, labels, UI or borders. Only depict the two visible concepts nordic and slice. Northern maritime realism; no horned helmets, rune magic or automatic Viking costume. No robots, mechs, powered armour or cockpit. No katana or samurai clan costume. No ninja costume or covert-clan insignia. This is a distinct new person: do not reuse the reference face, olive complexion, hairstyle or previous-sheet identity. Render the specified skin tone clearly under neutral facial fill light; warm environmental light must not turn every face olive or tan. This is a distinct new person: do not reuse the reference face, olive complexion, hairstyle or previous-sheet identity. Render the specified skin tone clearly under neutral facial fill light; warm environmental light must not turn every face olive or tan.","Hidden affinity sports is internal metadata only: do not name, draw or hint at it in public art or epithet. Secondary cues must remain within visible affinities.",cast/v3/cv3_villain_049.webp,ART_EXPORTED_ASSET_QC_COMPLETE_ENGINE_REVIEW_PENDING,
cv3_villain_050,Lucia M. Vega,The Familiar Impostor,villain,Villain,shojo,"[""shinobi"", ""slice""]",space,"[""shinobi|slice"", ""shinobi|space"", ""slice|space""]","[""shinobi|slice"", ""shinobi|space"", ""slice|space""]","[""shinobi|slice"", ""shinobi|space"", ""slice|space""]",spymaster turning every alliance into leverage caught in a slice conflict,Remembers the weather on important days. Uses this strength to justify controlling other people.,female,human,30–39,"Mexican diaspora; fictional crossover setting. Cultural basis guides identity, not a compulsory costume stereotype.","Mexican woman, visibly aged 30–39; medium tan skin with a warm golden undertone; dark wavy hair, with a side part and visible silver streaks; a calm oval face and broad nose, average build; spymaster turning every alliance into leverage caught in a slice conflict","smoke-blue fitted field layers, cloth wraps and a compact tool pouch; a restrained secondary cue from moss cardigan, canvas trousers and comfortable shoes","taking one measured step toward the viewer, a climbing cord and compact grappling hook",a tiled roof above a guarded archive at dusk; secondary environment cue: a sunlit neighbourhood courtyard,"One standalone square premium anime game portrait. Subject: Mexican woman, visibly aged 30–39; medium tan skin with a warm golden undertone; dark wavy hair, with a side part and visible silver streaks; a calm oval face and broad nose, average build; spymaster turning every alliance into leverage caught in a slice conflict. Costume: smoke-blue fitted field layers, cloth wraps and a compact tool pouch; a restrained secondary cue from moss cardigan, canvas trousers and comfortable shoes. Action: taking one measured step toward the viewer, a climbing cord and compact grappling hook. Setting: a tiled roof above a guarded archive at dusk; secondary environment cue: a sunlit neighbourhood courtyard. Exactly one main character, face clear; rich painted material light and fine anime contours matching audited current cast; strong diagonal composition, warm focal light, cooler background depth; no text, logos, labels, UI or borders. Only depict the two visible concepts shinobi and slice. Show covert positioning, a cord/tool pouch or stealth route; no branded headband or franchise symbols. No robots, mechs, powered armour or cockpit. No katana or samurai clan costume. This is a distinct new person: do not reuse the reference face, olive complexion, hairstyle or previous-sheet identity. Render the specified skin tone clearly under neutral facial fill light; warm environmental light must not turn every face olive or tan. This is a distinct new person: do not reuse the reference face, olive complexion, hairstyle or previous-sheet identity. Render the specified skin tone clearly under neutral facial fill light; warm environmental light must not turn every face olive or tan.","Hidden affinity space is internal metadata only: do not name, draw or hint at it in public art or epithet. Secondary cues must remain within visible affinities.",cast/v3/cv3_villain_050.webp,ART_EXPORTED_ASSET_QC_COMPLETE_ENGINE_REVIEW_PENDING,
cv3_villain_051,Jian M. Zhou,The Last Oxygen Toll,villain,Villain,shojo,"[""survival"", ""space""]",sports,"[""space|sports"", ""space|survival"", ""sports|survival""]","[""space|sports"", ""space|survival"", ""sports|survival""]","[""space|sports"", ""space|survival"", ""sports|survival""]",shelter keeper rationing hope caught in a space conflict,Will cross a city to return a borrowed tool. Uses this strength to justify controlling other people.,male,human,60–69,"Chinese diaspora; fictional crossover setting. Cultural basis guides identity, not a compulsory costume stereotype.","Chinese man, visibly aged 60–69; light warm beige skin; straight jet-black hair, with an undercut and a long top; a long narrow face and prominent nose, tall lean build; shelter keeper rationing hope caught in a space conflict",sand-coloured weather shell with a compact rescue pack; a restrained secondary cue from white-and-navy pressure-suit layers with orange seals,"turning sharply as fabric trails behind, a coil of rope and a carabiner",a broken mountain footbridge under clearing storm light; secondary environment cue: a station observation deck overlooking a planet,"One standalone square premium anime game portrait. Subject: Chinese man, visibly aged 60–69; light warm beige skin; straight jet-black hair, with an undercut and a long top; a long narrow face and prominent nose, tall lean build; shelter keeper rationing hope caught in a space conflict. Costume: sand-coloured weather shell with a compact rescue pack; a restrained secondary cue from white-and-navy pressure-suit layers with orange seals. Action: turning sharply as fabric trails behind, a coil of rope and a carabiner. Setting: a broken mountain footbridge under clearing storm light; secondary environment cue: a station observation deck overlooking a planet. Exactly one main character, face clear; rich painted material light and fine anime contours matching audited current cast; strong diagonal composition, warm focal light, cooler background depth; no text, logos, labels, UI or borders. Only depict the two visible concepts survival and space. No robots, mechs, powered armour or cockpit. No katana or samurai clan costume. No ninja costume or covert-clan insignia. This is a distinct new person: do not reuse the reference face, olive complexion, hairstyle or previous-sheet identity. Render the specified skin tone clearly under neutral facial fill light; warm environmental light must not turn every face olive or tan. This is a distinct new person: do not reuse the reference face, olive complexion, hairstyle or previous-sheet identity. Render the specified skin tone clearly under neutral facial fill light; warm environmental light must not turn every face olive or tan.","Hidden affinity sports is internal metadata only: do not name, draw or hint at it in public art or epithet. Secondary cues must remain within visible affinities.",cast/v3/cv3_villain_051.webp,ART_EXPORTED_ASSET_QC_COMPLETE_ENGINE_REVIEW_PENDING,
cv3_villain_052,Simone M. Campbell,The Retainer's Betrayal,villain,Villain,shojo,"[""samurai"", ""shinobi""]",martial,"[""martial|samurai"", ""martial|shinobi"", ""samurai|shinobi""]","[""martial|samurai"", ""martial|shinobi"", ""samurai|shinobi""]",[],clan magistrate enforcing an unjust oath caught in a shinobi conflict,Refuses to confuse obedience with loyalty. Uses this strength to justify controlling other people.,female,human,20–29,"Jamaican-British diaspora; fictional crossover setting. Cultural basis guides identity, not a compulsory costume stereotype.","Jamaican-British woman, visibly aged 20–29; deep brown skin; black locs, with an undercut and a long top; a long face with fine smile lines, slim build; clan magistrate enforcing an unjust oath caught in a shinobi conflict","muted ochre haori over indigo hakama with a plain clan clasp; a restrained secondary cue from smoke-blue fitted field layers, cloth wraps and a compact tool pouch","kneeling to inspect an important detail, a sheathed katana with visible hilt",a feudal gatehouse with a windswept stone approach; secondary environment cue: a tiled roof above a guarded archive at dusk,"One standalone square premium anime game portrait. Subject: Jamaican-British woman, visibly aged 20–29; deep brown skin; black locs, with an undercut and a long top; a long face with fine smile lines, slim build; clan magistrate enforcing an unjust oath caught in a shinobi conflict. Costume: muted ochre haori over indigo hakama with a plain clan clasp; a restrained secondary cue from smoke-blue fitted field layers, cloth wraps and a compact tool pouch. Action: kneeling to inspect an important detail, a sheathed katana with visible hilt. Setting: a feudal gatehouse with a windswept stone approach; secondary environment cue: a tiled roof above a guarded archive at dusk. Exactly one main character, face clear; rich painted material light and fine anime contours matching audited current cast; strong diagonal composition, warm focal light, cooler background depth; no text, logos, labels, UI or borders. Only depict the two visible concepts samurai and shinobi. Show a sheathed or carefully controlled sword, haori/hakama or retainer cue appropriate to the subject; no generic ninja substitution. Show covert positioning, a cord/tool pouch or stealth route; no branded headband or franchise symbols. No robots, mechs, powered armour or cockpit. This is a distinct new person: do not reuse the reference face, olive complexion, hairstyle or previous-sheet identity. Render the specified skin tone clearly under neutral facial fill light; warm environmental light must not turn every face olive or tan. This is a distinct new person: do not reuse the reference face, olive complexion, hairstyle or previous-sheet identity. Render the specified skin tone clearly under neutral facial fill light; warm environmental light must not turn every face olive or tan.","Hidden affinity martial is internal metadata only: do not name, draw or hint at it in public art or epithet. Secondary cues must remain within visible affinities.",cast/v3/cv3_villain_052.webp,ART_EXPORTED_ASSET_QC_COMPLETE_ENGINE_REVIEW_PENDING,
